datetime,cpu
2025-01-01 00:00:00,50.64369797706604
2025-01-01 00:30:00,47.22855523228645
2025-01-01 01:00:00,28.29485774040222
2025-01-01 01:30:00,49.297080636024475
2025-01-01 02:00:00,43.97703930735588
2025-01-01 02:30:00,67.14747905731201
2025-01-01 03:00:00,54.47937935590744
2025-01-01 03:30:00,45.2628219127655
2025-01-01 04:00:00,76.10500693321228
2025-01-01 04:30:00,60.931868851184845
2025-01-01 05:00:00,56.029032468795776
2025-01-01 05:30:00,57.7629554271698
2025-01-01 06:00:00,66.09697222709656
2025-01-01 06:30:00,52.56074070930481
2025-01-01 07:00:00,44.32794287800789
2025-01-01 07:30:00,56.6313761472702
2025-01-01 08:00:00,70.67783415317535
2025-01-01 08:30:00,37.45594576001167
2025-01-01 09:00:00,35.57665020227432
2025-01-01 09:30:00,32.383390218019485
2025-01-01 10:00:00,21.77980586886406
2025-01-01 10:30:00,42.64773890376091
2025-01-01 11:00:00,53.492106199264526
2025-01-01 11:30:00,74.41945791244507
2025-01-01 12:00:00,42.652364522218704
2025-01-01 12:30:00,34.20899212360382
2025-01-01 13:00:00,41.8359149992466
2025-01-01 13:30:00,40.17471253871918
2025-01-01 14:00:00,70.36425471305847
2025-01-01 14:30:00,55.42731702327728
2025-01-01 15:00:00,59.34787571430206
2025-01-01 15:30:00,43.23766991496086
2025-01-01 16:00:00,68.74667644500732
2025-01-01 16:30:00,41.278183460235596
2025-01-01 17:00:00,53.32578659057617
2025-01-01 17:30:00,45.91570541262627
2025-01-01 18:00:00,44.97614249587059
2025-01-01 18:30:00,50.27139902114868
2025-01-01 19:00:00,58.32699716091156
2025-01-01 19:30:00,45.41492521762848
2025-01-01 20:00:00,81.78130447864532
2025-01-01 20:30:00,66.30417764186859
2025-01-01 21:00:00,51.89359784126282
2025-01-01 21:30:00,61.704843640327454
2025-01-01 22:00:00,64.51062321662903
2025-01-01 22:30:00,33.4164534509182
2025-01-01 23:00:00,58.83548080921173
2025-01-01 23:30:00,50.57794630527496
2025-01-02 00:00:00,43.77788946032524
2025-01-02 00:30:00,66.01558566093445
2025-01-02 01:00:00,51.95125341415405
2025-01-02 01:30:00,45.74472218751907
2025-01-02 02:00:00,32.738410234451294
2025-01-02 02:30:00,64.90585267543793
2025-01-02 03:00:00,52.032042145729065
2025-01-02 03:30:00,40.80013871192932
2025-01-02 04:00:00,44.20980468392372
2025-01-02 04:30:00,21.084339320659637
2025-01-02 05:00:00,52.91185200214386
2025-01-02 05:30:00,44.04540777206421
2025-01-02 06:00:00,54.27773177623749
2025-01-02 06:30:00,54.14454638957977
2025-01-02 07:00:00,64.65009093284607
2025-01-02 07:30:00,54.78928565979004
2025-01-02 08:00:00,74.6078872680664
2025-01-02 08:30:00,43.96486982703209
2025-01-02 09:00:00,45.09258344769478
2025-01-02 09:30:00,50.415446758270264
2025-01-02 10:00:00,47.92235493659973
2025-01-02 10:30:00,49.38102066516876
2025-01-02 11:00:00,78.8451361656189
2025-01-02 11:30:00,70.7457035779953
2025-01-02 12:00:00,59.955376982688904
2025-01-02 12:30:00,40.12341529130936
2025-01-02 13:00:00,76.83311879634857
2025-01-02 13:30:00,48.071762919425964
2025-01-02 14:00:00,47.573726177215576
2025-01-02 14:30:00,39.81855511665344
2025-01-02 15:00:00,55.01517593860626
2025-01-02 15:30:00,48.335853815078735
2025-01-02 16:00:00,54.207653403282166
2025-01-02 16:30:00,48.34612846374512
2025-01-02 17:00:00,54.78277027606964
2025-01-02 17:30:00,90.62399744987488
2025-01-02 18:00:00,42.950172275304794
2025-01-02 18:30:00,55.57093918323517
2025-01-02 19:00:00,51.244136691093445
2025-01-02 19:30:00,31.61112979054451
2025-01-02 20:00:00,47.26995274424553
2025-01-02 20:30:00,19.88979235291481
2025-01-02 21:00:00,34.677149802446365
2025-01-02 21:30:00,36.939257085323334
2025-01-02 22:00:00,66.30490720272064
2025-01-02 22:30:00,68.9644706249237
2025-01-02 23:00:00,48.42279314994812
2025-01-02 23:30:00,60.21817088127136
2025-01-03 00:00:00,38.391093313694
2025-01-03 00:30:00,72.64746606349945
2025-01-03 01:00:00,48.30917418003082
2025-01-03 01:30:00,54.181044697761536
2025-01-03 02:00:00,34.82610434293747
2025-01-03 02:30:00,52.97741115093231
2025-01-03 03:00:00,55.7717102766037
2025-01-03 03:30:00,51.28885269165039
2025-01-03 04:00:00,43.09184893965721
2025-01-03 04:30:00,56.48609220981598
2025-01-03 05:00:00,78.64980638027191
2025-01-03 05:30:00,53.05459260940552
2025-01-03 06:00:00,62.69846498966217
2025-01-03 06:30:00,72.2684794664383
2025-01-03 07:00:00,41.13647639751434
2025-01-03 07:30:00,59.009526669979095
2025-01-03 08:00:00,66.50284111499786
2025-01-03 08:30:00,54.60519313812256
2025-01-03 09:00:00,48.129286766052246
2025-01-03 09:30:00,55.17476737499237
2025-01-03 10:00:00,58.54828715324402
2025-01-03 10:30:00,62.423496544361115
2025-01-03 11:00:00,62.586254477500916
2025-01-03 11:30:00,46.63365662097931
2025-01-03 12:00:00,41.56657785177231
2025-01-03 12:30:00,53.23948562145233
2025-01-03 13:00:00,58.72051924467087
2025-01-03 13:30:00,38.619334399700165
2025-01-03 14:00:00,78.03794801235199
2025-01-03 14:30:00,42.41030231118202
2025-01-03 15:00:00,46.16515949368477
2025-01-03 15:30:00,47.87519693374634
2025-01-03 16:00:00,46.198873817920685
2025-01-03 16:30:00,58.012480437755585
2025-01-03 17:00:00,41.647987216711044
2025-01-03 17:30:00,42.600613832473755
2025-01-03 18:00:00,42.64767050743103
2025-01-03 18:30:00,55.26233494281769
2025-01-03 19:00:00,45.49248918890953
2025-01-03 19:30:00,38.20453345775604
2025-01-03 20:00:00,37.878678143024445
2025-01-03 20:30:00,38.40538814663887
2025-01-03 21:00:00,41.26896262168884
2025-01-03 21:30:00,66.59219205379486
2025-01-03 22:00:00,48.129859268665314
2025-01-03 22:30:00,46.4740651845932
2025-01-03 23:00:00,47.499430030584335
2025-01-03 23:30:00,61.86525583267212
2025-01-04 00:00:00,62.089879512786865
2025-01-04 00:30:00,57.8678297996521
2025-01-04 01:00:00,50.714602172374725
2025-01-04 01:30:00,52.14647173881531
2025-01-04 02:00:00,59.00428295135498
2025-01-04 02:30:00,54.484116435050964
2025-01-04 03:00:00,24.581691920757294
2025-01-04 03:30:00,55.48379719257355
2025-01-04 04:00:00,52.19779431819916
2025-01-04 04:30:00,59.024781584739685
2025-01-04 05:00:00,44.20804411172867
2025-01-04 05:30:00,22.786493450403214
2025-01-04 06:00:00,43.06493118405342
2025-01-04 06:30:00,58.047854006290436
2025-01-04 07:00:00,52.455835938453674
2025-01-04 07:30:00,48.1916743516922
2025-01-04 08:00:00,50.444801449775696
2025-01-04 08:30:00,60.44425368309021
2025-01-04 09:00:00,55.62841236591339
2025-01-04 09:30:00,56.71905517578125
2025-01-04 10:00:00,52.53027141094208
2025-01-04 10:30:00,51.080694794654846
2025-01-04 11:00:00,64.63411152362823
2025-01-04 11:30:00,66.2505954504013
2025-01-04 12:00:00,64.33064460754395
2025-01-04 12:30:00,36.30801469087601
2025-01-04 13:00:00,48.93020272254944
2025-01-04 13:30:00,75.33556342124939
2025-01-04 14:00:00,51.32121682167053
2025-01-04 14:30:00,40.55248826742172
2025-01-04 15:00:00,34.59859028458595
2025-01-04 15:30:00,45.95149949193001
2025-01-04 16:00:00,49.52146112918854
2025-01-04 16:30:00,35.13278588652611
2025-01-04 17:00:00,54.24913704395294
2025-01-04 17:30:00,47.69509673118591
2025-01-04 18:00:00,52.734092473983765
2025-01-04 18:30:00,50.134079456329346
2025-01-04 19:00:00,59.77472960948944
2025-01-04 19:30:00,54.16829764842987
2025-01-04 20:00:00,28.60466778278351
2025-01-04 20:30:00,30.73615074157715
2025-01-04 21:00:00,59.17510658502579
2025-01-04 21:30:00,49.38708007335663
2025-01-04 22:00:00,48.84334444999695
2025-01-04 22:30:00,56.23190104961395
2025-01-04 23:00:00,20.189235284924507
2025-01-04 23:30:00,55.44246047735214
2025-01-05 00:00:00,28.356333374977112
2025-01-05 00:30:00,52.329996824264526
2025-01-05 01:00:00,36.789894700050354
2025-01-05 01:30:00,38.2659786939621
2025-01-05 02:00:00,49.53837275505066
2025-01-05 02:30:00,60.656596422195435
2025-01-05 03:00:00,40.799328088760376
2025-01-05 03:30:00,39.13554176688194
2025-01-05 04:00:00,43.74865382909775
2025-01-05 04:30:00,58.65466117858887
2025-01-05 05:00:00,50.870662331581116
2025-01-05 05:30:00,44.32302087545395
2025-01-05 06:00:00,51.85795068740845
2025-01-05 06:30:00,54.19012874364853
2025-01-05 07:00:00,58.91631007194519
2025-01-05 07:30:00,58.13028931617737
2025-01-05 08:00:00,67.42958605289459
2025-01-05 08:30:00,64.30875778198242
2025-01-05 09:00:00,53.40154945850372
2025-01-05 09:30:00,68.2770824432373
2025-01-05 10:00:00,36.287637650966644
2025-01-05 10:30:00,50.21872878074646
2025-01-05 11:00:00,37.67627567052841
2025-01-05 11:30:00,70.62041163444519
2025-01-05 12:00:00,43.88030916452408
2025-01-05 12:30:00,56.85005187988281
2025-01-05 13:00:00,54.359047412872314
2025-01-05 13:30:00,54.07261371612549
2025-01-05 14:00:00,58.98848086595535
2025-01-05 14:30:00,43.75048786401749
2025-01-05 15:00:00,45.27077868580818
2025-01-05 15:30:00,55.874395966529846
2025-01-05 16:00:00,44.84154358506203
2025-01-05 16:30:00,72.47798502445221
2025-01-05 17:00:00,57.95631945133209
2025-01-05 17:30:00,48.64241123199463
2025-01-05 18:00:00,44.536290764808655
2025-01-05 18:30:00,35.15553653240204
2025-01-05 19:00:00,42.36863121390343
2025-01-05 19:30:00,76.01032614707947
2025-01-05 20:00:00,49.30913865566254
2025-01-05 20:30:00,48.205140829086304
2025-01-05 21:00:00,45.31293869018555
2025-01-05 21:30:00,58.18047195672989
2025-01-05 22:00:00,51.7439466714859
2025-01-05 22:30:00,61.48631989955902
2025-01-05 23:00:00,35.020998418331146
2025-01-05 23:30:00,63.62108588218689
2025-01-06 00:00:00,30.99419742822647
2025-01-06 00:30:00,58.92873287200928
2025-01-06 01:00:00,69.11671578884125
2025-01-06 01:30:00,34.55753222107887
2025-01-06 02:00:00,29.608287662267685
2025-01-06 02:30:00,57.60202646255493
2025-01-06 03:00:00,42.408108562231064
2025-01-06 03:30:00,39.393580853939056
2025-01-06 04:00:00,58.25217664241791
2025-01-06 04:30:00,26.85565710067749
2025-01-06 05:00:00,71.67785942554474
2025-01-06 05:30:00,44.35397654771805
2025-01-06 06:00:00,55.83368241786957
2025-01-06 06:30:00,59.80474293231964
2025-01-06 07:00:00,55.55281162261963
2025-01-06 07:30:00,52.39889979362488
2025-01-06 08:00:00,56.15823566913605
2025-01-06 08:30:00,45.39605036377907
2025-01-06 09:00:00,47.58382856845856
2025-01-06 09:30:00,40.100697576999664
2025-01-06 10:00:00,68.59638690948486
2025-01-06 10:30:00,64.05357360839844
2025-01-06 11:00:00,40.08659780025482
2025-01-06 11:30:00,46.902537792921066
2025-01-06 12:00:00,37.22920686006546
2025-01-06 12:30:00,47.94877111911774
2025-01-06 13:00:00,67.84993469715118
2025-01-06 13:30:00,42.69316926598549
2025-01-06 14:00:00,36.34234204888344
2025-01-06 14:30:00,61.68129503726959
2025-01-06 15:00:00,55.34548461437225
2025-01-06 15:30:00,63.48487079143524
2025-01-06 16:00:00,48.73726427555084
2025-01-06 16:30:00,75.00413000583649
2025-01-06 17:00:00,61.65964126586914
2025-01-06 17:30:00,64.34356391429901
2025-01-06 18:00:00,50.80735266208649
2025-01-06 18:30:00,49.69358682632446
2025-01-06 19:00:00,56.06114834547043
2025-01-06 19:30:00,46.14393636584282
2025-01-06 20:00:00,39.33493986725807
2025-01-06 20:30:00,56.371814608573914
2025-01-06 21:00:00,65.32608985900879
2025-01-06 21:30:00,59.265769720077515
2025-01-06 22:00:00,46.33570447564125
2025-01-06 22:30:00,54.662463665008545
2025-01-06 23:00:00,35.55937886238098
2025-01-06 23:30:00,54.808892607688904
2025-01-07 00:00:00,24.277736097574234
2025-01-07 00:30:00,29.196483492851257
2025-01-07 01:00:00,39.97934728860855
2025-01-07 01:30:00,48.07353615760803
2025-01-07 02:00:00,35.57921379804611
2025-01-07 02:30:00,56.51567488908768
2025-01-07 03:00:00,55.641767382621765
2025-01-07 03:30:00,76.10967814922333
2025-01-07 04:00:00,77.20047295093536
2025-01-07 04:30:00,42.044521272182465
2025-01-07 05:00:00,42.25218519568443
2025-01-07 05:30:00,49.4058358669281
2025-01-07 06:00:00,63.627084493637085
2025-01-07 06:30:00,61.720519065856934
2025-01-07 07:00:00,60.02018630504608
2025-01-07 07:30:00,65.67085802555084
2025-01-07 08:00:00,57.831691205501556
2025-01-07 08:30:00,65.5124419927597
2025-01-07 09:00:00,50.05098044872284
2025-01-07 09:30:00,22.669226676225662
2025-01-07 10:00:00,58.14716041088104
2025-01-07 10:30:00,51.61470293998718
2025-01-07 11:00:00,50.46306073665619
2025-01-07 11:30:00,60.691351890563965
2025-01-07 12:00:00,66.04027926921844
2025-01-07 12:30:00,46.58171847462654
2025-01-07 13:00:00,67.72498726844788
2025-01-07 13:30:00,53.61252427101135
2025-01-07 14:00:00,39.409382939338684
2025-01-07 14:30:00,41.46933853626251
2025-01-07 15:00:00,46.98026388883591
2025-01-07 15:30:00,45.126642286777496
2025-01-07 16:00:00,51.141602993011475
2025-01-07 16:30:00,59.58471953868866
2025-01-07 17:00:00,62.40253686904907
2025-01-07 17:30:00,55.114436745643616
2025-01-07 18:00:00,37.53767430782318
2025-01-07 18:30:00,23.342482149600983
2025-01-07 19:00:00,66.44659399986267
2025-01-07 19:30:00,32.33121395111084
2025-01-07 20:00:00,34.67062935233116
2025-01-07 20:30:00,75.60633182525635
2025-01-07 21:00:00,32.40341514348984
2025-01-07 21:30:00,25.784372985363007
2025-01-07 22:00:00,31.047716289758682
2025-01-07 22:30:00,71.51424527168274
2025-01-07 23:00:00,66.05462729930878
2025-01-07 23:30:00,69.6870094537735
2025-01-08 00:00:00,29.560997933149338
2025-01-08 00:30:00,62.80588775873184
2025-01-08 01:00:00,33.300316482782364
2025-01-08 01:30:00,32.35068917274475
2025-01-08 02:00:00,28.325922340154648
2025-01-08 02:30:00,66.16621971130371
2025-01-08 03:00:00,54.484673738479614
2025-01-08 03:30:00,58.287033438682556
2025-01-08 04:00:00,46.91915303468704
2025-01-08 04:30:00,29.809575527906418
2025-01-08 05:00:00,46.409273594617844
2025-01-08 05:30:00,27.09377259016037
2025-01-08 06:00:00,40.74239447712898
2025-01-08 06:30:00,38.401765674352646
2025-01-08 07:00:00,24.146014899015427
2025-01-08 07:30:00,59.757823050022125
2025-01-08 08:00:00,66.92414224147797
2025-01-08 08:30:00,47.223909348249435
2025-01-08 09:00:00,53.9266711473465
2025-01-08 09:30:00,77.57837533950806
2025-01-08 10:00:00,83.6476731300354
2025-01-08 10:30:00,61.56489461660385
2025-01-08 11:00:00,62.98317611217499
2025-01-08 11:30:00,38.90219882130623
2025-01-08 12:00:00,77.45387375354767
2025-01-08 12:30:00,52.60412931442261
2025-01-08 13:00:00,58.99609565734863
2025-01-08 13:30:00,45.030753165483475
2025-01-08 14:00:00,27.40511268377304
2025-01-08 14:30:00,55.6042355298996
2025-01-08 15:00:00,72.07956373691559
2025-01-08 15:30:00,48.797746896743774
2025-01-08 16:00:00,46.5695033967495
2025-01-08 16:30:00,62.25364565849304
2025-01-08 17:00:00,54.92949306964874
2025-01-08 17:30:00,59.04222011566162
2025-01-08 18:00:00,56.60503089427948
2025-01-08 18:30:00,48.32901418209076
2025-01-08 19:00:00,51.408591866493225
2025-01-08 19:30:00,43.95584657788277
2025-01-08 20:00:00,33.56419712305069
2025-01-08 20:30:00,39.13016378879547
2025-01-08 21:00:00,74.49099540710449
2025-01-08 21:30:00,41.38372406363487
2025-01-08 22:00:00,59.113200306892395
2025-01-08 22:30:00,44.123523980379105
2025-01-08 23:00:00,69.71140921115875
2025-01-08 23:30:00,57.259021401405334
2025-01-09 00:00:00,27.001376748085022
2025-01-09 00:30:00,49.407305121421814
2025-01-09 01:00:00,35.70694014430046
2025-01-09 01:30:00,50.88084578514099
2025-01-09 02:00:00,31.112462282180786
2025-01-09 02:30:00,48.66469323635101
2025-01-09 03:00:00,53.02368760108948
2025-01-09 03:30:00,69.71619188785553
2025-01-09 04:00:00,50.24356424808502
2025-01-09 04:30:00,49.45263922214508
2025-01-09 05:00:00,25.595363527536392
2025-01-09 05:30:00,37.56995737552643
2025-01-09 06:00:00,60.738069117069244
2025-01-09 06:30:00,38.169050961732864
2025-01-09 07:00:00,58.759586215019226
2025-01-09 07:30:00,44.771249890327454
2025-01-09 08:00:00,50.043431520462036
2025-01-09 08:30:00,45.85702642798424
2025-01-09 09:00:00,81.12429440021515
2025-01-09 09:30:00,46.32555395364761
2025-01-09 10:00:00,48.315187990665436
2025-01-09 10:30:00,38.59755903482437
2025-01-09 11:00:00,59.54742074012756
2025-01-09 11:30:00,41.79565489292145
2025-01-09 12:00:00,54.99223530292511
2025-01-09 12:30:00,42.366802245378494
2025-01-09 13:00:00,77.59785056114197
2025-01-09 13:30:00,46.566012650728226
2025-01-09 14:00:00,63.558191657066345
2025-01-09 14:30:00,53.70858311653137
2025-01-09 15:00:00,42.26924881339073
2025-01-09 15:30:00,42.805724292993546
2025-01-09 16:00:00,39.87743929028511
2025-01-09 16:30:00,58.39272856712341
2025-01-09 17:00:00,32.43279010057449
2025-01-09 17:30:00,46.66042238473892
2025-01-09 18:00:00,43.388192504644394
2025-01-09 18:30:00,69.19280290603638
2025-01-09 19:00:00,55.58967471122742
2025-01-09 19:30:00,45.64286231994629
2025-01-09 20:00:00,53.70150029659271
2025-01-09 20:30:00,45.501238852739334
2025-01-09 21:00:00,53.47708433866501
2025-01-09 21:30:00,32.96185851097107
2025-01-09 22:00:00,54.46283757686615
2025-01-09 22:30:00,51.8823504447937
2025-01-09 23:00:00,39.24186259508133
2025-01-09 23:30:00,54.497613310813904
2025-01-10 00:00:00,48.852479159832
2025-01-10 00:30:00,45.28874158859253
2025-01-10 01:00:00,52.629278898239136
2025-01-10 01:30:00,60.11870741844177
2025-01-10 02:00:00,70.46994984149933
2025-01-10 02:30:00,47.05071210861206
2025-01-10 03:00:00,36.87875419855118
2025-01-10 03:30:00,64.53077733516693
2025-01-10 04:00:00,52.206488251686096
2025-01-10 04:30:00,56.377397775650024
2025-01-10 05:00:00,56.1678820848465
2025-01-10 05:30:00,52.26100265979767
2025-01-10 06:00:00,48.785587549209595
2025-01-10 06:30:00,83.565354347229
2025-01-10 07:00:00,38.60322833061218
2025-01-10 07:30:00,51.029610335826874
2025-01-10 08:00:00,58.19786489009857
2025-01-10 08:30:00,36.63417398929596
2025-01-10 09:00:00,40.16811355948448
2025-01-10 09:30:00,35.04189729690552
2025-01-10 10:00:00,25.66722020506859
2025-01-10 10:30:00,76.46443724632263
2025-01-10 11:00:00,50.40884017944336
2025-01-10 11:30:00,47.8637620806694
2025-01-10 12:00:00,41.422940492630005
2025-01-10 12:30:00,46.4487661421299
2025-01-10 13:00:00,43.774256855249405
2025-01-10 13:30:00,46.57217085361481
2025-01-10 14:00:00,46.325495690107346
2025-01-10 14:30:00,61.613202691078186
2025-01-10 15:00:00,63.612300753593445
2025-01-10 15:30:00,46.19320452213287
2025-01-10 16:00:00,68.15555989742279
2025-01-10 16:30:00,58.24804246425629
2025-01-10 17:00:00,49.8685497045517
2025-01-10 17:30:00,68.21280002593994
2025-01-10 18:00:00,42.84011244773865
2025-01-10 18:30:00,79.5871502161026
2025-01-10 19:00:00,56.26160025596619
2025-01-10 19:30:00,63.53340685367584
2025-01-10 20:00:00,43.37806478142738
2025-01-10 20:30:00,46.972132325172424
2025-01-10 21:00:00,85.58124244213104
2025-01-10 21:30:00,41.685855984687805
2025-01-10 22:00:00,59.54223275184631
2025-01-10 22:30:00,56.59614950418472
2025-01-10 23:00:00,49.19719159603119
2025-01-10 23:30:00,45.564497858285904
2025-01-11 00:00:00,32.40453988313675
2025-01-11 00:30:00,57.0773708820343
2025-01-11 01:00:00,50.894362926483154
2025-01-11 01:30:00,50.75704336166382
2025-01-11 02:00:00,35.28389111161232
2025-01-11 02:30:00,6.433799862861633
2025-01-11 03:00:00,42.86128744482994
2025-01-11 03:30:00,67.35512018203735
2025-01-11 04:00:00,49.223283529281616
2025-01-11 04:30:00,53.018626272678375
2025-01-11 05:00:00,42.06008270382881
2025-01-11 05:30:00,66.11752152442932
2025-01-11 06:00:00,59.52353775501251
2025-01-11 06:30:00,35.87724953889847
2025-01-11 07:00:00,51.16818130016327
2025-01-11 07:30:00,47.14102819561958
2025-01-11 08:00:00,45.02678871154785
2025-01-11 08:30:00,50.70018827915192
2025-01-11 09:00:00,41.023371666669846
2025-01-11 09:30:00,40.14507159590721
2025-01-11 10:00:00,44.49367478489876
2025-01-11 10:30:00,45.017702132463455
2025-01-11 11:00:00,47.05688551068306
2025-01-11 11:30:00,45.8687449991703
2025-01-11 12:00:00,48.64062786102295
2025-01-11 12:30:00,51.85963273048401
2025-01-11 13:00:00,80.97452163696289
2025-01-11 13:30:00,69.21250104904175
2025-01-11 14:00:00,44.42626893520355
2025-01-11 14:30:00,46.275183856487274
2025-01-11 15:00:00,52.28769242763519
2025-01-11 15:30:00,52.66473859548569
2025-01-11 16:00:00,49.12458002567291
2025-01-11 16:30:00,54.573599100112915
2025-01-11 17:00:00,56.290772557258606
2025-01-11 17:30:00,50.729487240314484
2025-01-11 18:00:00,36.70945301651955
2025-01-11 18:30:00,73.0346804857254
2025-01-11 19:00:00,41.50882348418236
2025-01-11 19:30:00,32.454066425561905
2025-01-11 20:00:00,37.56762936711311
2025-01-11 20:30:00,41.05740264058113
2025-01-11 21:00:00,44.727002531290054
2025-01-11 21:30:00,55.314083099365234
2025-01-11 22:00:00,31.465235352516174
2025-01-11 22:30:00,36.697838306427
2025-01-11 23:00:00,50.093801617622375
2025-01-11 23:30:00,41.58598721027374
2025-01-12 00:00:00,52.16333270072937
2025-01-12 00:30:00,39.21516016125679
2025-01-12 01:00:00,65.59855043888092
2025-01-12 01:30:00,42.64779210090637
2025-01-12 02:00:00,25.35824991762638
2025-01-12 02:30:00,34.62301284074783
2025-01-12 03:00:00,52.98424571752548
2025-01-12 03:30:00,64.62213456630707
2025-01-12 04:00:00,45.877811312675476
2025-01-12 04:30:00,47.923155426979065
2025-01-12 05:00:00,57.966705560684204
2025-01-12 05:30:00,67.33344614505768
2025-01-12 06:00:00,71.93346917629242
2025-01-12 06:30:00,64.13624703884125
2025-01-12 07:00:00,40.85407301783562
2025-01-12 07:30:00,53.11088025569916
2025-01-12 08:00:00,56.519368290901184
2025-01-12 08:30:00,35.92303201556206
2025-01-12 09:00:00,33.344221860170364
2025-01-12 09:30:00,36.210238337516785
2025-01-12 10:00:00,76.50926470756531
2025-01-12 10:30:00,64.47934329509735
2025-01-12 11:00:00,55.25522172451019
2025-01-12 11:30:00,36.0161979496479
2025-01-12 12:00:00,57.679299116134644
2025-01-12 12:30:00,55.72341740131378
2025-01-12 13:00:00,45.62343016266823
2025-01-12 13:30:00,38.79844158887863
2025-01-12 14:00:00,55.908087491989136
2025-01-12 14:30:00,50.61207354068756
2025-01-12 15:00:00,46.094848066568375
2025-01-12 15:30:00,29.23094004392624
2025-01-12 16:00:00,39.539718478918076
2025-01-12 16:30:00,46.99210658669472
2025-01-12 17:00:00,76.70982301235199
2025-01-12 17:30:00,46.524149030447006
2025-01-12 18:00:00,68.78305315971375
2025-01-12 18:30:00,44.23689469695091
2025-01-12 19:00:00,47.274922877550125
2025-01-12 19:30:00,52.93655574321747
2025-01-12 20:00:00,45.85607394576073
2025-01-12 20:30:00,74.12563741207123
2025-01-12 21:00:00,39.75958734750748
2025-01-12 21:30:00,53.119239807128906
2025-01-12 22:00:00,59.54380840063095
2025-01-12 22:30:00,56.70654118061066
2025-01-12 23:00:00,64.18906927108765
2025-01-12 23:30:00,67.4101209640503
2025-01-13 00:00:00,60.01336693763733
2025-01-13 00:30:00,59.42462146282196
2025-01-13 01:00:00,36.490774750709534
2025-01-13 01:30:00,51.835182309150696
2025-01-13 02:00:00,59.3756902217865
2025-01-13 02:30:00,47.36959859728813
2025-01-13 03:00:00,34.664030373096466
2025-01-13 03:30:00,46.24933257699013
2025-01-13 04:00:00,36.535323560237885
2025-01-13 04:30:00,33.452457785606384
2025-01-13 05:00:00,42.525760382413864
2025-01-13 05:30:00,71.39721155166626
2025-01-13 06:00:00,57.19005763530731
2025-01-13 06:30:00,44.19287532567978
2025-01-13 07:00:00,33.645441830158234
2025-01-13 07:30:00,49.6472293138504
2025-01-13 08:00:00,27.833547294139862
2025-01-13 08:30:00,53.15236896276474
2025-01-13 09:00:00,74.52943921089172
2025-01-13 09:30:00,42.638019025325775
2025-01-13 10:00:00,51.16624593734741
2025-01-13 10:30:00,62.77209997177124
2025-01-13 11:00:00,47.238632291555405
2025-01-13 11:30:00,54.79105889797211
2025-01-13 12:00:00,41.864861845970154
2025-01-13 12:30:00,44.52465832233429
2025-01-13 13:00:00,40.429488867521286
2025-01-13 13:30:00,22.43645876646042
2025-01-13 14:00:00,34.06600579619408
2025-01-13 14:30:00,40.62536835670471
2025-01-13 15:00:00,38.80101278424263
2025-01-13 15:30:00,57.94081628322601
2025-01-13 16:00:00,85.6910514831543
2025-01-13 16:30:00,41.235152035951614
2025-01-13 17:00:00,52.18756020069122
2025-01-13 17:30:00,59.485124349594116
2025-01-13 18:00:00,64.56793427467346
2025-01-13 18:30:00,52.17890679836273
2025-01-13 19:00:00,56.8144553899765
2025-01-13 19:30:00,44.54506829380989
2025-01-13 20:00:00,57.82449692487717
2025-01-13 20:30:00,53.56571078300476
2025-01-13 21:00:00,53.36700677871704
2025-01-13 21:30:00,30.994202494621277
2025-01-13 22:00:00,46.220466792583466
2025-01-13 22:30:00,43.53116616606712
2025-01-13 23:00:00,70.34277319908142
2025-01-13 23:30:00,31.548851132392883
2025-01-14 00:00:00,47.34353706240654
2025-01-14 00:30:00,31.991119533777237
2025-01-14 01:00:00,48.09661865234375
2025-01-14 01:30:00,48.150140047073364
2025-01-14 02:00:00,54.55665707588196
2025-01-14 02:30:00,50.26239603757858
2025-01-14 03:00:00,61.34468376636505
2025-01-14 03:30:00,44.94705632328987
2025-01-14 04:00:00,61.415491700172424
2025-01-14 04:30:00,43.26115772128105
2025-01-14 05:00:00,34.572566747665405
2025-01-14 05:30:00,57.07394599914551
2025-01-14 06:00:00,73.45628559589386
2025-01-14 06:30:00,43.18420425057411
2025-01-14 07:00:00,61.14790499210358
2025-01-14 07:30:00,93.3164519071579
2025-01-14 08:00:00,56.82985216379166
2025-01-14 08:30:00,65.32833933830261
2025-01-14 09:00:00,57.689350843429565
2025-01-14 09:30:00,53.413668274879456
2025-01-14 10:00:00,43.91997650265694
2025-01-14 10:30:00,35.355712324380875
2025-01-14 11:00:00,61.320831179618835
2025-01-14 11:30:00,51.741454005241394
2025-01-14 12:00:00,46.18864730000496
2025-01-14 12:30:00,68.84040474891663
2025-01-14 13:00:00,52.926169633865356
2025-01-14 13:30:00,46.99939206242561
2025-01-14 14:00:00,29.62779074907303
2025-01-14 14:30:00,51.97176218032837
2025-01-14 15:00:00,45.95248743891716
2025-01-14 15:30:00,30.36103993654251
2025-01-14 16:00:00,61.91671013832092
2025-01-14 16:30:00,44.212510138750076
2025-01-14 17:00:00,52.704980969429016
2025-01-14 17:30:00,52.48288035392761
2025-01-14 18:00:00,60.016776621341705
2025-01-14 18:30:00,72.41411805152893
2025-01-14 19:00:00,53.31103831529617
2025-01-14 19:30:00,40.701288282871246
2025-01-14 20:00:00,25.38259267807007
2025-01-14 20:30:00,29.10100981593132
2025-01-14 21:00:00,64.43987607955933
2025-01-14 21:30:00,53.99309158325195
2025-01-14 22:00:00,77.57462620735168
2025-01-14 22:30:00,72.14304566383362
2025-01-14 23:00:00,52.11904734373093
2025-01-14 23:30:00,75.33252358436584
2025-01-15 00:00:00,42.11373582482338
2025-01-15 00:30:00,49.03460085391998
2025-01-15 01:00:00,67.5492137670517
2025-01-15 01:30:00,49.747706055641174
2025-01-15 02:00:00,62.655147314071655
2025-01-15 02:30:00,29.444047808647156
2025-01-15 03:00:00,34.76102143526077
2025-01-15 03:30:00,50.58151304721832
2025-01-15 04:00:00,49.126434326171875
2025-01-15 04:30:00,61.46892189979553
2025-01-15 05:00:00,39.73703682422638
2025-01-15 05:30:00,49.76821482181549
2025-01-15 06:00:00,59.9682354927063
2025-01-15 06:30:00,48.486862778663635
2025-01-15 07:00:00,56.56614124774933
2025-01-15 07:30:00,49.035847187042236
2025-01-15 08:00:00,44.72059100866318
2025-01-15 08:30:00,39.36700001358986
2025-01-15 09:00:00,49.41900849342346
2025-01-15 09:30:00,55.56079626083374
2025-01-15 10:00:00,40.673770159482956
2025-01-15 10:30:00,50.68878889083862
2025-01-15 11:00:00,53.22111487388611
2025-01-15 11:30:00,44.2917637526989
2025-01-15 12:00:00,43.54964837431908
2025-01-15 12:30:00,37.45865374803543
2025-01-15 13:00:00,67.9999303817749
2025-01-15 13:30:00,52.68385410308838
2025-01-15 14:00:00,49.137529730796814
2025-01-15 14:30:00,54.009445905685425
2025-01-15 15:00:00,60.64709186553955
2025-01-15 15:30:00,64.80371415615082
2025-01-15 16:00:00,61.673563718795776
2025-01-15 16:30:00,51.65647029876709
2025-01-15 17:00:00,66.01625442504883
2025-01-15 17:30:00,61.44581913948059
2025-01-15 18:00:00,57.0118522644043
2025-01-15 18:30:00,57.97666609287262
2025-01-15 19:00:00,56.0322242975235
2025-01-15 19:30:00,76.62649095058441
2025-01-15 20:00:00,56.92261278629303
2025-01-15 20:30:00,66.10006272792816
2025-01-15 21:00:00,39.10245567560196
2025-01-15 21:30:00,59.609909653663635
2025-01-15 22:00:00,47.56443440914154
2025-01-15 22:30:00,52.275938391685486
2025-01-15 23:00:00,43.82668897509575
2025-01-15 23:30:00,58.53424817323685
2025-01-16 00:00:00,43.80132153630257
2025-01-16 00:30:00,30.497234761714935
2025-01-16 01:00:00,56.651418805122375
2025-01-16 01:30:00,47.5432214140892
2025-01-16 02:00:00,49.662864208221436
2025-01-16 02:30:00,39.60924208164215
2025-01-16 03:00:00,42.01339080929756
2025-01-16 03:30:00,44.504174888134
2025-01-16 04:00:00,82.72631883621216
2025-01-16 04:30:00,43.4503698348999
2025-01-16 05:00:00,70.55299818515778
2025-01-16 05:30:00,38.33583161234856
2025-01-16 06:00:00,64.2090916633606
2025-01-16 06:30:00,32.83924415707588
2025-01-16 07:00:00,53.95374596118927
2025-01-16 07:30:00,28.036025762557983
2025-01-16 08:00:00,64.81032073497772
2025-01-16 08:30:00,39.63208645582199
2025-01-16 09:00:00,24.09288741648197
2025-01-16 09:30:00,39.64753642678261
2025-01-16 10:00:00,53.100210428237915
2025-01-16 10:30:00,59.89572525024414
2025-01-16 11:00:00,44.44505259394646
2025-01-16 11:30:00,47.34970033168793
2025-01-16 12:00:00,43.66509631276131
2025-01-16 12:30:00,63.3343380689621
2025-01-16 13:00:00,50.246543288230896
2025-01-16 13:30:00,40.51887273788452
2025-01-16 14:00:00,40.3013014793396
2025-01-16 14:30:00,57.094454765319824
2025-01-16 15:00:00,51.33363455533981
2025-01-16 15:30:00,48.64831864833832
2025-01-16 16:00:00,41.233685314655304
2025-01-16 16:30:00,55.87531805038452
2025-01-16 17:00:00,62.237620651721954
2025-01-16 17:30:00,50.80294489860535
2025-01-16 18:00:00,50.551124811172485
2025-01-16 18:30:00,60.69271981716156
2025-01-16 19:00:00,45.681121200323105
2025-01-16 19:30:00,24.511350095272064
2025-01-16 20:00:00,34.99587416648865
2025-01-16 20:30:00,59.13906931877136
2025-01-16 21:00:00,53.229525089263916
2025-01-16 21:30:00,46.829586774110794
2025-01-16 22:00:00,68.15714061260223
2025-01-16 22:30:00,53.25404644012451
2025-01-16 23:00:00,52.369818687438965
2025-01-16 23:30:00,59.96839761734009
2025-01-17 00:00:00,23.784715086221695
2025-01-17 00:30:00,42.84700274467468
2025-01-17 01:00:00,48.46438825130463
2025-01-17 01:30:00,31.737090498209
2025-01-17 02:00:00,42.681126445531845
2025-01-17 02:30:00,53.88503551483154
2025-01-17 03:00:00,42.7375103533268
2025-01-17 03:30:00,41.275814920663834
2025-01-17 04:00:00,20.890468657016754
2025-01-17 04:30:00,55.70437788963318
2025-01-17 05:00:00,69.3706738948822
2025-01-17 05:30:00,48.364580273628235
2025-01-17 06:00:00,48.01441639661789
2025-01-17 06:30:00,49.592400789260864
2025-01-17 07:00:00,54.75856304168701
2025-01-17 07:30:00,49.953888058662415
2025-01-17 08:00:00,72.50256717205048
2025-01-17 08:30:00,48.72465908527374
2025-01-17 09:00:00,41.45614057779312
2025-01-17 09:30:00,52.23745912313461
2025-01-17 10:00:00,61.43617272377014
2025-01-17 10:30:00,42.22158923745155
2025-01-17 11:00:00,28.4067465364933
2025-01-17 11:30:00,35.56014642119408
2025-01-17 12:00:00,51.489137411117554
2025-01-17 12:30:00,42.481692880392075
2025-01-17 13:00:00,63.72687220573425
2025-01-17 13:30:00,48.97697567939758
2025-01-17 14:00:00,75.02413213253021
2025-01-17 14:30:00,63.55258822441101
2025-01-17 15:00:00,57.69586622714996
2025-01-17 15:30:00,47.757423520088196
2025-01-17 16:00:00,52.464266419410706
2025-01-17 16:30:00,65.3808981180191
2025-01-17 17:00:00,61.74437165260315
2025-01-17 17:30:00,67.63441026210785
2025-01-17 18:00:00,41.848578453063965
2025-01-17 18:30:00,51.90020442008972
2025-01-17 19:00:00,59.094814360141754
2025-01-17 19:30:00,51.87946259975433
2025-01-17 20:00:00,49.03520882129669
2025-01-17 20:30:00,45.77663794159889
2025-01-17 21:00:00,71.0693347454071
2025-01-17 21:30:00,55.26919484138489
2025-01-17 22:00:00,43.983144313097
2025-01-17 22:30:00,45.541714280843735
2025-01-17 23:00:00,75.04402279853821
2025-01-17 23:30:00,56.71801149845123
2025-01-18 00:00:00,15.278489626944067
2025-01-18 00:30:00,44.01071056723595
2025-01-18 01:00:00,45.67505672574043
2025-01-18 01:30:00,56.819835901260376
2025-01-18 02:00:00,55.97093611955643
2025-01-18 02:30:00,55.004313588142395
2025-01-18 03:00:00,60.255140364170074
2025-01-18 03:30:00,56.75899863243103
2025-01-18 04:00:00,61.30628049373627
2025-01-18 04:30:00,54.640759229660034
2025-01-18 05:00:00,58.10105621814728
2025-01-18 05:30:00,55.343736708164215
2025-01-18 06:00:00,53.439881801605225
2025-01-18 06:30:00,37.887683659791946
2025-01-18 07:00:00,43.10705065727234
2025-01-18 07:30:00,44.38014701008797
2025-01-18 08:00:00,28.08797150850296
2025-01-18 08:30:00,42.75782659649849
2025-01-18 09:00:00,49.92279052734375
2025-01-18 09:30:00,52.149308919906616
2025-01-18 10:00:00,50.10716676712036
2025-01-18 10:30:00,62.23902404308319
2025-01-18 11:00:00,64.53293561935425
2025-01-18 11:30:00,47.77745604515076
2025-01-18 12:00:00,63.168312311172485
2025-01-18 12:30:00,40.575770884752274
2025-01-18 13:00:00,50.58926463127136
2025-01-18 13:30:00,70.28625249862671
2025-01-18 14:00:00,60.7858806848526
2025-01-18 14:30:00,48.82235437631607
2025-01-18 15:00:00,61.826442182064056
2025-01-18 15:30:00,51.926721930503845
2025-01-18 16:00:00,67.13984906673431
2025-01-18 16:30:00,50.02459466457367
2025-01-18 17:00:00,62.66811728477478
2025-01-18 17:30:00,45.796508342027664
2025-01-18 18:00:00,44.0520016849041
2025-01-18 18:30:00,31.14287331700325
2025-01-18 19:00:00,55.40017127990723
2025-01-18 19:30:00,51.92680299282074
2025-01-18 20:00:00,44.46556136012077
2025-01-18 20:30:00,54.428831934928894
2025-01-18 21:00:00,37.59225711226463
2025-01-18 21:30:00,31.903539299964905
2025-01-18 22:00:00,75.74101686477661
2025-01-18 22:30:00,47.19688519835472
2025-01-18 23:00:00,65.879887342453
2025-01-18 23:30:00,46.76727011799812
2025-01-19 00:00:00,48.316885232925415
2025-01-19 00:30:00,59.43989157676697
2025-01-19 01:00:00,46.98006123304367
2025-01-19 01:30:00,54.27198648452759
2025-01-19 02:00:00,80.38657665252686
2025-01-19 02:30:00,41.437116265296936
2025-01-19 03:00:00,57.50802963972092
2025-01-19 03:30:00,60.30954837799072
2025-01-19 04:00:00,79.010209441185
2025-01-19 04:30:00,73.24102461338043
2025-01-19 05:00:00,62.08997577428818
2025-01-19 05:30:00,58.24302166700363
2025-01-19 06:00:00,36.247514337301254
2025-01-19 06:30:00,41.45747050642967
2025-01-19 07:00:00,58.734639286994934
2025-01-19 07:30:00,54.03325796127319
2025-01-19 08:00:00,45.295297503471375
2025-01-19 08:30:00,42.21834674477577
2025-01-19 09:00:00,43.032116144895554
2025-01-19 09:30:00,68.26354503631592
2025-01-19 10:00:00,44.171186089515686
2025-01-19 10:30:00,57.28393793106079
2025-01-19 11:00:00,40.53711175918579
2025-01-19 11:30:00,56.60156548023224
2025-01-19 12:00:00,46.6880165040493
2025-01-19 12:30:00,36.872593462467194
2025-01-19 13:00:00,60.717899799346924
2025-01-19 13:30:00,42.2867177426815
2025-01-19 14:00:00,32.132935523986816
2025-01-19 14:30:00,53.184890151023865
2025-01-19 15:00:00,55.5556184053421
2025-01-19 15:30:00,49.63844418525696
2025-01-19 16:00:00,42.42328241467476
2025-01-19 16:30:00,45.64933717250824
2025-01-19 17:00:00,63.49728345870972
2025-01-19 17:30:00,44.16289493441582
2025-01-19 18:00:00,67.93096661567688
2025-01-19 18:30:00,70.59401571750641
2025-01-19 19:00:00,53.91444593667984
2025-01-19 19:30:00,64.51337933540344
2025-01-19 20:00:00,51.1002054810524
2025-01-19 20:30:00,53.515664935112
2025-01-19 21:00:00,53.67079794406891
2025-01-19 21:30:00,59.76765185594559
2025-01-19 22:00:00,63.294637799263
2025-01-19 22:30:00,66.62398874759674
2025-01-19 23:00:00,39.21567440032959
2025-01-19 23:30:00,43.32023948431015
2025-01-20 00:00:00,38.01946312189102
2025-01-20 00:30:00,27.37003803253174
2025-01-20 01:00:00,33.77580016851425
2025-01-20 01:30:00,53.20399045944214
2025-01-20 02:00:00,32.74850755929947
2025-01-20 02:30:00,29.844612181186676
2025-01-20 03:00:00,64.44697916507721
2025-01-20 03:30:00,48.225259482860565
2025-01-20 04:00:00,28.680488914251328
2025-01-20 04:30:00,47.341611832380295
2025-01-20 05:00:00,52.00680136680603
2025-01-20 05:30:00,41.609399020671844
2025-01-20 06:00:00,40.717716068029404
2025-01-20 06:30:00,39.957278072834015
2025-01-20 07:00:00,62.53678113222122
2025-01-20 07:30:00,55.44899106025696
2025-01-20 08:00:00,73.01694810390472
2025-01-20 08:30:00,42.632248401641846
2025-01-20 09:00:00,42.59818449616432
2025-01-20 09:30:00,44.62164685130119
2025-01-20 10:00:00,32.80363246798515
2025-01-20 10:30:00,53.13693165779114
2025-01-20 11:00:00,40.22794768214226
2025-01-20 11:30:00,35.45164704322815
2025-01-20 12:00:00,55.616546869277954
2025-01-20 12:30:00,53.09417635202408
2025-01-20 13:00:00,51.08789920806885
2025-01-20 13:30:00,49.62728291749954
2025-01-20 14:00:00,74.53099966049194
2025-01-20 14:30:00,38.32706421613693
2025-01-20 15:00:00,40.57683989405632
2025-01-20 15:30:00,56.08963668346405
2025-01-20 16:00:00,65.35560667514801
2025-01-20 16:30:00,46.71649977564812
2025-01-20 17:00:00,67.47040092945099
2025-01-20 17:30:00,44.08586546778679
2025-01-20 18:00:00,59.821664690971375
2025-01-20 18:30:00,54.31643903255463
2025-01-20 19:00:00,36.622207164764404
2025-01-20 19:30:00,44.806950241327286
2025-01-20 20:00:00,82.67482399940491
2025-01-20 20:30:00,58.786975145339966
2025-01-20 21:00:00,53.42580735683441
2025-01-20 21:30:00,43.59570696949959
2025-01-20 22:00:00,46.02685198187828
2025-01-20 22:30:00,50.95893919467926
2025-01-20 23:00:00,36.91774010658264
2025-01-20 23:30:00,32.589083313941956
2025-01-21 00:00:00,36.02232575416565
2025-01-21 00:30:00,36.11137017607689
2025-01-21 01:00:00,55.10983645915985
2025-01-21 01:30:00,52.87258744239807
2025-01-21 02:00:00,42.758209109306335
2025-01-21 02:30:00,68.86011302471161
2025-01-21 03:00:00,60.446812212467194
2025-01-21 03:30:00,44.358374178409576
2025-01-21 04:00:00,46.565131098032
2025-01-21 04:30:00,60.74391067028046
2025-01-21 05:00:00,46.28923550248146
2025-01-21 05:30:00,58.035101890563965
2025-01-21 06:00:00,68.72876167297363
2025-01-21 06:30:00,50.22401809692383
2025-01-21 07:00:00,50.768685936927795
2025-01-21 07:30:00,52.01850473880768
2025-01-21 08:00:00,40.39913356304169
2025-01-21 08:30:00,29.962415993213654
2025-01-21 09:00:00,30.069638639688492
2025-01-21 09:30:00,51.46675914525986
2025-01-21 10:00:00,73.82245421409607
2025-01-21 10:30:00,46.63016080856323
2025-01-21 11:00:00,67.83645808696747
2025-01-21 11:30:00,35.199198722839355
2025-01-21 12:00:00,35.67069262266159
2025-01-21 12:30:00,50.88871896266937
2025-01-21 13:00:00,38.445258140563965
2025-01-21 13:30:00,66.99505150318146
2025-01-21 14:00:00,38.18797901272774
2025-01-21 14:30:00,67.73371160030365
2025-01-21 15:00:00,43.46484959125519
2025-01-21 15:30:00,47.94906497001648
2025-01-21 16:00:00,49.8386225104332
2025-01-21 16:30:00,43.4105783700943
2025-01-21 17:00:00,35.29354512691498
2025-01-21 17:30:00,34.902135729789734
2025-01-21 18:00:00,49.08480882644653
2025-01-21 18:30:00,61.94502115249634
2025-01-21 19:00:00,38.9221528172493
2025-01-21 19:30:00,38.44867795705795
2025-01-21 20:00:00,39.158773720264435
2025-01-21 20:30:00,71.12158954143524
2025-01-21 21:00:00,46.981343030929565
2025-01-21 21:30:00,44.49605092406273
2025-01-21 22:00:00,41.75380900502205
2025-01-21 22:30:00,37.91704088449478
2025-01-21 23:00:00,45.9406878054142
2025-01-21 23:30:00,69.03919994831085
2025-01-22 00:00:00,69.53660845756531
2025-01-22 00:30:00,24.475857466459274
2025-01-22 01:00:00,47.71320402622223
2025-01-22 01:30:00,57.301761507987976
2025-01-22 02:00:00,62.97286093235016
2025-01-22 02:30:00,62.35567778348923
2025-01-22 03:00:00,58.884954154491425
2025-01-22 03:30:00,68.57135891914368
2025-01-22 04:00:00,54.57905054092407
2025-01-22 04:30:00,28.20947378873825
2025-01-22 05:00:00,42.98786625266075
2025-01-22 05:30:00,54.13264036178589
2025-01-22 06:00:00,70.50908267498016
2025-01-22 06:30:00,46.43537059426308
2025-01-22 07:00:00,45.546679347753525
2025-01-22 07:30:00,52.095078229904175
2025-01-22 08:00:00,32.34982788562775
2025-01-22 08:30:00,41.748111844062805
2025-01-22 09:00:00,55.56186020374298
2025-01-22 09:30:00,44.199139922857285
2025-01-22 10:00:00,63.404497504234314
2025-01-22 10:30:00,39.063667356967926
2025-01-22 11:00:00,48.27015280723572
2025-01-22 11:30:00,59.068899750709534
2025-01-22 12:00:00,49.01195406913757
2025-01-22 12:30:00,57.286967635154724
2025-01-22 13:00:00,38.57131510972977
2025-01-22 13:30:00,48.16734552383423
2025-01-22 14:00:00,37.8360216319561
2025-01-22 14:30:00,63.27035963535309
2025-01-22 15:00:00,53.73862683773041
2025-01-22 15:30:00,63.2593047618866
2025-01-22 16:00:00,42.23009571433067
2025-01-22 16:30:00,55.79211264848709
2025-01-22 17:00:00,65.94782769680023
2025-01-22 17:30:00,48.189647793769836
2025-01-22 18:00:00,47.17425361275673
2025-01-22 18:30:00,56.48873180150986
2025-01-22 19:00:00,38.74734699726105
2025-01-22 19:30:00,57.69317090511322
2025-01-22 20:00:00,63.79043519496918
2025-01-22 20:30:00,55.32456040382385
2025-01-22 21:00:00,59.09719556570053
2025-01-22 21:30:00,47.81201899051666
2025-01-22 22:00:00,54.90991652011871
2025-01-22 22:30:00,64.01408612728119
2025-01-22 23:00:00,45.36425366997719
2025-01-22 23:30:00,31.409479677677155
2025-01-23 00:00:00,63.1889933347702
2025-01-23 00:30:00,28.426234424114227
2025-01-23 01:00:00,48.173962235450745
2025-01-23 01:30:00,27.864437103271484
2025-01-23 02:00:00,43.949318528175354
2025-01-23 02:30:00,46.94755777716637
2025-01-23 03:00:00,46.224608570337296
2025-01-23 03:30:00,40.50737455487251
2025-01-23 04:00:00,28.613305985927582
2025-01-23 04:30:00,54.01914298534393
2025-01-23 05:00:00,50.636969804763794
2025-01-23 05:30:00,26.676782965660095
2025-01-23 06:00:00,46.07294604182243
2025-01-23 06:30:00,55.12009084224701
2025-01-23 07:00:00,66.88198983669281
2025-01-23 07:30:00,40.355742424726486
2025-01-23 08:00:00,62.04361319541931
2025-01-23 08:30:00,51.225897669792175
2025-01-23 09:00:00,53.92413794994354
2025-01-23 09:30:00,35.796040296554565
2025-01-23 10:00:00,40.80257311463356
2025-01-23 10:30:00,35.03469541668892
2025-01-23 11:00:00,34.56392601132393
2025-01-23 11:30:00,40.358425080776215
2025-01-23 12:00:00,43.518312722444534
2025-01-23 12:30:00,40.08116662502289
2025-01-23 13:00:00,57.44159400463104
2025-01-23 13:30:00,52.2030633687973
2025-01-23 14:00:00,46.69694349169731
2025-01-23 14:30:00,52.918777763843536
2025-01-23 15:00:00,36.27023458480835
2025-01-23 15:30:00,34.24058869481087
2025-01-23 16:00:00,39.92261379957199
2025-01-23 16:30:00,44.10632610321045
2025-01-23 17:00:00,73.33708345890045
2025-01-23 17:30:00,58.763264417648315
2025-01-23 18:00:00,65.47448456287384
2025-01-23 18:30:00,60.449684858322144
2025-01-23 19:00:00,39.492264091968536
2025-01-23 19:30:00,64.19989109039307
2025-01-23 20:00:00,58.85656714439392
2025-01-23 20:30:00,35.02623200416565
2025-01-23 21:00:00,63.386147022247314
2025-01-23 21:30:00,54.145807921886444
2025-01-23 22:00:00,48.796135783195496
2025-01-23 22:30:00,44.47945848107338
2025-01-23 23:00:00,56.611201763153076
2025-01-23 23:30:00,41.99152931571007
2025-01-24 00:00:00,43.474014699459076
2025-01-24 00:30:00,55.603668093681335
2025-01-24 01:00:00,52.03072488307953
2025-01-24 01:30:00,59.54767405986786
2025-01-24 02:00:00,45.15244796872139
2025-01-24 02:30:00,69.04380023479462
2025-01-24 03:00:00,68.07870268821716
2025-01-24 03:30:00,58.3513867855072
2025-01-24 04:00:00,45.26595547795296
2025-01-24 04:30:00,72.2940444946289
2025-01-24 05:00:00,53.28237771987915
2025-01-24 05:30:00,53.97132635116577
2025-01-24 06:00:00,60.47592878341675
2025-01-24 06:30:00,60.50669193267822
2025-01-24 07:00:00,63.44157338142395
2025-01-24 07:30:00,58.14513385295868
2025-01-24 08:00:00,51.993263959884644
2025-01-24 08:30:00,62.91001737117767
2025-01-24 09:00:00,57.33635485172272
2025-01-24 09:30:00,60.04894316196442
2025-01-24 10:00:00,42.92135462164879
2025-01-24 10:30:00,37.88729354739189
2025-01-24 11:00:00,63.70587706565857
2025-01-24 11:30:00,56.072593331336975
2025-01-24 12:00:00,61.422138810157776
2025-01-24 12:30:00,56.47617220878601
2025-01-24 13:00:00,52.33159780502319
2025-01-24 13:30:00,50.2410614490509
2025-01-24 14:00:00,48.936718106269836
2025-01-24 14:30:00,43.60758766531944
2025-01-24 15:00:00,60.63194841146469
2025-01-24 15:30:00,49.22787368297577
2025-01-24 16:00:00,48.864076137542725
2025-01-24 16:30:00,32.147871255874634
2025-01-24 17:00:00,34.58693504333496
2025-01-24 17:30:00,56.57952666282654
2025-01-24 18:00:00,39.53649878501892
2025-01-24 18:30:00,58.366960883140564
2025-01-24 19:00:00,86.33252799510956
2025-01-24 19:30:00,55.59829264879227
2025-01-24 20:00:00,57.91620373725891
2025-01-24 20:30:00,48.35873365402222
2025-01-24 21:00:00,53.968448638916016
2025-01-24 21:30:00,36.96912348270416
2025-01-24 22:00:00,55.21667659282684
2025-01-24 22:30:00,51.4191198348999
2025-01-24 23:00:00,33.33990275859833
2025-01-24 23:30:00,46.72157630324364
2025-01-25 00:00:00,88.402960896492
2025-01-25 00:30:00,32.41320341825485
2025-01-25 01:00:00,33.70789781212807
2025-01-25 01:30:00,49.356772899627686
2025-01-25 02:00:00,37.67085462808609
2025-01-25 02:30:00,53.545992374420166
2025-01-25 03:00:00,50.66065013408661
2025-01-25 03:30:00,52.31255829334259
2025-01-25 04:00:00,43.55754688382149
2025-01-25 04:30:00,75.30078768730164
2025-01-25 05:00:00,37.52286523580551
2025-01-25 05:30:00,54.754793643951416
2025-01-25 06:00:00,50.8964604139328
2025-01-25 06:30:00,52.75515854358673
2025-01-25 07:00:00,52.08677440881729
2025-01-25 07:30:00,44.511878341436386
2025-01-25 08:00:00,41.7002572119236
2025-01-25 08:30:00,42.06344425678253
2025-01-25 09:00:00,43.72822865843773
2025-01-25 09:30:00,49.01418328285217
2025-01-25 10:00:00,44.20706629753113
2025-01-25 10:30:00,67.33043670654297
2025-01-25 11:00:00,40.44741630554199
2025-01-25 11:30:00,43.72390195727348
2025-01-25 12:00:00,63.86314809322357
2025-01-25 12:30:00,48.26957017183304
2025-01-25 13:00:00,64.3041980266571
2025-01-25 13:30:00,27.205213010311127
2025-01-25 14:00:00,45.04402965307236
2025-01-25 14:30:00,64.38056886196136
2025-01-25 15:00:00,49.07782733440399
2025-01-25 15:30:00,62.44116812944412
2025-01-25 16:00:00,47.86901593208313
2025-01-25 16:30:00,65.10924816131592
2025-01-25 17:00:00,51.45947873592377
2025-01-25 17:30:00,65.92526197433472
2025-01-25 18:00:00,36.87955468893051
2025-01-25 18:30:00,30.57047963142395
2025-01-25 19:00:00,40.51390513777733
2025-01-25 19:30:00,26.86863213777542
2025-01-25 20:00:00,46.413835883140564
2025-01-25 20:30:00,47.43257388472557
2025-01-25 21:00:00,61.18682503700256
2025-01-25 21:30:00,36.79434806108475
2025-01-25 22:00:00,51.947970390319824
2025-01-25 22:30:00,50.31847596168518
2025-01-25 23:00:00,77.95424103736877
2025-01-25 23:30:00,75.68756639957428
2025-01-26 00:00:00,65.24033606052399
2025-01-26 00:30:00,60.73433518409729
2025-01-26 01:00:00,66.97700500488281
2025-01-26 01:30:00,43.94091337919235
2025-01-26 02:00:00,64.02386426925659
2025-01-26 02:30:00,51.8526816368103
2025-01-26 03:00:00,52.85566568374634
2025-01-26 03:30:00,47.297174483537674
2025-01-26 04:00:00,75.62621235847473
2025-01-26 04:30:00,61.87743037939072
2025-01-26 05:00:00,66.33174896240234
2025-01-26 05:30:00,65.38499176502228
2025-01-26 06:00:00,46.39725103974342
2025-01-26 06:30:00,35.88669836521149
2025-01-26 07:00:00,48.5797905921936
2025-01-26 07:30:00,51.886160373687744
2025-01-26 08:00:00,63.45042943954468
2025-01-26 08:30:00,64.7734272480011
2025-01-26 09:00:00,52.82701522111893
2025-01-26 09:30:00,41.57885119318962
2025-01-26 10:00:00,23.01657997071743
2025-01-26 10:30:00,47.418033331632614
2025-01-26 11:00:00,50.21458446979523
2025-01-26 11:30:00,70.16745567321777
2025-01-26 12:00:00,58.79988431930542
2025-01-26 12:30:00,46.67519852519035
2025-01-26 13:00:00,40.45687273144722
2025-01-26 13:30:00,45.78137755393982
2025-01-26 14:00:00,56.51787877082825
2025-01-26 14:30:00,35.95348358154297
2025-01-26 15:00:00,55.046932101249695
2025-01-26 15:30:00,46.114845126867294
2025-01-26 16:00:00,49.07396674156189
2025-01-26 16:30:00,31.719474643468857
2025-01-26 17:00:00,42.25330486893654
2025-01-26 17:30:00,54.55997049808502
2025-01-26 18:00:00,54.3291962146759
2025-01-26 18:30:00,54.74582612514496
2025-01-26 19:00:00,49.57540810108185
2025-01-26 19:30:00,41.897345036268234
2025-01-26 20:00:00,70.390944480896
2025-01-26 20:30:00,54.55562353134155
2025-01-26 21:00:00,62.673102617263794
2025-01-26 21:30:00,65.94443321228027
2025-01-26 22:00:00,51.39041870832443
2025-01-26 22:30:00,63.32912981510162
2025-01-26 23:00:00,47.161139249801636
2025-01-26 23:30:00,69.37643945217133
2025-01-27 00:00:00,44.28287222981453
2025-01-27 00:30:00,32.010290771722794
2025-01-27 01:00:00,57.071422934532166
2025-01-27 01:30:00,34.65855360031128
2025-01-27 02:00:00,51.61045730113983
2025-01-27 02:30:00,62.270815670490265
2025-01-27 03:00:00,71.41541004180908
2025-01-27 03:30:00,42.337903529405594
2025-01-27 04:00:00,31.93450003862381
2025-01-27 04:30:00,55.64671218395233
2025-01-27 05:00:00,50.22661209106445
2025-01-27 05:30:00,25.68605199456215
2025-01-27 06:00:00,26.23260200023651
2025-01-27 06:30:00,50.81253558397293
2025-01-27 07:00:00,50.34523665904999
2025-01-27 07:30:00,56.42544746398926
2025-01-27 08:00:00,59.028434455394745
2025-01-27 08:30:00,33.23419243097305
2025-01-27 09:00:00,58.64614963531494
2025-01-27 09:30:00,44.418965727090836
2025-01-27 10:00:00,46.58808693289757
2025-01-27 10:30:00,27.508517801761627
2025-01-27 11:00:00,29.925340116024017
2025-01-27 11:30:00,44.613056778907776
2025-01-27 12:00:00,49.193579256534576
2025-01-27 12:30:00,55.9864342212677
2025-01-27 13:00:00,57.58572280406952
2025-01-27 13:30:00,40.7942059636116
2025-01-27 14:00:00,51.64972186088562
2025-01-27 14:30:00,49.512848258018494
2025-01-27 15:00:00,58.20846378803253
2025-01-27 15:30:00,66.41582071781158
2025-01-27 16:00:00,34.09889429807663
2025-01-27 16:30:00,57.589441537857056
2025-01-27 17:00:00,40.92805504798889
2025-01-27 17:30:00,49.354447424411774
2025-01-27 18:00:00,45.13967052102089
2025-01-27 18:30:00,68.90111029148102
2025-01-27 19:00:00,40.91367915272713
2025-01-27 19:30:00,41.4051827788353
2025-01-27 20:00:00,41.87865510582924
2025-01-27 20:30:00,59.8738232254982
2025-01-27 21:00:00,43.407161086797714
2025-01-27 21:30:00,65.07757306098938
2025-01-27 22:00:00,81.10532581806183
2025-01-27 22:30:00,57.17664182186127
2025-01-27 23:00:00,45.36853983998299
2025-01-27 23:30:00,36.54680401086807
2025-01-28 00:00:00,60.01673102378845
2025-01-28 00:30:00,45.22650346159935
2025-01-28 01:00:00,39.677400290966034
2025-01-28 01:30:00,46.23647913336754
2025-01-28 02:00:00,31.98109820485115
2025-01-28 02:30:00,40.738632678985596
2025-01-28 03:00:00,78.86765122413635
2025-01-28 03:30:00,39.78840500116348
2025-01-28 04:00:00,40.87144315242767
2025-01-28 04:30:00,47.43815451860428
2025-01-28 05:00:00,48.56844186782837
2025-01-28 05:30:00,39.80851098895073
2025-01-28 06:00:00,32.72588104009628
2025-01-28 06:30:00,40.14423564076424
2025-01-28 07:00:00,34.46125045418739
2025-01-28 07:30:00,62.092392444610596
2025-01-28 08:00:00,67.48240828514099
2025-01-28 08:30:00,58.31293284893036
2025-01-28 09:00:00,56.44459843635559
2025-01-28 09:30:00,42.065427750349045
2025-01-28 10:00:00,56.27221941947937
2025-01-28 10:30:00,44.01158198714256
2025-01-28 11:00:00,26.568769961595535
2025-01-28 11:30:00,59.67844784259796
2025-01-28 12:00:00,68.54917824268341
2025-01-28 12:30:00,56.052064299583435
2025-01-28 13:00:00,58.91590476036072
2025-01-28 13:30:00,69.05253469944
2025-01-28 14:00:00,48.25687885284424
2025-01-28 14:30:00,37.102478593587875
2025-01-28 15:00:00,71.68774902820587
2025-01-28 15:30:00,58.15860033035278
2025-01-28 16:00:00,57.530418038368225
2025-01-28 16:30:00,48.801151514053345
2025-01-28 17:00:00,39.77022171020508
2025-01-28 17:30:00,46.951200515031815
2025-01-28 18:00:00,27.47308850288391
2025-01-28 18:30:00,50.41117072105408
2025-01-28 19:00:00,42.25543275475502
2025-01-28 19:30:00,26.889113038778305
2025-01-28 20:00:00,52.739847898483276
2025-01-28 20:30:00,60.425452291965485
2025-01-28 21:00:00,31.453871428966522
2025-01-28 21:30:00,53.59952390193939
2025-01-28 22:00:00,48.36203694343567
2025-01-28 22:30:00,51.8042266368866
2025-01-28 23:00:00,61.5272057056427
2025-01-28 23:30:00,32.46921241283417
2025-01-29 00:00:00,35.07334694266319
2025-01-29 00:30:00,46.73828274011612
2025-01-29 01:00:00,46.078255623579025
2025-01-29 01:30:00,69.54891979694366
2025-01-29 02:00:00,68.74021172523499
2025-01-29 02:30:00,63.644766211509705
2025-01-29 03:00:00,44.31739464402199
2025-01-29 03:30:00,50.50324738025665
2025-01-29 04:00:00,42.9035259783268
2025-01-29 04:30:00,57.35513091087341
2025-01-29 05:00:00,57.16371238231659
2025-01-29 05:30:00,55.6237006187439
2025-01-29 06:00:00,44.33170214295387
2025-01-29 06:30:00,49.709728360176086
2025-01-29 07:00:00,47.714794874191284
2025-01-29 07:30:00,64.75976824760437
2025-01-29 08:00:00,38.51952388882637
2025-01-29 08:30:00,69.55742120742798
2025-01-29 09:00:00,45.33614784479141
2025-01-29 09:30:00,35.222309082746506
2025-01-29 10:00:00,41.42481505870819
2025-01-29 10:30:00,53.684137761592865
2025-01-29 11:00:00,40.66619589924812
2025-01-29 11:30:00,64.76681053638458
2025-01-29 12:00:00,55.54387450218201
2025-01-29 12:30:00,53.30690413713455
2025-01-29 13:00:00,49.99958693981171
2025-01-29 13:30:00,46.777005195617676
2025-01-29 14:00:00,43.46437081694603
2025-01-29 14:30:00,52.79135286808014
2025-01-29 15:00:00,55.90765178203583
2025-01-29 15:30:00,50.3139466047287
2025-01-29 16:00:00,42.68353298306465
2025-01-29 16:30:00,50.93549191951752
2025-01-29 17:00:00,40.54010599851608
2025-01-29 17:30:00,47.339932322502136
2025-01-29 18:00:00,70.45498371124268
2025-01-29 18:30:00,54.67738926410675
2025-01-29 19:00:00,70.50597190856934
2025-01-29 19:30:00,37.77920961380005
2025-01-29 20:00:00,55.74077486991882
2025-01-29 20:30:00,43.47966879606247
2025-01-29 21:00:00,47.934362292289734
2025-01-29 21:30:00,31.622280925512314
2025-01-29 22:00:00,46.78822219371796
2025-01-29 22:30:00,57.800811529159546
2025-01-29 23:00:00,36.0743322968483
2025-01-29 23:30:00,63.62765192985535
2025-01-30 00:00:00,49.87122982740402
2025-01-30 00:30:00,54.7359973192215
2025-01-30 01:00:00,46.605388671159744
2025-01-30 01:30:00,65.6619918346405
2025-01-30 02:00:00,38.50278705358505
2025-01-30 02:30:00,51.295459270477295
2025-01-30 03:00:00,45.63895106315613
2025-01-30 03:30:00,38.32748219370842
2025-01-30 04:00:00,64.14193153381348
2025-01-30 04:30:00,38.261388540267944
2025-01-30 05:00:00,42.81289830803871
2025-01-30 05:30:00,61.771395802497864
2025-01-30 06:00:00,52.92550086975098
2025-01-30 06:30:00,68.09234142303467
2025-01-30 07:00:00,58.33760619163513
2025-01-30 07:30:00,86.62869930267334
2025-01-30 08:00:00,79.91719543933868
2025-01-30 08:30:00,68.13341975212097
2025-01-30 09:00:00,55.56837558746338
2025-01-30 09:30:00,54.20819044113159
2025-01-30 10:00:00,41.166697442531586
2025-01-30 10:30:00,47.55142390727997
2025-01-30 11:00:00,34.9451519548893
2025-01-30 11:30:00,64.62119221687317
2025-01-30 12:00:00,64.50309455394745
2025-01-30 12:30:00,62.159380316734314
2025-01-30 13:00:00,64.64226841926575
2025-01-30 13:30:00,51.92416846752167
2025-01-30 14:00:00,72.82202363014221
2025-01-30 14:30:00,66.68866634368896
2025-01-30 15:00:00,55.27791917324066
2025-01-30 15:30:00,32.90581151843071
2025-01-30 16:00:00,64.88057136535645
2025-01-30 16:30:00,44.02278125286102
2025-01-30 17:00:00,39.73016932606697
2025-01-30 17:30:00,75.28578102588654
2025-01-30 18:00:00,54.24225687980652
2025-01-30 18:30:00,65.33065974712372
2025-01-30 19:00:00,44.04609173536301
2025-01-30 19:30:00,33.53586584329605
2025-01-30 20:00:00,54.64486300945282
2025-01-30 20:30:00,51.714819967746735
2025-01-30 21:00:00,59.749711751937866
2025-01-30 21:30:00,52.395150661468506
2025-01-30 22:00:00,69.43891823291779
2025-01-30 22:30:00,52.61540710926056
2025-01-30 23:00:00,63.63538324832916
2025-01-30 23:30:00,34.53042954206467
2025-01-31 00:00:00,44.358579367399216
2025-01-31 00:30:00,65.50294756889343
2025-01-31 01:00:00,45.796303153038025
2025-01-31 01:30:00,54.49542462825775
2025-01-31 02:00:00,87.85844504833221
2025-01-31 02:30:00,42.67987757921219
2025-01-31 03:00:00,32.12561711668968
2025-01-31 03:30:00,61.70849651098251
2025-01-31 04:00:00,50.87686359882355
2025-01-31 04:30:00,76.11426830291748
2025-01-31 05:00:00,48.991100788116455
2025-01-31 05:30:00,54.27706301212311
2025-01-31 06:00:00,41.18877172470093
2025-01-31 06:30:00,61.30104184150696
2025-01-31 07:00:00,45.511143654584885
2025-01-31 07:30:00,46.24730095267296
2025-01-31 08:00:00,69.95263040065765
2025-01-31 08:30:00,42.18336835503578
2025-01-31 09:00:00,66.1196494102478
2025-01-31 09:30:00,39.622399508953094
2025-01-31 10:00:00,49.373340010643005
2025-01-31 10:30:00,54.77400541305542
2025-01-31 11:00:00,35.40043592453003
2025-01-31 11:30:00,35.74820339679718
2025-01-31 12:00:00,29.542953968048096
2025-01-31 12:30:00,49.80324387550354
2025-01-31 13:00:00,54.3036413192749
2025-01-31 13:30:00,43.54219317436218
2025-01-31 14:00:00,32.118227779865265
2025-01-31 14:30:00,60.69383442401886
2025-01-31 15:00:00,44.39687371253967
2025-01-31 15:30:00,61.8959379196167
2025-01-31 16:00:00,71.0233724117279
2025-01-31 16:30:00,46.809675842523575
2025-01-31 17:00:00,54.39884901046753
2025-01-31 17:30:00,44.88222673535347
2025-01-31 18:00:00,47.69814670085907
2025-01-31 18:30:00,72.57670879364014
2025-01-31 19:00:00,33.459525406360626
2025-01-31 19:30:00,55.16691446304321
2025-01-31 20:00:00,45.94882696866989
2025-01-31 20:30:00,64.09686088562012
2025-01-31 21:00:00,45.01847982406616
2025-01-31 21:30:00,81.8006682395935
2025-01-31 22:00:00,67.78529763221741
2025-01-31 22:30:00,64.96846318244934
2025-01-31 23:00:00,42.63892084360123
2025-01-31 23:30:00,42.338341772556305
2025-02-01 00:00:00,44.98619422316551
2025-02-01 00:30:00,38.759007304906845
2025-02-01 01:00:00,48.58249604701996
2025-02-01 01:30:00,48.832563161849976
2025-02-01 02:00:00,40.82475125789642
2025-02-01 02:30:00,43.8228739798069
2025-02-01 03:00:00,44.16419193148613
2025-02-01 03:30:00,53.991764187812805
2025-02-01 04:00:00,40.286472141742706
2025-02-01 04:30:00,60.16214668750763
2025-02-01 05:00:00,48.96049976348877
2025-02-01 05:30:00,64.23730134963989
2025-02-01 06:00:00,34.0476730465889
2025-02-01 06:30:00,43.6602883040905
2025-02-01 07:00:00,51.51532053947449
2025-02-01 07:30:00,40.83926647901535
2025-02-01 08:00:00,55.870322585105896
2025-02-01 08:30:00,42.45488911867142
2025-02-01 09:00:00,41.890236884355545
2025-02-01 09:30:00,55.24651765823364
2025-02-01 10:00:00,37.80955731868744
2025-02-01 10:30:00,53.028110563755035
2025-02-01 11:00:00,57.655152678489685
2025-02-01 11:30:00,55.61609089374542
2025-02-01 12:00:00,32.720986902713776
2025-02-01 12:30:00,61.1423522233963
2025-02-01 13:00:00,53.56097877025604
2025-02-01 13:30:00,63.9881157875061
2025-02-01 14:00:00,50.015090107917786
2025-02-01 14:30:00,31.374392360448837
2025-02-01 15:00:00,41.68031841516495
2025-02-01 15:30:00,74.62474822998047
2025-02-01 16:00:00,49.845953583717346
2025-02-01 16:30:00,70.53027033805847
2025-02-01 17:00:00,53.15508961677551
2025-02-01 17:30:00,50.45882523059845
2025-02-01 18:00:00,68.61091732978821
2025-02-01 18:30:00,28.550581485033035
2025-02-01 19:00:00,12.65533331781626
2025-02-01 19:30:00,31.17598980665207
2025-02-01 20:00:00,63.33054840564728
2025-02-01 20:30:00,55.23373007774353
2025-02-01 21:00:00,43.096841871738434
2025-02-01 21:30:00,47.13905990123749
2025-02-01 22:00:00,56.06658458709717
2025-02-01 22:30:00,46.72073274850845
2025-02-01 23:00:00,37.15111345052719
2025-02-01 23:30:00,51.953827142715454
2025-02-02 00:00:00,48.34066689014435
2025-02-02 00:30:00,58.62427294254303
2025-02-02 01:00:00,56.81153208017349
2025-02-02 01:30:00,54.94396269321442
2025-02-02 02:00:00,48.41039061546326
2025-02-02 02:30:00,41.56765952706337
2025-02-02 03:00:00,50.86789608001709
2025-02-02 03:30:00,75.6641697883606
2025-02-02 04:00:00,73.23348581790924
2025-02-02 04:30:00,80.36785125732422
2025-02-02 05:00:00,59.51751887798309
2025-02-02 05:30:00,49.624405205249786
2025-02-02 06:00:00,72.28712379932404
2025-02-02 06:30:00,34.087682366371155
2025-02-02 07:00:00,67.94016718864441
2025-02-02 07:30:00,41.93500354886055
2025-02-02 08:00:00,40.38803309202194
2025-02-02 08:30:00,69.95872020721436
2025-02-02 09:00:00,65.4457175731659
2025-02-02 09:30:00,56.65329337120056
2025-02-02 10:00:00,40.25121256709099
2025-02-02 10:30:00,39.394540935754776
2025-02-02 11:00:00,78.94802451133728
2025-02-02 11:30:00,40.450643599033356
2025-02-02 12:00:00,46.778231263160706
2025-02-02 12:30:00,43.782385885715485
2025-02-02 13:00:00,48.79857778549194
2025-02-02 13:30:00,43.72317999601364
2025-02-02 14:00:00,50.8588171005249
2025-02-02 14:30:00,53.61675977706909
2025-02-02 15:00:00,61.411256194114685
2025-02-02 15:30:00,39.74620193243027
2025-02-02 16:00:00,59.908016324043274
2025-02-02 16:30:00,43.29131796956062
2025-02-02 17:00:00,58.783742785453796
2025-02-02 17:30:00,54.13335978984833
2025-02-02 18:00:00,45.290299504995346
2025-02-02 18:30:00,51.85647130012512
2025-02-02 19:00:00,45.52906095981598
2025-02-02 19:30:00,56.53565168380737
2025-02-02 20:00:00,38.90786811709404
2025-02-02 20:30:00,32.39384979009628
2025-02-02 21:00:00,36.65519952774048
2025-02-02 21:30:00,40.73764219880104
2025-02-02 22:00:00,60.36598801612854
2025-02-02 22:30:00,51.65765583515167
2025-02-02 23:00:00,43.5326911509037
2025-02-02 23:30:00,31.18526890873909
2025-02-03 00:00:00,65.0263923406601
2025-02-03 00:30:00,46.15836292505264
2025-02-03 01:00:00,43.808455020189285
2025-02-03 01:30:00,52.90465772151947
2025-02-03 02:00:00,71.15425765514374
2025-02-03 02:30:00,52.716932594776154
2025-02-03 03:00:00,61.53302192687988
2025-02-03 03:30:00,56.77178621292114
2025-02-03 04:00:00,45.880468636751175
2025-02-03 04:30:00,63.69086027145386
2025-02-03 05:00:00,67.38334000110626
2025-02-03 05:30:00,60.33135414123535
2025-02-03 06:00:00,65.37007629871368
2025-02-03 06:30:00,47.767789363861084
2025-02-03 07:00:00,43.08306634426117
2025-02-03 07:30:00,61.99720501899719
2025-02-03 08:00:00,70.64697980880737
2025-02-03 08:30:00,56.57416641712189
2025-02-03 09:00:00,44.17777493596077
2025-02-03 09:30:00,42.54732295870781
2025-02-03 10:00:00,54.62677091360092
2025-02-03 10:30:00,56.24219596385956
2025-02-03 11:00:00,46.77341565489769
2025-02-03 11:30:00,63.613020181655884
2025-02-03 12:00:00,57.39476531744003
2025-02-03 12:30:00,48.87877881526947
2025-02-03 13:00:00,42.71006569266319
2025-02-03 13:30:00,49.75915610790253
2025-02-03 14:00:00,47.10152044892311
2025-02-03 14:30:00,52.681964337825775
2025-02-03 15:00:00,51.14103555679321
2025-02-03 15:30:00,61.98362708091736
2025-02-03 16:00:00,60.552922785282135
2025-02-03 16:30:00,45.59844270348549
2025-02-03 17:00:00,45.94993397593498
2025-02-03 17:30:00,77.42777168750763
2025-02-03 18:00:00,65.07249653339386
2025-02-03 18:30:00,58.53441536426544
2025-02-03 19:00:00,56.16925001144409
2025-02-03 19:30:00,47.25164279341698
2025-02-03 20:00:00,44.04195502400398
2025-02-03 20:30:00,43.66438701748848
2025-02-03 21:00:00,81.04528903961182
2025-02-03 21:30:00,47.97395616769791
2025-02-03 22:00:00,67.08501040935516
2025-02-03 22:30:00,42.73797646164894
2025-02-03 23:00:00,64.20675098896027
2025-02-03 23:30:00,78.61029863357544
2025-02-04 00:00:00,53.442111015319824
2025-02-04 00:30:00,63.98943305015564
2025-02-04 01:00:00,60.64331740140915
2025-02-04 01:30:00,47.65741288661957
2025-02-04 02:00:00,44.22111541032791
2025-02-04 02:30:00,72.14214384555817
2025-02-04 03:00:00,53.07351052761078
2025-02-04 03:30:00,84.99990403652191
2025-02-04 04:00:00,57.77611792087555
2025-02-04 04:30:00,79.93002355098724
2025-02-04 05:00:00,66.1501693725586
2025-02-04 05:30:00,53.097758293151855
2025-02-04 06:00:00,60.267669558525085
2025-02-04 06:30:00,50.792356133461
2025-02-04 07:00:00,37.36965239048004
2025-02-04 07:30:00,46.57954499125481
2025-02-04 08:00:00,62.433624267578125
2025-02-04 08:30:00,74.75161075592041
2025-02-04 09:00:00,30.462413430213928
2025-02-04 09:30:00,52.635855078697205
2025-02-04 10:00:00,40.971869230270386
2025-02-04 10:30:00,69.87996816635132
2025-02-04 11:00:00,35.48376798629761
2025-02-04 11:30:00,63.13346564769745
2025-02-04 12:00:00,55.78728437423706
2025-02-04 12:30:00,56.837396025657654
2025-02-04 13:00:00,54.467549324035645
2025-02-04 13:30:00,44.55605983734131
2025-02-04 14:00:00,64.14051294326782
2025-02-04 14:30:00,57.17621624469757
2025-02-04 15:00:00,43.288027346134186
2025-02-04 15:30:00,54.95603084564209
2025-02-04 16:00:00,44.30494397878647
2025-02-04 16:30:00,53.71425747871399
2025-02-04 17:00:00,45.14188960194588
2025-02-04 17:30:00,57.51659691333771
2025-02-04 18:00:00,68.716561794281
2025-02-04 18:30:00,65.80194592475891
2025-02-04 19:00:00,47.1869170665741
2025-02-04 19:30:00,52.05969452857971
2025-02-04 20:00:00,43.287862688302994
2025-02-04 20:30:00,64.6231883764267
2025-02-04 21:00:00,41.412111073732376
2025-02-04 21:30:00,45.66523551940918
2025-02-04 22:00:00,62.97517120838165
2025-02-04 22:30:00,76.03678286075592
2025-02-04 23:00:00,67.81827986240387
2025-02-04 23:30:00,58.7205496430397
2025-02-05 00:00:00,44.36658933758736
2025-02-05 00:30:00,53.999850153923035
2025-02-05 01:00:00,57.727288007736206
2025-02-05 01:30:00,60.690521001815796
2025-02-05 02:00:00,55.813786685466766
2025-02-05 02:30:00,38.35331320762634
2025-02-05 03:00:00,37.11881011724472
2025-02-05 03:30:00,42.511012107133865
2025-02-05 04:00:00,78.19338500499725
2025-02-05 04:30:00,54.07569408416748
2025-02-05 05:00:00,49.98192548751831
2025-02-05 05:30:00,28.550021648406982
2025-02-05 06:00:00,58.88427019119263
2025-02-05 06:30:00,50.11624068021774
2025-02-05 07:00:00,58.65039527416229
2025-02-05 07:30:00,63.45265865325928
2025-02-05 08:00:00,55.36326766014099
2025-02-05 08:30:00,59.282306432724
2025-02-05 09:00:00,43.861484974622726
2025-02-05 09:30:00,32.38568276166916
2025-02-05 10:00:00,52.572535276412964
2025-02-05 10:30:00,50.20750164985657
2025-02-05 11:00:00,57.480210065841675
2025-02-05 11:30:00,68.5387921333313
2025-02-05 12:00:00,40.39786443114281
2025-02-05 12:30:00,36.089131236076355
2025-02-05 13:00:00,52.81079262495041
2025-02-05 13:30:00,39.71831649541855
2025-02-05 14:00:00,52.10202932357788
2025-02-05 14:30:00,40.953533947467804
2025-02-05 15:00:00,53.91164422035217
2025-02-05 15:30:00,37.3140512406826
2025-02-05 16:00:00,40.00573813915253
2025-02-05 16:30:00,57.02458918094635
2025-02-05 17:00:00,54.09701347351074
2025-02-05 17:30:00,26.746430695056915
2025-02-05 18:00:00,52.31358677148819
2025-02-05 18:30:00,61.152003705501556
2025-02-05 19:00:00,56.79672300815582
2025-02-05 19:30:00,60.01224219799042
2025-02-05 20:00:00,44.165894240140915
2025-02-05 20:30:00,50.03727078437805
2025-02-05 21:00:00,52.833049297332764
2025-02-05 21:30:00,62.51944899559021
2025-02-05 22:00:00,65.88954389095306
2025-02-05 22:30:00,50.354376435279846
2025-02-05 23:00:00,35.519207417964935
2025-02-05 23:30:00,46.32112845778465
2025-02-06 00:00:00,48.522509932518005
2025-02-06 00:30:00,52.890993654727936
2025-02-06 01:00:00,55.1193967461586
2025-02-06 01:30:00,67.64504969120026
2025-02-06 02:00:00,50.173232555389404
2025-02-06 02:30:00,45.731595158576965
2025-02-06 03:00:00,42.83751592040062
2025-02-06 03:30:00,62.13815212249756
2025-02-06 04:00:00,61.401128470897675
2025-02-06 04:30:00,42.16566637158394
2025-02-06 05:00:00,56.27053737640381
2025-02-06 05:30:00,39.059669971466064
2025-02-06 06:00:00,26.222403347492218
2025-02-06 06:30:00,50.191360116004944
2025-02-06 07:00:00,61.61924183368683
2025-02-06 07:30:00,78.33263993263245
2025-02-06 08:00:00,49.59875404834747
2025-02-06 08:30:00,43.63179489970207
2025-02-06 09:00:00,55.42340576648712
2025-02-06 09:30:00,38.71155798435211
2025-02-06 10:00:00,56.99727118015289
2025-02-06 10:30:00,58.8055282831192
2025-02-06 11:00:00,36.49981066584587
2025-02-06 11:30:00,52.028252482414246
2025-02-06 12:00:00,62.98752307891846
2025-02-06 12:30:00,76.02128982543945
2025-02-06 13:00:00,61.49324059486389
2025-02-06 13:30:00,53.22602927684784
2025-02-06 14:00:00,30.061486810445786
2025-02-06 14:30:00,31.006739288568497
2025-02-06 15:00:00,40.887625217437744
2025-02-06 15:30:00,57.59871304035187
2025-02-06 16:00:00,37.239114195108414
2025-02-06 16:30:00,63.47135365009308
2025-02-06 17:00:00,42.09303453564644
2025-02-06 17:30:00,46.02062284946442
2025-02-06 18:00:00,56.47171378135681
2025-02-06 18:30:00,47.745375633239746
2025-02-06 19:00:00,64.18021321296692
2025-02-06 19:30:00,42.99497440457344
2025-02-06 20:00:00,49.18293476104736
2025-02-06 20:30:00,56.21223330497742
2025-02-06 21:00:00,44.00559350848198
2025-02-06 21:30:00,57.286086082458496
2025-02-06 22:00:00,62.53529667854309
2025-02-06 22:30:00,53.084585666656494
2025-02-06 23:00:00,58.612640500068665
2025-02-06 23:30:00,70.9764575958252
2025-02-07 00:00:00,92.82790958881378
2025-02-07 00:30:00,44.90709260106087
2025-02-07 01:00:00,58.14973920583725
2025-02-07 01:30:00,64.4980788230896
2025-02-07 02:00:00,42.42407023906708
2025-02-07 02:30:00,65.50762891769409
2025-02-07 03:00:00,58.764875531196594
2025-02-07 03:30:00,62.83752739429474
2025-02-07 04:00:00,64.57814812660217
2025-02-07 04:30:00,31.05245590209961
2025-02-07 05:00:00,33.7201052904129
2025-02-07 05:30:00,54.47661817073822
2025-02-07 06:00:00,47.45958283543587
2025-02-07 06:30:00,45.22742807865143
2025-02-07 07:00:00,44.958534240722656
2025-02-07 07:30:00,45.293891578912735
2025-02-07 08:00:00,55.67920297384262
2025-02-07 08:30:00,46.639399379491806
2025-02-07 09:00:00,82.17350423336029
2025-02-07 09:30:00,33.42229753732681
2025-02-07 10:00:00,58.64814579486847
2025-02-07 10:30:00,36.37046054005623
2025-02-07 11:00:00,64.82506394386292
2025-02-07 11:30:00,50.95669478178024
2025-02-07 12:00:00,64.65458989143372
2025-02-07 12:30:00,51.04177474975586
2025-02-07 13:00:00,61.44632577896118
2025-02-07 13:30:00,45.706083327531815
2025-02-07 14:00:00,41.664427667856216
2025-02-07 14:30:00,52.41470694541931
2025-02-07 15:00:00,35.22295504808426
2025-02-07 15:30:00,63.706961274147034
2025-02-07 16:00:00,36.091960817575455
2025-02-07 16:30:00,45.04240080714226
2025-02-07 17:00:00,54.871320724487305
2025-02-07 17:30:00,53.095083236694336
2025-02-07 18:00:00,51.795188188552856
2025-02-07 18:30:00,57.35008478164673
2025-02-07 19:00:00,36.4904049038887
2025-02-07 19:30:00,53.67197334766388
2025-02-07 20:00:00,59.015692472457886
2025-02-07 20:30:00,43.61631453037262
2025-02-07 21:00:00,57.58972525596619
2025-02-07 21:30:00,44.84543204307556
2025-02-07 22:00:00,55.98748296499252
2025-02-07 22:30:00,31.816518902778625
2025-02-07 23:00:00,56.7031466960907
2025-02-07 23:30:00,56.059147119522095
2025-02-08 00:00:00,61.576096415519714
2025-02-08 00:30:00,31.080032289028168
2025-02-08 01:00:00,48.837082386016846
2025-02-08 01:30:00,30.623443722724915
2025-02-08 02:00:00,43.51364657282829
2025-02-08 02:30:00,28.599690049886703
2025-02-08 03:00:00,43.01394298672676
2025-02-08 03:30:00,75.55709660053253
2025-02-08 04:00:00,65.6403785943985
2025-02-08 04:30:00,56.22997581958771
2025-02-08 05:00:00,44.29081633687019
2025-02-08 05:30:00,52.7806830406189
2025-02-08 06:00:00,62.03044056892395
2025-02-08 06:30:00,32.991352528333664
2025-02-08 07:00:00,60.6006583571434
2025-02-08 07:30:00,46.46378040313721
2025-02-08 08:00:00,35.00412479043007
2025-02-08 08:30:00,37.177185118198395
2025-02-08 09:00:00,36.664217710494995
2025-02-08 09:30:00,52.957236766815186
2025-02-08 10:00:00,50.560558438301086
2025-02-08 10:30:00,58.48831117153168
2025-02-08 11:00:00,49.24588978290558
2025-02-08 11:30:00,45.59653267264366
2025-02-08 12:00:00,56.10045850276947
2025-02-08 12:30:00,52.89155602455139
2025-02-08 13:00:00,35.59391140937805
2025-02-08 13:30:00,36.936341375112534
2025-02-08 14:00:00,65.58392882347107
2025-02-08 14:30:00,52.6609742641449
2025-02-08 15:00:00,47.79505670070648
2025-02-08 15:30:00,53.176854848861694
2025-02-08 16:00:00,47.391672879457474
2025-02-08 16:30:00,63.34588944911957
2025-02-08 17:00:00,52.58884906768799
2025-02-08 17:30:00,47.55924642086029
2025-02-08 18:00:00,59.23739790916443
2025-02-08 18:30:00,53.96151781082153
2025-02-08 19:00:00,71.51998043060303
2025-02-08 19:30:00,69.71331417560577
2025-02-08 20:00:00,49.05278414487839
2025-02-08 20:30:00,42.36679717898369
2025-02-08 21:00:00,25.872158408164978
2025-02-08 21:30:00,57.22113490104675
2025-02-08 22:00:00,42.98726588487625
2025-02-08 22:30:00,46.54524549841881
2025-02-08 23:00:00,65.79016149044037
2025-02-08 23:30:00,79.61661636829376
2025-02-09 00:00:00,39.766695499420166
2025-02-09 00:30:00,28.303592205047607
2025-02-09 01:00:00,80.91674447059631
2025-02-09 01:30:00,51.15820050239563
2025-02-09 02:00:00,44.52745243906975
2025-02-09 02:30:00,45.11637017130852
2025-02-09 03:00:00,45.15732184052467
2025-02-09 03:30:00,35.006452798843384
2025-02-09 04:00:00,71.97365581989288
2025-02-09 04:30:00,49.48229789733887
2025-02-09 05:00:00,62.651742696762085
2025-02-09 05:30:00,67.07906246185303
2025-02-09 06:00:00,65.39963364601135
2025-02-09 06:30:00,69.31668639183044
2025-02-09 07:00:00,40.6842702627182
2025-02-09 07:30:00,47.951608300209045
2025-02-09 08:00:00,56.43263667821884
2025-02-09 08:30:00,43.12346577644348
2025-02-09 09:00:00,78.61466586589813
2025-02-09 09:30:00,51.06223285198212
2025-02-09 10:00:00,72.17680811882019
2025-02-09 10:30:00,52.0863538980484
2025-02-09 11:00:00,51.390910148620605
2025-02-09 11:30:00,52.29647755622864
2025-02-09 12:00:00,64.03113961219788
2025-02-09 12:30:00,73.73274862766266
2025-02-09 13:00:00,76.49233281612396
2025-02-09 13:30:00,44.23956722021103
2025-02-09 14:00:00,57.31647938489914
2025-02-09 14:30:00,71.92379236221313
2025-02-09 15:00:00,58.995051980018616
2025-02-09 15:30:00,61.711825132369995
2025-02-09 16:00:00,51.28293514251709
2025-02-09 16:30:00,43.55834737420082
2025-02-09 17:00:00,39.65269148349762
2025-02-09 17:30:00,54.91264224052429
2025-02-09 18:00:00,41.85057207942009
2025-02-09 18:30:00,34.50320526957512
2025-02-09 19:00:00,37.696368992328644
2025-02-09 19:30:00,62.17306971549988
2025-02-09 20:00:00,40.305884033441544
2025-02-09 20:30:00,40.640283823013306
2025-02-09 21:00:00,30.130225121974945
2025-02-09 21:30:00,23.074725717306137
2025-02-09 22:00:00,60.870702266693115
2025-02-09 22:30:00,64.92402076721191
2025-02-09 23:00:00,80.43406903743744
2025-02-09 23:30:00,30.90064898133278
2025-02-10 00:00:00,58.88006508350372
2025-02-10 00:30:00,50.578736662864685
2025-02-10 01:00:00,47.64052152633667
2025-02-10 01:30:00,50.59515178203583
2025-02-10 02:00:00,48.108311891555786
2025-02-10 02:30:00,47.26097762584686
2025-02-10 03:00:00,51.64083540439606
2025-02-10 03:30:00,58.45523774623871
2025-02-10 04:00:00,78.6779248714447
2025-02-10 04:30:00,68.75933229923248
2025-02-10 05:00:00,60.444952845573425
2025-02-10 05:30:00,41.48221731185913
2025-02-10 06:00:00,49.024741649627686
2025-02-10 06:30:00,53.19748014211655
2025-02-10 07:00:00,21.906929314136505
2025-02-10 07:30:00,37.3638691008091
2025-02-10 08:00:00,56.07593208551407
2025-02-10 08:30:00,26.188787817955017
2025-02-10 09:00:00,81.85727000236511
2025-02-10 09:30:00,84.87355828285217
2025-02-10 10:00:00,53.967273235321045
2025-02-10 10:30:00,70.0210976600647
2025-02-10 11:00:00,53.49592626094818
2025-02-10 11:30:00,43.95049646496773
2025-02-10 12:00:00,64.01192784309387
2025-02-10 12:30:00,53.32841604948044
2025-02-10 13:00:00,40.632377713918686
2025-02-10 13:30:00,58.01779001951218
2025-02-10 14:00:00,59.6566116809845
2025-02-10 14:30:00,52.144333720207214
2025-02-10 15:00:00,61.685601472854614
2025-02-10 15:30:00,73.5591334104538
2025-02-10 16:00:00,68.40114831924438
2025-02-10 16:30:00,58.97918403148651
2025-02-10 17:00:00,32.582479268312454
2025-02-10 17:30:00,94.74273324012756
2025-02-10 18:00:00,51.09581798315048
2025-02-10 18:30:00,56.834943890571594
2025-02-10 19:00:00,55.189485251903534
2025-02-10 19:30:00,28.282282948493958
2025-02-10 20:00:00,77.03965544700623
2025-02-10 20:30:00,61.72341704368591
2025-02-10 21:00:00,43.87366712093353
2025-02-10 21:30:00,70.565887093544
2025-02-10 22:00:00,50.12950956821442
2025-02-10 22:30:00,46.81437239050865
2025-02-10 23:00:00,48.99052321910858
2025-02-10 23:30:00,26.421986371278763
2025-02-11 00:00:00,43.706169575452805
2025-02-11 00:30:00,46.89401865005493
2025-02-11 01:00:00,59.96358960866928
2025-02-11 01:30:00,49.71298098564148
2025-02-11 02:00:00,55.97969591617584
2025-02-11 02:30:00,70.53324937820435
2025-02-11 03:00:00,49.639573991298676
2025-02-11 03:30:00,57.64836370944977
2025-02-11 04:00:00,29.888097047805786
2025-02-11 04:30:00,48.01209598779678
2025-02-11 05:00:00,44.57662686705589
2025-02-11 05:30:00,56.25180184841156
2025-02-11 06:00:00,38.17086726427078
2025-02-11 06:30:00,33.64287316799164
2025-02-11 07:00:00,64.3508392572403
2025-02-11 07:30:00,68.23004603385925
2025-02-11 08:00:00,61.77883833646774
2025-02-11 08:30:00,55.374596118927
2025-02-11 09:00:00,55.58979630470276
2025-02-11 09:30:00,63.79685938358307
2025-02-11 10:00:00,56.07528865337372
2025-02-11 10:30:00,58.62214505672455
2025-02-11 11:00:00,35.074129700660706
2025-02-11 11:30:00,31.869394332170486
2025-02-11 12:00:00,49.34508979320526
2025-02-11 12:30:00,31.542842388153076
2025-02-11 13:00:00,35.61629980802536
2025-02-11 13:30:00,42.66480252146721
2025-02-11 14:00:00,23.114056140184402
2025-02-11 14:30:00,33.66870164871216
2025-02-11 15:00:00,70.99505126476288
2025-02-11 15:30:00,63.93141269683838
2025-02-11 16:00:00,69.37361240386963
2025-02-11 16:30:00,49.32186543941498
2025-02-11 17:00:00,50.9953311085701
2025-02-11 17:30:00,32.592067420482635
2025-02-11 18:00:00,28.452369421720505
2025-02-11 18:30:00,26.714335083961487
2025-02-11 19:00:00,44.274122565984726
2025-02-11 19:30:00,50.341674983501434
2025-02-11 20:00:00,50.24019002914429
2025-02-11 20:30:00,43.334212601184845
2025-02-11 21:00:00,48.55567455291748
2025-02-11 21:30:00,54.22233581542969
2025-02-11 22:00:00,64.38953638076782
2025-02-11 22:30:00,53.49864184856415
2025-02-11 23:00:00,34.92767795920372
2025-02-11 23:30:00,55.80278754234314
2025-02-12 00:00:00,50.60856759548187
2025-02-12 00:30:00,78.66361737251282
2025-02-12 01:00:00,58.38809788227081
2025-02-12 01:30:00,43.39285105466843
2025-02-12 02:00:00,44.06725153326988
2025-02-12 02:30:00,34.59161639213562
2025-02-12 03:00:00,30.698221176862717
2025-02-12 03:30:00,77.05141961574554
2025-02-12 04:00:00,63.60798418521881
2025-02-12 04:30:00,60.6213241815567
2025-02-12 05:00:00,37.63832330703735
2025-02-12 05:30:00,41.15727648139
2025-02-12 06:00:00,30.12819603085518
2025-02-12 06:30:00,50.28688192367554
2025-02-12 07:00:00,63.79992961883545
2025-02-12 07:30:00,39.3010076880455
2025-02-12 08:00:00,79.50849950313568
2025-02-12 08:30:00,51.00823014974594
2025-02-12 09:00:00,39.33519318699837
2025-02-12 09:30:00,75.99608957767487
2025-02-12 10:00:00,47.197077721357346
2025-02-12 10:30:00,36.47801250219345
2025-02-12 11:00:00,43.19616600871086
2025-02-12 11:30:00,45.83586409687996
2025-02-12 12:00:00,33.08191180229187
2025-02-12 12:30:00,52.866254448890686
2025-02-12 13:00:00,51.87436580657959
2025-02-12 13:30:00,80.85471153259277
2025-02-12 14:00:00,55.952352583408356
2025-02-12 14:30:00,33.91457885503769
2025-02-12 15:00:00,33.56779932975769
2025-02-12 15:30:00,65.05502760410309
2025-02-12 16:00:00,68.97105693817139
2025-02-12 16:30:00,66.85341536998749
2025-02-12 17:00:00,88.29630315303802
2025-02-12 17:30:00,62.61931777000427
2025-02-12 18:00:00,54.43875193595886
2025-02-12 18:30:00,73.84877920150757
2025-02-12 19:00:00,54.36891168355942
2025-02-12 19:30:00,57.73129045963287
2025-02-12 20:00:00,35.697597712278366
2025-02-12 20:30:00,53.445003926754
2025-02-12 21:00:00,45.988352447748184
2025-02-12 21:30:00,56.11980199813843
2025-02-12 22:00:00,64.74386990070343
2025-02-12 22:30:00,52.38325476646423
2025-02-12 23:00:00,34.65396344661713
2025-02-12 23:30:00,84.91086721420288
2025-02-13 00:00:00,36.40004575252533
2025-02-13 00:30:00,34.82215255498886
2025-02-13 01:00:00,37.47190237045288
2025-02-13 01:30:00,81.60098135471344
2025-02-13 02:00:00,59.37920123338699
2025-02-13 02:30:00,71.67918682098389
2025-02-13 03:00:00,59.644948840141296
2025-02-13 03:30:00,44.27917629480362
2025-02-13 04:00:00,63.47363352775574
2025-02-13 04:30:00,26.503322273492813
2025-02-13 05:00:00,41.74308344721794
2025-02-13 05:30:00,44.43575069308281
2025-02-13 06:00:00,48.0973482131958
2025-02-13 06:30:00,69.93544518947601
2025-02-13 07:00:00,56.022446155548096
2025-02-13 07:30:00,58.299689292907715
2025-02-13 08:00:00,36.01243615150452
2025-02-13 08:30:00,49.79880064725876
2025-02-13 09:00:00,35.08712247014046
2025-02-13 09:30:00,38.145760744810104
2025-02-13 10:00:00,44.93990257382393
2025-02-13 10:30:00,50.375376641750336
2025-02-13 11:00:00,89.9742728471756
2025-02-13 11:30:00,48.108028173446655
2025-02-13 12:00:00,72.56205677986145
2025-02-13 12:30:00,45.32894849777222
2025-02-13 13:00:00,34.09849405288696
2025-02-13 13:30:00,43.65807682275772
2025-02-13 14:00:00,47.852109372615814
2025-02-13 14:30:00,72.61386573314667
2025-02-13 15:00:00,45.759901106357574
2025-02-13 15:30:00,44.902289658784866
2025-02-13 16:00:00,45.82157179713249
2025-02-13 16:30:00,42.94301599264145
2025-02-13 17:00:00,44.73593458533287
2025-02-13 17:30:00,50.97894638776779
2025-02-13 18:00:00,76.21439039707184
2025-02-13 18:30:00,57.12037444114685
2025-02-13 19:00:00,51.69239103794098
2025-02-13 19:30:00,69.68235850334167
2025-02-13 20:00:00,47.334313690662384
2025-02-13 20:30:00,81.94957971572876
2025-02-13 21:00:00,56.54723346233368
2025-02-13 21:30:00,46.196061968803406
2025-02-13 22:00:00,60.79942315816879
2025-02-13 22:30:00,50.24574279785156
2025-02-13 23:00:00,43.62772151827812
2025-02-13 23:30:00,44.12387862801552
2025-02-14 00:00:00,49.212066531181335
2025-02-14 00:30:00,52.72241950035095
2025-02-14 01:00:00,67.89380967617035
2025-02-14 01:30:00,24.066214114427567
2025-02-14 02:00:00,55.34749090671539
2025-02-14 02:30:00,73.68142604827881
2025-02-14 03:00:00,64.93332266807556
2025-02-14 03:30:00,52.324970960617065
2025-02-14 04:00:00,33.644899725914
2025-02-14 04:30:00,43.838159292936325
2025-02-14 05:00:00,29.314079582691193
2025-02-14 05:30:00,46.42654746770859
2025-02-14 06:00:00,36.469939202070236
2025-02-14 06:30:00,65.60113430023193
2025-02-14 07:00:00,73.17095637321472
2025-02-14 07:30:00,56.832826137542725
2025-02-14 08:00:00,36.165621131658554
2025-02-14 08:30:00,60.28413534164429
2025-02-14 09:00:00,58.37977886199951
2025-02-14 09:30:00,45.30787482857704
2025-02-14 10:00:00,55.967992544174194
2025-02-14 10:30:00,46.027936190366745
2025-02-14 11:00:00,42.92808786034584
2025-02-14 11:30:00,52.42569088935852
2025-02-14 12:00:00,67.98575460910797
2025-02-14 12:30:00,61.60286724567413
2025-02-14 13:00:00,48.90142560005188
2025-02-14 13:30:00,42.808194160461426
2025-02-14 14:00:00,38.78796175122261
2025-02-14 14:30:00,67.06661939620972
2025-02-14 15:00:00,28.119894862174988
2025-02-14 15:30:00,53.84680449962616
2025-02-14 16:00:00,54.61239755153656
2025-02-14 16:30:00,44.17615622282028
2025-02-14 17:00:00,48.24470430612564
2025-02-14 17:30:00,77.69571304321289
2025-02-14 18:00:00,49.82615411281586
2025-02-14 18:30:00,51.429343819618225
2025-02-14 19:00:00,60.2715402841568
2025-02-14 19:30:00,51.36911451816559
2025-02-14 20:00:00,64.5548528432846
2025-02-14 20:30:00,39.94689956307411
2025-02-14 21:00:00,49.229575991630554
2025-02-14 21:30:00,64.23981428146362
2025-02-14 22:00:00,64.20410633087158
2025-02-14 22:30:00,49.93238627910614
2025-02-14 23:00:00,30.099317580461502
2025-02-14 23:30:00,66.38099431991577
2025-02-15 00:00:00,48.14781457185745
2025-02-15 00:30:00,66.89420998096466
2025-02-15 01:00:00,46.000050753355026
2025-02-15 01:30:00,59.12350535392761
2025-02-15 02:00:00,43.96139174699783
2025-02-15 02:30:00,59.3212366104126
2025-02-15 03:00:00,53.381501734256744
2025-02-15 03:30:00,63.29809308052063
2025-02-15 04:00:00,45.05631312727928
2025-02-15 04:30:00,52.71673500537872
2025-02-15 05:00:00,54.55835431814194
2025-02-15 05:30:00,49.27944451570511
2025-02-15 06:00:00,67.6133543252945
2025-02-15 06:30:00,47.37700566649437
2025-02-15 07:00:00,53.785916566848755
2025-02-15 07:30:00,38.47942590713501
2025-02-15 08:00:00,57.108159363269806
2025-02-15 08:30:00,37.04462543129921
2025-02-15 09:00:00,41.49966850876808
2025-02-15 09:30:00,50.4969447851181
2025-02-15 10:00:00,58.415496945381165
2025-02-15 10:30:00,56.55907869338989
2025-02-15 11:00:00,45.47989413142204
2025-02-15 11:30:00,54.03788357973099
2025-02-15 12:00:00,40.93352675437927
2025-02-15 12:30:00,30.461415350437164
2025-02-15 13:00:00,47.78415888547897
2025-02-15 13:30:00,40.45681446790695
2025-02-15 14:00:00,53.937295377254486
2025-02-15 14:30:00,56.15497291088104
2025-02-15 15:00:00,48.24470937252045
2025-02-15 15:30:00,56.84804558753967
2025-02-15 16:00:00,58.904530704021454
2025-02-15 16:30:00,54.564449191093445
2025-02-15 17:00:00,56.642962992191315
2025-02-15 17:30:00,44.163381308317184
2025-02-15 18:00:00,35.07236659526825
2025-02-15 18:30:00,32.33522146940231
2025-02-15 19:00:00,40.958174765110016
2025-02-15 19:30:00,55.18853783607483
2025-02-15 20:00:00,61.268789172172546
2025-02-15 20:30:00,59.606282114982605
2025-02-15 21:00:00,48.51534605026245
2025-02-15 21:30:00,26.51181861758232
2025-02-15 22:00:00,19.475622177124023
2025-02-15 22:30:00,46.00024834275246
2025-02-15 23:00:00,43.949576914310455
2025-02-15 23:30:00,32.6612389087677
2025-02-16 00:00:00,38.828054666519165
2025-02-16 00:30:00,31.301451474428177
2025-02-16 01:00:00,45.41724815964699
2025-02-16 01:30:00,39.71554771065712
2025-02-16 02:00:00,47.70261526107788
2025-02-16 02:30:00,55.68606793880463
2025-02-16 03:00:00,59.64166581630707
2025-02-16 03:30:00,48.74282717704773
2025-02-16 04:00:00,60.0903457403183
2025-02-16 04:30:00,52.05649256706238
2025-02-16 05:00:00,32.633269876241684
2025-02-16 05:30:00,56.04948550462723
2025-02-16 06:00:00,67.67669439315796
2025-02-16 06:30:00,40.75533911585808
2025-02-16 07:00:00,43.27392250299454
2025-02-16 07:30:00,50.083152055740356
2025-02-16 08:00:00,51.51957631111145
2025-02-16 08:30:00,60.29638081789017
2025-02-16 09:00:00,58.498514890670776
2025-02-16 09:30:00,59.843308329582214
2025-02-16 10:00:00,60.48487603664398
2025-02-16 10:30:00,55.38460731506348
2025-02-16 11:00:00,53.59261333942413
2025-02-16 11:30:00,49.13660258054733
2025-02-16 12:00:00,32.025505155324936
2025-02-16 12:30:00,47.55548715591431
2025-02-16 13:00:00,39.850199818611145
2025-02-16 13:30:00,49.53620433807373
2025-02-16 14:00:00,43.181736916303635
2025-02-16 14:30:00,52.90861964225769
2025-02-16 15:00:00,53.04310202598572
2025-02-16 15:30:00,45.62492474913597
2025-02-16 16:00:00,51.648526191711426
2025-02-16 16:30:00,48.60399782657623
2025-02-16 17:00:00,64.8404049873352
2025-02-16 17:30:00,57.6770344376564
2025-02-16 18:00:00,57.6469349861145
2025-02-16 18:30:00,65.12361645698547
2025-02-16 19:00:00,62.812732458114624
2025-02-16 19:30:00,39.75560262799263
2025-02-16 20:00:00,55.04004180431366
2025-02-16 20:30:00,31.43662542104721
2025-02-16 21:00:00,49.128501415252686
2025-02-16 21:30:00,41.537205427885056
2025-02-16 22:00:00,52.92637228965759
2025-02-16 22:30:00,58.12841475009918
2025-02-16 23:00:00,71.53463244438171
2025-02-16 23:30:00,46.27125486731529
2025-02-17 00:00:00,40.94497933983803
2025-02-17 00:30:00,48.402568101882935
2025-02-17 01:00:00,60.414098501205444
2025-02-17 01:30:00,65.04318237304688
2025-02-17 02:00:00,68.21425914764404
2025-02-17 02:30:00,38.59349071979523
2025-02-17 03:00:00,56.73391491174698
2025-02-17 03:30:00,57.890790700912476
2025-02-17 04:00:00,62.234859466552734
2025-02-17 04:30:00,58.1705367565155
2025-02-17 05:00:00,45.73171928524971
2025-02-17 05:30:00,81.34732723236084
2025-02-17 06:00:00,56.053128242492676
2025-02-17 06:30:00,46.13759323954582
2025-02-17 07:00:00,38.5992106795311
2025-02-17 07:30:00,37.196437418460846
2025-02-17 08:00:00,58.49303811788559
2025-02-17 08:30:00,39.87724930047989
2025-02-17 09:00:00,55.868118703365326
2025-02-17 09:30:00,41.526117622852325
2025-02-17 10:00:00,32.6310558617115
2025-02-17 10:30:00,45.94412788748741
2025-02-17 11:00:00,46.752711832523346
2025-02-17 11:30:00,38.41582238674164
2025-02-17 12:00:00,39.70067277550697
2025-02-17 12:30:00,46.75091579556465
2025-02-17 13:00:00,48.45607936382294
2025-02-17 13:30:00,50.10578364133835
2025-02-17 14:00:00,45.22404119372368
2025-02-17 14:30:00,40.64629763364792
2025-02-17 15:00:00,58.98291289806366
2025-02-17 15:30:00,46.54716059565544
2025-02-17 16:00:00,48.534780740737915
2025-02-17 16:30:00,53.48792642354965
2025-02-17 17:00:00,69.88502442836761
2025-02-17 17:30:00,65.87027132511139
2025-02-17 18:00:00,55.458678007125854
2025-02-17 18:30:00,36.51526317000389
2025-02-17 19:00:00,39.16126638650894
2025-02-17 19:30:00,51.986515522003174
2025-02-17 20:00:00,47.95666456222534
2025-02-17 20:30:00,53.40112894773483
2025-02-17 21:00:00,58.62451612949371
2025-02-17 21:30:00,46.219248324632645
2025-02-17 22:00:00,33.13007041811943
2025-02-17 22:30:00,57.50946342945099
2025-02-17 23:00:00,37.82571151852608
2025-02-17 23:30:00,62.657548785209656
2025-02-18 00:00:00,63.90112578868866
2025-02-18 00:30:00,33.0015030503273
2025-02-18 01:00:00,58.12222361564636
2025-02-18 01:30:00,47.59929120540619
2025-02-18 02:00:00,50.979052782058716
2025-02-18 02:30:00,55.92239499092102
2025-02-18 03:00:00,51.22824847698212
2025-02-18 03:30:00,38.07196110486984
2025-02-18 04:00:00,36.401575803756714
2025-02-18 04:30:00,41.13162785768509
2025-02-18 05:00:00,33.44654023647308
2025-02-18 05:30:00,54.361894726753235
2025-02-18 06:00:00,52.99730181694031
2025-02-18 06:30:00,40.6619755923748
2025-02-18 07:00:00,58.47513347864151
2025-02-18 07:30:00,45.52158549427986
2025-02-18 08:00:00,50.98994046449661
2025-02-18 08:30:00,51.68769955635071
2025-02-18 09:00:00,62.37213850021362
2025-02-18 09:30:00,51.10096037387848
2025-02-18 10:00:00,49.408196806907654
2025-02-18 10:30:00,40.25608390569687
2025-02-18 11:00:00,46.50606453418732
2025-02-18 11:30:00,50.965495109558105
2025-02-18 12:00:00,53.34295153617859
2025-02-18 12:30:00,41.891077905893326
2025-02-18 13:00:00,48.10716688632965
2025-02-18 13:30:00,51.27560913562775
2025-02-18 14:00:00,40.91967269778252
2025-02-18 14:30:00,46.32795795798302
2025-02-18 15:00:00,69.24588859081268
2025-02-18 15:30:00,48.53638172149658
2025-02-18 16:00:00,52.653101086616516
2025-02-18 16:30:00,51.31351590156555
2025-02-18 17:00:00,51.238391399383545
2025-02-18 17:30:00,56.5740904211998
2025-02-18 18:00:00,60.5778443813324
2025-02-18 18:30:00,55.97533881664276
2025-02-18 19:00:00,49.93901312351227
2025-02-18 19:30:00,51.905747056007385
2025-02-18 20:00:00,46.18571385741234
2025-02-18 20:30:00,53.6772221326828
2025-02-18 21:00:00,63.47254931926727
2025-02-18 21:30:00,68.43510329723358
2025-02-18 22:00:00,33.54807332158089
2025-02-18 22:30:00,55.73452800512314
2025-02-18 23:00:00,54.08675402402878
2025-02-18 23:30:00,57.733306884765625
2025-02-19 00:00:00,63.3604097366333
2025-02-19 00:30:00,45.40293052792549
2025-02-19 01:00:00,60.94307065010071
2025-02-19 01:30:00,42.9622708261013
2025-02-19 02:00:00,60.23910015821457
2025-02-19 02:30:00,40.90258374810219
2025-02-19 03:00:00,45.18945291638374
2025-02-19 03:30:00,30.55970847606659
2025-02-19 04:00:00,58.82266283035278
2025-02-19 04:30:00,64.66744840145111
2025-02-19 05:00:00,45.72588533163071
2025-02-19 05:30:00,48.094283044338226
2025-02-19 06:00:00,60.890278816223145
2025-02-19 06:30:00,49.73506033420563
2025-02-19 07:00:00,54.952595829963684
2025-02-19 07:30:00,61.5592759847641
2025-02-19 08:00:00,44.40661385655403
2025-02-19 08:30:00,35.30264437198639
2025-02-19 09:00:00,37.55846932530403
2025-02-19 09:30:00,48.08903932571411
2025-02-19 10:00:00,40.31452476978302
2025-02-19 10:30:00,40.65037354826927
2025-02-19 11:00:00,32.44143337011337
2025-02-19 11:30:00,28.872322887182236
2025-02-19 12:00:00,72.04233586788177
2025-02-19 12:30:00,48.80871057510376
2025-02-19 13:00:00,35.84715515375137
2025-02-19 13:30:00,64.03191983699799
2025-02-19 14:00:00,59.413916170597076
2025-02-19 14:30:00,39.289519637823105
2025-02-19 15:00:00,36.538264602422714
2025-02-19 15:30:00,28.145102709531784
2025-02-19 16:00:00,49.350470304489136
2025-02-19 16:30:00,30.916863977909088
2025-02-19 17:00:00,69.74743127822876
2025-02-19 17:30:00,62.35601723194122
2025-02-19 18:00:00,47.81507909297943
2025-02-19 18:30:00,37.713083028793335
2025-02-19 19:00:00,55.05220115184784
2025-02-19 19:30:00,63.39655339717865
2025-02-19 20:00:00,48.76582860946655
2025-02-19 20:30:00,70.61740219593048
2025-02-19 21:00:00,86.69552505016327
2025-02-19 21:30:00,63.91606152057648
2025-02-19 22:00:00,36.198464035987854
2025-02-19 22:30:00,36.77560746669769
2025-02-19 23:00:00,62.12475657463074
2025-02-19 23:30:00,64.18305039405823
2025-02-20 00:00:00,45.17313405871391
2025-02-20 00:30:00,39.437612891197205
2025-02-20 01:00:00,36.20136961340904
2025-02-20 01:30:00,59.545475244522095
2025-02-20 02:00:00,55.82449197769165
2025-02-20 02:30:00,74.7204726934433
2025-02-20 03:00:00,55.61931312084198
2025-02-20 03:30:00,64.78722810745239
2025-02-20 04:00:00,62.93448805809021
2025-02-20 04:30:00,46.43843322992325
2025-02-20 05:00:00,60.685434341430664
2025-02-20 05:30:00,48.034033477306366
2025-02-20 06:00:00,31.35046124458313
2025-02-20 06:30:00,54.705578684806824
2025-02-20 07:00:00,51.89604997634888
2025-02-20 07:30:00,67.11448669433594
2025-02-20 08:00:00,48.74092221260071
2025-02-20 08:30:00,37.08953142166138
2025-02-20 09:00:00,69.99009132385254
2025-02-20 09:30:00,59.34819996356964
2025-02-20 10:00:00,46.34870991110802
2025-02-20 10:30:00,50.05870163440704
2025-02-20 11:00:00,44.43167731165886
2025-02-20 11:30:00,58.67548406124115
2025-02-20 12:00:00,66.48492634296417
2025-02-20 12:30:00,54.000306129455566
2025-02-20 13:00:00,50.238918364048004
2025-02-20 13:30:00,61.58274859189987
2025-02-20 14:00:00,47.73523271083832
2025-02-20 14:30:00,58.27148973941803
2025-02-20 15:00:00,46.22977629303932
2025-02-20 15:30:00,43.67381051182747
2025-02-20 16:00:00,46.62763014435768
2025-02-20 16:30:00,57.299917340278625
2025-02-20 17:00:00,60.03937780857086
2025-02-20 17:30:00,46.30237519741058
2025-02-20 18:00:00,65.2072423696518
2025-02-20 18:30:00,70.86658775806427
2025-02-20 19:00:00,45.474794805049896
2025-02-20 19:30:00,46.246138215065
2025-02-20 20:00:00,24.568803012371063
2025-02-20 20:30:00,48.77925455570221
2025-02-20 21:00:00,47.64792859554291
2025-02-20 21:30:00,55.27942895889282
2025-02-20 22:00:00,48.17410409450531
2025-02-20 22:30:00,52.529025077819824
2025-02-20 23:00:00,30.256312489509583
2025-02-20 23:30:00,51.99180483818054
2025-02-21 00:00:00,53.979184329509735
2025-02-21 00:30:00,52.427950501441956
2025-02-21 01:00:00,49.40337359905243
2025-02-21 01:30:00,34.41204056143761
2025-02-21 02:00:00,42.23107859492302
2025-02-21 02:30:00,43.903647512197495
2025-02-21 03:00:00,57.364574670791626
2025-02-21 03:30:00,41.75800144672394
2025-02-21 04:00:00,40.86153581738472
2025-02-21 04:30:00,49.07121568918228
2025-02-21 05:00:00,49.80659782886505
2025-02-21 05:30:00,89.93706524372101
2025-02-21 06:00:00,44.89527270197868
2025-02-21 06:30:00,65.52374005317688
2025-02-21 07:00:00,43.10143202543259
2025-02-21 07:30:00,76.1376953125
2025-02-21 08:00:00,64.80726063251495
2025-02-21 08:30:00,51.23838126659393
2025-02-21 09:00:00,39.71430644392967
2025-02-21 09:30:00,38.30312803387642
2025-02-21 10:00:00,47.4495767056942
2025-02-21 10:30:00,39.41224545240402
2025-02-21 11:00:00,42.692976742982864
2025-02-21 11:30:00,66.58650755882263
2025-02-21 12:00:00,70.21405637264252
2025-02-21 12:30:00,60.568289160728455
2025-02-21 13:00:00,65.7829874753952
2025-02-21 13:30:00,75.45738995075226
2025-02-21 14:00:00,41.35077476501465
2025-02-21 14:30:00,62.41827309131622
2025-02-21 15:00:00,57.27088689804077
2025-02-21 15:30:00,49.33797150850296
2025-02-21 16:00:00,39.707927852869034
2025-02-21 16:30:00,36.209407448768616
2025-02-21 17:00:00,37.9495595395565
2025-02-21 17:30:00,32.29494363069534
2025-02-21 18:00:00,71.40733420848846
2025-02-21 18:30:00,43.92018422484398
2025-02-21 19:00:00,63.27187955379486
2025-02-21 19:30:00,48.508197367191315
2025-02-21 20:00:00,56.02033853530884
2025-02-21 20:30:00,38.975040912628174
2025-02-21 21:00:00,51.69144868850708
2025-02-21 21:30:00,42.339894622564316
2025-02-21 22:00:00,55.02308964729309
2025-02-21 22:30:00,62.93092131614685
2025-02-21 23:00:00,35.2159608900547
2025-02-21 23:30:00,51.452993750572205
2025-02-22 00:00:00,34.10825952887535
2025-02-22 00:30:00,57.29600101709366
2025-02-22 01:00:00,66.17824733257294
2025-02-22 01:30:00,64.68663990497589
2025-02-22 02:00:00,50.51464170217514
2025-02-22 02:30:00,68.52256953716278
2025-02-22 03:00:00,75.03450810909271
2025-02-22 03:30:00,43.55062112212181
2025-02-22 04:00:00,57.31273531913757
2025-02-22 04:30:00,50.522286891937256
2025-02-22 05:00:00,32.74446964263916
2025-02-22 05:30:00,35.963461846113205
2025-02-22 06:00:00,59.447470903396606
2025-02-22 06:30:00,48.8529908657074
2025-02-22 07:00:00,48.425559401512146
2025-02-22 07:30:00,42.58340835571289
2025-02-22 08:00:00,72.51675307750702
2025-02-22 08:30:00,60.78079402446747
2025-02-22 09:00:00,64.6277379989624
2025-02-22 09:30:00,59.74298357963562
2025-02-22 10:00:00,54.757124185562134
2025-02-22 10:30:00,39.9871039390564
2025-02-22 11:00:00,52.77285039424896
2025-02-22 11:30:00,31.924144327640533
2025-02-22 12:00:00,34.739661514759064
2025-02-22 12:30:00,29.22065019607544
2025-02-22 13:00:00,45.50825580954552
2025-02-22 13:30:00,52.51421093940735
2025-02-22 14:00:00,58.06234389543533
2025-02-22 14:30:00,74.46842968463898
2025-02-22 15:00:00,37.237107902765274
2025-02-22 15:30:00,46.891766637563705
2025-02-22 16:00:00,71.6275805234909
2025-02-22 16:30:00,61.579055190086365
2025-02-22 17:00:00,46.26001253724098
2025-02-22 17:30:00,51.99167311191559
2025-02-22 18:00:00,47.54294276237488
2025-02-22 18:30:00,68.47129762172699
2025-02-22 19:00:00,45.775508135557175
2025-02-22 19:30:00,45.17641708254814
2025-02-22 20:00:00,53.18820357322693
2025-02-22 20:30:00,44.33586925268173
2025-02-22 21:00:00,53.819719552993774
2025-02-22 21:30:00,46.91387131810188
2025-02-22 22:00:00,38.67087736725807
2025-02-22 22:30:00,37.53383904695511
2025-02-22 23:00:00,36.82341903448105
2025-02-22 23:30:00,43.58113095164299
2025-02-23 00:00:00,31.374663412570953
2025-02-23 00:30:00,32.23146170377731
2025-02-23 01:00:00,37.94750764966011
2025-02-23 01:30:00,63.04412484169006
2025-02-23 02:00:00,54.75191593170166
2025-02-23 02:30:00,40.81106185913086
2025-02-23 03:00:00,41.38299956917763
2025-02-23 03:30:00,68.19875597953796
2025-02-23 04:00:00,44.75077658891678
2025-02-23 04:30:00,46.53080627322197
2025-02-23 05:00:00,65.95623791217804
2025-02-23 05:30:00,77.70890593528748
2025-02-23 06:00:00,52.469109892845154
2025-02-23 06:30:00,56.613755226135254
2025-02-23 07:00:00,55.080735087394714
2025-02-23 07:30:00,53.82266819477081
2025-02-23 08:00:00,67.2175270318985
2025-02-23 08:30:00,49.53917324542999
2025-02-23 09:00:00,48.70540678501129
2025-02-23 09:30:00,60.233658850193024
2025-02-23 10:00:00,45.62132254242897
2025-02-23 10:30:00,36.25279352068901
2025-02-23 11:00:00,88.61574947834015
2025-02-23 11:30:00,60.39376199245453
2025-02-23 12:00:00,54.99551832675934
2025-02-23 12:30:00,51.09958231449127
2025-02-23 13:00:00,60.908305048942566
2025-02-23 13:30:00,53.37842643260956
2025-02-23 14:00:00,36.09841287136078
2025-02-23 14:30:00,49.035401344299316
2025-02-23 15:00:00,49.004486203193665
2025-02-23 15:30:00,60.6960991024971
2025-02-23 16:00:00,56.50517225265503
2025-02-23 16:30:00,39.86531287431717
2025-02-23 17:00:00,49.32443916797638
2025-02-23 17:30:00,45.132823288440704
2025-02-23 18:00:00,55.286830961704254
2025-02-23 18:30:00,46.26381739974022
2025-02-23 19:00:00,66.52730166912079
2025-02-23 19:30:00,55.790050625801086
2025-02-23 20:00:00,56.266393065452576
2025-02-23 20:30:00,71.6371762752533
2025-02-23 21:00:00,71.69199466705322
2025-02-23 21:30:00,73.82096469402313
2025-02-23 22:00:00,44.13704112172127
2025-02-23 22:30:00,42.898978888988495
2025-02-23 23:00:00,65.70527911186218
2025-02-23 23:30:00,51.01516604423523
2025-02-24 00:00:00,80.14275133609772
2025-02-24 00:30:00,37.495848685503006
2025-02-24 01:00:00,30.297998785972595
2025-02-24 01:30:00,24.837223142385483
2025-02-24 02:00:00,29.23531487584114
2025-02-24 02:30:00,35.01746714115143
2025-02-24 03:00:00,52.63633131980896
2025-02-24 03:30:00,53.62042784690857
2025-02-24 04:00:00,45.402145236730576
2025-02-24 04:30:00,40.59647724032402
2025-02-24 05:00:00,49.073824882507324
2025-02-24 05:30:00,59.32260453701019
2025-02-24 06:00:00,58.54677736759186
2025-02-24 06:30:00,40.15229120850563
2025-02-24 07:00:00,42.978822737932205
2025-02-24 07:30:00,38.67628574371338
2025-02-24 08:00:00,53.4369432926178
2025-02-24 08:30:00,32.309273928403854
2025-02-24 09:00:00,54.02916431427002
2025-02-24 09:30:00,52.4579131603241
2025-02-24 10:00:00,45.40097996592522
2025-02-24 10:30:00,67.0380449295044
2025-02-24 11:00:00,77.6765114068985
2025-02-24 11:30:00,61.31695032119751
2025-02-24 12:00:00,59.262760281562805
2025-02-24 12:30:00,58.982781171798706
2025-02-24 13:00:00,51.95758640766144
2025-02-24 13:30:00,50.121129751205444
2025-02-24 14:00:00,60.5264812707901
2025-02-24 14:30:00,57.593899965286255
2025-02-24 15:00:00,65.93924522399902
2025-02-24 15:30:00,57.784234285354614
2025-02-24 16:00:00,69.41223859786987
2025-02-24 16:30:00,61.618689596652985
2025-02-24 17:00:00,48.345327973365784
2025-02-24 17:30:00,39.42416414618492
2025-02-24 18:00:00,28.4955857694149
2025-02-24 18:30:00,39.41632390022278
2025-02-24 19:00:00,51.005352437496185
2025-02-24 19:30:00,78.57387125492096
2025-02-24 20:00:00,74.55380856990814
2025-02-24 20:30:00,46.93202927708626
2025-02-24 21:00:00,36.66964128613472
2025-02-24 21:30:00,72.32179820537567
2025-02-24 22:00:00,54.41066384315491
2025-02-24 22:30:00,62.242621183395386
2025-02-24 23:00:00,41.32072851061821
2025-02-24 23:30:00,52.926716804504395
2025-02-25 00:00:00,31.44401729106903
2025-02-25 00:30:00,49.91639167070389
2025-02-25 01:00:00,53.939053416252136
2025-02-25 01:30:00,44.00915011763573
2025-02-25 02:00:00,41.595833748579025
2025-02-25 02:30:00,70.70298373699188
2025-02-25 03:00:00,48.064963817596436
2025-02-25 03:30:00,39.36230093240738
2025-02-25 04:00:00,30.392547845840454
2025-02-25 04:30:00,44.68181535601616
2025-02-25 05:00:00,28.38614910840988
2025-02-25 05:30:00,61.13191545009613
2025-02-25 06:00:00,41.328776478767395
2025-02-25 06:30:00,49.47784960269928
2025-02-25 07:00:00,38.77624064683914
2025-02-25 07:30:00,93.89900624752045
2025-02-25 08:00:00,61.913042068481445
2025-02-25 08:30:00,48.20958912372589
2025-02-25 09:00:00,75.96397876739502
2025-02-25 09:30:00,54.09035623073578
2025-02-25 10:00:00,54.79838490486145
2025-02-25 10:30:00,63.01201403141022
2025-02-25 11:00:00,57.49179691076279
2025-02-25 11:30:00,51.90353810787201
2025-02-25 12:00:00,46.5183961391449
2025-02-25 12:30:00,42.905950248241425
2025-02-25 13:00:00,60.476354360580444
2025-02-25 13:30:00,54.02523785829544
2025-02-25 14:00:00,72.76959657669067
2025-02-25 14:30:00,31.69145494699478
2025-02-25 15:00:00,28.747157603502274
2025-02-25 15:30:00,82.49141037464142
2025-02-25 16:00:00,61.52816832065582
2025-02-25 16:30:00,52.141065895557404
2025-02-25 17:00:00,35.82915171980858
2025-02-25 17:30:00,49.24961864948273
2025-02-25 18:00:00,35.626893639564514
2025-02-25 18:30:00,50.90556979179382
2025-02-25 19:00:00,48.36098313331604
2025-02-25 19:30:00,36.09472453594208
2025-02-25 20:00:00,49.883829951286316
2025-02-25 20:30:00,55.04142999649048
2025-02-25 21:00:00,79.70533907413483
2025-02-25 21:30:00,46.577657759189606
2025-02-25 22:00:00,66.95205807685852
2025-02-25 22:30:00,32.62520670890808
2025-02-25 23:00:00,42.75220289826393
2025-02-25 23:30:00,78.08004975318909
2025-02-26 00:00:00,43.240940272808075
2025-02-26 00:30:00,32.52423852682114
2025-02-26 01:00:00,69.88944232463837
2025-02-26 01:30:00,37.862901389598846
2025-02-26 02:00:00,45.47779157757759
2025-02-26 02:30:00,58.13346087932587
2025-02-26 03:00:00,54.564114809036255
2025-02-26 03:30:00,57.4112868309021
2025-02-26 04:00:00,50.29895007610321
2025-02-26 04:30:00,44.30907055735588
2025-02-26 05:00:00,32.58510112762451
2025-02-26 05:30:00,41.008990705013275
2025-02-26 06:00:00,38.43198165297508
2025-02-26 06:30:00,63.677292466163635
2025-02-26 07:00:00,42.22337260842323
2025-02-26 07:30:00,52.20735967159271
2025-02-26 08:00:00,53.65364819765091
2025-02-26 08:30:00,57.8787225484848
2025-02-26 09:00:00,35.22332489490509
2025-02-26 09:30:00,53.862510323524475
2025-02-26 10:00:00,44.541830867528915
2025-02-26 10:30:00,43.59054937958717
2025-02-26 11:00:00,55.37289381027222
2025-02-26 11:30:00,57.46329843997955
2025-02-26 12:00:00,65.68317949771881
2025-02-26 12:30:00,49.32182490825653
2025-02-26 13:00:00,44.218579679727554
2025-02-26 13:30:00,70.58115720748901
2025-02-26 14:00:00,49.38964366912842
2025-02-26 14:30:00,54.16922986507416
2025-02-26 15:00:00,45.815872102975845
2025-02-26 15:30:00,58.861896991729736
2025-02-26 16:00:00,47.273869067430496
2025-02-26 16:30:00,54.49914336204529
2025-02-26 17:00:00,58.2265305519104
2025-02-26 17:30:00,60.94066917896271
2025-02-26 18:00:00,52.113352715969086
2025-02-26 18:30:00,33.92363250255585
2025-02-26 19:00:00,58.42804133892059
2025-02-26 19:30:00,51.33502781391144
2025-02-26 20:00:00,63.31946313381195
2025-02-26 20:30:00,38.909355103969574
2025-02-26 21:00:00,46.43853962421417
2025-02-26 21:30:00,35.705615282058716
2025-02-26 22:00:00,55.14955699443817
2025-02-26 22:30:00,36.26249060034752
2025-02-26 23:00:00,43.93796220421791
2025-02-26 23:30:00,66.22586131095886
2025-02-27 00:00:00,53.2963103055954
2025-02-27 00:30:00,40.169169902801514
2025-02-27 01:00:00,37.036364674568176
2025-02-27 01:30:00,47.60653614997864
2025-02-27 02:00:00,26.056616976857185
2025-02-27 02:30:00,41.459676921367645
2025-02-27 03:00:00,38.41432273387909
2025-02-27 03:30:00,64.18128728866577
2025-02-27 04:00:00,68.89871895313263
2025-02-27 04:30:00,58.7895792722702
2025-02-27 05:00:00,29.494291245937347
2025-02-27 05:30:00,48.72039318084717
2025-02-27 06:00:00,50.534436106681824
2025-02-27 06:30:00,62.67237812280655
2025-02-27 07:00:00,46.7396405339241
2025-02-27 07:30:00,62.07515150308609
2025-02-27 08:00:00,62.19344675540924
2025-02-27 08:30:00,51.73458397388458
2025-02-27 09:00:00,64.34042274951935
2025-02-27 09:30:00,41.82072088122368
2025-02-27 10:00:00,22.89906620979309
2025-02-27 10:30:00,51.21498465538025
2025-02-27 11:00:00,73.31736505031586
2025-02-27 11:30:00,46.79267302155495
2025-02-27 12:00:00,61.756115555763245
2025-02-27 12:30:00,40.592484921216965
2025-02-27 13:00:00,55.99040627479553
2025-02-27 13:30:00,35.349923968315125
2025-02-27 14:00:00,42.28203892707825
2025-02-27 14:30:00,39.52618360519409
2025-02-27 15:00:00,65.2942019701004
2025-02-27 15:30:00,53.65722507238388
2025-02-27 16:00:00,61.05311781167984
2025-02-27 16:30:00,67.13428616523743
2025-02-27 17:00:00,60.064496994018555
2025-02-27 17:30:00,53.61680030822754
2025-02-27 18:00:00,51.177929043769836
2025-02-27 18:30:00,65.53758144378662
2025-02-27 19:00:00,61.28844678401947
2025-02-27 19:30:00,51.89635396003723
2025-02-27 20:00:00,43.28557267785072
2025-02-27 20:30:00,54.41487908363342
2025-02-27 21:00:00,61.68875277042389
2025-02-27 21:30:00,70.15953183174133
2025-02-27 22:00:00,43.61094668507576
2025-02-27 22:30:00,54.37448978424072
2025-02-27 23:00:00,38.223091661930084
2025-02-27 23:30:00,36.99619323015213
2025-02-28 00:00:00,41.84568554162979
2025-02-28 00:30:00,31.867410838603973
2025-02-28 01:00:00,52.9709666967392
2025-02-28 01:30:00,54.28950607776642
2025-02-28 02:00:00,52.02277570962906
2025-02-28 02:30:00,49.468223452568054
2025-02-28 03:00:00,55.82785606384277
2025-02-28 03:30:00,59.99314695596695
2025-02-28 04:00:00,44.71604898571968
2025-02-28 04:30:00,78.00171315670013
2025-02-28 05:00:00,69.15647685527802
2025-02-28 05:30:00,53.45136225223541
2025-02-28 06:00:00,37.675936222076416
2025-02-28 06:30:00,62.23803102970123
2025-02-28 07:00:00,46.09194755554199
2025-02-28 07:30:00,31.68704718351364
2025-02-28 08:00:00,68.97251605987549
2025-02-28 08:30:00,45.07539823651314
2025-02-28 09:00:00,33.892958015203476
2025-02-28 09:30:00,53.31254303455353
2025-02-28 10:00:00,57.858598828315735
2025-02-28 10:30:00,73.9932930469513
2025-02-28 11:00:00,39.66717630624771
2025-02-28 11:30:00,75.40184199810028
2025-02-28 12:00:00,43.32370489835739
2025-02-28 12:30:00,34.58263620734215
2025-02-28 13:00:00,36.21707037091255
2025-02-28 13:30:00,61.20724260807037
2025-02-28 14:00:00,39.24594357609749
2025-02-28 14:30:00,46.42713516950607
2025-02-28 15:00:00,65.20429372787476
2025-02-28 15:30:00,42.31573551893234
2025-02-28 16:00:00,52.946080565452576
2025-02-28 16:30:00,57.84324258565903
2025-02-28 17:00:00,52.68792748451233
2025-02-28 17:30:00,34.84171137213707
2025-02-28 18:00:00,43.16161572933197
2025-02-28 18:30:00,41.80780664086342
2025-02-28 19:00:00,36.54115244746208
2025-02-28 19:30:00,44.221556186676025
2025-02-28 20:00:00,38.92150431871414
2025-02-28 20:30:00,58.75881612300873
2025-02-28 21:00:00,62.484886050224304
2025-02-28 21:30:00,45.95887616276741
2025-02-28 22:00:00,26.2675803899765
2025-02-28 22:30:00,42.73008048534393
2025-02-28 23:00:00,52.076677083969116
2025-02-28 23:30:00,49.84870970249176
2025-03-01 00:00:00,35.211854577064514
2025-03-01 00:30:00,18.66177424788475
2025-03-01 01:00:00,31.058606505393982
2025-03-01 01:30:00,42.08080172538757
2025-03-01 02:00:00,61.7921781539917
2025-03-01 02:30:00,65.82459270954132
2025-03-01 03:00:00,63.73747110366821
2025-03-01 03:30:00,53.64781677722931
2025-03-01 04:00:00,32.265609204769135
2025-03-01 04:30:00,38.01778867840767
2025-03-01 05:00:00,43.081467896699905
2025-03-01 05:30:00,52.46216893196106
2025-03-01 06:00:00,52.38126873970032
2025-03-01 06:30:00,60.443382263183594
2025-03-01 07:00:00,69.726203083992
2025-03-01 07:30:00,83.54004263877869
2025-03-01 08:00:00,64.77332592010498
2025-03-01 08:30:00,71.56795918941498
2025-03-01 09:00:00,41.25161275267601
2025-03-01 09:30:00,57.80251383781433
2025-03-01 10:00:00,31.657434105873108
2025-03-01 10:30:00,67.92831182479858
2025-03-01 11:00:00,70.85633337497711
2025-03-01 11:30:00,71.59488201141357
2025-03-01 12:00:00,64.26041424274445
2025-03-01 12:30:00,45.88650271296501
2025-03-01 13:00:00,49.12427604198456
2025-03-01 13:30:00,56.13493025302887
2025-03-01 14:00:00,56.389111280441284
2025-03-01 14:30:00,56.23354256153107
2025-03-01 15:00:00,61.79107367992401
2025-03-01 15:30:00,43.57879281044006
2025-03-01 16:00:00,57.8574538230896
2025-03-01 16:30:00,42.75254234671593
2025-03-01 17:00:00,40.14851927757263
2025-03-01 17:30:00,41.218174546957016
2025-03-01 18:00:00,46.72089487314224
2025-03-01 18:30:00,43.669458478689194
2025-03-01 19:00:00,35.76859563589096
2025-03-01 19:30:00,30.162123143672943
2025-03-01 20:00:00,55.962814688682556
2025-03-01 20:30:00,63.69650423526764
2025-03-01 21:00:00,59.2481791973114
2025-03-01 21:30:00,78.36701035499573
2025-03-01 22:00:00,46.321412175893784
2025-03-01 22:30:00,43.56953904032707
2025-03-01 23:00:00,61.94815218448639
2025-03-01 23:30:00,39.287394285202026
2025-03-02 00:00:00,53.772232234478
2025-03-02 00:30:00,48.24768841266632
2025-03-02 01:00:00,55.799747705459595
2025-03-02 01:30:00,41.052647829055786
2025-03-02 02:00:00,37.000340074300766
2025-03-02 02:30:00,27.170781791210175
2025-03-02 03:00:00,53.613932728767395
2025-03-02 03:30:00,67.27293312549591
2025-03-02 04:00:00,68.28615128993988
2025-03-02 04:30:00,48.21700632572174
2025-03-02 05:00:00,47.337700575590134
2025-03-02 05:30:00,62.837233543395996
2025-03-02 06:00:00,54.431517124176025
2025-03-02 06:30:00,46.64255574345589
2025-03-02 07:00:00,65.54688334465027
2025-03-02 07:30:00,39.46783393621445
2025-03-02 08:00:00,42.38331362605095
2025-03-02 08:30:00,61.672489643096924
2025-03-02 09:00:00,33.4739089012146
2025-03-02 09:30:00,44.103595316410065
2025-03-02 10:00:00,73.5480785369873
2025-03-02 10:30:00,54.4083434343338
2025-03-02 11:00:00,47.42532640695572
2025-03-02 11:30:00,58.10473442077637
2025-03-02 12:00:00,47.69018232822418
2025-03-02 12:30:00,30.640013366937637
2025-03-02 13:00:00,35.523144006729126
2025-03-02 13:30:00,39.75434869527817
2025-03-02 14:00:00,73.49642157554626
2025-03-02 14:30:00,40.90682938694954
2025-03-02 15:00:00,45.70012524724007
2025-03-02 15:30:00,65.45500934123993
2025-03-02 16:00:00,49.411155581474304
2025-03-02 16:30:00,49.45184379816055
2025-03-02 17:00:00,46.004002541303635
2025-03-02 17:30:00,57.307359874248505
2025-03-02 18:00:00,37.09198862314224
2025-03-02 18:30:00,45.915224105119705
2025-03-02 19:00:00,34.14233610033989
2025-03-02 19:30:00,49.73396599292755
2025-03-02 20:00:00,48.582749366760254
2025-03-02 20:30:00,52.20649838447571
2025-03-02 21:00:00,44.24673110246658
2025-03-02 21:30:00,49.33493673801422
2025-03-02 22:00:00,27.21574604511261
2025-03-02 22:30:00,45.0597582757473
2025-03-02 23:00:00,48.766000866889954
2025-03-02 23:30:00,51.717469692230225
2025-03-03 00:00:00,57.86023020744324
2025-03-03 00:30:00,60.591827630996704
2025-03-03 01:00:00,62.55686938762665
2025-03-03 01:30:00,23.84195014834404
2025-03-03 02:00:00,65.55941760540009
2025-03-03 02:30:00,68.16318988800049
2025-03-03 03:00:00,35.1133993268013
2025-03-03 03:30:00,30.852969139814377
2025-03-03 04:00:00,35.98233163356781
2025-03-03 04:30:00,45.536414831876755
2025-03-03 05:00:00,30.514090657234192
2025-03-03 05:30:00,44.89550828933716
2025-03-03 06:00:00,29.8172789812088
2025-03-03 06:30:00,57.528102695941925
2025-03-03 07:00:00,49.8344224691391
2025-03-03 07:30:00,44.334311336278915
2025-03-03 08:00:00,36.140033304691315
2025-03-03 08:30:00,73.0018299818039
2025-03-03 09:00:00,67.13506639003754
2025-03-03 09:30:00,51.60538077354431
2025-03-03 10:00:00,41.538097113370895
2025-03-03 10:30:00,61.89930200576782
2025-03-03 11:00:00,67.6660144329071
2025-03-03 11:30:00,53.8173434138298
2025-03-03 12:00:00,70.02951800823212
2025-03-03 12:30:00,47.25436344742775
2025-03-03 13:00:00,43.41493800282478
2025-03-03 13:30:00,61.58543884754181
2025-03-03 14:00:00,61.780332922935486
2025-03-03 14:30:00,51.618365943431854
2025-03-03 15:00:00,59.08211797475815
2025-03-03 15:30:00,55.659646689891815
2025-03-03 16:00:00,40.638920962810516
2025-03-03 16:30:00,52.95838177204132
2025-03-03 17:00:00,32.95452743768692
2025-03-03 17:30:00,39.9825644493103
2025-03-03 18:00:00,21.76702082157135
2025-03-03 18:30:00,44.87239792943001
2025-03-03 19:00:00,58.939422965049744
2025-03-03 19:30:00,62.88323640823364
2025-03-03 20:00:00,37.672891318798065
2025-03-03 20:30:00,40.17630085349083
2025-03-03 21:00:00,64.91550922393799
2025-03-03 21:30:00,81.38556838035583
2025-03-03 22:00:00,60.909075140953064
2025-03-03 22:30:00,43.87292489409447
2025-03-03 23:00:00,45.67543923854828
2025-03-03 23:30:00,66.8175858259201
2025-03-04 00:00:00,23.222114741802216
2025-03-04 00:30:00,56.722611784935
2025-03-04 01:00:00,23.94081324338913
2025-03-04 01:30:00,41.81162670254707
2025-03-04 02:00:00,49.9344128370285
2025-03-04 02:30:00,61.07985317707062
2025-03-04 03:00:00,55.10408103466034
2025-03-04 03:30:00,66.69286131858826
2025-03-04 04:00:00,60.37742793560028
2025-03-04 04:30:00,27.962383180856705
2025-03-04 05:00:00,28.212077915668488
2025-03-04 05:30:00,36.74886703491211
2025-03-04 06:00:00,59.73555624485016
2025-03-04 06:30:00,45.845206528902054
2025-03-04 07:00:00,51.12372875213623
2025-03-04 07:30:00,62.68052488565445
2025-03-04 08:00:00,64.13218379020691
2025-03-04 08:30:00,35.06802216172218
2025-03-04 09:00:00,74.27057683467865
2025-03-04 09:30:00,59.343305826187134
2025-03-04 10:00:00,44.42276045680046
2025-03-04 10:30:00,56.21226370334625
2025-03-04 11:00:00,44.987982660532
2025-03-04 11:30:00,34.3904247879982
2025-03-04 12:00:00,54.664368629455566
2025-03-04 12:30:00,33.968085050582886
2025-03-04 13:00:00,81.88371658325195
2025-03-04 13:30:00,66.56270563602448
2025-03-04 14:00:00,65.28595387935638
2025-03-04 14:30:00,36.004958152770996
2025-03-04 15:00:00,59.26674246788025
2025-03-04 15:30:00,56.76096946001053
2025-03-04 16:00:00,49.656946659088135
2025-03-04 16:30:00,46.811940521001816
2025-03-04 17:00:00,41.68613463640213
2025-03-04 17:30:00,46.55963912606239
2025-03-04 18:00:00,51.85780882835388
2025-03-04 18:30:00,71.98364675045013
2025-03-04 19:00:00,47.654221057891846
2025-03-04 19:30:00,38.45068424940109
2025-03-04 20:00:00,71.2195634841919
2025-03-04 20:30:00,47.60672867298126
2025-03-04 21:00:00,48.59172701835632
2025-03-04 21:30:00,55.30439615249634
2025-03-04 22:00:00,75.10054349899292
2025-03-04 22:30:00,48.5251647233963
2025-03-04 23:00:00,55.63304305076599
2025-03-04 23:30:00,50.70773720741272
2025-03-05 00:00:00,49.40577507019043
2025-03-05 00:30:00,43.02653044462204
2025-03-05 01:00:00,55.68657457828522
2025-03-05 01:30:00,48.284632563591
2025-03-05 02:00:00,46.618860214948654
2025-03-05 02:30:00,64.74535942077637
2025-03-05 03:00:00,51.99731707572937
2025-03-05 03:30:00,41.16584122180939
2025-03-05 04:00:00,68.50546538829803
2025-03-05 04:30:00,36.55914828181267
2025-03-05 05:00:00,54.61606562137604
2025-03-05 05:30:00,44.21580836176872
2025-03-05 06:00:00,66.6076648235321
2025-03-05 06:30:00,53.61793518066406
2025-03-05 07:00:00,41.81905150413513
2025-03-05 07:30:00,34.10784155130386
2025-03-05 08:00:00,47.40501269698143
2025-03-05 08:30:00,36.941238045692444
2025-03-05 09:00:00,40.97534477710724
2025-03-05 09:30:00,50.23706912994385
2025-03-05 10:00:00,55.200084149837494
2025-03-05 10:30:00,49.861294627189636
2025-03-05 11:00:00,62.54194885492325
2025-03-05 11:30:00,53.04835081100464
2025-03-05 12:00:00,71.36967062950134
2025-03-05 12:30:00,43.60811457037926
2025-03-05 13:00:00,52.088491916656494
2025-03-05 13:30:00,31.23611271381378
2025-03-05 14:00:00,49.91580903530121
2025-03-05 14:30:00,56.87169551849365
2025-03-05 15:00:00,59.78499919176102
2025-03-05 15:30:00,61.39733374118805
2025-03-05 16:00:00,81.2174654006958
2025-03-05 16:30:00,51.650856733322144
2025-03-05 17:00:00,50.14886826276779
2025-03-05 17:30:00,32.93429732322693
2025-03-05 18:00:00,55.53631544113159
2025-03-05 18:30:00,53.04490566253662
2025-03-05 19:00:00,66.22339904308319
2025-03-05 19:30:00,47.87769973278046
2025-03-05 20:00:00,58.240453004837036
2025-03-05 20:30:00,68.90747368335724
2025-03-05 21:00:00,41.331580728292465
2025-03-05 21:30:00,28.19069266319275
2025-03-05 22:00:00,25.55234983563423
2025-03-05 22:30:00,25.05716547369957
2025-03-05 23:00:00,33.74995395541191
2025-03-05 23:30:00,48.37992638349533
2025-03-06 00:00:00,21.57861553132534
2025-03-06 00:30:00,44.189141392707825
2025-03-06 01:00:00,23.948568627238274
2025-03-06 01:30:00,28.72616246342659
2025-03-06 02:00:00,54.084306955337524
2025-03-06 02:30:00,41.574876606464386
2025-03-06 03:00:00,50.37580728530884
2025-03-06 03:30:00,36.53952360153198
2025-03-06 04:00:00,43.627810180187225
2025-03-06 04:30:00,48.543981313705444
2025-03-06 05:00:00,66.76643550395966
2025-03-06 05:30:00,36.72115132212639
2025-03-06 06:00:00,64.94359731674194
2025-03-06 06:30:00,56.26736581325531
2025-03-06 07:00:00,49.1204559803009
2025-03-06 07:30:00,44.08462926745415
2025-03-06 08:00:00,40.357353538274765
2025-03-06 08:30:00,69.09639954566956
2025-03-06 09:00:00,56.094459891319275
2025-03-06 09:30:00,70.12364149093628
2025-03-06 10:00:00,48.91959369182587
2025-03-06 10:30:00,58.09320330619812
2025-03-06 11:00:00,44.847760051488876
2025-03-06 11:30:00,66.36768996715546
2025-03-06 12:00:00,58.64459931850433
2025-03-06 12:30:00,47.65847682952881
2025-03-06 13:00:00,49.43747043609619
2025-03-06 13:30:00,36.113363802433014
2025-03-06 14:00:00,56.05807811021805
2025-03-06 14:30:00,40.16856700181961
2025-03-06 15:00:00,71.39308750629425
2025-03-06 15:30:00,46.11420929431915
2025-03-06 16:00:00,54.60666239261627
2025-03-06 16:30:00,50.416287779808044
2025-03-06 17:00:00,49.63869243860245
2025-03-06 17:30:00,51.599605083465576
2025-03-06 18:00:00,36.483367681503296
2025-03-06 18:30:00,46.82570084929466
2025-03-06 19:00:00,49.1916286945343
2025-03-06 19:30:00,54.27717447280884
2025-03-06 20:00:00,49.35983806848526
2025-03-06 20:30:00,35.50189554691315
2025-03-06 21:00:00,47.18567833304405
2025-03-06 21:30:00,57.82561659812927
2025-03-06 22:00:00,53.59406739473343
2025-03-06 22:30:00,47.318210154771805
2025-03-06 23:00:00,66.69866740703583
2025-03-06 23:30:00,63.40524733066559
2025-03-07 00:00:00,78.461052775383
2025-03-07 00:30:00,55.826741456985474
2025-03-07 01:00:00,31.406829953193665
2025-03-07 01:30:00,57.6458203792572
2025-03-07 02:00:00,45.69890424609184
2025-03-07 02:30:00,34.328569173812866
2025-03-07 03:00:00,42.66657829284668
2025-03-07 03:30:00,24.38408985733986
2025-03-07 04:00:00,53.68755757808685
2025-03-07 04:30:00,70.17721354961395
2025-03-07 05:00:00,52.0593398809433
2025-03-07 05:30:00,37.43720516562462
2025-03-07 06:00:00,48.052520751953125
2025-03-07 06:30:00,41.69960618019104
2025-03-07 07:00:00,30.465577393770218
2025-03-07 07:30:00,45.34897595643997
2025-03-07 08:00:00,63.92738997936249
2025-03-07 08:30:00,74.89408791065216
2025-03-07 09:00:00,49.20618951320648
2025-03-07 09:30:00,45.699327290058136
2025-03-07 10:00:00,23.718017265200615
2025-03-07 10:30:00,42.889142483472824
2025-03-07 11:00:00,48.671056628227234
2025-03-07 11:30:00,51.08187019824982
2025-03-07 12:00:00,28.828278183937073
2025-03-07 12:30:00,64.5513367652893
2025-03-07 13:00:00,57.895583510398865
2025-03-07 13:30:00,53.78394067287445
2025-03-07 14:00:00,75.06857454776764
2025-03-07 14:30:00,58.255115151405334
2025-03-07 15:00:00,63.00287425518036
2025-03-07 15:30:00,36.51308715343475
2025-03-07 16:00:00,60.286861062049866
2025-03-07 16:30:00,47.062729597091675
2025-03-07 17:00:00,42.97604888677597
2025-03-07 17:30:00,51.97963535785675
2025-03-07 18:00:00,55.50828814506531
2025-03-07 18:30:00,76.41762375831604
2025-03-07 19:00:00,54.303327202796936
2025-03-07 19:30:00,59.350981414318085
2025-03-07 20:00:00,45.32680034637451
2025-03-07 20:30:00,63.255393505096436
2025-03-07 21:00:00,42.966293543577194
2025-03-07 21:30:00,59.07854616641998
2025-03-07 22:00:00,58.13617646694183
2025-03-07 22:30:00,71.59444630146027
2025-03-07 23:00:00,56.29012405872345
2025-03-07 23:30:00,54.809571504592896
2025-03-08 00:00:00,72.20336616039276
2025-03-08 00:30:00,62.2689563035965
2025-03-08 01:00:00,52.62741446495056
2025-03-08 01:30:00,35.85835948586464
2025-03-08 02:00:00,59.83783662319183
2025-03-08 02:30:00,45.93538835644722
2025-03-08 03:00:00,46.39918386936188
2025-03-08 03:30:00,54.29246485233307
2025-03-08 04:00:00,59.79253798723221
2025-03-08 04:30:00,62.04138904809952
2025-03-08 05:00:00,42.61812835931778
2025-03-08 05:30:00,75.4646348953247
2025-03-08 06:00:00,49.673513770103455
2025-03-08 06:30:00,55.482550859451294
2025-03-08 07:00:00,60.29218077659607
2025-03-08 07:30:00,52.51968264579773
2025-03-08 08:00:00,55.28450548648834
2025-03-08 08:30:00,61.5031099319458
2025-03-08 09:00:00,55.751110315322876
2025-03-08 09:30:00,83.82061958312988
2025-03-08 10:00:00,41.17259472608566
2025-03-08 10:30:00,49.80744391679764
2025-03-08 11:00:00,47.3727448284626
2025-03-08 11:30:00,54.79341983795166
2025-03-08 12:00:00,46.18208631873131
2025-03-08 12:30:00,41.45232558250427
2025-03-08 13:00:00,48.93269032239914
2025-03-08 13:30:00,46.03942930698395
2025-03-08 14:00:00,48.05286020040512
2025-03-08 14:30:00,58.98090660572052
2025-03-08 15:00:00,46.545113772153854
2025-03-08 15:30:00,40.769854336977005
2025-03-08 16:00:00,31.31123721599579
2025-03-08 16:30:00,26.897009015083313
2025-03-08 17:00:00,50.53571283817291
2025-03-08 17:30:00,29.181236177682877
2025-03-08 18:00:00,49.485965967178345
2025-03-08 18:30:00,59.727845191955566
2025-03-08 19:00:00,53.870844542980194
2025-03-08 19:30:00,38.42868596315384
2025-03-08 20:00:00,59.55648958683014
2025-03-08 20:30:00,63.29040229320526
2025-03-08 21:00:00,58.00185114145279
2025-03-08 21:30:00,48.27583730220795
2025-03-08 22:00:00,69.32990968227386
2025-03-08 22:30:00,44.227952510118484
2025-03-08 23:00:00,64.38081204891205
2025-03-08 23:30:00,77.31578409671783
2025-03-09 00:00:00,45.00193551182747
2025-03-09 00:30:00,47.34049215912819
2025-03-09 01:00:00,52.59025752544403
2025-03-09 01:30:00,62.240270376205444
2025-03-09 02:00:00,76.33283257484436
2025-03-09 02:30:00,58.0868399143219
2025-03-09 03:00:00,52.51152068376541
2025-03-09 03:30:00,46.52721926569939
2025-03-09 04:00:00,63.21202516555786
2025-03-09 04:30:00,48.129722476005554
2025-03-09 05:00:00,57.46995568275452
2025-03-09 05:30:00,57.332570254802704
2025-03-09 06:00:00,74.57521915435791
2025-03-09 06:30:00,38.40800493955612
2025-03-09 07:00:00,55.88898718357086
2025-03-09 07:30:00,57.22955524921417
2025-03-09 08:00:00,48.63205552101135
2025-03-09 08:30:00,44.69914749264717
2025-03-09 09:00:00,48.813817501068115
2025-03-09 09:30:00,53.51477324962616
2025-03-09 10:00:00,42.75016114115715
2025-03-09 10:30:00,56.11954867839813
2025-03-09 11:00:00,52.83884525299072
2025-03-09 11:30:00,49.31679904460907
2025-03-09 12:00:00,51.91341757774353
2025-03-09 12:30:00,61.70026361942291
2025-03-09 13:00:00,68.75640392303467
2025-03-09 13:30:00,73.17310452461243
2025-03-09 14:00:00,57.7383428812027
2025-03-09 14:30:00,34.61897999048233
2025-03-09 15:00:00,42.126475274562836
2025-03-09 15:30:00,33.45811188220978
2025-03-09 16:00:00,70.42058289051056
2025-03-09 16:30:00,56.98167681694031
2025-03-09 17:00:00,57.84946918487549
2025-03-09 17:30:00,46.30952134728432
2025-03-09 18:00:00,42.929549515247345
2025-03-09 18:30:00,47.793232798576355
2025-03-09 19:00:00,51.0895711183548
2025-03-09 19:30:00,50.1822304725647
2025-03-09 20:00:00,65.38328945636749
2025-03-09 20:30:00,47.81407594680786
2025-03-09 21:00:00,43.10652628540993
2025-03-09 21:30:00,69.86465752124786
2025-03-09 22:00:00,62.26023197174072
2025-03-09 22:30:00,51.243305802345276
2025-03-09 23:00:00,44.952814280986786
2025-03-09 23:30:00,42.05728352069855
2025-03-10 00:00:00,28.46371054649353
2025-03-10 00:30:00,26.322089731693268
2025-03-10 01:00:00,40.835446417331696
2025-03-10 01:30:00,26.635296791791916
2025-03-10 02:00:00,48.46797525882721
2025-03-10 02:30:00,45.37627622485161
2025-03-10 03:00:00,37.95785069465637
2025-03-10 03:30:00,39.00993064045906
2025-03-10 04:00:00,45.57080551981926
2025-03-10 04:30:00,41.10182732343674
2025-03-10 05:00:00,74.63615775108337
2025-03-10 05:30:00,76.91716015338898
2025-03-10 06:00:00,63.32452952861786
2025-03-10 06:30:00,46.687925308942795
2025-03-10 07:00:00,39.92429330945015
2025-03-10 07:30:00,47.543961107730865
2025-03-10 08:00:00,75.98803400993347
2025-03-10 08:30:00,55.078034698963165
2025-03-10 09:00:00,50.045377016067505
2025-03-10 09:30:00,61.56881093978882
2025-03-10 10:00:00,48.40124070644379
2025-03-10 10:30:00,63.5318261384964
2025-03-10 11:00:00,45.45839235186577
2025-03-10 11:30:00,59.830515682697296
2025-03-10 12:00:00,59.501296281814575
2025-03-10 12:30:00,51.34632587432861
2025-03-10 13:00:00,60.86539268493652
2025-03-10 13:30:00,42.66410082578659
2025-03-10 14:00:00,63.56267035007477
2025-03-10 14:30:00,35.86686596274376
2025-03-10 15:00:00,53.98502588272095
2025-03-10 15:30:00,48.75887751579285
2025-03-10 16:00:00,41.148997992277145
2025-03-10 16:30:00,44.92788001894951
2025-03-10 17:00:00,56.19579792022705
2025-03-10 17:30:00,68.13392639160156
2025-03-10 18:00:00,42.15835049748421
2025-03-10 18:30:00,58.47858875989914
2025-03-10 19:00:00,54.993714690208435
2025-03-10 19:30:00,63.46634805202484
2025-03-10 20:00:00,56.46564424037933
2025-03-10 20:30:00,39.951198399066925
2025-03-10 21:00:00,44.09262657165527
2025-03-10 21:30:00,65.67906558513641
2025-03-10 22:00:00,56.14268183708191
2025-03-10 22:30:00,28.04481342434883
2025-03-10 23:00:00,49.400394558906555
2025-03-10 23:30:00,58.514737486839294
2025-03-11 00:00:00,51.15932524204254
2025-03-11 00:30:00,28.416557610034943
2025-03-11 01:00:00,63.3947092294693
2025-03-11 01:30:00,61.50040954351425
2025-03-11 02:00:00,49.774264097213745
2025-03-11 02:30:00,66.97471499443054
2025-03-11 03:00:00,43.49301367998123
2025-03-11 03:30:00,53.44462901353836
2025-03-11 04:00:00,56.50373339653015
2025-03-11 04:30:00,55.766279101371765
2025-03-11 05:00:00,34.111170172691345
2025-03-11 05:30:00,27.23987728357315
2025-03-11 06:00:00,47.91225254535675
2025-03-11 06:30:00,49.88409340381622
2025-03-11 07:00:00,39.827948212623596
2025-03-11 07:30:00,63.17537486553192
2025-03-11 08:00:00,39.46337044239044
2025-03-11 08:30:00,56.969446539878845
2025-03-11 09:00:00,56.12059235572815
2025-03-11 09:30:00,64.62797105312347
2025-03-11 10:00:00,48.19191753864288
2025-03-11 10:30:00,73.74303340911865
2025-03-11 11:00:00,78.53528559207916
2025-03-11 11:30:00,54.354700446128845
2025-03-11 12:00:00,42.26580873131752
2025-03-11 12:30:00,67.57898390293121
2025-03-11 13:00:00,59.872926473617554
2025-03-11 13:30:00,79.03964519500732
2025-03-11 14:00:00,40.22913068532944
2025-03-11 14:30:00,46.756354570388794
2025-03-11 15:00:00,71.49256110191345
2025-03-11 15:30:00,45.930727273225784
2025-03-11 16:00:00,51.794372498989105
2025-03-11 16:30:00,43.15389707684517
2025-03-11 17:00:00,51.11952364444733
2025-03-11 17:30:00,27.698902785778046
2025-03-11 18:00:00,61.56642973423004
2025-03-11 18:30:00,47.692877650260925
2025-03-11 19:00:00,60.987761318683624
2025-03-11 19:30:00,71.91764175891876
2025-03-11 20:00:00,65.82788586616516
2025-03-11 20:30:00,52.79976308345795
2025-03-11 21:00:00,68.27491402626038
2025-03-11 21:30:00,53.090057373046875
2025-03-11 22:00:00,41.22958153486252
2025-03-11 22:30:00,45.023386627435684
2025-03-11 23:00:00,41.466237902641296
2025-03-11 23:30:00,81.47839486598969
2025-03-12 00:00:00,29.759975522756577
2025-03-12 00:30:00,51.28762662410736
2025-03-12 01:00:00,41.727504283189774
2025-03-12 01:30:00,57.63902127742767
2025-03-12 02:00:00,46.46451249718666
2025-03-12 02:30:00,54.42379593849182
2025-03-12 03:00:00,59.9407958984375
2025-03-12 03:30:00,43.11001196503639
2025-03-12 04:00:00,61.11961930990219
2025-03-12 04:30:00,54.2362380027771
2025-03-12 05:00:00,41.33156806230545
2025-03-12 05:30:00,63.145554065704346
2025-03-12 06:00:00,50.55540084838867
2025-03-12 06:30:00,53.08030962944031
2025-03-12 07:00:00,53.01780551671982
2025-03-12 07:30:00,34.30207446217537
2025-03-12 08:00:00,61.07507050037384
2025-03-12 08:30:00,36.94535955786705
2025-03-12 09:00:00,45.78786000609398
2025-03-12 09:30:00,62.25195348262787
2025-03-12 10:00:00,49.73738074302673
2025-03-12 10:30:00,41.18217781186104
2025-03-12 11:00:00,52.565452456474304
2025-03-12 11:30:00,45.9556058049202
2025-03-12 12:00:00,65.9630674123764
2025-03-12 12:30:00,28.89095962047577
2025-03-12 13:00:00,54.59232956171036
2025-03-12 13:30:00,48.22879076004028
2025-03-12 14:00:00,44.05344307422638
2025-03-12 14:30:00,73.27171683311462
2025-03-12 15:00:00,50.005372762680054
2025-03-12 15:30:00,49.933247566223145
2025-03-12 16:00:00,65.77301681041718
2025-03-12 16:30:00,47.05231815576553
2025-03-12 17:00:00,46.48008152842522
2025-03-12 17:30:00,34.20629933476448
2025-03-12 18:00:00,41.649410873651505
2025-03-12 18:30:00,49.21864777803421
2025-03-12 19:00:00,44.143143594264984
2025-03-12 19:30:00,42.454954981803894
2025-03-12 20:00:00,45.79655900597572
2025-03-12 20:30:00,26.967594027519226
2025-03-12 21:00:00,61.18556350469589
2025-03-12 21:30:00,45.455729961395264
2025-03-12 22:00:00,25.930447280406952
2025-03-12 22:30:00,25.23670330643654
2025-03-12 23:00:00,63.62422704696655
2025-03-12 23:30:00,59.7637152671814
2025-03-13 00:00:00,26.16751529276371
2025-03-13 00:30:00,49.3404084444046
2025-03-13 01:00:00,41.89211905002594
2025-03-13 01:30:00,67.35394477844238
2025-03-13 02:00:00,44.83390852808952
2025-03-13 02:30:00,36.37427553534508
2025-03-13 03:00:00,50.97143292427063
2025-03-13 03:30:00,59.69568371772766
2025-03-13 04:00:00,61.92677199840546
2025-03-13 04:30:00,58.91707509756088
2025-03-13 05:00:00,35.26753678917885
2025-03-13 05:30:00,31.01991444826126
2025-03-13 06:00:00,60.28564006090164
2025-03-13 06:30:00,73.28291356563568
2025-03-13 07:00:00,56.52161777019501
2025-03-13 07:30:00,41.43160402774811
2025-03-13 08:00:00,31.46680846810341
2025-03-13 08:30:00,48.649139404296875
2025-03-13 09:00:00,58.45133662223816
2025-03-13 09:30:00,68.25874209403992
2025-03-13 10:00:00,64.32704746723175
2025-03-13 10:30:00,57.10794150829315
2025-03-13 11:00:00,54.67498779296875
2025-03-13 11:30:00,51.34023606777191
2025-03-13 12:00:00,39.77351740002632
2025-03-13 12:30:00,56.737694442272186
2025-03-13 13:00:00,43.39852795004845
2025-03-13 13:30:00,71.09855771064758
2025-03-13 14:00:00,57.534567415714264
2025-03-13 14:30:00,53.8475239276886
2025-03-13 15:00:00,43.5975156724453
2025-03-13 15:30:00,39.45202425122261
2025-03-13 16:00:00,68.39177548885345
2025-03-13 16:30:00,57.0192289352417
2025-03-13 17:00:00,33.739615976810455
2025-03-13 17:30:00,34.82185870409012
2025-03-13 18:00:00,50.73572397232056
2025-03-13 18:30:00,42.52578318119049
2025-03-13 19:00:00,45.411963909864426
2025-03-13 19:30:00,65.92432975769043
2025-03-13 20:00:00,58.845370411872864
2025-03-13 20:30:00,56.01446658372879
2025-03-13 21:00:00,45.60810178518295
2025-03-13 21:30:00,48.750918209552765
2025-03-13 22:00:00,33.03227633237839
2025-03-13 22:30:00,28.615127354860306
2025-03-13 23:00:00,31.17063209414482
2025-03-13 23:30:00,57.468668818473816
2025-03-14 00:00:00,57.44260221719742
2025-03-14 00:30:00,76.54071688652039
2025-03-14 01:00:00,71.38774752616882
2025-03-14 01:30:00,43.85725200176239
2025-03-14 02:00:00,48.48783552646637
2025-03-14 02:30:00,52.15963423252106
2025-03-14 03:00:00,53.3729749917984
2025-03-14 03:30:00,56.91175043582916
2025-03-14 04:00:00,43.86798515915871
2025-03-14 04:30:00,66.48318350315094
2025-03-14 05:00:00,52.77456283569336
2025-03-14 05:30:00,53.69860231876373
2025-03-14 06:00:00,58.00043761730194
2025-03-14 06:30:00,46.063575744628906
2025-03-14 07:00:00,44.27145764231682
2025-03-14 07:30:00,53.85895371437073
2025-03-14 08:00:00,40.85065573453903
2025-03-14 08:30:00,41.703195720911026
2025-03-14 09:00:00,31.68031394481659
2025-03-14 09:30:00,41.107027977705
2025-03-14 10:00:00,41.06791540980339
2025-03-14 10:30:00,47.45035693049431
2025-03-14 11:00:00,38.350785076618195
2025-03-14 11:30:00,50.31302958726883
2025-03-14 12:00:00,34.46214973926544
2025-03-14 12:30:00,37.807771414518356
2025-03-14 13:00:00,47.6462060213089
2025-03-14 13:30:00,57.486461997032166
2025-03-14 14:00:00,63.90181481838226
2025-03-14 14:30:00,68.5874193906784
2025-03-14 15:00:00,65.71469247341156
2025-03-14 15:30:00,57.66911566257477
2025-03-14 16:00:00,32.093600034713745
2025-03-14 16:30:00,51.84617638587952
2025-03-14 17:00:00,58.38719606399536
2025-03-14 17:30:00,62.050544023513794
2025-03-14 18:00:00,44.207912385463715
2025-03-14 18:30:00,48.19011390209198
2025-03-14 19:00:00,43.77858355641365
2025-03-14 19:30:00,50.55386573076248
2025-03-14 20:00:00,44.910958260297775
2025-03-14 20:30:00,60.78798830509186
2025-03-14 21:00:00,39.8275226354599
2025-03-14 21:30:00,67.26807951927185
2025-03-14 22:00:00,49.02433633804321
2025-03-14 22:30:00,57.34675109386444
2025-03-14 23:00:00,49.78259325027466
2025-03-14 23:30:00,64.47803616523743
2025-03-15 00:00:00,49.44402128458023
2025-03-15 00:30:00,48.815489411354065
2025-03-15 01:00:00,26.77559792995453
2025-03-15 01:30:00,41.750855296850204
2025-03-15 02:00:00,48.24617862701416
2025-03-15 02:30:00,42.321404814720154
2025-03-15 03:00:00,50.59708207845688
2025-03-15 03:30:00,46.454544365406036
2025-03-15 04:00:00,47.71419703960419
2025-03-15 04:30:00,69.73280966281891
2025-03-15 05:00:00,47.71659344434738
2025-03-15 05:30:00,63.82944643497467
2025-03-15 06:00:00,58.37727099657059
2025-03-15 06:30:00,46.48956075310707
2025-03-15 07:00:00,57.195762395858765
2025-03-15 07:30:00,65.0068461894989
2025-03-15 08:00:00,54.68160957098007
2025-03-15 08:30:00,54.84709322452545
2025-03-15 09:00:00,61.761698722839355
2025-03-15 09:30:00,56.64409279823303
2025-03-15 10:00:00,28.02309885621071
2025-03-15 10:30:00,52.8776741027832
2025-03-15 11:00:00,67.20709025859833
2025-03-15 11:30:00,47.89416551589966
2025-03-15 12:00:00,46.315555423498154
2025-03-15 12:30:00,61.32793426513672
2025-03-15 13:00:00,56.012516021728516
2025-03-15 13:30:00,48.55244219303131
2025-03-15 14:00:00,66.65030360221863
2025-03-15 14:30:00,45.20211383700371
2025-03-15 15:00:00,53.6007297039032
2025-03-15 15:30:00,66.2277764081955
2025-03-15 16:00:00,61.92077338695526
2025-03-15 16:30:00,56.011376082897186
2025-03-15 17:00:00,52.48860538005829
2025-03-15 17:30:00,46.40197545289993
2025-03-15 18:00:00,29.450477063655853
2025-03-15 18:30:00,36.08946308493614
2025-03-15 19:00:00,51.40901744365692
2025-03-15 19:30:00,56.070131063461304
2025-03-15 20:00:00,51.98454976081848
2025-03-15 20:30:00,47.155092507600784
2025-03-15 21:00:00,67.90136873722076
2025-03-15 21:30:00,57.105671763420105
2025-03-15 22:00:00,56.774927377700806
2025-03-15 22:30:00,83.3884459733963
2025-03-15 23:00:00,41.40597313642502
2025-03-15 23:30:00,37.194876968860626
2025-03-16 00:00:00,47.11542010307312
2025-03-16 00:30:00,36.028813272714615
2025-03-16 01:00:00,26.967659890651703
2025-03-16 01:30:00,47.50624179840088
2025-03-16 02:00:00,23.692102655768394
2025-03-16 02:30:00,45.09430602192879
2025-03-16 03:00:00,45.56632176041603
2025-03-16 03:30:00,54.308616518974304
2025-03-16 04:00:00,47.76066094636917
2025-03-16 04:30:00,41.23703420162201
2025-03-16 05:00:00,54.33317840099335
2025-03-16 05:30:00,69.89820718765259
2025-03-16 06:00:00,41.179216504096985
2025-03-16 06:30:00,38.70697796344757
2025-03-16 07:00:00,44.12286788225174
2025-03-16 07:30:00,60.34132480621338
2025-03-16 08:00:00,45.50673842430115
2025-03-16 08:30:00,36.030312925577164
2025-03-16 09:00:00,48.74694108963013
2025-03-16 09:30:00,72.3394900560379
2025-03-16 10:00:00,35.539513528347015
2025-03-16 10:30:00,54.8352986574173
2025-03-16 11:00:00,36.03704869747162
2025-03-16 11:30:00,36.83456510305405
2025-03-16 12:00:00,47.08353981375694
2025-03-16 12:30:00,32.49696612358093
2025-03-16 13:00:00,47.285668700933456
2025-03-16 13:30:00,43.930385410785675
2025-03-16 14:00:00,32.10070565342903
2025-03-16 14:30:00,44.091238379478455
2025-03-16 15:00:00,36.68987900018692
2025-03-16 15:30:00,52.58884400129318
2025-03-16 16:00:00,40.75598508119583
2025-03-16 16:30:00,62.99595355987549
2025-03-16 17:00:00,71.66292369365692
2025-03-16 17:30:00,45.06631925702095
2025-03-16 18:00:00,63.55397641658783
2025-03-16 18:30:00,38.8863131403923
2025-03-16 19:00:00,69.61891710758209
2025-03-16 19:30:00,59.7254741191864
2025-03-16 20:00:00,52.36052691936493
2025-03-16 20:30:00,36.28921076655388
2025-03-16 21:00:00,42.04614758491516
2025-03-16 21:30:00,64.63171005249023
2025-03-16 22:00:00,42.17943176627159
2025-03-16 22:30:00,45.86936056613922
2025-03-16 23:00:00,54.43343222141266
2025-03-16 23:30:00,60.36898732185364
2025-03-17 00:00:00,55.00658839941025
2025-03-17 00:30:00,45.83554491400719
2025-03-17 01:00:00,59.82950747013092
2025-03-17 01:30:00,50.51067978143692
2025-03-17 02:00:00,53.15558612346649
2025-03-17 02:30:00,44.40420985221863
2025-03-17 03:00:00,45.12162908911705
2025-03-17 03:30:00,54.25925970077515
2025-03-17 04:00:00,34.30402249097824
2025-03-17 04:30:00,45.805967301130295
2025-03-17 05:00:00,64.64858114719391
2025-03-17 05:30:00,60.98229467868805
2025-03-17 06:00:00,39.84416574239731
2025-03-17 06:30:00,71.8867975473404
2025-03-17 07:00:00,66.26131594181061
2025-03-17 07:30:00,48.585049510002136
2025-03-17 08:00:00,34.058337807655334
2025-03-17 08:30:00,24.166831448674202
2025-03-17 09:00:00,54.6855765581131
2025-03-17 09:30:00,45.816520601511
2025-03-17 10:00:00,47.279733419418335
2025-03-17 10:30:00,35.65401911735535
2025-03-17 11:00:00,58.38085800409317
2025-03-17 11:30:00,41.442638635635376
2025-03-17 12:00:00,52.77527213096619
2025-03-17 12:30:00,43.00779238343239
2025-03-17 13:00:00,40.84588825702667
2025-03-17 13:30:00,47.86927938461304
2025-03-17 14:00:00,41.492922604084015
2025-03-17 14:30:00,80.45732378959656
2025-03-17 15:00:00,49.9204295873642
2025-03-17 15:30:00,73.19415032863617
2025-03-17 16:00:00,51.35533392429352
2025-03-17 16:30:00,77.36916363239288
2025-03-17 17:00:00,49.784270226955414
2025-03-17 17:30:00,52.2138649225235
2025-03-17 18:00:00,55.990092158317566
2025-03-17 18:30:00,46.451071351766586
2025-03-17 19:00:00,49.17272090911865
2025-03-17 19:30:00,56.4154514670372
2025-03-17 20:00:00,55.52760124206543
2025-03-17 20:30:00,52.55950450897217
2025-03-17 21:00:00,46.06453076004982
2025-03-17 21:30:00,36.43143966794014
2025-03-17 22:00:00,58.65823805332184
2025-03-17 22:30:00,39.78991478681564
2025-03-17 23:00:00,44.58392754197121
2025-03-17 23:30:00,75.94898223876953
2025-03-18 00:00:00,45.95312833786011
2025-03-18 00:30:00,45.63237741589546
2025-03-18 01:00:00,38.11377912759781
2025-03-18 01:30:00,44.55960124731064
2025-03-18 02:00:00,34.87663149833679
2025-03-18 02:30:00,57.503586411476135
2025-03-18 03:00:00,59.20018017292023
2025-03-18 03:30:00,42.98795998096466
2025-03-18 04:00:00,49.80954647064209
2025-03-18 04:30:00,47.995898723602295
2025-03-18 05:00:00,43.93200919032097
2025-03-18 05:30:00,37.21301719546318
2025-03-18 06:00:00,27.056397795677185
2025-03-18 06:30:00,37.00942412018776
2025-03-18 07:00:00,50.3209787607193
2025-03-18 07:30:00,41.79457828402519
2025-03-18 08:00:00,86.77532076835632
2025-03-18 08:30:00,59.78046476840973
2025-03-18 09:00:00,39.637603759765625
2025-03-18 09:30:00,63.17642867565155
2025-03-18 10:00:00,49.2709481716156
2025-03-18 10:30:00,37.82253235578537
2025-03-18 11:00:00,39.20810267329216
2025-03-18 11:30:00,45.35038188099861
2025-03-18 12:00:00,54.25213634967804
2025-03-18 12:30:00,47.6728755235672
2025-03-18 13:00:00,47.923783659935
2025-03-18 13:30:00,67.38986551761627
2025-03-18 14:00:00,34.6973317861557
2025-03-18 14:30:00,80.22270917892456
2025-03-18 15:00:00,62.668867111206055
2025-03-18 15:30:00,52.87543475627899
2025-03-18 16:00:00,57.504589557647705
2025-03-18 16:30:00,39.647645354270935
2025-03-18 17:00:00,45.860823690891266
2025-03-18 17:30:00,53.76050353050232
2025-03-18 18:00:00,69.28043127059937
2025-03-18 18:30:00,57.86095976829529
2025-03-18 19:00:00,50.26921033859253
2025-03-18 19:30:00,46.38368830084801
2025-03-18 20:00:00,52.72219657897949
2025-03-18 20:30:00,46.73387750983238
2025-03-18 21:00:00,47.595309019088745
2025-03-18 21:30:00,45.165787786245346
2025-03-18 22:00:00,29.351125061511993
2025-03-18 22:30:00,43.921202570199966
2025-03-18 23:00:00,50.42445480823517
2025-03-18 23:30:00,68.73879313468933
2025-03-19 00:00:00,34.48014557361603
2025-03-19 00:30:00,37.7218833565712
2025-03-19 01:00:00,39.49469596147537
2025-03-19 01:30:00,69.31881427764893
2025-03-19 02:00:00,49.40123051404953
2025-03-19 02:30:00,46.958643049001694
2025-03-19 03:00:00,43.987668603658676
2025-03-19 03:30:00,46.03577896952629
2025-03-19 04:00:00,52.97925531864166
2025-03-19 04:30:00,35.60455337166786
2025-03-19 05:00:00,34.73936766386032
2025-03-19 05:30:00,39.87672492861748
2025-03-19 06:00:00,34.90910455584526
2025-03-19 06:30:00,40.13666391372681
2025-03-19 07:00:00,41.02625697851181
2025-03-19 07:30:00,39.37568634748459
2025-03-19 08:00:00,44.80894133448601
2025-03-19 08:30:00,67.74804949760437
2025-03-19 09:00:00,60.884037017822266
2025-03-19 09:30:00,61.25474005937576
2025-03-19 10:00:00,64.16422367095947
2025-03-19 10:30:00,68.9726984500885
2025-03-19 11:00:00,45.78884035348892
2025-03-19 11:30:00,63.39113235473633
2025-03-19 12:00:00,46.18394061923027
2025-03-19 12:30:00,46.3743357360363
2025-03-19 13:00:00,44.436262398958206
2025-03-19 13:30:00,21.573175489902496
2025-03-19 14:00:00,37.098129093647
2025-03-19 14:30:00,26.87094748020172
2025-03-19 15:00:00,49.61105018854141
2025-03-19 15:30:00,45.693126022815704
2025-03-19 16:00:00,53.31250250339508
2025-03-19 16:30:00,54.03015732765198
2025-03-19 17:00:00,48.96442115306854
2025-03-19 17:30:00,30.28024360537529
2025-03-19 18:00:00,64.97970044612885
2025-03-19 18:30:00,59.89031434059143
2025-03-19 19:00:00,53.72171014547348
2025-03-19 19:30:00,59.53706502914429
2025-03-19 20:00:00,47.110802084207535
2025-03-19 20:30:00,48.10096561908722
2025-03-19 21:00:00,59.19279336929321
2025-03-19 21:30:00,40.366503447294235
2025-03-19 22:00:00,36.98886975646019
2025-03-19 22:30:00,53.39448183774948
2025-03-19 23:00:00,57.22356677055359
2025-03-19 23:30:00,43.442114144563675
2025-03-20 00:00:00,45.21331310272217
2025-03-20 00:30:00,44.64082822203636
2025-03-20 01:00:00,40.47067865729332
2025-03-20 01:30:00,59.49493795633316
2025-03-20 02:00:00,43.42799663543701
2025-03-20 02:30:00,51.57118767499924
2025-03-20 03:00:00,54.641154408454895
2025-03-20 03:30:00,36.64423584938049
2025-03-20 04:00:00,50.755857825279236
2025-03-20 04:30:00,53.76352310180664
2025-03-20 05:00:00,40.887599885463715
2025-03-20 05:30:00,88.04750263690948
2025-03-20 06:00:00,69.70333337783813
2025-03-20 06:30:00,53.651748299598694
2025-03-20 07:00:00,41.24473765492439
2025-03-20 07:30:00,46.37080445885658
2025-03-20 08:00:00,63.842071890830994
2025-03-20 08:30:00,48.36416482925415
2025-03-20 09:00:00,54.731407165527344
2025-03-20 09:30:00,56.79201126098633
2025-03-20 10:00:00,42.21272811293602
2025-03-20 10:30:00,51.451407968997955
2025-03-20 11:00:00,52.39417791366577
2025-03-20 11:30:00,46.54990151524544
2025-03-20 12:00:00,41.61826774477959
2025-03-20 12:30:00,53.04915130138397
2025-03-20 13:00:00,53.7893009185791
2025-03-20 13:30:00,55.151745676994324
2025-03-20 14:00:00,60.26564300060272
2025-03-20 14:30:00,52.27333426475525
2025-03-20 15:00:00,86.65013015270233
2025-03-20 15:30:00,47.3577381670475
2025-03-20 16:00:00,24.246789291501045
2025-03-20 16:30:00,46.1157950758934
2025-03-20 17:00:00,48.5174435377121
2025-03-20 17:30:00,59.62966352701187
2025-03-20 18:00:00,68.93755793571472
2025-03-20 18:30:00,45.04857927560806
2025-03-20 19:00:00,54.86678123474121
2025-03-20 19:30:00,47.722607254981995
2025-03-20 20:00:00,41.85621604323387
2025-03-20 20:30:00,41.94367215037346
2025-03-20 21:00:00,47.515361309051514
2025-03-20 21:30:00,51.531882584095
2025-03-20 22:00:00,48.86944651603699
2025-03-20 22:30:00,45.44599488377571
2025-03-20 23:00:00,56.652756333351135
2025-03-20 23:30:00,34.015693962574005
2025-03-21 00:00:00,51.11653447151184
2025-03-21 00:30:00,71.62728667259216
2025-03-21 01:00:00,42.83803269267082
2025-03-21 01:30:00,74.63612735271454
2025-03-21 02:00:00,56.38429820537567
2025-03-21 02:30:00,58.816086649894714
2025-03-21 03:00:00,57.642902135849
2025-03-21 03:30:00,49.39870238304138
2025-03-21 04:00:00,45.9386283159256
2025-03-21 04:30:00,28.808250725269318
2025-03-21 05:00:00,40.046606212854385
2025-03-21 05:30:00,59.21213686466217
2025-03-21 06:00:00,46.19157820940018
2025-03-21 06:30:00,47.14928135275841
2025-03-21 07:00:00,41.80334821343422
2025-03-21 07:30:00,44.323644042015076
2025-03-21 08:00:00,40.1901675760746
2025-03-21 08:30:00,54.2413854598999
2025-03-21 09:00:00,47.33607426285744
2025-03-21 09:30:00,43.00916790962219
2025-03-21 10:00:00,72.97046899795532
2025-03-21 10:30:00,80.02247512340546
2025-03-21 11:00:00,68.09676945209503
2025-03-21 11:30:00,85.87835609912872
2025-03-21 12:00:00,43.307629227638245
2025-03-21 12:30:00,66.32161617279053
2025-03-21 13:00:00,49.80958700180054
2025-03-21 13:30:00,42.109084874391556
2025-03-21 14:00:00,47.52968907356262
2025-03-21 14:30:00,35.867590457201004
2025-03-21 15:00:00,55.17912447452545
2025-03-21 15:30:00,60.747913122177124
2025-03-21 16:00:00,67.98316061496735
2025-03-21 16:30:00,52.77633100748062
2025-03-21 17:00:00,47.94907510280609
2025-03-21 17:30:00,68.84620070457458
2025-03-21 18:00:00,44.242959171533585
2025-03-21 18:30:00,57.982158064842224
2025-03-21 19:00:00,66.67186617851257
2025-03-21 19:30:00,73.14180433750153
2025-03-21 20:00:00,47.97725945711136
2025-03-21 20:30:00,47.25605055689812
2025-03-21 21:00:00,55.718533396720886
2025-03-21 21:30:00,37.93791443109512
2025-03-21 22:00:00,50.43346285820007
2025-03-21 22:30:00,54.07089114189148
2025-03-21 23:00:00,48.46519887447357
2025-03-21 23:30:00,56.88402712345123
2025-03-22 00:00:00,57.23790466785431
2025-03-22 00:30:00,34.314580857753754
2025-03-22 01:00:00,40.93529999256134
2025-03-22 01:30:00,34.506949335336685
2025-03-22 02:00:00,59.639700055122375
2025-03-22 02:30:00,24.955222010612488
2025-03-22 03:00:00,40.5891689658165
2025-03-22 03:30:00,50.46485424041748
2025-03-22 04:00:00,37.93281003832817
2025-03-22 04:30:00,50.596306920051575
2025-03-22 05:00:00,49.25125002861023
2025-03-22 05:30:00,47.74950981140137
2025-03-22 06:00:00,43.532470762729645
2025-03-22 06:30:00,53.42859387397766
2025-03-22 07:00:00,51.490718126297
2025-03-22 07:30:00,68.37267518043518
2025-03-22 08:00:00,47.2056120634079
2025-03-22 08:30:00,50.184226632118225
2025-03-22 09:00:00,38.64064872264862
2025-03-22 09:30:00,46.889235973358154
2025-03-22 10:00:00,68.26045453548431
2025-03-22 10:30:00,45.88920310139656
2025-03-22 11:00:00,53.25923949480057
2025-03-22 11:30:00,30.971983820199966
2025-03-22 12:00:00,44.75571125745773
2025-03-22 12:30:00,58.31701636314392
2025-03-22 13:00:00,48.25034320354462
2025-03-22 13:30:00,64.67684149742126
2025-03-22 14:00:00,53.75929772853851
2025-03-22 14:30:00,54.39310371875763
2025-03-22 15:00:00,58.24090391397476
2025-03-22 15:30:00,65.03159046173096
2025-03-22 16:00:00,61.71212911605835
2025-03-22 16:30:00,56.817150712013245
2025-03-22 17:00:00,50.88898241519928
2025-03-22 17:30:00,70.14936864376068
2025-03-22 18:00:00,67.03961551189423
2025-03-22 18:30:00,24.976056292653084
2025-03-22 19:00:00,57.157500982284546
2025-03-22 19:30:00,52.606459856033325
2025-03-22 20:00:00,63.51224958896637
2025-03-22 20:30:00,44.813432693481445
2025-03-22 21:00:00,55.799798369407654
2025-03-22 21:30:00,33.35444837808609
2025-03-22 22:00:00,60.5351448059082
2025-03-22 22:30:00,33.88243764638901
2025-03-22 23:00:00,47.277022898197174
2025-03-22 23:30:00,46.061749309301376
2025-03-23 00:00:00,37.63053625822067
2025-03-23 00:30:00,59.584020376205444
2025-03-23 01:00:00,48.71677577495575
2025-03-23 01:30:00,26.556410491466522
2025-03-23 02:00:00,29.60716798901558
2025-03-23 02:30:00,50.79928696155548
2025-03-23 03:00:00,47.188923358917236
2025-03-23 03:30:00,51.64587140083313
2025-03-23 04:00:00,45.97400948405266
2025-03-23 04:30:00,23.945259004831314
2025-03-23 05:00:00,40.884676575660706
2025-03-23 05:30:00,44.01353508234024
2025-03-23 06:00:00,58.05698871612549
2025-03-23 06:30:00,62.90290415287018
2025-03-23 07:00:00,42.51613676548004
2025-03-23 07:30:00,44.91442874073982
2025-03-23 08:00:00,58.089494705200195
2025-03-23 08:30:00,58.799347281455994
2025-03-23 09:00:00,33.218501806259155
2025-03-23 09:30:00,56.542668640613556
2025-03-23 10:00:00,59.65894728899002
2025-03-23 10:30:00,67.03455924987793
2025-03-23 11:00:00,70.71544706821442
2025-03-23 11:30:00,61.05241358280182
2025-03-23 12:00:00,52.32391715049744
2025-03-23 12:30:00,56.61828964948654
2025-03-23 13:00:00,40.823208540678024
2025-03-23 13:30:00,57.56978392601013
2025-03-23 14:00:00,51.13348662853241
2025-03-23 14:30:00,65.6578779220581
2025-03-23 15:00:00,46.991409957408905
2025-03-23 15:30:00,52.58473515510559
2025-03-23 16:00:00,29.60805207490921
2025-03-23 16:30:00,30.534178912639618
2025-03-23 17:00:00,41.0953651368618
2025-03-23 17:30:00,36.753039211034775
2025-03-23 18:00:00,67.99856245517731
2025-03-23 18:30:00,54.714120626449585
2025-03-23 19:00:00,42.24422588944435
2025-03-23 19:30:00,58.31779658794403
2025-03-23 20:00:00,48.011624813079834
2025-03-23 20:30:00,36.78670793771744
2025-03-23 21:00:00,53.431907296180725
2025-03-23 21:30:00,63.55236530303955
2025-03-23 22:00:00,41.12977355718613
2025-03-23 22:30:00,44.41102162003517
2025-03-23 23:00:00,62.72995263338089
2025-03-23 23:30:00,45.51777049899101
2025-03-24 00:00:00,28.48591148853302
2025-03-24 00:30:00,33.795019537210464
2025-03-24 01:00:00,36.8690849840641
2025-03-24 01:30:00,49.13877606391907
2025-03-24 02:00:00,64.02210116386414
2025-03-24 02:30:00,34.162122905254364
2025-03-24 03:00:00,71.29457652568817
2025-03-24 03:30:00,60.66972851753235
2025-03-24 04:00:00,54.30009484291077
2025-03-24 04:30:00,15.569939054548742
2025-03-24 05:00:00,37.16461539268494
2025-03-24 05:30:00,58.962388932704926
2025-03-24 06:00:00,42.4525611102581
2025-03-24 06:30:00,58.46189498901367
2025-03-24 07:00:00,51.82513564825058
2025-03-24 07:30:00,58.502380549907684
2025-03-24 08:00:00,47.06894099712372
2025-03-24 08:30:00,62.681370973587036
2025-03-24 09:00:00,47.7679717540741
2025-03-24 09:30:00,43.45755398273468
2025-03-24 10:00:00,42.99637272953987
2025-03-24 10:30:00,58.80690634250641
2025-03-24 11:00:00,50.9444797039032
2025-03-24 11:30:00,76.03300333023071
2025-03-24 12:00:00,40.60304582118988
2025-03-24 12:30:00,59.13636386394501
2025-03-24 13:00:00,35.44680863618851
2025-03-24 13:30:00,43.83216321468353
2025-03-24 14:00:00,52.28824973106384
2025-03-24 14:30:00,57.37480878829956
2025-03-24 15:00:00,52.64764964580536
2025-03-24 15:30:00,62.80322790145874
2025-03-24 16:00:00,53.07765483856201
2025-03-24 16:30:00,63.33397328853607
2025-03-24 17:00:00,51.5473198890686
2025-03-24 17:30:00,43.69016736745834
2025-03-24 18:00:00,47.70998179912567
2025-03-24 18:30:00,60.294800102710724
2025-03-24 19:00:00,57.74833381175995
2025-03-24 19:30:00,40.354952067136765
2025-03-24 20:00:00,60.96700429916382
2025-03-24 20:30:00,42.97720655798912
2025-03-24 21:00:00,34.941367357969284
2025-03-24 21:30:00,48.33878219127655
2025-03-24 22:00:00,36.47154778242111
2025-03-24 22:30:00,51.30285620689392
2025-03-24 23:00:00,24.220314845442772
2025-03-24 23:30:00,20.52757292985916
2025-03-25 00:00:00,40.542261749506
2025-03-25 00:30:00,49.84260976314545
2025-03-25 01:00:00,51.28739356994629
2025-03-25 01:30:00,52.65681982040405
2025-03-25 02:00:00,39.585424959659576
2025-03-25 02:30:00,58.78699034452438
2025-03-25 03:00:00,76.4563512802124
2025-03-25 03:30:00,44.217080026865005
2025-03-25 04:00:00,61.880353689193726
2025-03-25 04:30:00,39.00180920958519
2025-03-25 05:00:00,38.16428601741791
2025-03-25 05:30:00,52.579425573349
2025-03-25 06:00:00,37.86940157413483
2025-03-25 06:30:00,74.66762006282806
2025-03-25 07:00:00,65.74175715446472
2025-03-25 07:30:00,55.6801301240921
2025-03-25 08:00:00,58.17245692014694
2025-03-25 08:30:00,59.83764410018921
2025-03-25 09:00:00,51.03810667991638
2025-03-25 09:30:00,47.12988719344139
2025-03-25 10:00:00,25.11427640914917
2025-03-25 10:30:00,34.81869727373123
2025-03-25 11:00:00,69.26207065582275
2025-03-25 11:30:00,51.861791014671326
2025-03-25 12:00:00,38.80331799387932
2025-03-25 12:30:00,49.1305735707283
2025-03-25 13:00:00,47.699018120765686
2025-03-25 13:30:00,56.59839391708374
2025-03-25 14:00:00,39.0684475004673
2025-03-25 14:30:00,52.70768642425537
2025-03-25 15:00:00,51.084980964660645
2025-03-25 15:30:00,48.3445680141449
2025-03-25 16:00:00,48.244775235652924
2025-03-25 16:30:00,32.903757095336914
2025-03-25 17:00:00,30.48079937696457
2025-03-25 17:30:00,64.61458563804626
2025-03-25 18:00:00,49.181693494319916
2025-03-25 18:30:00,55.151274502277374
2025-03-25 19:00:00,57.72360980510712
2025-03-25 19:30:00,48.43730330467224
2025-03-25 20:00:00,41.203003227710724
2025-03-25 20:30:00,37.87894159555435
2025-03-25 21:00:00,36.65539965033531
2025-03-25 21:30:00,57.14252471923828
2025-03-25 22:00:00,50.222027003765106
2025-03-25 22:30:00,73.29714000225067
2025-03-25 23:00:00,41.20106279850006
2025-03-25 23:30:00,46.12560108304024
2025-03-26 00:00:00,49.680160880088806
2025-03-26 00:30:00,33.24300795793533
2025-03-26 01:00:00,31.34776085615158
2025-03-26 01:30:00,25.663093626499176
2025-03-26 02:00:00,63.37350130081177
2025-03-26 02:30:00,55.84572523832321
2025-03-26 03:00:00,37.71958827972412
2025-03-26 03:30:00,35.44788524508476
2025-03-26 04:00:00,60.994210839271545
2025-03-26 04:30:00,36.772446036338806
2025-03-26 05:00:00,32.57715195417404
2025-03-26 05:30:00,54.95201826095581
2025-03-26 06:00:00,46.193556636571884
2025-03-26 06:30:00,65.23686051368713
2025-03-26 07:00:00,42.81677156686783
2025-03-26 07:30:00,48.164538741111755
2025-03-26 08:00:00,65.90104460716248
2025-03-26 08:30:00,59.94203716516495
2025-03-26 09:00:00,50.44460892677307
2025-03-26 09:30:00,35.7243837416172
2025-03-26 10:00:00,34.404380172491074
2025-03-26 10:30:00,57.48744994401932
2025-03-26 11:00:00,30.546095073223114
2025-03-26 11:30:00,50.429100692272186
2025-03-26 12:00:00,65.271555185318
2025-03-26 12:30:00,46.213581562042236
2025-03-26 13:00:00,69.4900381565094
2025-03-26 13:30:00,56.42935872077942
2025-03-26 14:00:00,61.96840763092041
2025-03-26 14:30:00,53.792046904563904
2025-03-26 15:00:00,72.20256567001343
2025-03-26 15:30:00,44.085873067379
2025-03-26 16:00:00,65.7145607471466
2025-03-26 16:30:00,43.8325609266758
2025-03-26 17:00:00,53.57882261276245
2025-03-26 17:30:00,26.522371917963028
2025-03-26 18:00:00,54.7221964597702
2025-03-26 18:30:00,47.98271596431732
2025-03-26 19:00:00,36.95561394095421
2025-03-26 19:30:00,41.073587238788605
2025-03-26 20:00:00,47.40148141980171
2025-03-26 20:30:00,61.44756197929382
2025-03-26 21:00:00,42.809729278087616
2025-03-26 21:30:00,36.65074110031128
2025-03-26 22:00:00,40.27861922979355
2025-03-26 22:30:00,45.565442740917206
2025-03-26 23:00:00,52.720423340797424
2025-03-26 23:30:00,67.75729060173035
2025-03-27 00:00:00,45.52772596478462
2025-03-27 00:30:00,46.298689395189285
2025-03-27 01:00:00,47.27780818939209
2025-03-27 01:30:00,54.76792573928833
2025-03-27 02:00:00,46.33360952138901
2025-03-27 02:30:00,38.576004058122635
2025-03-27 03:00:00,38.37340146303177
2025-03-27 03:30:00,51.23812288045883
2025-03-27 04:00:00,56.86800718307495
2025-03-27 04:30:00,38.83287534117699
2025-03-27 05:00:00,51.116281151771545
2025-03-27 05:30:00,41.92130655050278
2025-03-27 06:00:00,69.92313385009766
2025-03-27 06:30:00,70.46609938144684
2025-03-27 07:00:00,44.089807122945786
2025-03-27 07:30:00,31.491443812847137
2025-03-27 08:00:00,32.246762216091156
2025-03-27 08:30:00,58.96041810512543
2025-03-27 09:00:00,30.46861469745636
2025-03-27 09:30:00,55.01682251691818
2025-03-27 10:00:00,39.627065658569336
2025-03-27 10:30:00,66.2079668045044
2025-03-27 11:00:00,59.93589162826538
2025-03-27 11:30:00,30.90154066681862
2025-03-27 12:00:00,50.78122019767761
2025-03-27 12:30:00,60.421044528484344
2025-03-27 13:00:00,45.157425701618195
2025-03-27 13:30:00,66.40715718269348
2025-03-27 14:00:00,51.723437905311584
2025-03-27 14:30:00,67.45596170425415
2025-03-27 15:00:00,47.66991674900055
2025-03-27 15:30:00,50.32797545194626
2025-03-27 16:00:00,71.84884011745453
2025-03-27 16:30:00,55.419524908065796
2025-03-27 17:00:00,38.636983186006546
2025-03-27 17:30:00,60.09855329990387
2025-03-27 18:00:00,40.60955107212067
2025-03-27 18:30:00,59.076327085494995
2025-03-27 19:00:00,48.231263160705566
2025-03-27 19:30:00,58.611302971839905
2025-03-27 20:00:00,89.2777955532074
2025-03-27 20:30:00,77.90721476078033
2025-03-27 21:00:00,51.83842480182648
2025-03-27 21:30:00,80.83990752696991
2025-03-27 22:00:00,45.22648572921753
2025-03-27 22:30:00,50.46635389328003
2025-03-27 23:00:00,53.52779895067215
2025-03-27 23:30:00,54.35014069080353
2025-03-28 00:00:00,35.38894534111023
2025-03-28 00:30:00,61.90113604068756
2025-03-28 01:00:00,48.255814909935
2025-03-28 01:30:00,36.37311786413193
2025-03-28 02:00:00,61.188334822654724
2025-03-28 02:30:00,42.17211589217186
2025-03-28 03:00:00,51.765970289707184
2025-03-28 03:30:00,40.04194512963295
2025-03-28 04:00:00,68.33138406276703
2025-03-28 04:30:00,50.82181215286255
2025-03-28 05:00:00,72.22395598888397
2025-03-28 05:30:00,65.69365680217743
2025-03-28 06:00:00,43.03744852542877
2025-03-28 06:30:00,40.0386418402195
2025-03-28 07:00:00,26.0345920920372
2025-03-28 07:30:00,43.58309164643288
2025-03-28 08:00:00,85.61051607131958
2025-03-28 08:30:00,47.6528126001358
2025-03-28 09:00:00,40.698663890361786
2025-03-28 09:30:00,33.021479845047
2025-03-28 10:00:00,37.865591645240784
2025-03-28 10:30:00,41.65432021021843
2025-03-28 11:00:00,67.15765237808228
2025-03-28 11:30:00,50.65700739622116
2025-03-28 12:00:00,57.075830698013306
2025-03-28 12:30:00,57.83770501613617
2025-03-28 13:00:00,25.05763664841652
2025-03-28 13:30:00,59.558526277542114
2025-03-28 14:00:00,59.7467377781868
2025-03-28 14:30:00,56.83345437049866
2025-03-28 15:00:00,54.266504645347595
2025-03-28 15:30:00,63.112308382987976
2025-03-28 16:00:00,50.23124277591705
2025-03-28 16:30:00,36.821281015872955
2025-03-28 17:00:00,54.55246716737747
2025-03-28 17:30:00,55.701560974121094
2025-03-28 18:00:00,44.92260083556175
2025-03-28 18:30:00,51.498682498931885
2025-03-28 19:00:00,37.59515255689621
2025-03-28 19:30:00,46.15441367030144
2025-03-28 20:00:00,43.64003285765648
2025-03-28 20:30:00,38.24707090854645
2025-03-28 21:00:00,59.33758080005646
2025-03-28 21:30:00,25.877096876502037
2025-03-28 22:00:00,49.36562895774841
2025-03-28 22:30:00,55.44212102890015
2025-03-28 23:00:00,72.12777554988861
2025-03-28 23:30:00,31.332166492938995
2025-03-29 00:00:00,51.26096725463867
2025-03-29 00:30:00,53.61707389354706
2025-03-29 01:00:00,61.815584897994995
2025-03-29 01:30:00,47.86068677902222
2025-03-29 02:00:00,88.09863269329071
2025-03-29 02:30:00,60.676679611206055
2025-03-29 03:00:00,67.20034182071686
2025-03-29 03:30:00,49.03524935245514
2025-03-29 04:00:00,41.25308707356453
2025-03-29 04:30:00,51.27097845077515
2025-03-29 05:00:00,72.29323387145996
2025-03-29 05:30:00,47.11095914244652
2025-03-29 06:00:00,37.166895270347595
2025-03-29 06:30:00,37.33938321471214
2025-03-29 07:00:00,84.64243948459625
2025-03-29 07:30:00,62.3914110660553
2025-03-29 08:00:00,51.53984189033508
2025-03-29 08:30:00,57.65030920505524
2025-03-29 09:00:00,65.54595112800598
2025-03-29 09:30:00,52.02059715986252
2025-03-29 10:00:00,39.29356515407562
2025-03-29 10:30:00,53.35631161928177
2025-03-29 11:00:00,65.05133926868439
2025-03-29 11:30:00,76.94847047328949
2025-03-29 12:00:00,58.052510023117065
2025-03-29 12:30:00,62.05347239971161
2025-03-29 13:00:00,41.21114745736122
2025-03-29 13:30:00,64.66967761516571
2025-03-29 14:00:00,37.10912823677063
2025-03-29 14:30:00,64.59158420562744
2025-03-29 15:00:00,36.76099851727486
2025-03-29 15:30:00,43.17867934703827
2025-03-29 16:00:00,23.853823244571686
2025-03-29 16:30:00,39.76218894124031
2025-03-29 17:00:00,39.19139876961708
2025-03-29 17:30:00,43.05363819003105
2025-03-29 18:00:00,66.73543930053711
2025-03-29 18:30:00,57.700805962085724
2025-03-29 19:00:00,59.316261410713196
2025-03-29 19:30:00,57.70041584968567
2025-03-29 20:00:00,64.67677056789398
2025-03-29 20:30:00,48.52698862552643
2025-03-29 21:00:00,41.18189662694931
2025-03-29 21:30:00,57.47400879859924
2025-03-29 22:00:00,53.255404233932495
2025-03-29 22:30:00,38.62076818943024
2025-03-29 23:00:00,37.22843423485756
2025-03-29 23:30:00,28.425281941890717
2025-03-30 00:00:00,51.019209027290344
2025-03-30 00:30:00,45.76310560107231
2025-03-30 01:00:00,54.75072532892227
2025-03-30 01:30:00,34.772170037031174
2025-03-30 02:00:00,40.278229117393494
2025-03-30 02:30:00,37.859795689582825
2025-03-30 03:00:00,45.783766359090805
2025-03-30 03:30:00,31.417517513036728
2025-03-30 04:00:00,50.35554677248001
2025-03-30 04:30:00,56.14238798618317
2025-03-30 05:00:00,73.76409947872162
2025-03-30 05:30:00,50.032832622528076
2025-03-30 06:00:00,37.96844959259033
2025-03-30 06:30:00,50.316834449768066
2025-03-30 07:00:00,42.41528511047363
2025-03-30 07:30:00,51.75500154495239
2025-03-30 08:00:00,49.359721541404724
2025-03-30 08:30:00,59.29301679134369
2025-03-30 09:00:00,45.78991949558258
2025-03-30 09:30:00,48.085543513298035
2025-03-30 10:00:00,62.93148875236511
2025-03-30 10:30:00,71.99852168560028
2025-03-30 11:00:00,46.58049747347832
2025-03-30 11:30:00,55.03233075141907
2025-03-30 12:00:00,34.26459580659866
2025-03-30 12:30:00,49.39895063638687
2025-03-30 13:00:00,51.659064292907715
2025-03-30 13:30:00,50.273759961128235
2025-03-30 14:00:00,31.200835406780243
2025-03-30 14:30:00,42.19523638486862
2025-03-30 15:00:00,39.54930916428566
2025-03-30 15:30:00,44.6428345143795
2025-03-30 16:00:00,53.190969824790955
2025-03-30 16:30:00,78.20512890815735
2025-03-30 17:00:00,74.34877157211304
2025-03-30 17:30:00,61.76391780376434
2025-03-30 18:00:00,45.942402780056
2025-03-30 18:30:00,66.32627725601196
2025-03-30 19:00:00,33.78880560398102
2025-03-30 19:30:00,53.81589949131012
2025-03-30 20:00:00,31.851512491703033
2025-03-30 20:30:00,64.73982691764832
2025-03-30 21:00:00,42.0139354467392
2025-03-30 21:30:00,41.011838018894196
2025-03-30 22:00:00,66.55635237693787
2025-03-30 22:30:00,58.18718492984772
2025-03-30 23:00:00,50.38381218910217
2025-03-30 23:30:00,59.39955800771713
2025-03-31 00:00:00,58.58373165130615
2025-03-31 00:30:00,39.27135407924652
2025-03-31 01:00:00,53.25359046459198
2025-03-31 01:30:00,62.23115086555481
2025-03-31 02:00:00,61.78312957286835
2025-03-31 02:30:00,46.74433961510658
2025-03-31 03:00:00,26.320296227931976
2025-03-31 03:30:00,44.024541825056076
2025-03-31 04:00:00,58.736594915390015
2025-03-31 04:30:00,47.868205308914185
2025-03-31 05:00:00,55.39220690727234
2025-03-31 05:30:00,53.99311184883118
2025-03-31 06:00:00,54.76133942604065
2025-03-31 06:30:00,51.562833189964294
2025-03-31 07:00:00,48.346564173698425
2025-03-31 07:30:00,61.79914951324463
2025-03-31 08:00:00,44.36964437365532
2025-03-31 08:30:00,38.547449856996536
2025-03-31 09:00:00,36.92483305931091
2025-03-31 09:30:00,75.91159224510193
2025-03-31 10:00:00,56.92100167274475
2025-03-31 10:30:00,68.5366541147232
2025-03-31 11:00:00,49.70173358917236
2025-03-31 11:30:00,45.08232653141022
2025-03-31 12:00:00,47.088763266801834
2025-03-31 12:30:00,51.51245296001434
2025-03-31 13:00:00,80.88682234287262
2025-03-31 13:30:00,49.666035771369934
2025-03-31 14:00:00,62.60465055704117
2025-03-31 14:30:00,69.63742971420288
2025-03-31 15:00:00,47.01429232954979
2025-03-31 15:30:00,60.873539447784424
2025-03-31 16:00:00,38.58468025922775
2025-03-31 16:30:00,69.66238677501678
2025-03-31 17:00:00,47.66485035419464
2025-03-31 17:30:00,48.595425486564636
2025-03-31 18:00:00,41.93670839071274
2025-03-31 18:30:00,33.67581233382225
2025-03-31 19:00:00,35.54975524544716
2025-03-31 19:30:00,52.90608137845993
2025-03-31 20:00:00,65.45426964759827
2025-03-31 20:30:00,47.15783342719078
2025-03-31 21:00:00,57.89133280515671
2025-03-31 21:30:00,73.12868237495422
2025-03-31 22:00:00,53.56936872005463
2025-03-31 22:30:00,55.26822209358215
2025-03-31 23:00:00,55.25829195976257
2025-03-31 23:30:00,32.48958185315132
2025-04-01 00:00:00,29.787587374448776
2025-04-01 00:30:00,72.37350583076477
2025-04-01 01:00:00,35.93540161848068
2025-04-01 01:30:00,67.71774232387543
2025-04-01 02:00:00,50.3942996263504
2025-04-01 02:30:00,69.00907516479492
2025-04-01 03:00:00,35.43897092342377
2025-04-01 03:30:00,64.41252768039703
2025-04-01 04:00:00,88.9714914560318
2025-04-01 04:30:00,60.218241810798645
2025-04-01 05:00:00,54.804717898368835
2025-04-01 05:30:00,48.7894481420517
2025-04-01 06:00:00,69.20272290706635
2025-04-01 06:30:00,53.164867758750916
2025-04-01 07:00:00,51.90422713756561
2025-04-01 07:30:00,64.65707242488861
2025-04-01 08:00:00,49.823073744773865
2025-04-01 08:30:00,50.67266255617142
2025-04-01 09:00:00,75.52673876285553
2025-04-01 09:30:00,67.6294755935669
2025-04-01 10:00:00,50.07684946060181
2025-04-01 10:30:00,63.89511704444885
2025-04-01 11:00:00,50.14882266521454
2025-04-01 11:30:00,46.41088217496872
2025-04-01 12:00:00,60.46901822090149
2025-04-01 12:30:00,48.5010689496994
2025-04-01 13:00:00,66.77317380905151
2025-04-01 13:30:00,42.02109679579735
2025-04-01 14:00:00,43.40061277151108
2025-04-01 14:30:00,48.47909092903137
2025-04-01 15:00:00,65.65497994422913
2025-04-01 15:30:00,45.61676785349846
2025-04-01 16:00:00,64.69423949718475
2025-04-01 16:30:00,57.536274790763855
2025-04-01 17:00:00,80.2626121044159
2025-04-01 17:30:00,53.62627446651459
2025-04-01 18:00:00,82.86168277263641
2025-04-01 18:30:00,71.00363373756409
2025-04-01 19:00:00,62.90616691112518
2025-04-01 19:30:00,48.89427185058594
2025-04-01 20:00:00,52.64787256717682
2025-04-01 20:30:00,32.85823553800583
2025-04-01 21:00:00,52.109107077121735
2025-04-01 21:30:00,33.01554203033447
2025-04-01 22:00:00,65.18277168273926
2025-04-01 22:30:00,36.08465254306793
2025-04-01 23:00:00,39.1264982521534
2025-04-01 23:30:00,22.34456829726696
2025-04-02 00:00:00,36.599654108285904
2025-04-02 00:30:00,46.79142668843269
2025-04-02 01:00:00,46.48901358246803
2025-04-02 01:30:00,63.81882727146149
2025-04-02 02:00:00,59.097859263420105
2025-04-02 02:30:00,45.393527299165726
2025-04-02 03:00:00,72.20853388309479
2025-04-02 03:30:00,49.801825284957886
2025-04-02 04:00:00,42.598007172346115
2025-04-02 04:30:00,50.23017883300781
2025-04-02 05:00:00,49.67823565006256
2025-04-02 05:30:00,44.38910439610481
2025-04-02 06:00:00,55.572935342788696
2025-04-02 06:30:00,54.766000509262085
2025-04-02 07:00:00,52.8286212682724
2025-04-02 07:30:00,42.085100561380386
2025-04-02 08:00:00,38.54292303323746
2025-04-02 08:30:00,35.54793894290924
2025-04-02 09:00:00,45.02478241920471
2025-04-02 09:30:00,63.72994244098663
2025-04-02 10:00:00,57.680869698524475
2025-04-02 10:30:00,51.28856897354126
2025-04-02 11:00:00,54.476896822452545
2025-04-02 11:30:00,65.8539879322052
2025-04-02 12:00:00,49.5527309179306
2025-04-02 12:30:00,43.46075087785721
2025-04-02 13:00:00,49.07368302345276
2025-04-02 13:30:00,58.69409799575806
2025-04-02 14:00:00,55.19508868455887
2025-04-02 14:30:00,59.1426157951355
2025-04-02 15:00:00,39.15948808193207
2025-04-02 15:30:00,28.958289474248886
2025-04-02 16:00:00,77.00461626052856
2025-04-02 16:30:00,65.36945819854736
2025-04-02 17:00:00,55.331217646598816
2025-04-02 17:30:00,52.32378542423248
2025-04-02 18:00:00,73.21646273136139
2025-04-02 18:30:00,42.41090267896652
2025-04-02 19:00:00,52.16227889060974
2025-04-02 19:30:00,53.908482789993286
2025-04-02 20:00:00,41.27075865864754
2025-04-02 20:30:00,53.58820557594299
2025-04-02 21:00:00,47.38779202103615
2025-04-02 21:30:00,41.56978487968445
2025-04-02 22:00:00,30.985850542783737
2025-04-02 22:30:00,44.069946855306625
2025-04-02 23:00:00,43.005730360746384
2025-04-02 23:30:00,45.98516821861267
2025-04-03 00:00:00,50.225223898887634
2025-04-03 00:30:00,47.34259977936745
2025-04-03 01:00:00,43.72738763689995
2025-04-03 01:30:00,41.98354974389076
2025-04-03 02:00:00,48.770246505737305
2025-04-03 02:30:00,62.96158313751221
2025-04-03 03:00:00,50.40924549102783
2025-04-03 03:30:00,31.189210563898087
2025-04-03 04:00:00,55.46920597553253
2025-04-03 04:30:00,58.72641146183014
2025-04-03 05:00:00,55.56983470916748
2025-04-03 05:30:00,60.351422131061554
2025-04-03 06:00:00,40.626381635665894
2025-04-03 06:30:00,43.74507188796997
2025-04-03 07:00:00,48.834457993507385
2025-04-03 07:30:00,51.25796288251877
2025-04-03 08:00:00,36.44072890281677
2025-04-03 08:30:00,48.122305274009705
2025-04-03 09:00:00,57.93330788612366
2025-04-03 09:30:00,49.443175196647644
2025-04-03 10:00:00,26.636069416999817
2025-04-03 10:30:00,43.86298969388008
2025-04-03 11:00:00,32.29042947292328
2025-04-03 11:30:00,67.95844674110413
2025-04-03 12:00:00,55.754555463790894
2025-04-03 12:30:00,73.11788082122803
2025-04-03 13:00:00,55.2629479765892
2025-04-03 13:30:00,47.2282512485981
2025-04-03 14:00:00,48.2192862033844
2025-04-03 14:30:00,57.193816900253296
2025-04-03 15:00:00,46.97573706507683
2025-04-03 15:30:00,33.92404794692993
2025-04-03 16:00:00,46.68631926178932
2025-04-03 16:30:00,55.99673926830292
2025-04-03 17:00:00,63.91228199005127
2025-04-03 17:30:00,48.45458984375
2025-04-03 18:00:00,57.64552652835846
2025-04-03 18:30:00,39.006667882204056
2025-04-03 19:00:00,22.818040624260902
2025-04-03 19:30:00,46.68445736169815
2025-04-03 20:00:00,58.641316294670105
2025-04-03 20:30:00,48.18749964237213
2025-04-03 21:00:00,37.21908926963806
2025-04-03 21:30:00,47.719648480415344
2025-04-03 22:00:00,38.43781054019928
2025-04-03 22:30:00,49.746155738830566
2025-04-03 23:00:00,39.291852712631226
2025-04-03 23:30:00,19.57726165652275
2025-04-04 00:00:00,57.717519998550415
2025-04-04 00:30:00,51.62527143955231
2025-04-04 01:00:00,43.243306279182434
2025-04-04 01:30:00,52.92062699794769
2025-04-04 02:00:00,39.13362920284271
2025-04-04 02:30:00,58.476749658584595
2025-04-04 03:00:00,57.20254123210907
2025-04-04 03:30:00,61.47933840751648
2025-04-04 04:00:00,50.306559801101685
2025-04-04 04:30:00,39.37854379415512
2025-04-04 05:00:00,31.77521511912346
2025-04-04 05:30:00,53.610984086990356
2025-04-04 06:00:00,53.07451367378235
2025-04-04 06:30:00,58.156467378139496
2025-04-04 07:00:00,44.43351894617081
2025-04-04 07:30:00,43.559945821762085
2025-04-04 08:00:00,44.75408494472504
2025-04-04 08:30:00,47.53435015678406
2025-04-04 09:00:00,68.84670734405518
2025-04-04 09:30:00,51.11175179481506
2025-04-04 10:00:00,50.99513351917267
2025-04-04 10:30:00,33.601229935884476
2025-04-04 11:00:00,57.53407597541809
2025-04-04 11:30:00,52.54061698913574
2025-04-04 12:00:00,59.27734136581421
2025-04-04 12:30:00,41.661106646060944
2025-04-04 13:00:00,67.95295476913452
2025-04-04 13:30:00,46.113363206386566
2025-04-04 14:00:00,69.35562670230865
2025-04-04 14:30:00,40.741206407547
2025-04-04 15:00:00,49.30564284324646
2025-04-04 15:30:00,68.3168637752533
2025-04-04 16:00:00,59.41821753978729
2025-04-04 16:30:00,49.155555963516235
2025-04-04 17:00:00,48.13639998435974
2025-04-04 17:30:00,55.27343034744263
2025-04-04 18:00:00,57.53494739532471
2025-04-04 18:30:00,40.53887993097305
2025-04-04 19:00:00,59.44357991218567
2025-04-04 19:30:00,44.55827131867409
2025-04-04 20:00:00,50.26710778474808
2025-04-04 20:30:00,61.02261811494827
2025-04-04 21:00:00,38.70191663503647
2025-04-04 21:30:00,50.48439025878906
2025-04-04 22:00:00,53.31618070602417
2025-04-04 22:30:00,40.83503603935242
2025-04-04 23:00:00,33.279230147600174
2025-04-04 23:30:00,48.79850685596466
2025-04-05 00:00:00,41.55760779976845
2025-04-05 00:30:00,48.57865571975708
2025-04-05 01:00:00,74.2406040430069
2025-04-05 01:30:00,68.4370082616806
2025-04-05 02:00:00,79.38690602779388
2025-04-05 02:30:00,53.35495889186859
2025-04-05 03:00:00,46.51850253343582
2025-04-05 03:30:00,63.894407749176025
2025-04-05 04:00:00,57.413384318351746
2025-04-05 04:30:00,61.43503785133362
2025-04-05 05:00:00,50.5383574962616
2025-04-05 05:30:00,49.732152223587036
2025-04-05 06:00:00,68.55564296245575
2025-04-05 06:30:00,40.54555743932724
2025-04-05 07:00:00,76.38797521591187
2025-04-05 07:30:00,35.829767286777496
2025-04-05 08:00:00,46.128858774900436
2025-04-05 08:30:00,61.37768626213074
2025-04-05 09:00:00,59.75036025047302
2025-04-05 09:30:00,54.23018366098404
2025-04-05 10:00:00,53.13191086053848
2025-04-05 10:30:00,48.41374456882477
2025-04-05 11:00:00,48.57152223587036
2025-04-05 11:30:00,45.94790741801262
2025-04-05 12:00:00,69.34841215610504
2025-04-05 12:30:00,55.23053824901581
2025-04-05 13:00:00,53.97757828235626
2025-04-05 13:30:00,43.22118639945984
2025-04-05 14:00:00,62.14279294013977
2025-04-05 14:30:00,37.32886537909508
2025-04-05 15:00:00,41.70688912272453
2025-04-05 15:30:00,41.96812257170677
2025-04-05 16:00:00,55.677029490470886
2025-04-05 16:30:00,43.916364163160324
2025-04-05 17:00:00,62.855857610702515
2025-04-05 17:30:00,48.81204426288605
2025-04-05 18:00:00,57.93344974517822
2025-04-05 18:30:00,38.59367311000824
2025-04-05 19:00:00,28.069228380918503
2025-04-05 19:30:00,30.57168036699295
2025-04-05 20:00:00,57.15012937784195
2025-04-05 20:30:00,27.820308804512024
2025-04-05 21:00:00,24.12101350724697
2025-04-05 21:30:00,35.36550313234329
2025-04-05 22:00:00,55.77429413795471
2025-04-05 22:30:00,45.92710480093956
2025-04-05 23:00:00,39.889971017837524
2025-04-05 23:30:00,34.71753403544426
2025-04-06 00:00:00,53.93922567367554
2025-04-06 00:30:00,48.20993363857269
2025-04-06 01:00:00,51.72772407531738
2025-04-06 01:30:00,58.47628355026245
2025-04-06 02:00:00,75.36391496658325
2025-04-06 02:30:00,67.04826891422272
2025-04-06 03:00:00,64.59008455276489
2025-04-06 03:30:00,53.88807028532028
2025-04-06 04:00:00,41.71339437365532
2025-04-06 04:30:00,53.469955921173096
2025-04-06 05:00:00,56.88976734876633
2025-04-06 05:30:00,39.452054649591446
2025-04-06 06:00:00,43.24853986501694
2025-04-06 06:30:00,38.849586844444275
2025-04-06 07:00:00,39.6236914396286
2025-04-06 07:30:00,36.39707177877426
2025-04-06 08:00:00,45.47238573431969
2025-04-06 08:30:00,45.28334841132164
2025-04-06 09:00:00,38.70131120085716
2025-04-06 09:30:00,38.82781147956848
2025-04-06 10:00:00,41.19858533143997
2025-04-06 10:30:00,67.35672116279602
2025-04-06 11:00:00,53.9568567276001
2025-04-06 11:30:00,51.144166588783264
2025-04-06 12:00:00,46.95207193493843
2025-04-06 12:30:00,23.878134340047836
2025-04-06 13:00:00,63.803313970565796
2025-04-06 13:30:00,86.91750407218933
2025-04-06 14:00:00,49.14797157049179
2025-04-06 14:30:00,55.014988481998444
2025-04-06 15:00:00,45.362108051776886
2025-04-06 15:30:00,39.40749317407608
2025-04-06 16:00:00,66.79114937782288
2025-04-06 16:30:00,32.6280514895916
2025-04-06 17:00:00,38.46742361783981
2025-04-06 17:30:00,41.09893441200256
2025-04-06 18:00:00,41.44219785928726
2025-04-06 18:30:00,58.67050886154175
2025-04-06 19:00:00,41.21599853038788
2025-04-06 19:30:00,50.21952927112579
2025-04-06 20:00:00,27.091462314128876
2025-04-06 20:30:00,34.777411222457886
2025-04-06 21:00:00,49.152485728263855
2025-04-06 21:30:00,41.732307225465775
2025-04-06 22:00:00,77.18035936355591
2025-04-06 22:30:00,50.009765326976776
2025-04-06 23:00:00,63.290807604789734
2025-04-06 23:30:00,52.47657775878906
2025-04-07 00:00:00,27.052760124206543
2025-04-07 00:30:00,44.790074080228806
2025-04-07 01:00:00,34.99261140823364
2025-04-07 01:30:00,44.90791082382202
2025-04-07 02:00:00,61.563602685928345
2025-04-07 02:30:00,41.507166773080826
2025-04-07 03:00:00,27.95915335416794
2025-04-07 03:30:00,82.37026274204254
2025-04-07 04:00:00,70.4790186882019
2025-04-07 04:30:00,38.45954790711403
2025-04-07 05:00:00,50.944581031799316
2025-04-07 05:30:00,52.40598261356354
2025-04-07 06:00:00,55.251913368701935
2025-04-07 06:30:00,61.96809858083725
2025-04-07 07:00:00,58.64848017692566
2025-04-07 07:30:00,60.59786677360535
2025-04-07 08:00:00,65.41838943958282
2025-04-07 08:30:00,56.72541856765747
2025-04-07 09:00:00,67.11415231227875
2025-04-07 09:30:00,52.57892906665802
2025-04-07 10:00:00,48.31166684627533
2025-04-07 10:30:00,55.231804847717285
2025-04-07 11:00:00,54.489304423332214
2025-04-07 11:30:00,49.943461418151855
2025-04-07 12:00:00,38.28235328197479
2025-04-07 12:30:00,26.750992983579636
2025-04-07 13:00:00,35.92310547828674
2025-04-07 13:30:00,30.93866467475891
2025-04-07 14:00:00,35.03478914499283
2025-04-07 14:30:00,59.705461859703064
2025-04-07 15:00:00,44.61278572678566
2025-04-07 15:30:00,50.524293184280396
2025-04-07 16:00:00,30.253791958093643
2025-04-07 16:30:00,64.95335519313812
2025-04-07 17:00:00,72.55340337753296
2025-04-07 17:30:00,40.65083712339401
2025-04-07 18:00:00,66.42262995243073
2025-04-07 18:30:00,59.413151144981384
2025-04-07 19:00:00,56.25570297241211
2025-04-07 19:30:00,79.23501551151276
2025-04-07 20:00:00,60.71011781692505
2025-04-07 20:30:00,77.7643221616745
2025-04-07 21:00:00,60.770347118377686
2025-04-07 21:30:00,44.646489918231964
2025-04-07 22:00:00,47.663978934288025
2025-04-07 22:30:00,47.00737923383713
2025-04-07 23:00:00,60.86290001869202
2025-04-07 23:30:00,38.06640326976776
2025-04-08 00:00:00,52.535560727119446
2025-04-08 00:30:00,49.522884786129
2025-04-08 01:00:00,61.73331677913666
2025-04-08 01:30:00,43.36526200175285
2025-04-08 02:00:00,51.79366320371628
2025-04-08 02:30:00,58.52244853973389
2025-04-08 03:00:00,56.38936460018158
2025-04-08 03:30:00,69.99395191669464
2025-04-08 04:00:00,63.95909547805786
2025-04-08 04:30:00,56.67789578437805
2025-04-08 05:00:00,58.12895178794861
2025-04-08 05:30:00,40.058611035346985
2025-04-08 06:00:00,58.167030811309814
2025-04-08 06:30:00,50.33874154090881
2025-04-08 07:00:00,72.50152349472046
2025-04-08 07:30:00,62.70366817712784
2025-04-08 08:00:00,61.79964601993561
2025-04-08 08:30:00,56.86614274978638
2025-04-08 09:00:00,66.6599702835083
2025-04-08 09:30:00,56.84099316596985
2025-04-08 10:00:00,58.53641152381897
2025-04-08 10:30:00,47.602665424346924
2025-04-08 11:00:00,50.86367070674896
2025-04-08 11:30:00,44.178636223077774
2025-04-08 12:00:00,66.29518985748291
2025-04-08 12:30:00,55.96094012260437
2025-04-08 13:00:00,75.40813446044922
2025-04-08 13:30:00,50.77447682619095
2025-04-08 14:00:00,26.716810017824173
2025-04-08 14:30:00,44.6244840323925
2025-04-08 15:00:00,45.00157579779625
2025-04-08 15:30:00,49.80965793132782
2025-04-08 16:00:00,74.18056726455688
2025-04-08 16:30:00,38.280177265405655
2025-04-08 17:00:00,48.75316262245178
2025-04-08 17:30:00,71.0398381948471
2025-04-08 18:00:00,47.768108546733856
2025-04-08 18:30:00,59.48094964027405
2025-04-08 19:00:00,47.70362854003906
2025-04-08 19:30:00,36.48416310548782
2025-04-08 20:00:00,45.293359607458115
2025-04-08 20:30:00,59.75678950548172
2025-04-08 21:00:00,46.97852358222008
2025-04-08 21:30:00,65.33369958400726
2025-04-08 22:00:00,53.48197340965271
2025-04-08 22:30:00,92.68608093261719
2025-04-08 23:00:00,38.95510211586952
2025-04-08 23:30:00,72.35644221305847
2025-04-09 00:00:00,25.540941581130028
2025-04-09 00:30:00,53.33453118801117
2025-04-09 01:00:00,31.02702260017395
2025-04-09 01:30:00,37.450441122055054
2025-04-09 02:00:00,54.606561064720154
2025-04-09 02:30:00,58.40407729148865
2025-04-09 03:00:00,60.23493051528931
2025-04-09 03:30:00,74.93195414543152
2025-04-09 04:00:00,48.12040030956268
2025-04-09 04:30:00,44.42927077412605
2025-04-09 05:00:00,35.30722439289093
2025-04-09 05:30:00,25.485296100378036
2025-04-09 06:00:00,61.744341254234314
2025-04-09 06:30:00,55.897265672683716
2025-04-09 07:00:00,56.19257569313049
2025-04-09 07:30:00,32.051837742328644
2025-04-09 08:00:00,43.362432420253754
2025-04-09 08:30:00,53.93117010593414
2025-04-09 09:00:00,58.00672501325607
2025-04-09 09:30:00,54.10052955150604
2025-04-09 10:00:00,49.126373529434204
2025-04-09 10:30:00,39.14432182908058
2025-04-09 11:00:00,55.24695336818695
2025-04-09 11:30:00,59.92697477340698
2025-04-09 12:00:00,67.14686095714569
2025-04-09 12:30:00,63.36627662181854
2025-04-09 13:00:00,71.25186681747437
2025-04-09 13:30:00,53.83962035179138
2025-04-09 14:00:00,58.10841262340546
2025-04-09 14:30:00,53.65763545036316
2025-04-09 15:00:00,70.71489989757538
2025-04-09 15:30:00,35.07605493068695
2025-04-09 16:00:00,48.21795880794525
2025-04-09 16:30:00,71.5560531616211
2025-04-09 17:00:00,36.54855698347092
2025-04-09 17:30:00,69.08446311950684
2025-04-09 18:00:00,71.79828763008118
2025-04-09 18:30:00,68.92377734184265
2025-04-09 19:00:00,50.357608795166016
2025-04-09 19:30:00,63.75922620296478
2025-04-09 20:00:00,73.40698957443237
2025-04-09 20:30:00,48.697862923145294
2025-04-09 21:00:00,41.54078736901283
2025-04-09 21:30:00,60.71760594844818
2025-04-09 22:00:00,49.49221283197403
2025-04-09 22:30:00,55.06496846675873
2025-04-09 23:00:00,60.05873143672943
2025-04-09 23:30:00,62.58955270051956
2025-04-10 00:00:00,34.47418749332428
2025-04-10 00:30:00,45.037476271390915
2025-04-10 01:00:00,55.7809716463089
2025-04-10 01:30:00,52.85824954509735
2025-04-10 02:00:00,51.1911016702652
2025-04-10 02:30:00,55.1418662071228
2025-04-10 03:00:00,61.89060300588608
2025-04-10 03:30:00,60.36628693342209
2025-04-10 04:00:00,51.239840388298035
2025-04-10 04:30:00,50.2105313539505
2025-04-10 05:00:00,44.364957958459854
2025-04-10 05:30:00,64.53698873519897
2025-04-10 06:00:00,44.56393301486969
2025-04-10 06:30:00,24.02757778763771
2025-04-10 07:00:00,41.212933361530304
2025-04-10 07:30:00,50.14708995819092
2025-04-10 08:00:00,38.15068781375885
2025-04-10 08:30:00,32.29563266038895
2025-04-10 09:00:00,38.696158677339554
2025-04-10 09:30:00,43.083970695734024
2025-04-10 10:00:00,56.85956656932831
2025-04-10 10:30:00,63.763481974601746
2025-04-10 11:00:00,39.03033807873726
2025-04-10 11:30:00,48.12594294548035
2025-04-10 12:00:00,46.88717141747475
2025-04-10 12:30:00,82.28305995464325
2025-04-10 13:00:00,59.98445302248001
2025-04-10 13:30:00,47.32245326042175
2025-04-10 14:00:00,19.689589962363243
2025-04-10 14:30:00,48.80125284194946
2025-04-10 15:00:00,39.75778117775917
2025-04-10 15:30:00,38.84742856025696
2025-04-10 16:00:00,51.38977527618408
2025-04-10 16:30:00,54.142266511917114
2025-04-10 17:00:00,42.39314243197441
2025-04-10 17:30:00,37.39587351679802
2025-04-10 18:00:00,60.18464654684067
2025-04-10 18:30:00,24.390953555703163
2025-04-10 19:00:00,49.43385303020477
2025-04-10 19:30:00,38.74840587377548
2025-04-10 20:00:00,51.20270371437073
2025-04-10 20:30:00,52.489340007305145
2025-04-10 21:00:00,47.278292030096054
2025-04-10 21:30:00,40.876263827085495
2025-04-10 22:00:00,34.773715287446976
2025-04-10 22:30:00,37.247537076473236
2025-04-10 23:00:00,51.955833435058594
2025-04-10 23:30:00,44.81187477707863
2025-04-11 00:00:00,54.954662919044495
2025-04-11 00:30:00,61.46594285964966
2025-04-11 01:00:00,43.628684133291245
2025-04-11 01:30:00,49.14040744304657
2025-04-11 02:00:00,17.66712948679924
2025-04-11 02:30:00,65.47809183597565
2025-04-11 03:00:00,61.07583045959473
2025-04-11 03:30:00,56.49427950382233
2025-04-11 04:00:00,47.217794209718704
2025-04-11 04:30:00,56.47263586521149
2025-04-11 05:00:00,56.130046248435974
2025-04-11 05:30:00,63.28497111797333
2025-04-11 06:00:00,52.44251638650894
2025-04-11 06:30:00,50.43822020292282
2025-04-11 07:00:00,53.33440959453583
2025-04-11 07:30:00,51.25966012477875
2025-04-11 08:00:00,38.756177723407745
2025-04-11 08:30:00,66.54255151748657
2025-04-11 09:00:00,63.56933772563934
2025-04-11 09:30:00,70.93492329120636
2025-04-11 10:00:00,34.11321699619293
2025-04-11 10:30:00,38.61065059900284
2025-04-11 11:00:00,54.15327072143555
2025-04-11 11:30:00,41.054902374744415
2025-04-11 12:00:00,52.65534043312073
2025-04-11 12:30:00,42.43480086326599
2025-04-11 13:00:00,72.22444236278534
2025-04-11 13:30:00,34.05338034033775
2025-04-11 14:00:00,43.1082159280777
2025-04-11 14:30:00,54.66130346059799
2025-04-11 15:00:00,50.59085547924042
2025-04-11 15:30:00,49.965054392814636
2025-04-11 16:00:00,58.676294684410095
2025-04-11 16:30:00,45.31386584043503
2025-04-11 17:00:00,55.185609459877014
2025-04-11 17:30:00,44.04500499367714
2025-04-11 18:00:00,70.12367188930511
2025-04-11 18:30:00,39.460036754608154
2025-04-11 19:00:00,42.46538922190666
2025-04-11 19:30:00,36.40977829694748
2025-04-11 20:00:00,39.866544008255005
2025-04-11 20:30:00,45.71382477879524
2025-04-11 21:00:00,70.8717554807663
2025-04-11 21:30:00,43.70639503002167
2025-04-11 22:00:00,33.097394704818726
2025-04-11 22:30:00,42.053121477365494
2025-04-11 23:00:00,50.947864055633545
2025-04-11 23:30:00,37.837602347135544
2025-04-12 00:00:00,50.01198947429657
2025-04-12 00:30:00,57.03084111213684
2025-04-12 01:00:00,35.66739946603775
2025-04-12 01:30:00,47.8450670838356
2025-04-12 02:00:00,31.39026790857315
2025-04-12 02:30:00,49.10114288330078
2025-04-12 03:00:00,54.202455282211304
2025-04-12 03:30:00,38.45892980694771
2025-04-12 04:00:00,34.1702139377594
2025-04-12 04:30:00,43.041043132543564
2025-04-12 05:00:00,64.73172068595886
2025-04-12 05:30:00,37.53669649362564
2025-04-12 06:00:00,67.74994432926178
2025-04-12 06:30:00,51.14901006221771
2025-04-12 07:00:00,82.11063027381897
2025-04-12 07:30:00,46.098673194646835
2025-04-12 08:00:00,66.00562512874603
2025-04-12 08:30:00,57.54572868347168
2025-04-12 09:00:00,52.50910401344299
2025-04-12 09:30:00,30.63752830028534
2025-04-12 10:00:00,30.302806794643402
2025-04-12 10:30:00,49.90656793117523
2025-04-12 11:00:00,54.71307694911957
2025-04-12 11:30:00,67.52380073070526
2025-04-12 12:00:00,57.01633095741272
2025-04-12 12:30:00,38.77772510051727
2025-04-12 13:00:00,74.45749640464783
2025-04-12 13:30:00,51.97295278310776
2025-04-12 14:00:00,56.921254992485046
2025-04-12 14:30:00,54.10168468952179
2025-04-12 15:00:00,53.091790080070496
2025-04-12 15:30:00,62.24824994802475
2025-04-12 16:00:00,51.76077723503113
2025-04-12 16:30:00,55.55080533027649
2025-04-12 17:00:00,63.10456693172455
2025-04-12 17:30:00,74.34655249118805
2025-04-12 18:00:00,50.7650887966156
2025-04-12 18:30:00,39.467180371284485
2025-04-12 19:00:00,33.81943196058273
2025-04-12 19:30:00,32.228016555309296
2025-04-12 20:00:00,61.45801901817322
2025-04-12 20:30:00,60.55715322494507
2025-04-12 21:00:00,39.555487632751465
2025-04-12 21:30:00,33.64263504743576
2025-04-12 22:00:00,54.01652365922928
2025-04-12 22:30:00,59.56487953662872
2025-04-12 23:00:00,54.61067497730255
2025-04-12 23:30:00,42.58775785565376
2025-04-13 00:00:00,40.29103443026543
2025-04-13 00:30:00,42.12399780750275
2025-04-13 01:00:00,45.777205377817154
2025-04-13 01:30:00,51.603111028671265
2025-04-13 02:00:00,38.67703050374985
2025-04-13 02:30:00,44.713840037584305
2025-04-13 03:00:00,58.80954086780548
2025-04-13 03:30:00,56.31422996520996
2025-04-13 04:00:00,46.960325092077255
2025-04-13 04:30:00,84.67364847660065
2025-04-13 05:00:00,55.70899844169617
2025-04-13 05:30:00,53.653420209884644
2025-04-13 06:00:00,54.631087481975555
2025-04-13 06:30:00,44.17751908302307
2025-04-13 07:00:00,58.05035173892975
2025-04-13 07:30:00,56.77281975746155
2025-04-13 08:00:00,66.55686914920807
2025-04-13 08:30:00,57.92946755886078
2025-04-13 09:00:00,44.17190298438072
2025-04-13 09:30:00,49.68201011419296
2025-04-13 10:00:00,52.49224305152893
2025-04-13 10:30:00,35.63304677605629
2025-04-13 11:00:00,52.733459174633026
2025-04-13 11:30:00,45.859752148389816
2025-04-13 12:00:00,58.68372201919556
2025-04-13 12:30:00,49.71682131290436
2025-04-13 13:00:00,44.71158042550087
2025-04-13 13:30:00,45.01291945576668
2025-04-13 14:00:00,44.36827138066292
2025-04-13 14:30:00,42.75730475783348
2025-04-13 15:00:00,42.53602743148804
2025-04-13 15:30:00,22.12915025651455
2025-04-13 16:00:00,65.90668857097626
2025-04-13 16:30:00,52.941956520080566
2025-04-13 17:00:00,37.63229429721832
2025-04-13 17:30:00,59.98520791530609
2025-04-13 18:00:00,42.82302349805832
2025-04-13 18:30:00,54.418430626392365
2025-04-13 19:00:00,46.047821789979935
2025-04-13 19:30:00,45.79920366406441
2025-04-13 20:00:00,50.45504570007324
2025-04-13 20:30:00,42.44479939341545
2025-04-13 21:00:00,55.51547735929489
2025-04-13 21:30:00,35.67052036523819
2025-04-13 22:00:00,62.965372800827026
2025-04-13 22:30:00,54.58209037780762
2025-04-13 23:00:00,53.27077567577362
2025-04-13 23:30:00,53.74504089355469
2025-04-14 00:00:00,36.317453384399414
2025-04-14 00:30:00,48.74322235584259
2025-04-14 01:00:00,42.99916937947273
2025-04-14 01:30:00,31.81324854493141
2025-04-14 02:00:00,55.16220271587372
2025-04-14 02:30:00,43.870351165533066
2025-04-14 03:00:00,60.30306339263916
2025-04-14 03:30:00,84.46991860866547
2025-04-14 04:00:00,51.02687448263168
2025-04-14 04:30:00,62.226910293102264
2025-04-14 05:00:00,54.283370673656464
2025-04-14 05:30:00,72.10810780525208
2025-04-14 06:00:00,42.08765149116516
2025-04-14 06:30:00,56.827759742736816
2025-04-14 07:00:00,46.37243077158928
2025-04-14 07:30:00,33.50378796458244
2025-04-14 08:00:00,39.307776391506195
2025-04-14 08:30:00,42.59271785616875
2025-04-14 09:00:00,50.819886922836304
2025-04-14 09:30:00,51.615777015686035
2025-04-14 10:00:00,46.49079442024231
2025-04-14 10:30:00,37.13382691144943
2025-04-14 11:00:00,62.76480436325073
2025-04-14 11:30:00,55.83359122276306
2025-04-14 12:00:00,54.369225800037384
2025-04-14 12:30:00,90.87941467761993
2025-04-14 13:00:00,53.93990457057953
2025-04-14 13:30:00,57.979072630405426
2025-04-14 14:00:00,57.30651378631592
2025-04-14 14:30:00,39.73897725343704
2025-04-14 15:00:00,57.188841700553894
2025-04-14 15:30:00,33.615618497133255
2025-04-14 16:00:00,68.10923278331757
2025-04-14 16:30:00,60.35951316356659
2025-04-14 17:00:00,39.37201827764511
2025-04-14 17:30:00,42.28048861026764
2025-04-14 18:00:00,66.89944863319397
2025-04-14 18:30:00,59.853299260139465
2025-04-14 19:00:00,73.59983682632446
2025-04-14 19:30:00,70.52893280982971
2025-04-14 20:00:00,56.77229791879654
2025-04-14 20:30:00,37.665438652038574
2025-04-14 21:00:00,53.013848662376404
2025-04-14 21:30:00,66.39303207397461
2025-04-14 22:00:00,63.41316103935242
2025-04-14 22:30:00,60.882142186164856
2025-04-14 23:00:00,46.09258592128754
2025-04-14 23:30:00,47.95602113008499
2025-04-15 00:00:00,23.857459649443626
2025-04-15 00:30:00,38.40353637933731
2025-04-15 01:00:00,40.23819953203201
2025-04-15 01:30:00,74.18954491615295
2025-04-15 02:00:00,46.65952816605568
2025-04-15 02:30:00,24.84961174428463
2025-04-15 03:00:00,64.17720377445221
2025-04-15 03:30:00,63.80184471607208
2025-04-15 04:00:00,57.344602942466736
2025-04-15 04:30:00,77.61963605880737
2025-04-15 05:00:00,72.48964786529541
2025-04-15 05:30:00,46.600175350904465
2025-04-15 06:00:00,53.828930258750916
2025-04-15 06:30:00,56.15720212459564
2025-04-15 07:00:00,51.686899065971375
2025-04-15 07:30:00,53.83433610200882
2025-04-15 08:00:00,44.05849680304527
2025-04-15 08:30:00,43.74251589179039
2025-04-15 09:00:00,55.06041884422302
2025-04-15 09:30:00,61.55176252126694
2025-04-15 10:00:00,45.6737419962883
2025-04-15 10:30:00,52.26474165916443
2025-04-15 11:00:00,47.529476284980774
2025-04-15 11:30:00,48.967775106430054
2025-04-15 12:00:00,44.97079238295555
2025-04-15 12:30:00,49.51749920845032
2025-04-15 13:00:00,54.32933807373047
2025-04-15 13:30:00,55.7880038022995
2025-04-15 14:00:00,47.75679528713226
2025-04-15 14:30:00,34.686439037323
2025-04-15 15:00:00,57.368972301483154
2025-04-15 15:30:00,74.98170614242554
2025-04-15 16:00:00,54.6742582321167
2025-04-15 16:30:00,59.437206387519836
2025-04-15 17:00:00,44.36974570155144
2025-04-15 17:30:00,43.01019385457039
2025-04-15 18:00:00,57.46259927749634
2025-04-15 18:30:00,40.55271625518799
2025-04-15 19:00:00,29.51884299516678
2025-04-15 19:30:00,56.78203046321869
2025-04-15 20:00:00,75.17926514148712
2025-04-15 20:30:00,51.46695673465729
2025-04-15 21:00:00,46.287789046764374
2025-04-15 21:30:00,83.26125919818878
2025-04-15 22:00:00,42.45437487959862
2025-04-15 22:30:00,53.64878952503204
2025-04-15 23:00:00,67.75163650512695
2025-04-15 23:30:00,70.99889159202576
2025-04-16 00:00:00,45.28578534722328
2025-04-16 00:30:00,39.224039018154144
2025-04-16 01:00:00,53.568304777145386
2025-04-16 01:30:00,77.66360223293304
2025-04-16 02:00:00,45.63329949975014
2025-04-16 02:30:00,33.41982260346413
2025-04-16 03:00:00,40.82829773426056
2025-04-16 03:30:00,39.56038936972618
2025-04-16 04:00:00,50.54624080657959
2025-04-16 04:30:00,45.037217885255814
2025-04-16 05:00:00,47.49497413635254
2025-04-16 05:30:00,52.07411348819733
2025-04-16 06:00:00,60.802143812179565
2025-04-16 06:30:00,44.06258538365364
2025-04-16 07:00:00,55.95971405506134
2025-04-16 07:30:00,29.58597019314766
2025-04-16 08:00:00,31.211986541748047
2025-04-16 08:30:00,47.54409283399582
2025-04-16 09:00:00,65.05662858486176
2025-04-16 09:30:00,81.2759518623352
2025-04-16 10:00:00,51.49196445941925
2025-04-16 10:30:00,42.69139349460602
2025-04-16 11:00:00,58.832319378852844
2025-04-16 11:30:00,50.674152076244354
2025-04-16 12:00:00,41.135724037885666
2025-04-16 12:30:00,57.510334849357605
2025-04-16 13:00:00,38.98745611310005
2025-04-16 13:30:00,40.02684473991394
2025-04-16 14:00:00,45.775432139635086
2025-04-16 14:30:00,56.7666894197464
2025-04-16 15:00:00,38.940845280885696
2025-04-16 15:30:00,57.791636288166046
2025-04-16 16:00:00,55.652639865875244
2025-04-16 16:30:00,53.47422182559967
2025-04-16 17:00:00,49.34612333774567
2025-04-16 17:30:00,30.330547839403152
2025-04-16 18:00:00,32.70962297916412
2025-04-16 18:30:00,51.41159117221832
2025-04-16 19:00:00,56.004703640937805
2025-04-16 19:30:00,47.10426136851311
2025-04-16 20:00:00,30.580962002277374
2025-04-16 20:30:00,65.97350418567657
2025-04-16 21:00:00,56.71710968017578
2025-04-16 21:30:00,55.54139196872711
2025-04-16 22:00:00,74.19480383396149
2025-04-16 22:30:00,56.18387162685394
2025-04-16 23:00:00,56.3960725069046
2025-04-16 23:30:00,57.43118762969971
2025-04-17 00:00:00,41.14739954471588
2025-04-17 00:30:00,49.5169672369957
2025-04-17 01:00:00,39.0638193488121
2025-04-17 01:30:00,38.43188539147377
2025-04-17 02:00:00,53.06346893310547
2025-04-17 02:30:00,35.26756972074509
2025-04-17 03:00:00,54.46539610624313
2025-04-17 03:30:00,34.96181532740593
2025-04-17 04:00:00,49.99853312969208
2025-04-17 04:30:00,34.92044314742088
2025-04-17 05:00:00,47.512747049331665
2025-04-17 05:30:00,68.511261343956
2025-04-17 06:00:00,56.90584808588028
2025-04-17 06:30:00,62.02797830104828
2025-04-17 07:00:00,43.7498115003109
2025-04-17 07:30:00,44.17113795876503
2025-04-17 08:00:00,76.28231048583984
2025-04-17 08:30:00,63.8836669921875
2025-04-17 09:00:00,81.9073361158371
2025-04-17 09:30:00,36.10027223825455
2025-04-17 10:00:00,51.35211169719696
2025-04-17 10:30:00,46.30009785294533
2025-04-17 11:00:00,44.63985040783882
2025-04-17 11:30:00,47.01397314667702
2025-04-17 12:00:00,42.08506003022194
2025-04-17 12:30:00,34.67946767807007
2025-04-17 13:00:00,45.650396049022675
2025-04-17 13:30:00,65.94088673591614
2025-04-17 14:00:00,69.90709364414215
2025-04-17 14:30:00,44.94555667042732
2025-04-17 15:00:00,38.42546880245209
2025-04-17 15:30:00,62.45980739593506
2025-04-17 16:00:00,52.913949489593506
2025-04-17 16:30:00,59.320881962776184
2025-04-17 17:00:00,49.06290680170059
2025-04-17 17:30:00,40.092885196208954
2025-04-17 18:00:00,57.98343479633331
2025-04-17 18:30:00,61.37757480144501
2025-04-17 19:00:00,42.02771604061127
2025-04-17 19:30:00,24.310363680124283
2025-04-17 20:00:00,54.747234582901
2025-04-17 20:30:00,47.91393458843231
2025-04-17 21:00:00,65.37666261196136
2025-04-17 21:30:00,28.552319258451462
2025-04-17 22:00:00,29.198601245880127
2025-04-17 22:30:00,51.409199833869934
2025-04-17 23:00:00,65.54012477397919
2025-04-17 23:30:00,53.60186457633972
2025-04-18 00:00:00,52.807332277297974
2025-04-18 00:30:00,43.0080609023571
2025-04-18 01:00:00,34.68594506382942
2025-04-18 01:30:00,62.77202904224396
2025-04-18 02:00:00,54.26861226558685
2025-04-18 02:30:00,47.88826823234558
2025-04-18 03:00:00,69.67038154602051
2025-04-18 03:30:00,39.30081516504288
2025-04-18 04:00:00,65.41284680366516
2025-04-18 04:30:00,42.323841750621796
2025-04-18 05:00:00,41.922170370817184
2025-04-18 05:30:00,51.04079186916351
2025-04-18 06:00:00,49.47019428014755
2025-04-18 06:30:00,85.03923952579498
2025-04-18 07:00:00,57.2788006067276
2025-04-18 07:30:00,61.59259766340256
2025-04-18 08:00:00,57.16219246387482
2025-04-18 08:30:00,55.60480296611786
2025-04-18 09:00:00,45.34989044070244
2025-04-18 09:30:00,71.861931681633
2025-04-18 10:00:00,60.37619173526764
2025-04-18 10:30:00,78.60544502735138
2025-04-18 11:00:00,40.6796370446682
2025-04-18 11:30:00,41.654728055000305
2025-04-18 12:00:00,68.56891691684723
2025-04-18 12:30:00,43.77986788749695
2025-04-18 13:00:00,43.08596685528755
2025-04-18 13:30:00,59.10768300294876
2025-04-18 14:00:00,56.12265944480896
2025-04-18 14:30:00,47.784194350242615
2025-04-18 15:00:00,42.36278459429741
2025-04-18 15:30:00,38.90119060873985
2025-04-18 16:00:00,54.96301233768463
2025-04-18 16:30:00,41.49714797735214
2025-04-18 17:00:00,59.47638988494873
2025-04-18 17:30:00,55.41253328323364
2025-04-18 18:00:00,33.20453628897667
2025-04-18 18:30:00,38.27055364847183
2025-04-18 19:00:00,63.40861141681671
2025-04-18 19:30:00,46.836669594049454
2025-04-18 20:00:00,69.77176010608673
2025-04-18 20:30:00,61.035714745521545
2025-04-18 21:00:00,35.24509012699127
2025-04-18 21:30:00,37.03478395938873
2025-04-18 22:00:00,42.6665098965168
2025-04-18 22:30:00,35.79920679330826
2025-04-18 23:00:00,59.311630725860596
2025-04-18 23:30:00,68.57684075832367
2025-04-19 00:00:00,66.93431556224823
2025-04-19 00:30:00,55.956846475601196
2025-04-19 01:00:00,40.964966267347336
2025-04-19 01:30:00,38.41135889291763
2025-04-19 02:00:00,58.43651741743088
2025-04-19 02:30:00,44.53292667865753
2025-04-19 03:00:00,61.07377350330353
2025-04-19 03:30:00,50.04673480987549
2025-04-19 04:00:00,53.59478175640106
2025-04-19 04:30:00,64.31092619895935
2025-04-19 05:00:00,60.45400142669678
2025-04-19 05:30:00,57.35883951187134
2025-04-19 06:00:00,62.20772385597229
2025-04-19 06:30:00,49.21663135290146
2025-04-19 07:00:00,35.617839992046356
2025-04-19 07:30:00,35.37047326564789
2025-04-19 08:00:00,30.605052709579468
2025-04-19 08:30:00,52.4052631855011
2025-04-19 09:00:00,32.65867531299591
2025-04-19 09:30:00,69.11733388900757
2025-04-19 10:00:00,54.79703724384308
2025-04-19 10:30:00,80.67537128925323
2025-04-19 11:00:00,46.75804167985916
2025-04-19 11:30:00,66.15404009819031
2025-04-19 12:00:00,47.73160517215729
2025-04-19 12:30:00,57.90842682123184
2025-04-19 13:00:00,55.67098021507263
2025-04-19 13:30:00,66.36702120304108
2025-04-19 14:00:00,72.50124990940094
2025-04-19 14:30:00,60.56123673915863
2025-04-19 15:00:00,63.9315140247345
2025-04-19 15:30:00,57.308484613895416
2025-04-19 16:00:00,49.805392026901245
2025-04-19 16:30:00,49.63617444038391
2025-04-19 17:00:00,64.40334737300873
2025-04-19 17:30:00,71.86602532863617
2025-04-19 18:00:00,66.03446304798126
2025-04-19 18:30:00,55.11215686798096
2025-04-19 19:00:00,53.98413419723511
2025-04-19 19:30:00,63.2259476184845
2025-04-19 20:00:00,41.77728161215782
2025-04-19 20:30:00,48.52192223072052
2025-04-19 21:00:00,39.66990455985069
2025-04-19 21:30:00,54.63210582733154
2025-04-19 22:00:00,61.07299327850342
2025-04-19 22:30:00,54.747923612594604
2025-04-19 23:00:00,55.89069962501526
2025-04-19 23:30:00,48.92531871795654
2025-04-20 00:00:00,37.99373596906662
2025-04-20 00:30:00,28.422500491142273
2025-04-20 01:00:00,49.939225912094116
2025-04-20 01:30:00,49.47943031787872
2025-04-20 02:00:00,46.90232500433922
2025-04-20 02:30:00,63.53858470916748
2025-04-20 03:00:00,51.451595425605774
2025-04-20 03:30:00,55.323354601860046
2025-04-20 04:00:00,59.41751837730408
2025-04-20 04:30:00,54.79548692703247
2025-04-20 05:00:00,52.249886989593506
2025-04-20 05:30:00,73.56021761894226
2025-04-20 06:00:00,45.45540317893028
2025-04-20 06:30:00,36.70482739806175
2025-04-20 07:00:00,61.517853140830994
2025-04-20 07:30:00,43.12030181288719
2025-04-20 08:00:00,35.765983909368515
2025-04-20 08:30:00,53.19856941699982
2025-04-20 09:00:00,53.85266125202179
2025-04-20 09:30:00,61.09577178955078
2025-04-20 10:00:00,37.612213641405106
2025-04-20 10:30:00,64.84669744968414
2025-04-20 11:00:00,46.5813384950161
2025-04-20 11:30:00,51.74306511878967
2025-04-20 12:00:00,67.3227459192276
2025-04-20 12:30:00,65.51533997058868
2025-04-20 13:00:00,73.62264573574066
2025-04-20 13:30:00,54.696935415267944
2025-04-20 14:00:00,78.65747690200806
2025-04-20 14:30:00,60.91200351715088
2025-04-20 15:00:00,23.711876794695854
2025-04-20 15:30:00,56.26112908124924
2025-04-20 16:00:00,55.67347288131714
2025-04-20 16:30:00,64.28496599197388
2025-04-20 17:00:00,75.84525287151337
2025-04-20 17:30:00,48.979498744010925
2025-04-20 18:00:00,16.131628081202507
2025-04-20 18:30:00,62.836478650569916
2025-04-20 19:00:00,48.585125505924225
2025-04-20 19:30:00,35.449671149253845
2025-04-20 20:00:00,60.836331844329834
2025-04-20 20:30:00,70.87644696235657
2025-04-20 21:00:00,57.430458068847656
2025-04-20 21:30:00,65.41551172733307
2025-04-20 22:00:00,60.13942897319794
2025-04-20 22:30:00,55.99735736846924
2025-04-20 23:00:00,50.32311171293259
2025-04-20 23:30:00,55.94348132610321
2025-04-21 00:00:00,60.371935963630676
2025-04-21 00:30:00,46.62491708993912
2025-04-21 01:00:00,72.03487813472748
2025-04-21 01:30:00,56.98978304862976
2025-04-21 02:00:00,55.86795151233673
2025-04-21 02:30:00,51.19441509246826
2025-04-21 03:00:00,42.885687202215195
2025-04-21 03:30:00,36.706836223602295
2025-04-21 04:00:00,46.81243449449539
2025-04-21 04:30:00,46.45753100514412
2025-04-21 05:00:00,38.827634155750275
2025-04-21 05:30:00,46.025929898023605
2025-04-21 06:00:00,53.43121826648712
2025-04-21 06:30:00,30.250301212072372
2025-04-21 07:00:00,38.0897618830204
2025-04-21 07:30:00,59.95227634906769
2025-04-21 08:00:00,65.3225839138031
2025-04-21 08:30:00,61.44793689250946
2025-04-21 09:00:00,61.54833257198334
2025-04-21 09:30:00,70.3822809457779
2025-04-21 10:00:00,58.86503309011459
2025-04-21 10:30:00,81.16250514984131
2025-04-21 11:00:00,49.446640610694885
2025-04-21 11:30:00,53.900447487831116
2025-04-21 12:00:00,46.936905682086945
2025-04-21 12:30:00,30.307969450950623
2025-04-21 13:00:00,66.85060858726501
2025-04-21 13:30:00,58.985111713409424
2025-04-21 14:00:00,42.66862764954567
2025-04-21 14:30:00,60.44239938259125
2025-04-21 15:00:00,43.61474648118019
2025-04-21 15:30:00,30.4026198387146
2025-04-21 16:00:00,48.15057575702667
2025-04-21 16:30:00,35.00537872314453
2025-04-21 17:00:00,44.31769609451294
2025-04-21 17:30:00,69.50872302055359
2025-04-21 18:00:00,42.43922382593155
2025-04-21 18:30:00,37.64286279678345
2025-04-21 19:00:00,49.69260394573212
2025-04-21 19:30:00,60.91524600982666
2025-04-21 20:00:00,42.16975495219231
2025-04-21 20:30:00,50.22075533866882
2025-04-21 21:00:00,45.4432387650013
2025-04-21 21:30:00,62.449188232421875
2025-04-21 22:00:00,55.872156620025635
2025-04-21 22:30:00,34.527230113744736
2025-04-21 23:00:00,57.70245760679245
2025-04-21 23:30:00,61.1438924074173
2025-04-22 00:00:00,9.314555749297142
2025-04-22 00:30:00,25.59205263853073
2025-04-22 01:00:00,27.923192083835602
2025-04-22 01:30:00,64.6049290895462
2025-04-22 02:00:00,60.31649947166443
2025-04-22 02:30:00,34.39712256193161
2025-04-22 03:00:00,36.686709970235825
2025-04-22 03:30:00,46.439390778541565
2025-04-22 04:00:00,37.47566416859627
2025-04-22 04:30:00,55.001851320266724
2025-04-22 05:00:00,42.79938876628876
2025-04-22 05:30:00,32.600315511226654
2025-04-22 06:00:00,51.251726150512695
2025-04-22 06:30:00,40.2489073574543
2025-04-22 07:00:00,42.44297042489052
2025-04-22 07:30:00,39.82711225748062
2025-04-22 08:00:00,51.49993896484375
2025-04-22 08:30:00,45.909473747015
2025-04-22 09:00:00,69.29952144622803
2025-04-22 09:30:00,69.21482145786285
2025-04-22 10:00:00,52.28638529777527
2025-04-22 10:30:00,61.09890788793564
2025-04-22 11:00:00,52.35497921705246
2025-04-22 11:30:00,54.561662673950195
2025-04-22 12:00:00,54.66560482978821
2025-04-22 12:30:00,52.26592719554901
2025-04-22 13:00:00,46.1947725713253
2025-04-22 13:30:00,49.04797613620758
2025-04-22 14:00:00,76.4917653799057
2025-04-22 14:30:00,40.35719394683838
2025-04-22 15:00:00,51.79319202899933
2025-04-22 15:30:00,73.96214485168457
2025-04-22 16:00:00,47.842832803726196
2025-04-22 16:30:00,44.01754513382912
2025-04-22 17:00:00,32.30076491832733
2025-04-22 17:30:00,36.37565106153488
2025-04-22 18:00:00,61.27634823322296
2025-04-22 18:30:00,46.81513488292694
2025-04-22 19:00:00,47.95815408229828
2025-04-22 19:30:00,62.06352412700653
2025-04-22 20:00:00,62.29772329330444
2025-04-22 20:30:00,61.49685800075531
2025-04-22 21:00:00,74.84424471855164
2025-04-22 21:30:00,49.181880950927734
2025-04-22 22:00:00,36.50823354721069
2025-04-22 22:30:00,46.10031723976135
2025-04-22 23:00:00,42.3170730471611
2025-04-22 23:30:00,26.638288497924805
2025-04-23 00:00:00,63.805370926856995
2025-04-23 00:30:00,48.69052171707153
2025-04-23 01:00:00,74.6488744020462
2025-04-23 01:30:00,62.453484535217285
2025-04-23 02:00:00,47.25684091448784
2025-04-23 02:30:00,60.87247550487518
2025-04-23 03:00:00,48.405217826366425
2025-04-23 03:30:00,31.154026985168457
2025-04-23 04:00:00,40.21300941705704
2025-04-23 04:30:00,28.55350986123085
2025-04-23 05:00:00,38.691262006759644
2025-04-23 05:30:00,34.980325400829315
2025-04-23 06:00:00,50.41296422481537
2025-04-23 06:30:00,54.6306973695755
2025-04-23 07:00:00,68.04696679115295
2025-04-23 07:30:00,32.654786854982376
2025-04-23 08:00:00,29.876175820827484
2025-04-23 08:30:00,49.10982668399811
2025-04-23 09:00:00,48.29477548599243
2025-04-23 09:30:00,66.81146562099457
2025-04-23 10:00:00,63.92267823219299
2025-04-23 10:30:00,57.31047570705414
2025-04-23 11:00:00,52.913726568222046
2025-04-23 11:30:00,45.28449088335037
2025-04-23 12:00:00,43.0945847928524
2025-04-23 12:30:00,43.06665629148483
2025-04-23 13:00:00,61.95135414600372
2025-04-23 13:30:00,64.65034425258636
2025-04-23 14:00:00,66.18508696556091
2025-04-23 14:30:00,49.980334639549255
2025-04-23 15:00:00,56.30770444869995
2025-04-23 15:30:00,44.4468030333519
2025-04-23 16:00:00,59.16445195674896
2025-04-23 16:30:00,39.6228352189064
2025-04-23 17:00:00,59.951080679893494
2025-04-23 17:30:00,73.1982946395874
2025-04-23 18:00:00,37.986295968294144
2025-04-23 18:30:00,41.60015031695366
2025-04-23 19:00:00,50.245778262615204
2025-04-23 19:30:00,29.254209995269775
2025-04-23 20:00:00,40.62883883714676
2025-04-23 20:30:00,60.670316219329834
2025-04-23 21:00:00,36.33995831012726
2025-04-23 21:30:00,44.14840251207352
2025-04-23 22:00:00,51.94458603858948
2025-04-23 22:30:00,57.61560946702957
2025-04-23 23:00:00,46.2986133992672
2025-04-23 23:30:00,66.99075520038605
2025-04-24 00:00:00,42.57320463657379
2025-04-24 00:30:00,49.17314648628235
2025-04-24 01:00:00,55.739447474479675
2025-04-24 01:30:00,53.57813358306885
2025-04-24 02:00:00,37.093620002269745
2025-04-24 02:30:00,36.97179853916168
2025-04-24 03:00:00,43.20154398679733
2025-04-24 03:30:00,75.16311347484589
2025-04-24 04:00:00,47.03629568219185
2025-04-24 04:30:00,67.80463099479675
2025-04-24 05:00:00,81.10646069049835
2025-04-24 05:30:00,73.23848128318787
2025-04-24 06:00:00,44.28993225097656
2025-04-24 06:30:00,64.89092707633972
2025-04-24 07:00:00,25.99159613251686
2025-04-24 07:30:00,39.62650582194328
2025-04-24 08:00:00,24.466658160090446
2025-04-24 08:30:00,60.99546730518341
2025-04-24 09:00:00,54.92458879947662
2025-04-24 09:30:00,44.67606499791145
2025-04-24 10:00:00,43.65572348237038
2025-04-24 10:30:00,42.208548337221146
2025-04-24 11:00:00,53.49161982536316
2025-04-24 11:30:00,48.31104874610901
2025-04-24 12:00:00,54.29278403520584
2025-04-24 12:30:00,50.77614367008209
2025-04-24 13:00:00,45.28119519352913
2025-04-24 13:30:00,48.045351803302765
2025-04-24 14:00:00,51.74825310707092
2025-04-24 14:30:00,66.35447680950165
2025-04-24 15:00:00,66.08502566814423
2025-04-24 15:30:00,46.79671600461006
2025-04-24 16:00:00,63.52919161319733
2025-04-24 16:30:00,31.429238617420197
2025-04-24 17:00:00,58.43494176864624
2025-04-24 17:30:00,51.64990425109863
2025-04-24 18:00:00,46.24230042099953
2025-04-24 18:30:00,60.855771601200104
2025-04-24 19:00:00,53.364240527153015
2025-04-24 19:30:00,51.96358501911163
2025-04-24 20:00:00,49.60693120956421
2025-04-24 20:30:00,46.354067623615265
2025-04-24 21:00:00,54.20654892921448
2025-04-24 21:30:00,63.50434601306915
2025-04-24 22:00:00,50.985122323036194
2025-04-24 22:30:00,57.02939212322235
2025-04-24 23:00:00,48.140270709991455
2025-04-24 23:30:00,61.80284798145294
2025-04-25 00:00:00,70.31143248081207
2025-04-25 00:30:00,32.09394454956055
2025-04-25 01:00:00,64.32452440261841
2025-04-25 01:30:00,60.47522962093353
2025-04-25 02:00:00,66.79893136024475
2025-04-25 02:30:00,73.13327252864838
2025-04-25 03:00:00,38.941118866205215
2025-04-25 03:30:00,57.69646406173706
2025-04-25 04:00:00,73.66668283939362
2025-04-25 04:30:00,44.485920667648315
2025-04-25 05:00:00,44.733735769987106
2025-04-25 05:30:00,45.001753121614456
2025-04-25 06:00:00,46.72324821352959
2025-04-25 06:30:00,30.395995527505875
2025-04-25 07:00:00,46.7102225124836
2025-04-25 07:30:00,33.9821620285511
2025-04-25 08:00:00,67.90650606155396
2025-04-25 08:30:00,46.275895684957504
2025-04-25 09:00:00,64.72089886665344
2025-04-25 09:30:00,48.15519630908966
2025-04-25 10:00:00,55.217081904411316
2025-04-25 10:30:00,46.85487315058708
2025-04-25 11:00:00,54.35358077287674
2025-04-25 11:30:00,64.87454235553741
2025-04-25 12:00:00,38.9871546626091
2025-04-25 12:30:00,63.97448718547821
2025-04-25 13:00:00,34.766837656497955
2025-04-25 13:30:00,33.59100341796875
2025-04-25 14:00:00,45.344983637332916
2025-04-25 14:30:00,46.973333060741425
2025-04-25 15:00:00,55.406463742256165
2025-04-25 15:30:00,52.5316596031189
2025-04-25 16:00:00,33.455383628606796
2025-04-25 16:30:00,33.16763520240784
2025-04-25 17:00:00,56.3249808549881
2025-04-25 17:30:00,60.479227006435394
2025-04-25 18:00:00,43.30800414085388
2025-04-25 18:30:00,41.183538138866425
2025-04-25 19:00:00,50.879999697208405
2025-04-25 19:30:00,42.206258326768875
2025-04-25 20:00:00,51.093968749046326
2025-04-25 20:30:00,44.021968096494675
2025-04-25 21:00:00,37.459180653095245
2025-04-25 21:30:00,49.25489276647568
2025-04-25 22:00:00,52.49944746494293
2025-04-25 22:30:00,47.44934365153313
2025-04-25 23:00:00,67.93011546134949
2025-04-25 23:30:00,65.86698830127716
2025-04-26 00:00:00,40.996633768081665
2025-04-26 00:30:00,57.15362012386322
2025-04-26 01:00:00,39.31071236729622
2025-04-26 01:30:00,34.452077746391296
2025-04-26 02:00:00,42.35808044672012
2025-04-26 02:30:00,46.899698078632355
2025-04-26 03:00:00,35.296235382556915
2025-04-26 03:30:00,31.932020038366318
2025-04-26 04:00:00,28.459444642066956
2025-04-26 04:30:00,34.513801634311676
2025-04-26 05:00:00,45.146586149930954
2025-04-26 05:30:00,28.482598066329956
2025-04-26 06:00:00,48.1307053565979
2025-04-26 06:30:00,61.712210178375244
2025-04-26 07:00:00,48.7783020734787
2025-04-26 07:30:00,23.083494380116463
2025-04-26 08:00:00,27.744746059179306
2025-04-26 08:30:00,38.50924164056778
2025-04-26 09:00:00,52.610249519348145
2025-04-26 09:30:00,39.17835533618927
2025-04-26 10:00:00,58.476354479789734
2025-04-26 10:30:00,44.9294151365757
2025-04-26 11:00:00,51.30782127380371
2025-04-26 11:30:00,66.46697103977203
2025-04-26 12:00:00,54.80121195316315
2025-04-26 12:30:00,59.23815280199051
2025-04-26 13:00:00,44.65590074658394
2025-04-26 13:30:00,41.617211401462555
2025-04-26 14:00:00,36.17369696497917
2025-04-26 14:30:00,53.11687886714935
2025-04-26 15:00:00,61.69594705104828
2025-04-26 15:30:00,83.26852440834045
2025-04-26 16:00:00,49.90533173084259
2025-04-26 16:30:00,65.41747748851776
2025-04-26 17:00:00,71.000816822052
2025-04-26 17:30:00,50.30476629734039
2025-04-26 18:00:00,42.373396158218384
2025-04-26 18:30:00,36.271508783102036
2025-04-26 19:00:00,64.86135959625244
2025-04-26 19:30:00,49.80206847190857
2025-04-26 20:00:00,58.51854741573334
2025-04-26 20:30:00,51.3879919052124
2025-04-26 21:00:00,55.86643159389496
2025-04-26 21:30:00,56.45871847867966
2025-04-26 22:00:00,49.600892066955566
2025-04-26 22:30:00,54.98444318771362
2025-04-26 23:00:00,55.63327610492706
2025-04-26 23:30:00,49.36350107192993
2025-04-27 00:00:00,58.53256106376648
2025-04-27 00:30:00,53.874223828315735
2025-04-27 01:00:00,60.08515775203705
2025-04-27 01:30:00,44.850212186574936
2025-04-27 02:00:00,65.50876379013062
2025-04-27 02:30:00,58.70152533054352
2025-04-27 03:00:00,68.23041081428528
2025-04-27 03:30:00,55.56336998939514
2025-04-27 04:00:00,69.84483778476715
2025-04-27 04:30:00,50.274129807949066
2025-04-27 05:00:00,50.19599586725235
2025-04-27 05:30:00,57.968894243240356
2025-04-27 06:00:00,41.542426347732544
2025-04-27 06:30:00,66.66484415531158
2025-04-27 07:00:00,49.15930509567261
2025-04-27 07:30:00,64.50783669948578
2025-04-27 08:00:00,43.07106912136078
2025-04-27 08:30:00,37.73408576846123
2025-04-27 09:00:00,59.18861359357834
2025-04-27 09:30:00,51.41542136669159
2025-04-27 10:00:00,47.412966936826706
2025-04-27 10:30:00,67.20336139202118
2025-04-27 11:00:00,39.020190089941025
2025-04-27 11:30:00,46.7574767768383
2025-04-27 12:00:00,48.975932002067566
2025-04-27 12:30:00,15.742173045873644
2025-04-27 13:00:00,54.02816116809845
2025-04-27 13:30:00,43.62490460276604
2025-04-27 14:00:00,79.55723822116852
2025-04-27 14:30:00,40.049608051776886
2025-04-27 15:00:00,22.457456439733505
2025-04-27 15:30:00,48.24099063873291
2025-04-27 16:00:00,65.51550209522247
2025-04-27 16:30:00,55.18603503704071
2025-04-27 17:00:00,74.15668427944183
2025-04-27 17:30:00,50.353586077690125
2025-04-27 18:00:00,48.32120180130005
2025-04-27 18:30:00,42.9450298845768
2025-04-27 19:00:00,60.8705198764801
2025-04-27 19:30:00,59.2449164390564
2025-04-27 20:00:00,60.10931432247162
2025-04-27 20:30:00,47.08351194858551
2025-04-27 21:00:00,55.8759006857872
2025-04-27 21:30:00,52.05135524272919
2025-04-27 22:00:00,64.95602011680603
2025-04-27 22:30:00,45.35010069608688
2025-04-27 23:00:00,88.32196950912476
2025-04-27 23:30:00,35.74749156832695
2025-04-28 00:00:00,45.64322203397751
2025-04-28 00:30:00,86.60918354988098
2025-04-28 01:00:00,38.403462916612625
2025-04-28 01:30:00,63.90468239784241
2025-04-28 02:00:00,50.755736231803894
2025-04-28 02:30:00,57.312461733818054
2025-04-28 03:00:00,63.496097922325134
2025-04-28 03:30:00,54.8471337556839
2025-04-28 04:00:00,49.867759346961975
2025-04-28 04:30:00,56.388057470321655
2025-04-28 05:00:00,51.76279366016388
2025-04-28 05:30:00,35.02766326069832
2025-04-28 06:00:00,71.25017464160919
2025-04-28 06:30:00,54.93821740150452
2025-04-28 07:00:00,81.20223581790924
2025-04-28 07:30:00,51.47115170955658
2025-04-28 08:00:00,66.14198207855225
2025-04-28 08:30:00,54.49491798877716
2025-04-28 09:00:00,53.18431258201599
2025-04-28 09:30:00,75.70225894451141
2025-04-28 10:00:00,67.12621033191681
2025-04-28 10:30:00,58.20221185684204
2025-04-28 11:00:00,57.48216062784195
2025-04-28 11:30:00,56.957114934921265
2025-04-28 12:00:00,67.35016524791718
2025-04-28 12:30:00,41.39990612864494
2025-04-28 13:00:00,43.8596585392952
2025-04-28 13:30:00,38.57203707098961
2025-04-28 14:00:00,32.667022198438644
2025-04-28 14:30:00,32.21349120140076
2025-04-28 15:00:00,69.35701489448547
2025-04-28 15:30:00,59.54923450946808
2025-04-28 16:00:00,55.959187150001526
2025-04-28 16:30:00,68.72043251991272
2025-04-28 17:00:00,41.649319678545
2025-04-28 17:30:00,53.201604187488556
2025-04-28 18:00:00,41.73333823680878
2025-04-28 18:30:00,37.3593245446682
2025-04-28 19:00:00,41.64723739027977
2025-04-28 19:30:00,35.566834062337875
2025-04-28 20:00:00,64.58361983299255
2025-04-28 20:30:00,33.79210889339447
2025-04-28 21:00:00,70.82638084888458
2025-04-28 21:30:00,47.55639910697937
2025-04-28 22:00:00,44.62744787335396
2025-04-28 22:30:00,33.82187396287918
2025-04-28 23:00:00,37.297091484069824
2025-04-28 23:30:00,50.769861340522766
2025-04-29 00:00:00,44.06104266643524
2025-04-29 00:30:00,42.85644397139549
2025-04-29 01:00:00,48.004602789878845
2025-04-29 01:30:00,41.65694460272789
2025-04-29 02:00:00,34.998136311769485
2025-04-29 02:30:00,62.383304834365845
2025-04-29 03:00:00,65.26857614517212
2025-04-29 03:30:00,29.664815962314606
2025-04-29 04:00:00,63.05268704891205
2025-04-29 04:30:00,62.98188924789429
2025-04-29 05:00:00,48.80392283201218
2025-04-29 05:30:00,46.04196757078171
2025-04-29 06:00:00,23.886967599391937
2025-04-29 06:30:00,57.52607613801956
2025-04-29 07:00:00,43.60888212919235
2025-04-29 07:30:00,55.656824707984924
2025-04-29 08:00:00,59.606839418411255
2025-04-29 08:30:00,64.30441081523895
2025-04-29 09:00:00,81.75237536430359
2025-04-29 09:30:00,58.45336824655533
2025-04-29 10:00:00,81.51789247989655
2025-04-29 10:30:00,39.919229447841644
2025-04-29 11:00:00,60.500956773757935
2025-04-29 11:30:00,42.07851931452751
2025-04-29 12:00:00,63.06910216808319
2025-04-29 12:30:00,46.44881933927536
2025-04-29 13:00:00,29.024375528097153
2025-04-29 13:30:00,51.52572691440582
2025-04-29 14:00:00,61.127750873565674
2025-04-29 14:30:00,33.28523129224777
2025-04-29 15:00:00,48.43080818653107
2025-04-29 15:30:00,33.95744562149048
2025-04-29 16:00:00,55.77725291252136
2025-04-29 16:30:00,34.36386674642563
2025-04-29 17:00:00,43.90149682760239
2025-04-29 17:30:00,41.851529628038406
2025-04-29 18:00:00,53.16757321357727
2025-04-29 18:30:00,42.49981790781021
2025-04-29 19:00:00,67.14810729026794
2025-04-29 19:30:00,40.310514718294144
2025-04-29 20:00:00,53.76179039478302
2025-04-29 20:30:00,88.57919037342072
2025-04-29 21:00:00,59.81716573238373
2025-04-29 21:30:00,69.74441170692444
2025-04-29 22:00:00,42.12977349758148
2025-04-29 22:30:00,49.12963628768921
2025-04-29 23:00:00,40.71269780397415
2025-04-29 23:30:00,55.44229328632355
2025-04-30 00:00:00,66.22513175010681
2025-04-30 00:30:00,46.89993366599083
2025-04-30 01:00:00,56.40973150730133
2025-04-30 01:30:00,55.766228437423706
2025-04-30 02:00:00,50.450212359428406
2025-04-30 02:30:00,24.721364825963974
2025-04-30 03:00:00,52.16021180152893
2025-04-30 03:30:00,54.02209162712097
2025-04-30 04:00:00,50.8692741394043
2025-04-30 04:30:00,46.43082097172737
2025-04-30 05:00:00,53.38518500328064
2025-04-30 05:30:00,43.52818205952644
2025-04-30 06:00:00,46.49245873093605
2025-04-30 06:30:00,53.012815117836
2025-04-30 07:00:00,58.340250849723816
2025-04-30 07:30:00,46.57078519463539
2025-04-30 08:00:00,43.76301199197769
2025-04-30 08:30:00,70.7628583908081
2025-04-30 09:00:00,58.1286883354187
2025-04-30 09:30:00,72.28247284889221
2025-04-30 10:00:00,68.06960344314575
2025-04-30 10:30:00,47.74454981088638
2025-04-30 11:00:00,40.43860077857971
2025-04-30 11:30:00,34.6379080414772
2025-04-30 12:00:00,63.01057517528534
2025-04-30 12:30:00,63.78109276294708
2025-04-30 13:00:00,71.7451411485672
2025-04-30 13:30:00,51.59643352031708
2025-04-30 14:00:00,53.082082867622375
2025-04-30 14:30:00,36.95788621902466
2025-04-30 15:00:00,45.447438806295395
2025-04-30 15:30:00,43.81775438785553
2025-04-30 16:00:00,44.40217062830925
2025-04-30 16:30:00,42.764417976140976
2025-04-30 17:00:00,32.03707933425903
2025-04-30 17:30:00,24.578092247247696
2025-04-30 18:00:00,49.226850271224976
2025-04-30 18:30:00,60.781381726264954
2025-04-30 19:00:00,46.52184635400772
2025-04-30 19:30:00,51.155322790145874
2025-04-30 20:00:00,53.94766628742218
2025-04-30 20:30:00,55.39127975702286
2025-04-30 21:00:00,51.041693687438965
2025-04-30 21:30:00,55.3516149520874
2025-04-30 22:00:00,53.81246954202652
2025-04-30 22:30:00,56.802255511283875
2025-04-30 23:00:00,55.25370180606842
2025-04-30 23:30:00,25.951941460371017
2025-05-01 00:00:00,46.00335404276848
2025-05-01 00:30:00,65.5589109659195
2025-05-01 01:00:00,43.486508429050446
2025-05-01 01:30:00,78.74654412269592
2025-05-01 02:00:00,45.926038324832916
2025-05-01 02:30:00,36.168975085020065
2025-05-01 03:00:00,58.829867243766785
2025-05-01 03:30:00,48.035447001457214
2025-05-01 04:00:00,66.66052758693695
2025-05-01 04:30:00,47.76134490966797
2025-05-01 05:00:00,47.73692488670349
2025-05-01 05:30:00,45.57999089360237
2025-05-01 06:00:00,66.32780730724335
2025-05-01 06:30:00,37.485016733407974
2025-05-01 07:00:00,38.39387983083725
2025-05-01 07:30:00,68.68836224079132
2025-05-01 08:00:00,56.91082835197449
2025-05-01 08:30:00,52.40918457508087
2025-05-01 09:00:00,38.0186727643013
2025-05-01 09:30:00,25.159461051225662
2025-05-01 10:00:00,42.78671011328697
2025-05-01 10:30:00,32.33192324638367
2025-05-01 11:00:00,51.74716889858246
2025-05-01 11:30:00,40.64153015613556
2025-05-01 12:00:00,50.14922797679901
2025-05-01 12:30:00,79.05635416507721
2025-05-01 13:00:00,55.52972912788391
2025-05-01 13:30:00,42.536171823740005
2025-05-01 14:00:00,65.34540295600891
2025-05-01 14:30:00,43.2091461122036
2025-05-01 15:00:00,43.65913823246956
2025-05-01 15:30:00,68.31667125225067
2025-05-01 16:00:00,47.64793872833252
2025-05-01 16:30:00,59.31919991970062
2025-05-01 17:00:00,50.06946265697479
2025-05-01 17:30:00,31.135504245758057
2025-05-01 18:00:00,64.4507485628128
2025-05-01 18:30:00,64.46200609207153
2025-05-01 19:00:00,32.86842152476311
2025-05-01 19:30:00,61.92699491977692
2025-05-01 20:00:00,73.9286458492279
2025-05-01 20:30:00,53.990512788295746
2025-05-01 21:00:00,49.84914541244507
2025-05-01 21:30:00,36.23963862657547
2025-05-01 22:00:00,69.23309087753296
2025-05-01 22:30:00,66.61351144313812
2025-05-01 23:00:00,49.71616268157959
2025-05-01 23:30:00,45.04114180803299
2025-05-02 00:00:00,62.32801020145416
2025-05-02 00:30:00,45.46502932906151
2025-05-02 01:00:00,78.27285647392273
2025-05-02 01:30:00,42.581191807985306
2025-05-02 02:00:00,67.0369404554367
2025-05-02 02:30:00,67.66073524951935
2025-05-02 03:00:00,60.59614419937134
2025-05-02 03:30:00,38.350790143013
2025-05-02 04:00:00,39.47938784956932
2025-05-02 04:30:00,64.77352857589722
2025-05-02 05:00:00,48.79890710115433
2025-05-02 05:30:00,54.108610451221466
2025-05-02 06:00:00,55.41530966758728
2025-05-02 06:30:00,63.260794281959534
2025-05-02 07:00:00,60.67900002002716
2025-05-02 07:30:00,67.28241741657257
2025-05-02 08:00:00,63.13535034656525
2025-05-02 08:30:00,51.482115387916565
2025-05-02 09:00:00,56.475437581539154
2025-05-02 09:30:00,55.05210995674133
2025-05-02 10:00:00,41.045529544353485
2025-05-02 10:30:00,31.119400709867477
2025-05-02 11:00:00,56.12991452217102
2025-05-02 11:30:00,69.52113568782806
2025-05-02 12:00:00,53.90015363693237
2025-05-02 12:30:00,47.79277682304382
2025-05-02 13:00:00,66.0340678691864
2025-05-02 13:30:00,57.889752089977264
2025-05-02 14:00:00,51.20935082435608
2025-05-02 14:30:00,54.965829253196716
2025-05-02 15:00:00,57.98572480678558
2025-05-02 15:30:00,59.56069469451904
2025-05-02 16:00:00,54.33887302875519
2025-05-02 16:30:00,57.533923983573914
2025-05-02 17:00:00,51.71889841556549
2025-05-02 17:30:00,58.47123742103577
2025-05-02 18:00:00,66.42502129077911
2025-05-02 18:30:00,47.47972682118416
2025-05-02 19:00:00,36.65715515613556
2025-05-02 19:30:00,59.99285310506821
2025-05-02 20:00:00,77.33706295490265
2025-05-02 20:30:00,60.22846579551697
2025-05-02 21:00:00,72.14913547039032
2025-05-02 21:30:00,58.05269241333008
2025-05-02 22:00:00,43.40925857424736
2025-05-02 22:30:00,45.513648986816406
2025-05-02 23:00:00,53.081961274147034
2025-05-02 23:30:00,54.782233238220215
2025-05-03 00:00:00,35.23067116737366
2025-05-03 00:30:00,22.29899100959301
2025-05-03 01:00:00,31.455707997083664
2025-05-03 01:30:00,50.938997864723206
2025-05-03 02:00:00,57.701682448387146
2025-05-03 02:30:00,46.08070522546768
2025-05-03 03:00:00,39.38519597053528
2025-05-03 03:30:00,66.48114681243896
2025-05-03 04:00:00,43.60857054591179
2025-05-03 04:30:00,40.52164912223816
2025-05-03 05:00:00,51.76910638809204
2025-05-03 05:30:00,45.09488865733147
2025-05-03 06:00:00,22.15742453932762
2025-05-03 06:30:00,31.232171058654785
2025-05-03 07:00:00,43.353515565395355
2025-05-03 07:30:00,52.447192668914795
2025-05-03 08:00:00,44.09704953432083
2025-05-03 08:30:00,62.603885531425476
2025-05-03 09:00:00,55.14030575752258
2025-05-03 09:30:00,60.723979473114014
2025-05-03 10:00:00,47.139923721551895
2025-05-03 10:30:00,49.52596515417099
2025-05-03 11:00:00,63.98143827915192
2025-05-03 11:30:00,64.33218479156494
2025-05-03 12:00:00,47.15066447854042
2025-05-03 12:30:00,49.31282699108124
2025-05-03 13:00:00,57.47422158718109
2025-05-03 13:30:00,38.934585750103
2025-05-03 14:00:00,46.93698167800903
2025-05-03 14:30:00,44.90670755505562
2025-05-03 15:00:00,59.7459676861763
2025-05-03 15:30:00,47.31972500681877
2025-05-03 16:00:00,55.20598649978638
2025-05-03 16:30:00,61.87101125717163
2025-05-03 17:00:00,40.51259547472
2025-05-03 17:30:00,34.67215180397034
2025-05-03 18:00:00,35.13480484485626
2025-05-03 18:30:00,52.31254816055298
2025-05-03 19:00:00,52.48164415359497
2025-05-03 19:30:00,39.35076981782913
2025-05-03 20:00:00,62.06398010253906
2025-05-03 20:30:00,68.55969607830048
2025-05-03 21:00:00,44.67497572302818
2025-05-03 21:30:00,36.195771247148514
2025-05-03 22:00:00,49.88864302635193
2025-05-03 22:30:00,42.9622657597065
2025-05-03 23:00:00,39.96754512190819
2025-05-03 23:30:00,38.81645768880844
2025-05-04 00:00:00,25.049213767051697
2025-05-04 00:30:00,54.14983570575714
2025-05-04 01:00:00,45.93235105276108
2025-05-04 01:30:00,48.544650077819824
2025-05-04 02:00:00,44.1284941136837
2025-05-04 02:30:00,54.51738238334656
2025-05-04 03:00:00,41.068348586559296
2025-05-04 03:30:00,33.29663574695587
2025-05-04 04:00:00,50.97975701093674
2025-05-04 04:30:00,54.41028892993927
2025-05-04 05:00:00,49.89992082118988
2025-05-04 05:30:00,61.872267723083496
2025-05-04 06:00:00,35.64944922924042
2025-05-04 06:30:00,62.24318355321884
2025-05-04 07:00:00,34.985786974430084
2025-05-04 07:30:00,60.30217170715332
2025-05-04 08:00:00,72.26731419563293
2025-05-04 08:30:00,61.094951033592224
2025-05-04 09:00:00,55.66968321800232
2025-05-04 09:30:00,39.327378273010254
2025-05-04 10:00:00,49.50991988182068
2025-05-04 10:30:00,54.01546984910965
2025-05-04 11:00:00,40.944480299949646
2025-05-04 11:30:00,47.80478924512863
2025-05-04 12:00:00,58.430007100105286
2025-05-04 12:30:00,53.46396744251251
2025-05-04 13:00:00,56.03696644306183
2025-05-04 13:30:00,50.90315818786621
2025-05-04 14:00:00,46.191464215517044
2025-05-04 14:30:00,40.70207357406616
2025-05-04 15:00:00,57.116194665431976
2025-05-04 15:30:00,35.50479605793953
2025-05-04 16:00:00,32.41441935300827
2025-05-04 16:30:00,54.192474484443665
2025-05-04 17:00:00,51.544087529182434
2025-05-04 17:30:00,37.94951140880585
2025-05-04 18:00:00,67.07993388175964
2025-05-04 18:30:00,37.504329830408096
2025-05-04 19:00:00,42.225594222545624
2025-05-04 19:30:00,43.68186101317406
2025-05-04 20:00:00,52.65534549951553
2025-05-04 20:30:00,55.196492075920105
2025-05-04 21:00:00,50.50689518451691
2025-05-04 21:30:00,54.66377079486847
2025-05-04 22:00:00,58.67519021034241
2025-05-04 22:30:00,56.31719887256622
2025-05-04 23:00:00,47.98035502433777
2025-05-04 23:30:00,58.807443380355835
2025-05-05 00:00:00,30.1572847366333
2025-05-05 00:30:00,44.59125354886055
2025-05-05 01:00:00,36.44358888268471
2025-05-05 01:30:00,35.76055273413658
2025-05-05 02:00:00,54.05498266220093
2025-05-05 02:30:00,47.35256031155586
2025-05-05 03:00:00,49.645010232925415
2025-05-05 03:30:00,62.1180385351181
2025-05-05 04:00:00,58.203741908073425
2025-05-05 04:30:00,68.38594913482666
2025-05-05 05:00:00,33.3260715007782
2025-05-05 05:30:00,33.03176462650299
2025-05-05 06:00:00,23.301958590745926
2025-05-05 06:30:00,62.93481230735779
2025-05-05 07:00:00,43.59544098377228
2025-05-05 07:30:00,26.133346259593964
2025-05-05 08:00:00,50.97863733768463
2025-05-05 08:30:00,43.548797219991684
2025-05-05 09:00:00,51.813812255859375
2025-05-05 09:30:00,40.06929099559784
2025-05-05 10:00:00,43.96940678358078
2025-05-05 10:30:00,56.521658301353455
2025-05-05 11:00:00,48.7981978058815
2025-05-05 11:30:00,39.60269883275032
2025-05-05 12:00:00,40.00070467591286
2025-05-05 12:30:00,44.255685955286026
2025-05-05 13:00:00,54.60911452770233
2025-05-05 13:30:00,64.38482463359833
2025-05-05 14:00:00,53.8219690322876
2025-05-05 14:30:00,39.5345963537693
2025-05-05 15:00:00,76.61664187908173
2025-05-05 15:30:00,53.52336585521698
2025-05-05 16:00:00,63.85345101356506
2025-05-05 16:30:00,32.33946457505226
2025-05-05 17:00:00,26.731525361537933
2025-05-05 17:30:00,38.26116055250168
2025-05-05 18:00:00,33.003461211919785
2025-05-05 18:30:00,40.674593448638916
2025-05-05 19:00:00,63.49044382572174
2025-05-05 19:30:00,60.709823966026306
2025-05-05 20:00:00,47.19671040773392
2025-05-05 20:30:00,41.87400668859482
2025-05-05 21:00:00,53.103837966918945
2025-05-05 21:30:00,50.95780432224274
2025-05-05 22:00:00,52.447689175605774
2025-05-05 22:30:00,52.25447714328766
2025-05-05 23:00:00,58.86824011802673
2025-05-05 23:30:00,48.38422775268555
2025-05-06 00:00:00,31.187822371721268
2025-05-06 00:30:00,39.235565066337585
2025-05-06 01:00:00,40.44489324092865
2025-05-06 01:30:00,53.16050052642822
2025-05-06 02:00:00,44.70854565501213
2025-05-06 02:30:00,63.18138360977173
2025-05-06 03:00:00,59.81188654899597
2025-05-06 03:30:00,60.74955463409424
2025-05-06 04:00:00,34.838372617959976
2025-05-06 04:30:00,45.727324187755585
2025-05-06 05:00:00,40.98605766892433
2025-05-06 05:30:00,46.20937392115593
2025-05-06 06:00:00,50.113550424575806
2025-05-06 06:30:00,57.06368148326874
2025-05-06 07:00:00,45.898013561964035
2025-05-06 07:30:00,66.06782019138336
2025-05-06 08:00:00,43.323732763528824
2025-05-06 08:30:00,32.00044423341751
2025-05-06 09:00:00,65.23167252540588
2025-05-06 09:30:00,45.28354600071907
2025-05-06 10:00:00,51.9157075881958
2025-05-06 10:30:00,41.14835202693939
2025-05-06 11:00:00,65.08756399154663
2025-05-06 11:30:00,56.564671993255615
2025-05-06 12:00:00,57.745800614356995
2025-05-06 12:30:00,58.63801807165146
2025-05-06 13:00:00,36.081455647945404
2025-05-06 13:30:00,34.11322966217995
2025-05-06 14:00:00,64.4129329919815
2025-05-06 14:30:00,67.38604545593262
2025-05-06 15:00:00,61.83034837245941
2025-05-06 15:30:00,34.41331475973129
2025-05-06 16:00:00,42.502300441265106
2025-05-06 16:30:00,63.36515188217163
2025-05-06 17:00:00,39.37278836965561
2025-05-06 17:30:00,58.198665380477905
2025-05-06 18:00:00,49.12225961685181
2025-05-06 18:30:00,66.98588132858276
2025-05-06 19:00:00,54.01313930749893
2025-05-06 19:30:00,32.185405641794205
2025-05-06 20:00:00,58.13706308603287
2025-05-06 20:30:00,59.821553230285645
2025-05-06 21:00:00,52.21810042858124
2025-05-06 21:30:00,35.85190236568451
2025-05-06 22:00:00,50.487247705459595
2025-05-06 22:30:00,41.84549301862717
2025-05-06 23:00:00,53.74395668506622
2025-05-06 23:30:00,69.50128555297852
2025-05-07 00:00:00,61.34288012981415
2025-05-07 00:30:00,49.96625006198883
2025-05-07 01:00:00,47.53700494766235
2025-05-07 01:30:00,42.21443295478821
2025-05-07 02:00:00,64.4479113817215
2025-05-07 02:30:00,51.60167217254639
2025-05-07 03:00:00,49.65647041797638
2025-05-07 03:30:00,46.74703747034073
2025-05-07 04:00:00,68.60552668571472
2025-05-07 04:30:00,63.641199469566345
2025-05-07 05:00:00,58.57516944408417
2025-05-07 05:30:00,43.36894780397415
2025-05-07 06:00:00,63.614317178726196
2025-05-07 06:30:00,46.337817162275314
2025-05-07 07:00:00,43.088550716638565
2025-05-07 07:30:00,34.4630566239357
2025-05-07 08:00:00,37.99815386533737
2025-05-07 08:30:00,61.45178735256195
2025-05-07 09:00:00,69.15570676326752
2025-05-07 09:30:00,41.377021223306656
2025-05-07 10:00:00,71.31104230880737
2025-05-07 10:30:00,42.33521834015846
2025-05-07 11:00:00,37.55112558603287
2025-05-07 11:30:00,52.36991494894028
2025-05-07 12:00:00,44.63219001889229
2025-05-07 12:30:00,61.02883458137512
2025-05-07 13:00:00,52.48444080352783
2025-05-07 13:30:00,44.19906139373779
2025-05-07 14:00:00,49.07300412654877
2025-05-07 14:30:00,61.64718806743622
2025-05-07 15:00:00,52.26429581642151
2025-05-07 15:30:00,37.88728341460228
2025-05-07 16:00:00,34.07490238547325
2025-05-07 16:30:00,38.80545347929001
2025-05-07 17:00:00,32.361290603876114
2025-05-07 17:30:00,60.9930557012558
2025-05-07 18:00:00,59.87529754638672
2025-05-07 18:30:00,41.54988154768944
2025-05-07 19:00:00,48.349624276161194
2025-05-07 19:30:00,67.41092145442963
2025-05-07 20:00:00,66.18386089801788
2025-05-07 20:30:00,42.80366733670235
2025-05-07 21:00:00,71.17818117141724
2025-05-07 21:30:00,50.96071243286133
2025-05-07 22:00:00,42.374999672174454
2025-05-07 22:30:00,53.004810214042664
2025-05-07 23:00:00,52.46588259935379
2025-05-07 23:30:00,48.04122269153595
2025-05-08 00:00:00,59.75794464349747
2025-05-08 00:30:00,54.28445488214493
2025-05-08 01:00:00,67.3137378692627
2025-05-08 01:30:00,76.28362774848938
2025-05-08 02:00:00,65.35235404968262
2025-05-08 02:30:00,55.79776167869568
2025-05-08 03:00:00,42.97945857048035
2025-05-08 03:30:00,61.14182531833649
2025-05-08 04:00:00,30.491096824407578
2025-05-08 04:30:00,74.59091484546661
2025-05-08 05:00:00,70.98111867904663
2025-05-08 05:30:00,62.11925446987152
2025-05-08 06:00:00,53.488468527793884
2025-05-08 06:30:00,44.86363306641579
2025-05-08 07:00:00,44.02215301990509
2025-05-08 07:30:00,52.39217668771744
2025-05-08 08:00:00,23.69462698698044
2025-05-08 08:30:00,54.57090377807617
2025-05-08 09:00:00,33.21344554424286
2025-05-08 09:30:00,43.59905079007149
2025-05-08 10:00:00,59.0783029794693
2025-05-08 10:30:00,54.27609026432037
2025-05-08 11:00:00,68.55653464794159
2025-05-08 11:30:00,41.8636180460453
2025-05-08 12:00:00,46.274335235357285
2025-05-08 12:30:00,35.6035578250885
2025-05-08 13:00:00,38.41875582933426
2025-05-08 13:30:00,45.58956131339073
2025-05-08 14:00:00,40.85052654147148
2025-05-08 14:30:00,39.08377841114998
2025-05-08 15:00:00,36.23913958668709
2025-05-08 15:30:00,27.358423322439194
2025-05-08 16:00:00,26.995335072278976
2025-05-08 16:30:00,50.53302764892578
2025-05-08 17:00:00,39.389927983284
2025-05-08 17:30:00,56.06934070587158
2025-05-08 18:00:00,48.954561948776245
2025-05-08 18:30:00,53.904829919338226
2025-05-08 19:00:00,70.75878500938416
2025-05-08 19:30:00,47.80731737613678
2025-05-08 20:00:00,48.113824129104614
2025-05-08 20:30:00,43.72017562389374
2025-05-08 21:00:00,23.211242258548737
2025-05-08 21:30:00,25.060215443372726
2025-05-08 22:00:00,47.37773522734642
2025-05-08 22:30:00,45.81098809838295
2025-05-08 23:00:00,46.28556236624718
2025-05-08 23:30:00,51.1336487531662
2025-05-09 00:00:00,41.073468178510666
2025-05-09 00:30:00,39.16335880756378
2025-05-09 01:00:00,45.349467396736145
2025-05-09 01:30:00,30.47839790582657
2025-05-09 02:00:00,39.48286592960358
2025-05-09 02:30:00,59.615381360054016
2025-05-09 03:00:00,37.28580355644226
2025-05-09 03:30:00,50.80045223236084
2025-05-09 04:00:00,51.26917481422424
2025-05-09 04:30:00,47.50822275876999
2025-05-09 05:00:00,30.753720998764038
2025-05-09 05:30:00,31.30594789981842
2025-05-09 06:00:00,56.95542275905609
2025-05-09 06:30:00,39.553222954273224
2025-05-09 07:00:00,53.0616095662117
2025-05-09 07:30:00,61.901637613773346
2025-05-09 08:00:00,77.74758279323578
2025-05-09 08:30:00,50.9952449798584
2025-05-09 09:00:00,73.07542443275452
2025-05-09 09:30:00,78.33434224128723
2025-05-09 10:00:00,72.89675295352936
2025-05-09 10:30:00,35.22406458854675
2025-05-09 11:00:00,31.395045518875122
2025-05-09 11:30:00,53.01027178764343
2025-05-09 12:00:00,51.993000507354736
2025-05-09 12:30:00,43.40257093310356
2025-05-09 13:00:00,22.144891545176506
2025-05-09 13:30:00,47.808016538619995
2025-05-09 14:00:00,36.53528809547424
2025-05-09 14:30:00,54.118332862854004
2025-05-09 15:00:00,44.66477707028389
2025-05-09 15:30:00,32.71296426653862
2025-05-09 16:00:00,28.46067577600479
2025-05-09 16:30:00,32.47110977768898
2025-05-09 17:00:00,28.955827206373215
2025-05-09 17:30:00,50.579603016376495
2025-05-09 18:00:00,68.59439074993134
2025-05-09 18:30:00,42.09469631314278
2025-05-09 19:00:00,50.39349406957626
2025-05-09 19:30:00,38.814892172813416
2025-05-09 20:00:00,70.86256504058838
2025-05-09 20:30:00,67.18736171722412
2025-05-09 21:00:00,65.65387547016144
2025-05-09 21:30:00,83.52576553821564
2025-05-09 22:00:00,54.87513065338135
2025-05-09 22:30:00,43.24365332722664
2025-05-09 23:00:00,25.57773247361183
2025-05-09 23:30:00,55.74437201023102
2025-05-10 00:00:00,50.49781620502472
2025-05-10 00:30:00,47.20572605729103
2025-05-10 01:00:00,35.51784962415695
2025-05-10 01:30:00,57.00691759586334
2025-05-10 02:00:00,51.69373869895935
2025-05-10 02:30:00,31.99473187327385
2025-05-10 03:00:00,31.697177439928055
2025-05-10 03:30:00,63.71603012084961
2025-05-10 04:00:00,35.257525593042374
2025-05-10 04:30:00,48.60974311828613
2025-05-10 05:00:00,62.86816895008087
2025-05-10 05:30:00,35.79767927527428
2025-05-10 06:00:00,33.13377141952515
2025-05-10 06:30:00,29.15742665529251
2025-05-10 07:00:00,42.57014453411102
2025-05-10 07:30:00,51.58756732940674
2025-05-10 08:00:00,59.654645919799805
2025-05-10 08:30:00,50.25043427944183
2025-05-10 09:00:00,58.49885940551758
2025-05-10 09:30:00,45.11090859770775
2025-05-10 10:00:00,48.72680723667145
2025-05-10 10:30:00,55.86942583322525
2025-05-10 11:00:00,38.758629858493805
2025-05-10 11:30:00,67.95554876327515
2025-05-10 12:00:00,62.35957384109497
2025-05-10 12:30:00,43.49518463015556
2025-05-10 13:00:00,39.774730801582336
2025-05-10 13:30:00,38.07087182998657
2025-05-10 14:00:00,30.585612952709198
2025-05-10 14:30:00,30.400907397270203
2025-05-10 15:00:00,48.901344537734985
2025-05-10 15:30:00,71.86058402061462
2025-05-10 16:00:00,53.23093354701996
2025-05-10 16:30:00,51.86405062675476
2025-05-10 17:00:00,56.08463108539581
2025-05-10 17:30:00,40.137948244810104
2025-05-10 18:00:00,48.97156476974487
2025-05-10 18:30:00,44.68618765473366
2025-05-10 19:00:00,35.86008965969086
2025-05-10 19:30:00,47.77226805686951
2025-05-10 20:00:00,60.761308670043945
2025-05-10 20:30:00,56.412214040756226
2025-05-10 21:00:00,60.407709777355194
2025-05-10 21:30:00,47.300262451171875
2025-05-10 22:00:00,42.582108825445175
2025-05-10 22:30:00,71.88177168369293
2025-05-10 23:00:00,54.534212946891785
2025-05-10 23:30:00,61.972339153289795
2025-05-11 00:00:00,44.43160638213158
2025-05-11 00:30:00,51.631761491298676
2025-05-11 01:00:00,61.54293179512024
2025-05-11 01:30:00,56.58431947231293
2025-05-11 02:00:00,39.80396896600723
2025-05-11 02:30:00,53.40297818183899
2025-05-11 03:00:00,50.46033501625061
2025-05-11 03:30:00,40.318653881549835
2025-05-11 04:00:00,66.30721747875214
2025-05-11 04:30:00,51.98269546031952
2025-05-11 05:00:00,59.27691072225571
2025-05-11 05:30:00,37.15041175484657
2025-05-11 06:00:00,30.414482802152634
2025-05-11 06:30:00,55.50047069787979
2025-05-11 07:00:00,52.265228033065796
2025-05-11 07:30:00,62.21292704343796
2025-05-11 08:00:00,54.428943395614624
2025-05-11 08:30:00,46.246758848428726
2025-05-11 09:00:00,48.377013206481934
2025-05-11 09:30:00,39.96377572417259
2025-05-11 10:00:00,36.72386437654495
2025-05-11 10:30:00,52.06113338470459
2025-05-11 11:00:00,51.17999613285065
2025-05-11 11:30:00,55.738434195518494
2025-05-11 12:00:00,28.819146007299423
2025-05-11 12:30:00,72.45741546154022
2025-05-11 13:00:00,88.11749994754791
2025-05-11 13:30:00,37.3538401722908
2025-05-11 14:00:00,51.751556396484375
2025-05-11 14:30:00,68.45439612865448
2025-05-11 15:00:00,51.84868425130844
2025-05-11 15:30:00,74.00850236415863
2025-05-11 16:00:00,40.80991178750992
2025-05-11 16:30:00,42.17759519815445
2025-05-11 17:00:00,56.779892444610596
2025-05-11 17:30:00,62.42068976163864
2025-05-11 18:00:00,41.5899820625782
2025-05-11 18:30:00,38.550826609134674
2025-05-11 19:00:00,61.30042374134064
2025-05-11 19:30:00,52.09734797477722
2025-05-11 20:00:00,24.84724447131157
2025-05-11 20:30:00,13.90547573566437
2025-05-11 21:00:00,44.948543310165405
2025-05-11 21:30:00,72.37677872180939
2025-05-11 22:00:00,53.54155421257019
2025-05-11 22:30:00,64.93519723415375
2025-05-11 23:00:00,40.44346958398819
2025-05-11 23:30:00,15.024618282914163
2025-05-12 00:00:00,37.39087551832199
2025-05-12 00:30:00,39.45341244339943
2025-05-12 01:00:00,37.52520337700844
2025-05-12 01:30:00,23.390691429376602
2025-05-12 02:00:00,55.58379769325256
2025-05-12 02:30:00,42.06588879227638
2025-05-12 03:00:00,70.464528799057
2025-05-12 03:30:00,55.12939274311066
2025-05-12 04:00:00,65.10122299194336
2025-05-12 04:30:00,46.62512227892876
2025-05-12 05:00:00,42.21772864460945
2025-05-12 05:30:00,43.38599368929863
2025-05-12 06:00:00,63.30675661563873
2025-05-12 06:30:00,45.945657938718796
2025-05-12 07:00:00,58.9332115650177
2025-05-12 07:30:00,44.98068451881409
2025-05-12 08:00:00,73.24186563491821
2025-05-12 08:30:00,69.24377083778381
2025-05-12 09:00:00,44.46553096175194
2025-05-12 09:30:00,70.47134816646576
2025-05-12 10:00:00,63.615978956222534
2025-05-12 10:30:00,63.55181813240051
2025-05-12 11:00:00,61.94177865982056
2025-05-12 11:30:00,32.36935630440712
2025-05-12 12:00:00,36.57202705740929
2025-05-12 12:30:00,61.41218841075897
2025-05-12 13:00:00,49.51334476470947
2025-05-12 13:30:00,47.91643738746643
2025-05-12 14:00:00,53.66454601287842
2025-05-12 14:30:00,54.32423114776611
2025-05-12 15:00:00,33.250708878040314
2025-05-12 15:30:00,42.51723363995552
2025-05-12 16:00:00,13.391876928508283
2025-05-12 16:30:00,38.43767121434212
2025-05-12 17:00:00,53.07359158992767
2025-05-12 17:30:00,59.37721014022827
2025-05-12 18:00:00,48.17805588245392
2025-05-12 18:30:00,40.95858007669449
2025-05-12 19:00:00,56.37547254562378
2025-05-12 19:30:00,38.581756949424744
2025-05-12 20:00:00,61.036494970321655
2025-05-12 20:30:00,61.26915395259857
2025-05-12 21:00:00,51.127832531929016
2025-05-12 21:30:00,63.56346070766449
2025-05-12 22:00:00,49.92810010910034
2025-05-12 22:30:00,46.009859293699265
2025-05-12 23:00:00,54.89460080862045
2025-05-12 23:30:00,54.16593670845032
2025-05-13 00:00:00,38.9600595831871
2025-05-13 00:30:00,41.51553392410278
2025-05-13 01:00:00,29.39962312579155
2025-05-13 01:30:00,57.21532881259918
2025-05-13 02:00:00,61.96163892745972
2025-05-13 02:30:00,65.1831567287445
2025-05-13 03:00:00,49.448114931583405
2025-05-13 03:30:00,71.31601750850677
2025-05-13 04:00:00,58.97210121154785
2025-05-13 04:30:00,42.62793943285942
2025-05-13 05:00:00,65.51421523094177
2025-05-13 05:30:00,60.95997214317322
2025-05-13 06:00:00,53.72835725545883
2025-05-13 06:30:00,53.67012917995453
2025-05-13 07:00:00,45.5331115424633
2025-05-13 07:30:00,28.903777599334717
2025-05-13 08:00:00,35.15168860554695
2025-05-13 08:30:00,60.53522080183029
2025-05-13 09:00:00,50.697563886642456
2025-05-13 09:30:00,66.63126409053802
2025-05-13 10:00:00,32.22907289862633
2025-05-13 10:30:00,20.73620453476906
2025-05-13 11:00:00,31.467125117778778
2025-05-13 11:30:00,57.15333640575409
2025-05-13 12:00:00,32.22542256116867
2025-05-13 12:30:00,46.11670196056366
2025-05-13 13:00:00,60.414767265319824
2025-05-13 13:30:00,51.78315043449402
2025-05-13 14:00:00,24.641703367233276
2025-05-13 14:30:00,48.34172576665878
2025-05-13 15:00:00,56.424201130867004
2025-05-13 15:30:00,61.9774055480957
2025-05-13 16:00:00,49.63443160057068
2025-05-13 16:30:00,44.145871847867966
2025-05-13 17:00:00,52.793511152267456
2025-05-13 17:30:00,53.55637848377228
2025-05-13 18:00:00,45.84920644760132
2025-05-13 18:30:00,82.79507994651794
2025-05-13 19:00:00,69.82265710830688
2025-05-13 19:30:00,60.67214012145996
2025-05-13 20:00:00,47.82055586576462
2025-05-13 20:30:00,46.696294993162155
2025-05-13 21:00:00,68.36006999015808
2025-05-13 21:30:00,65.2036452293396
2025-05-13 22:00:00,73.17281067371368
2025-05-13 22:30:00,61.419240832328796
2025-05-13 23:00:00,36.12205520272255
2025-05-13 23:30:00,29.767957627773285
2025-05-14 00:00:00,34.02530491352081
2025-05-14 00:30:00,51.768731474876404
2025-05-14 01:00:00,64.51914489269257
2025-05-14 01:30:00,68.48804712295532
2025-05-14 02:00:00,41.84993118047714
2025-05-14 02:30:00,47.464193254709244
2025-05-14 03:00:00,50.96323549747467
2025-05-14 03:30:00,41.24247804284096
2025-05-14 04:00:00,47.716020941734314
2025-05-14 04:30:00,47.5985312461853
2025-05-14 05:00:00,23.76783639192581
2025-05-14 05:30:00,65.56924641132355
2025-05-14 06:00:00,49.592735171318054
2025-05-14 06:30:00,52.35255241394043
2025-05-14 07:00:00,49.17488932609558
2025-05-14 07:30:00,33.90288054943085
2025-05-14 08:00:00,38.728573471307755
2025-05-14 08:30:00,48.88347029685974
2025-05-14 09:00:00,19.6013992279768
2025-05-14 09:30:00,44.67334181070328
2025-05-14 10:00:00,48.52076709270477
2025-05-14 10:30:00,57.870038747787476
2025-05-14 11:00:00,58.03417980670929
2025-05-14 11:30:00,63.860037326812744
2025-05-14 12:00:00,49.29475009441376
2025-05-14 12:30:00,63.66198182106018
2025-05-14 13:00:00,43.13280060887337
2025-05-14 13:30:00,66.03899240493774
2025-05-14 14:00:00,44.45278137922287
2025-05-14 14:30:00,42.12310612201691
2025-05-14 15:00:00,43.045648485422134
2025-05-14 15:30:00,60.6332403421402
2025-05-14 16:00:00,45.5113311111927
2025-05-14 16:30:00,48.671117424964905
2025-05-14 17:00:00,47.05670312047005
2025-05-14 17:30:00,32.8725329041481
2025-05-14 18:00:00,44.196439534425735
2025-05-14 18:30:00,39.1691218316555
2025-05-14 19:00:00,54.37903940677643
2025-05-14 19:30:00,55.26061236858368
2025-05-14 20:00:00,57.82550513744354
2025-05-14 20:30:00,57.74838447570801
2025-05-14 21:00:00,53.29524636268616
2025-05-14 21:30:00,56.404178738594055
2025-05-14 22:00:00,34.95206505060196
2025-05-14 22:30:00,49.433366656303406
2025-05-14 23:00:00,51.86883330345154
2025-05-14 23:30:00,52.92999982833862
2025-05-15 00:00:00,77.12171077728271
2025-05-15 00:30:00,45.989588648080826
2025-05-15 01:00:00,51.949257254600525
2025-05-15 01:30:00,82.29898869991302
2025-05-15 02:00:00,81.01842701435089
2025-05-15 02:30:00,33.73533234000206
2025-05-15 03:00:00,31.804777532815933
2025-05-15 03:30:00,63.817368149757385
2025-05-15 04:00:00,78.49611222743988
2025-05-15 04:30:00,58.43733310699463
2025-05-15 05:00:00,60.357511937618256
2025-05-15 05:30:00,53.54868769645691
2025-05-15 06:00:00,53.94299507141113
2025-05-15 06:30:00,39.401631355285645
2025-05-15 07:00:00,51.328755617141724
2025-05-15 07:30:00,25.557660683989525
2025-05-15 08:00:00,44.8296856880188
2025-05-15 08:30:00,46.03736475110054
2025-05-15 09:00:00,57.33372539281845
2025-05-15 09:30:00,61.91601097583771
2025-05-15 10:00:00,49.054582715034485
2025-05-15 10:30:00,65.03858208656311
2025-05-15 11:00:00,58.28846216201782
2025-05-15 11:30:00,52.46762037277222
2025-05-15 12:00:00,27.7972212433815
2025-05-15 12:30:00,72.3963451385498
2025-05-15 13:00:00,54.069644808769226
2025-05-15 13:30:00,64.81099963188171
2025-05-15 14:00:00,53.37992608547211
2025-05-15 14:30:00,36.797081381082535
2025-05-15 15:00:00,42.502368837594986
2025-05-15 15:30:00,62.05572187900543
2025-05-15 16:00:00,39.9831622838974
2025-05-15 16:30:00,36.55843898653984
2025-05-15 17:00:00,47.49904751777649
2025-05-15 17:30:00,38.140256106853485
2025-05-15 18:00:00,45.22329643368721
2025-05-15 18:30:00,76.33642971515656
2025-05-15 19:00:00,45.778535306453705
2025-05-15 19:30:00,44.99491602182388
2025-05-15 20:00:00,48.788708448410034
2025-05-15 20:30:00,39.59265723824501
2025-05-15 21:00:00,51.31079018115997
2025-05-15 21:30:00,47.18799874186516
2025-05-15 22:00:00,58.88193964958191
2025-05-15 22:30:00,56.46043598651886
2025-05-15 23:00:00,41.760922223329544
2025-05-15 23:30:00,50.44723331928253
2025-05-16 00:00:00,37.59264215826988
2025-05-16 00:30:00,48.023003935813904
2025-05-16 01:00:00,72.54841804504395
2025-05-16 01:30:00,61.36961042881012
2025-05-16 02:00:00,36.82642087340355
2025-05-16 02:30:00,53.14990162849426
2025-05-16 03:00:00,68.99824321269989
2025-05-16 03:30:00,56.2129020690918
2025-05-16 04:00:00,34.080538749694824
2025-05-16 04:30:00,70.48453092575073
2025-05-16 05:00:00,43.37144806981087
2025-05-16 05:30:00,51.87380850315094
2025-05-16 06:00:00,43.99852082133293
2025-05-16 06:30:00,60.94971776008606
2025-05-16 07:00:00,40.85319399833679
2025-05-16 07:30:00,43.944036811590195
2025-05-16 08:00:00,51.42016351222992
2025-05-16 08:30:00,92.09601819515228
2025-05-16 09:00:00,36.20338097214699
2025-05-16 09:30:00,54.58189785480499
2025-05-16 10:00:00,40.35730540752411
2025-05-16 10:30:00,73.29606592655182
2025-05-16 11:00:00,44.15058359503746
2025-05-16 11:30:00,52.69917994737625
2025-05-16 12:00:00,36.61956503987312
2025-05-16 12:30:00,71.57846689224243
2025-05-16 13:00:00,57.87668585777283
2025-05-16 13:30:00,40.19986465573311
2025-05-16 14:00:00,51.60208761692047
2025-05-16 14:30:00,44.753499776124954
2025-05-16 15:00:00,46.617411226034164
2025-05-16 15:30:00,61.12180799245834
2025-05-16 16:00:00,58.535712361335754
2025-05-16 16:30:00,40.13610661029816
2025-05-16 17:00:00,58.906709253787994
2025-05-16 17:30:00,48.77094566822052
2025-05-16 18:00:00,70.05551874637604
2025-05-16 18:30:00,45.12053221464157
2025-05-16 19:00:00,70.49140095710754
2025-05-16 19:30:00,66.7044734954834
2025-05-16 20:00:00,90.42223334312439
2025-05-16 20:30:00,72.63684689998627
2025-05-16 21:00:00,36.890379041433334
2025-05-16 21:30:00,22.305142879486084
2025-05-16 22:00:00,57.06429958343506
2025-05-16 22:30:00,51.20699495077133
2025-05-16 23:00:00,52.43751585483551
2025-05-16 23:30:00,71.3724672794342
2025-05-17 00:00:00,12.721453569829466
2025-05-17 00:30:00,47.538626194000244
2025-05-17 01:00:00,53.60404312610626
2025-05-17 01:30:00,54.18102443218231
2025-05-17 02:00:00,69.28503155708313
2025-05-17 02:30:00,58.01048934459686
2025-05-17 03:00:00,66.03019714355469
2025-05-17 03:30:00,45.94071567058563
2025-05-17 04:00:00,44.86074522137642
2025-05-17 04:30:00,33.35710823535919
2025-05-17 05:00:00,45.983078330755234
2025-05-17 05:30:00,64.45576429367065
2025-05-17 06:00:00,54.37945485115051
2025-05-17 06:30:00,45.76683446764946
2025-05-17 07:00:00,63.015185594558716
2025-05-17 07:30:00,64.60341930389404
2025-05-17 08:00:00,62.93750762939453
2025-05-17 08:30:00,51.23381644487381
2025-05-17 09:00:00,73.63731801509857
2025-05-17 09:30:00,59.1861766576767
2025-05-17 10:00:00,47.17472478747368
2025-05-17 10:30:00,51.86182141304016
2025-05-17 11:00:00,35.28325527906418
2025-05-17 11:30:00,52.589730620384216
2025-05-17 12:00:00,54.49562728404999
2025-05-17 12:30:00,44.305017441511154
2025-05-17 13:00:00,68.33817303180695
2025-05-17 13:30:00,67.40406155586243
2025-05-17 14:00:00,81.90761983394623
2025-05-17 14:30:00,63.484272956848145
2025-05-17 15:00:00,57.02030301094055
2025-05-17 15:30:00,68.58142077922821
2025-05-17 16:00:00,68.23747336864471
2025-05-17 16:30:00,72.33839571475983
2025-05-17 17:00:00,41.720277070999146
2025-05-17 17:30:00,55.333730578422546
2025-05-17 18:00:00,58.80245804786682
2025-05-17 18:30:00,51.84977859258652
2025-05-17 19:00:00,35.99760681390762
2025-05-17 19:30:00,38.801798075437546
2025-05-17 20:00:00,68.06785047054291
2025-05-17 20:30:00,68.53020966053009
2025-05-17 21:00:00,74.953293800354
2025-05-17 21:30:00,48.34137111902237
2025-05-17 22:00:00,35.6539811193943
2025-05-17 22:30:00,46.698045432567596
2025-05-17 23:00:00,53.90286922454834
2025-05-17 23:30:00,58.81297588348389
2025-05-18 00:00:00,51.71381175518036
2025-05-18 00:30:00,44.546649008989334
2025-05-18 01:00:00,65.33356785774231
2025-05-18 01:30:00,54.29482579231262
2025-05-18 02:00:00,47.91488707065582
2025-05-18 02:30:00,44.48778763413429
2025-05-18 03:00:00,37.889920473098755
2025-05-18 03:30:00,40.441655814647675
2025-05-18 04:00:00,56.96422815322876
2025-05-18 04:30:00,66.42993569374084
2025-05-18 05:00:00,36.34113371372223
2025-05-18 05:30:00,47.9907563328743
2025-05-18 06:00:00,45.38862302899361
2025-05-18 06:30:00,59.940329790115356
2025-05-18 07:00:00,59.66005176305771
2025-05-18 07:30:00,62.39395946264267
2025-05-18 08:00:00,52.00890898704529
2025-05-18 08:30:00,64.73396003246307
2025-05-18 09:00:00,72.65266418457031
2025-05-18 09:30:00,56.14899456501007
2025-05-18 10:00:00,34.717513769865036
2025-05-18 10:30:00,50.8749383687973
2025-05-18 11:00:00,62.04598426818848
2025-05-18 11:30:00,44.1292642056942
2025-05-18 12:00:00,32.69009709358215
2025-05-18 12:30:00,48.84323298931122
2025-05-18 13:00:00,46.4457668364048
2025-05-18 13:30:00,62.74440199136734
2025-05-18 14:00:00,42.86687821149826
2025-05-18 14:30:00,39.22206565737724
2025-05-18 15:00:00,36.3826958835125
2025-05-18 15:30:00,54.47696268558502
2025-05-18 16:00:00,49.603232741355896
2025-05-18 16:30:00,49.72586989402771
2025-05-18 17:00:00,42.525735050439835
2025-05-18 17:30:00,63.92053008079529
2025-05-18 18:00:00,61.51575058698654
2025-05-18 18:30:00,70.19679009914398
2025-05-18 19:00:00,47.67211049795151
2025-05-18 19:30:00,66.80555820465088
2025-05-18 20:00:00,40.419343411922455
2025-05-18 20:30:00,48.40903282165527
2025-05-18 21:00:00,50.82706093788147
2025-05-18 21:30:00,71.94004535675049
2025-05-18 22:00:00,62.247434258461
2025-05-18 22:30:00,49.33765232563019
2025-05-18 23:00:00,38.25121521949768
2025-05-18 23:30:00,58.37544709444046
2025-05-19 00:00:00,46.03374734520912
2025-05-19 00:30:00,67.47450470924377
2025-05-19 01:00:00,49.27079617977142
2025-05-19 01:30:00,62.511606216430664
2025-05-19 02:00:00,63.44793677330017
2025-05-19 02:30:00,61.8581223487854
2025-05-19 03:00:00,45.77281787991524
2025-05-19 03:30:00,36.54872417449951
2025-05-19 04:00:00,45.4657968878746
2025-05-19 04:30:00,47.40795627236366
2025-05-19 05:00:00,55.071671307086945
2025-05-19 05:30:00,45.869535356760025
2025-05-19 06:00:00,53.618649542331696
2025-05-19 06:30:00,63.784011006355286
2025-05-19 07:00:00,52.97213703393936
2025-05-19 07:30:00,75.03897666931152
2025-05-19 08:00:00,43.39373007416725
2025-05-19 08:30:00,52.62715607881546
2025-05-19 09:00:00,65.00522494316101
2025-05-19 09:30:00,44.29638683795929
2025-05-19 10:00:00,58.87350916862488
2025-05-19 10:30:00,66.5371710062027
2025-05-19 11:00:00,61.88355565071106
2025-05-19 11:30:00,41.007035076618195
2025-05-19 12:00:00,49.90972936153412
2025-05-19 12:30:00,51.475873589515686
2025-05-19 13:00:00,60.114294588565826
2025-05-19 13:30:00,30.18089920282364
2025-05-19 14:00:00,32.44707226753235
2025-05-19 14:30:00,43.766120225191116
2025-05-19 15:00:00,30.6344935297966
2025-05-19 15:30:00,56.45537465810776
2025-05-19 16:00:00,37.15287148952484
2025-05-19 16:30:00,51.802656054496765
2025-05-19 17:00:00,58.47904980182648
2025-05-19 17:30:00,53.585849702358246
2025-05-19 18:00:00,82.30849325656891
2025-05-19 18:30:00,44.29817780852318
2025-05-19 19:00:00,43.75823438167572
2025-05-19 19:30:00,27.21216157078743
2025-05-19 20:00:00,68.5762631893158
2025-05-19 20:30:00,43.84666070342064
2025-05-19 21:00:00,65.10174989700317
2025-05-19 21:30:00,37.43393227458
2025-05-19 22:00:00,55.731239914894104
2025-05-19 22:30:00,52.19115734100342
2025-05-19 23:00:00,56.120237708091736
2025-05-19 23:30:00,29.3955497443676
2025-05-20 00:00:00,47.65208303928375
2025-05-20 00:30:00,45.11803701519966
2025-05-20 01:00:00,39.491053223609924
2025-05-20 01:30:00,61.537379026412964
2025-05-20 02:00:00,30.88215410709381
2025-05-20 02:30:00,34.656955152750015
2025-05-20 03:00:00,63.810386657714844
2025-05-20 03:30:00,51.317933797836304
2025-05-20 04:00:00,48.75487506389618
2025-05-20 04:30:00,55.12148916721344
2025-05-20 05:00:00,48.007759153842926
2025-05-20 05:30:00,43.5988050699234
2025-05-20 06:00:00,49.25404667854309
2025-05-20 06:30:00,66.75262451171875
2025-05-20 07:00:00,46.711919754743576
2025-05-20 07:30:00,35.534016489982605
2025-05-20 08:00:00,61.10643148422241
2025-05-20 08:30:00,70.32107889652252
2025-05-20 09:00:00,61.317031383514404
2025-05-20 09:30:00,49.36825335025787
2025-05-20 10:00:00,62.26556181907654
2025-05-20 10:30:00,33.9089298248291
2025-05-20 11:00:00,51.89438819885254
2025-05-20 11:30:00,50.21152436733246
2025-05-20 12:00:00,40.836003720760345
2025-05-20 12:30:00,40.351907163858414
2025-05-20 13:00:00,42.59162351489067
2025-05-20 13:30:00,47.70184010267258
2025-05-20 14:00:00,55.25398552417755
2025-05-20 14:30:00,34.05292943120003
2025-05-20 15:00:00,57.5085312128067
2025-05-20 15:30:00,52.86302208900452
2025-05-20 16:00:00,44.21393126249313
2025-05-20 16:30:00,70.2910453081131
2025-05-20 17:00:00,57.92686343193054
2025-05-20 17:30:00,50.46133816242218
2025-05-20 18:00:00,30.027123987674713
2025-05-20 18:30:00,50.16534924507141
2025-05-20 19:00:00,42.40526631474495
2025-05-20 19:30:00,48.498018980026245
2025-05-20 20:00:00,56.04683578014374
2025-05-20 20:30:00,58.13637912273407
2025-05-20 21:00:00,30.525824427604675
2025-05-20 21:30:00,28.374754786491394
2025-05-20 22:00:00,57.24008321762085
2025-05-20 22:30:00,64.85212862491608
2025-05-20 23:00:00,36.237688064575195
2025-05-20 23:30:00,34.384091794490814
2025-05-21 00:00:00,51.68441653251648
2025-05-21 00:30:00,47.90885806083679
2025-05-21 01:00:00,47.77454286813736
2025-05-21 01:30:00,56.72570735216141
2025-05-21 02:00:00,73.3903819322586
2025-05-21 02:30:00,44.123772233724594
2025-05-21 03:00:00,51.22821807861328
2025-05-21 03:30:00,55.702412128448486
2025-05-21 04:00:00,50.35025238990784
2025-05-21 04:30:00,63.25781524181366
2025-05-21 05:00:00,66.45220756530762
2025-05-21 05:30:00,69.26503956317902
2025-05-21 06:00:00,37.71981626749039
2025-05-21 06:30:00,26.553796231746674
2025-05-21 07:00:00,41.957706063985825
2025-05-21 07:30:00,38.04677098989487
2025-05-21 08:00:00,42.89431020617485
2025-05-21 08:30:00,87.34697222709656
2025-05-21 09:00:00,55.467544198036194
2025-05-21 09:30:00,58.100823163986206
2025-05-21 10:00:00,45.98737969994545
2025-05-21 10:30:00,33.86547029018402
2025-05-21 11:00:00,33.75664412975311
2025-05-21 11:30:00,45.47373339533806
2025-05-21 12:00:00,56.613370180130005
2025-05-21 12:30:00,37.17786654829979
2025-05-21 13:00:00,40.031085312366486
2025-05-21 13:30:00,54.018545150756836
2025-05-21 14:00:00,24.846324920654297
2025-05-21 14:30:00,71.82182610034943
2025-05-21 15:00:00,45.56940212845802
2025-05-21 15:30:00,44.91340026259422
2025-05-21 16:00:00,64.0112692117691
2025-05-21 16:30:00,59.641817808151245
2025-05-21 17:00:00,48.340322375297546
2025-05-21 17:30:00,67.22393095493317
2025-05-21 18:00:00,50.39371192455292
2025-05-21 18:30:00,42.73129388689995
2025-05-21 19:00:00,56.95685148239136
2025-05-21 19:30:00,31.59758985042572
2025-05-21 20:00:00,45.41780546307564
2025-05-21 20:30:00,60.48381209373474
2025-05-21 21:00:00,57.05092936754227
2025-05-21 21:30:00,65.21123468875885
2025-05-21 22:00:00,53.83666157722473
2025-05-21 22:30:00,60.71504235267639
2025-05-21 23:00:00,45.961581617593765
2025-05-21 23:30:00,40.251818001270294
2025-05-22 00:00:00,39.32559743523598
2025-05-22 00:30:00,40.999197363853455
2025-05-22 01:00:00,47.03212097287178
2025-05-22 01:30:00,53.4161913394928
2025-05-22 02:00:00,41.05491504073143
2025-05-22 02:30:00,47.530317306518555
2025-05-22 03:00:00,45.45945629477501
2025-05-22 03:30:00,28.37926894426346
2025-05-22 04:00:00,30.857544094324112
2025-05-22 04:30:00,60.934903621673584
2025-05-22 05:00:00,53.45213234424591
2025-05-22 05:30:00,35.404909551143646
2025-05-22 06:00:00,60.52077144384384
2025-05-22 06:30:00,45.60398027300835
2025-05-22 07:00:00,54.2896631360054
2025-05-22 07:30:00,56.93615019321442
2025-05-22 08:00:00,62.41628706455231
2025-05-22 08:30:00,66.50575935840607
2025-05-22 09:00:00,38.78326773643494
2025-05-22 09:30:00,64.51215326786041
2025-05-22 10:00:00,46.9595043361187
2025-05-22 10:30:00,61.83080434799194
2025-05-22 11:00:00,55.12585639953613
2025-05-22 11:30:00,50.254730582237244
2025-05-22 12:00:00,48.6838036775589
2025-05-22 12:30:00,59.381638169288635
2025-05-22 13:00:00,42.40295350551605
2025-05-22 13:30:00,54.26166117191315
2025-05-22 14:00:00,48.44629615545273
2025-05-22 14:30:00,54.73518669605255
2025-05-22 15:00:00,53.013240694999695
2025-05-22 15:30:00,55.40218770503998
2025-05-22 16:00:00,45.85041984915733
2025-05-22 16:30:00,48.4771454334259
2025-05-22 17:00:00,44.872747510671616
2025-05-22 17:30:00,61.59961462020874
2025-05-22 18:00:00,40.72644039988518
2025-05-22 18:30:00,49.219929575920105
2025-05-22 19:00:00,32.96081483364105
2025-05-22 19:30:00,24.934053346514702
2025-05-22 20:00:00,53.19140553474426
2025-05-22 20:30:00,59.4134247303009
2025-05-22 21:00:00,62.80897319316864
2025-05-22 21:30:00,46.66650205850601
2025-05-22 22:00:00,62.05985605716705
2025-05-22 22:30:00,45.574754774570465
2025-05-22 23:00:00,37.440589517354965
2025-05-22 23:30:00,33.03068295121193
2025-05-23 00:00:00,44.46031257510185
2025-05-23 00:30:00,44.73219558596611
2025-05-23 01:00:00,52.697158455848694
2025-05-23 01:30:00,43.122252374887466
2025-05-23 02:00:00,42.11249202489853
2025-05-23 02:30:00,52.2649747133255
2025-05-23 03:00:00,47.31679156422615
2025-05-23 03:30:00,47.13484466075897
2025-05-23 04:00:00,64.00004208087921
2025-05-23 04:30:00,35.63480228185654
2025-05-23 05:00:00,51.61991626024246
2025-05-23 05:30:00,42.79229834675789
2025-05-23 06:00:00,25.663244351744652
2025-05-23 06:30:00,48.68124008178711
2025-05-23 07:00:00,49.35552656650543
2025-05-23 07:30:00,39.337815046310425
2025-05-23 08:00:00,37.66924351453781
2025-05-23 08:30:00,30.164030641317368
2025-05-23 09:00:00,50.911375880241394
2025-05-23 09:30:00,61.228176951408386
2025-05-23 10:00:00,57.54640758037567
2025-05-23 10:30:00,62.586193680763245
2025-05-23 11:00:00,37.39533141255379
2025-05-23 11:30:00,54.56642508506775
2025-05-23 12:00:00,52.80022919178009
2025-05-23 12:30:00,43.14820244908333
2025-05-23 13:00:00,51.88125103712082
2025-05-23 13:30:00,37.08052337169647
2025-05-23 14:00:00,38.67952570319176
2025-05-23 14:30:00,47.01376289129257
2025-05-23 15:00:00,66.14116132259369
2025-05-23 15:30:00,55.36486357450485
2025-05-23 16:00:00,74.33652102947235
2025-05-23 16:30:00,54.9978893995285
2025-05-23 17:00:00,73.10267150402069
2025-05-23 17:30:00,46.1404050886631
2025-05-23 18:00:00,52.31500029563904
2025-05-23 18:30:00,47.66048312187195
2025-05-23 19:00:00,65.29861986637115
2025-05-23 19:30:00,51.40545070171356
2025-05-23 20:00:00,82.45155811309814
2025-05-23 20:30:00,50.08628308773041
2025-05-23 21:00:00,39.10064950585365
2025-05-23 21:30:00,46.06270685791969
2025-05-23 22:00:00,58.38730752468109
2025-05-23 22:30:00,50.70800065994263
2025-05-23 23:00:00,79.29271161556244
2025-05-23 23:30:00,67.93080449104309
2025-05-24 00:00:00,46.8601194024086
2025-05-24 00:30:00,31.143939793109894
2025-05-24 01:00:00,52.85221040248871
2025-05-24 01:30:00,61.20935529470444
2025-05-24 02:00:00,64.11327600479126
2025-05-24 02:30:00,62.865291237831116
2025-05-24 03:00:00,48.19812387228012
2025-05-24 03:30:00,67.44806826114655
2025-05-24 04:00:00,52.36638367176056
2025-05-24 04:30:00,59.760533571243286
2025-05-24 05:00:00,50.05573272705078
2025-05-24 05:30:00,38.75252991914749
2025-05-24 06:00:00,43.90794888138771
2025-05-24 06:30:00,44.24999639391899
2025-05-24 07:00:00,31.97620153427124
2025-05-24 07:30:00,29.2090405523777
2025-05-24 08:00:00,26.418688148260117
2025-05-24 08:30:00,58.61570060253143
2025-05-24 09:00:00,63.290037512779236
2025-05-24 09:30:00,57.23066985607147
2025-05-24 10:00:00,38.87506574392319
2025-05-24 10:30:00,44.214893877506256
2025-05-24 11:00:00,46.92707687616348
2025-05-24 11:30:00,44.04049336910248
2025-05-24 12:00:00,45.873378217220306
2025-05-24 12:30:00,47.706683576107025
2025-05-24 13:00:00,40.85686460137367
2025-05-24 13:30:00,70.72650194168091
2025-05-24 14:00:00,51.59021198749542
2025-05-24 14:30:00,40.72928264737129
2025-05-24 15:00:00,48.070091009140015
2025-05-24 15:30:00,50.062364637851715
2025-05-24 16:00:00,40.353923588991165
2025-05-24 16:30:00,46.27696469426155
2025-05-24 17:00:00,52.47732758522034
2025-05-24 17:30:00,59.392064809799194
2025-05-24 18:00:00,64.50020670890808
2025-05-24 18:30:00,46.274568289518356
2025-05-24 19:00:00,60.9231698513031
2025-05-24 19:30:00,55.670433044433594
2025-05-24 20:00:00,39.532009959220886
2025-05-24 20:30:00,67.69375801086426
2025-05-24 21:00:00,36.56707972288132
2025-05-24 21:30:00,76.27031326293945
2025-05-24 22:00:00,47.821179032325745
2025-05-24 22:30:00,58.056051433086395
2025-05-24 23:00:00,68.35862100124359
2025-05-24 23:30:00,49.257805943489075
2025-05-25 00:00:00,49.85923767089844
2025-05-25 00:30:00,75.56490898132324
2025-05-25 01:00:00,49.0817791223526
2025-05-25 01:30:00,35.7678584754467
2025-05-25 02:00:00,54.75365877151489
2025-05-25 02:30:00,66.57656729221344
2025-05-25 03:00:00,59.96865093708038
2025-05-25 03:30:00,66.32371366024017
2025-05-25 04:00:00,49.223719239234924
2025-05-25 04:30:00,49.279459714889526
2025-05-25 05:00:00,43.5885126888752
2025-05-25 05:30:00,38.34035083651543
2025-05-25 06:00:00,48.64928126335144
2025-05-25 06:30:00,33.092042058706284
2025-05-25 07:00:00,43.63508805632591
2025-05-25 07:30:00,48.591230511665344
2025-05-25 08:00:00,36.71356439590454
2025-05-25 08:30:00,57.28298544883728
2025-05-25 09:00:00,37.38038808107376
2025-05-25 09:30:00,41.47539287805557
2025-05-25 10:00:00,46.60611569881439
2025-05-25 10:30:00,33.839834332466125
2025-05-25 11:00:00,32.777849584817886
2025-05-25 11:30:00,64.7359561920166
2025-05-25 12:00:00,37.683105170726776
2025-05-25 12:30:00,41.12620681524277
2025-05-25 13:00:00,43.99519979953766
2025-05-25 13:30:00,26.627636402845383
2025-05-25 14:00:00,49.530985951423645
2025-05-25 14:30:00,57.6988959312439
2025-05-25 15:00:00,31.737944185733795
2025-05-25 15:30:00,51.93138808012009
2025-05-25 16:00:00,48.626097440719604
2025-05-25 16:30:00,54.91092473268509
2025-05-25 17:00:00,27.9779015481472
2025-05-25 17:30:00,64.40105736255646
2025-05-25 18:00:00,41.852266788482666
2025-05-25 18:30:00,40.73162078857422
2025-05-25 19:00:00,59.819014966487885
2025-05-25 19:30:00,29.129541218280792
2025-05-25 20:00:00,51.07986390590668
2025-05-25 20:30:00,34.106255769729614
2025-05-25 21:00:00,55.950817465782166
2025-05-25 21:30:00,37.7130526304245
2025-05-25 22:00:00,36.58852070569992
2025-05-25 22:30:00,44.29721266031265
2025-05-25 23:00:00,58.002028465270996
2025-05-25 23:30:00,52.340286672115326
2025-05-26 00:00:00,38.776835948228836
2025-05-26 00:30:00,40.22871524095535
2025-05-26 01:00:00,42.06250697374344
2025-05-26 01:30:00,39.50911492109299
2025-05-26 02:00:00,60.418009757995605
2025-05-26 02:30:00,68.51680397987366
2025-05-26 03:00:00,58.046369552612305
2025-05-26 03:30:00,68.60676288604736
2025-05-26 04:00:00,76.15939974784851
2025-05-26 04:30:00,65.5192106962204
2025-05-26 05:00:00,55.70043623447418
2025-05-26 05:30:00,48.59174728393555
2025-05-26 06:00:00,50.58156371116638
2025-05-26 06:30:00,50.901096165180206
2025-05-26 07:00:00,42.517631351947784
2025-05-26 07:30:00,38.11975747346878
2025-05-26 08:00:00,42.85719633102417
2025-05-26 08:30:00,39.180751740932465
2025-05-26 09:00:00,22.453448921442032
2025-05-26 09:30:00,54.43596035242081
2025-05-26 10:00:00,23.87506663799286
2025-05-26 10:30:00,52.364630699157715
2025-05-26 11:00:00,39.18932154774666
2025-05-26 11:30:00,64.24724161624908
2025-05-26 12:00:00,42.34664052724838
2025-05-26 12:30:00,70.38688123226166
2025-05-26 13:00:00,62.75859296321869
2025-05-26 13:30:00,55.65268039703369
2025-05-26 14:00:00,48.04484009742737
2025-05-26 14:30:00,62.683812975883484
2025-05-26 15:00:00,53.764212131500244
2025-05-26 15:30:00,51.137134432792664
2025-05-26 16:00:00,70.5486512184143
2025-05-26 16:30:00,46.900513768196106
2025-05-26 17:00:00,38.322889506816864
2025-05-26 17:30:00,45.304414480924606
2025-05-26 18:00:00,49.8091259598732
2025-05-26 18:30:00,34.4995903968811
2025-05-26 19:00:00,41.89821645617485
2025-05-26 19:30:00,62.322953939437866
2025-05-26 20:00:00,73.44687223434448
2025-05-26 20:30:00,56.55255317687988
2025-05-26 21:00:00,56.10943615436554
2025-05-26 21:30:00,60.85214406251907
2025-05-26 22:00:00,67.44221150875092
2025-05-26 22:30:00,66.66058838367462
2025-05-26 23:00:00,62.082908153533936
2025-05-26 23:30:00,45.7348857820034
2025-05-27 00:00:00,31.010622680187225
2025-05-27 00:30:00,35.477771908044815
2025-05-27 01:00:00,47.61278808116913
2025-05-27 01:30:00,53.40465009212494
2025-05-27 02:00:00,36.9953927397728
2025-05-27 02:30:00,59.47887748479843
2025-05-27 03:00:00,49.904485642910004
2025-05-27 03:30:00,40.18602833151817
2025-05-27 04:00:00,63.33613157272339
2025-05-27 04:30:00,47.30506792664528
2025-05-27 05:00:00,65.06940603256226
2025-05-27 05:30:00,78.30847322940826
2025-05-27 06:00:00,52.355703711509705
2025-05-27 06:30:00,48.08338522911072
2025-05-27 07:00:00,54.849504828453064
2025-05-27 07:30:00,71.13906860351562
2025-05-27 08:00:00,34.87910136580467
2025-05-27 08:30:00,56.801252365112305
2025-05-27 09:00:00,36.291376650333405
2025-05-27 09:30:00,38.91122967004776
2025-05-27 10:00:00,49.54900711774826
2025-05-27 10:30:00,58.65687012672424
2025-05-27 11:00:00,59.04702305793762
2025-05-27 11:30:00,42.66730532050133
2025-05-27 12:00:00,59.325289726257324
2025-05-27 12:30:00,63.54867696762085
2025-05-27 13:00:00,59.586670100688934
2025-05-27 13:30:00,64.80652093887329
2025-05-27 14:00:00,82.83308804035187
2025-05-27 14:30:00,53.455901741981506
2025-05-27 15:00:00,46.130264699459076
2025-05-27 15:30:00,58.12295317649841
2025-05-27 16:00:00,38.20052847266197
2025-05-27 16:30:00,51.451519429683685
2025-05-27 17:00:00,71.10010802745819
2025-05-27 17:30:00,51.15040838718414
2025-05-27 18:00:00,39.74573075771332
2025-05-27 18:30:00,25.779858827590942
2025-05-27 19:00:00,47.423335313797
2025-05-27 19:30:00,35.08383944630623
2025-05-27 20:00:00,46.05165705084801
2025-05-27 20:30:00,25.561142563819885
2025-05-27 21:00:00,46.4020337164402
2025-05-27 21:30:00,59.44682240486145
2025-05-27 22:00:00,67.56873965263367
2025-05-27 22:30:00,35.08378118276596
2025-05-27 23:00:00,53.43856453895569
2025-05-27 23:30:00,65.41786253452301
2025-05-28 00:00:00,63.07896137237549
2025-05-28 00:30:00,38.67375761270523
2025-05-28 01:00:00,35.967930406332016
2025-05-28 01:30:00,38.21773901581764
2025-05-28 02:00:00,47.061650454998016
2025-05-28 02:30:00,51.17099314928055
2025-05-28 03:00:00,44.52093705534935
2025-05-28 03:30:00,55.4561448097229
2025-05-28 04:00:00,67.60106325149536
2025-05-28 04:30:00,54.0571004152298
2025-05-28 05:00:00,39.25166353583336
2025-05-28 05:30:00,53.55002522468567
2025-05-28 06:00:00,31.628616452217102
2025-05-28 06:30:00,32.42124632000923
2025-05-28 07:00:00,49.24991250038147
2025-05-28 07:30:00,40.967375338077545
2025-05-28 08:00:00,70.63649237155914
2025-05-28 08:30:00,53.233958184719086
2025-05-28 09:00:00,55.01271367073059
2025-05-28 09:30:00,39.446590542793274
2025-05-28 10:00:00,46.04574456810951
2025-05-28 10:30:00,65.1172024011612
2025-05-28 11:00:00,60.371875166893005
2025-05-28 11:30:00,38.45345050096512
2025-05-28 12:00:00,45.90715333819389
2025-05-28 12:30:00,37.81476557254791
2025-05-28 13:00:00,42.8693126142025
2025-05-28 13:30:00,38.27287405729294
2025-05-28 14:00:00,45.93773916363716
2025-05-28 14:30:00,72.38537132740021
2025-05-28 15:00:00,41.32499694824219
2025-05-28 15:30:00,58.01430940628052
2025-05-28 16:00:00,51.19205415248871
2025-05-28 16:30:00,37.47158572077751
2025-05-28 17:00:00,23.274052888154984
2025-05-28 17:30:00,47.58826673030853
2025-05-28 18:00:00,46.98669567704201
2025-05-28 18:30:00,45.80313265323639
2025-05-28 19:00:00,31.541383266448975
2025-05-28 19:30:00,46.405886709690094
2025-05-28 20:00:00,51.83622598648071
2025-05-28 20:30:00,37.80417427420616
2025-05-28 21:00:00,34.74056839942932
2025-05-28 21:30:00,39.9492909014225
2025-05-28 22:00:00,69.93419885635376
2025-05-28 22:30:00,48.09298098087311
2025-05-28 23:00:00,45.514857321977615
2025-05-28 23:30:00,29.635258615016937
2025-05-29 00:00:00,32.75757133960724
2025-05-29 00:30:00,38.12110513448715
2025-05-29 01:00:00,50.0587522983551
2025-05-29 01:30:00,72.07304835319519
2025-05-29 02:00:00,51.46083652973175
2025-05-29 02:30:00,44.6062196791172
2025-05-29 03:00:00,59.95420157909393
2025-05-29 03:30:00,69.61676895618439
2025-05-29 04:00:00,50.622581243515015
2025-05-29 04:30:00,33.84224593639374
2025-05-29 05:00:00,60.85821360349655
2025-05-29 05:30:00,50.057424902915955
2025-05-29 06:00:00,54.86752092838287
2025-05-29 06:30:00,63.533031940460205
2025-05-29 07:00:00,70.20345747470856
2025-05-29 07:30:00,76.7830628156662
2025-05-29 08:00:00,64.45732474327087
2025-05-29 08:30:00,53.41986954212189
2025-05-29 09:00:00,64.66483414173126
2025-05-29 09:30:00,54.506712555885315
2025-05-29 10:00:00,43.6445115506649
2025-05-29 10:30:00,41.90051659941673
2025-05-29 11:00:00,45.520361959934235
2025-05-29 11:30:00,81.27590119838715
2025-05-29 12:00:00,61.46622151136398
2025-05-29 12:30:00,58.89526426792145
2025-05-29 13:00:00,48.314706683158875
2025-05-29 13:30:00,55.20210564136505
2025-05-29 14:00:00,41.795361042022705
2025-05-29 14:30:00,50.5746328830719
2025-05-29 15:00:00,54.01309370994568
2025-05-29 15:30:00,52.09940493106842
2025-05-29 16:00:00,47.85178005695343
2025-05-29 16:30:00,57.6338130235672
2025-05-29 17:00:00,55.59733510017395
2025-05-29 17:30:00,38.455737978219986
2025-05-29 18:00:00,48.82688879966736
2025-05-29 18:30:00,50.21600306034088
2025-05-29 19:00:00,50.65496563911438
2025-05-29 19:30:00,58.96993279457092
2025-05-29 20:00:00,58.561292588710785
2025-05-29 20:30:00,54.61747407913208
2025-05-29 21:00:00,58.31629693508148
2025-05-29 21:30:00,46.31411403417587
2025-05-29 22:00:00,43.37452843785286
2025-05-29 22:30:00,47.31072202324867
2025-05-29 23:00:00,32.951444536447525
2025-05-29 23:30:00,35.81963196396828
2025-05-30 00:00:00,34.54652041196823
2025-05-30 00:30:00,48.121357858181
2025-05-30 01:00:00,44.5110322535038
2025-05-30 01:30:00,35.239897072315216
2025-05-30 02:00:00,35.24688869714737
2025-05-30 02:30:00,43.23513925075531
2025-05-30 03:00:00,47.98218905925751
2025-05-30 03:30:00,53.65345060825348
2025-05-30 04:00:00,80.7060432434082
2025-05-30 04:30:00,70.1334297657013
2025-05-30 05:00:00,54.879578948020935
2025-05-30 05:30:00,63.281607031822205
2025-05-30 06:00:00,52.29117810726166
2025-05-30 06:30:00,29.57182228565216
2025-05-30 07:00:00,45.37019655108452
2025-05-30 07:30:00,62.72597551345825
2025-05-30 08:00:00,76.56758904457092
2025-05-30 08:30:00,45.17681732773781
2025-05-30 09:00:00,59.629263281822205
2025-05-30 09:30:00,54.24923837184906
2025-05-30 10:00:00,49.798197746276855
2025-05-30 10:30:00,69.3911725282669
2025-05-30 11:00:00,69.04512763023376
2025-05-30 11:30:00,32.09600657224655
2025-05-30 12:00:00,60.36109387874603
2025-05-30 12:30:00,43.19313630461693
2025-05-30 13:00:00,58.95316302776337
2025-05-30 13:30:00,36.35021775960922
2025-05-30 14:00:00,65.36204099655151
2025-05-30 14:30:00,32.78416991233826
2025-05-30 15:00:00,46.823096722364426
2025-05-30 15:30:00,62.98696577548981
2025-05-30 16:00:00,64.91993725299835
2025-05-30 16:30:00,62.10407555103302
2025-05-30 17:00:00,47.60458558797836
2025-05-30 17:30:00,53.527459502220154
2025-05-30 18:00:00,52.23380118608475
2025-05-30 18:30:00,67.284677028656
2025-05-30 19:00:00,55.08004605770111
2025-05-30 19:30:00,40.43753683567047
2025-05-30 20:00:00,25.740344747900963
2025-05-30 20:30:00,54.8069167137146
2025-05-30 21:00:00,59.314082860946655
2025-05-30 21:30:00,58.46350610256195
2025-05-30 22:00:00,52.17567950487137
2025-05-30 22:30:00,55.202049911022186
2025-05-30 23:00:00,64.65439736843109
2025-05-30 23:30:00,55.88757872581482
2025-05-31 00:00:00,59.638139605522156
2025-05-31 00:30:00,38.31465154886246
2025-05-31 01:00:00,35.74845418334007
2025-05-31 01:30:00,72.87754118442535
2025-05-31 02:00:00,42.25006237626076
2025-05-31 02:30:00,58.501291275024414
2025-05-31 03:00:00,66.20585918426514
2025-05-31 03:30:00,33.79414305090904
2025-05-31 04:00:00,71.7299622297287
2025-05-31 04:30:00,61.95173919200897
2025-05-31 05:00:00,59.70053732395172
2025-05-31 05:30:00,41.74094542860985
2025-05-31 06:00:00,49.36024844646454
2025-05-31 06:30:00,34.45464640855789
2025-05-31 07:00:00,63.44915270805359
2025-05-31 07:30:00,52.90207386016846
2025-05-31 08:00:00,55.62223136425018
2025-05-31 08:30:00,58.00801694393158
2025-05-31 09:00:00,31.25465825200081
2025-05-31 09:30:00,59.0503466129303
2025-05-31 10:00:00,71.82850360870361
2025-05-31 10:30:00,39.16743218898773
2025-05-31 11:00:00,29.923845529556274
2025-05-31 11:30:00,52.4826979637146
2025-05-31 12:00:00,43.62069442868233
2025-05-31 12:30:00,61.55961036682129
2025-05-31 13:00:00,50.22878050804138
2025-05-31 13:30:00,71.52692139148712
2025-05-31 14:00:00,50.00501811504364
2025-05-31 14:30:00,46.854044795036316
2025-05-31 15:00:00,59.75881099700928
2025-05-31 15:30:00,58.42996656894684
2025-05-31 16:00:00,26.5461865067482
2025-05-31 16:30:00,50.104177594184875
2025-05-31 17:00:00,24.194816946983337
2025-05-31 17:30:00,48.70446443557739
2025-05-31 18:00:00,63.963857889175415
2025-05-31 18:30:00,57.23456084728241
2025-05-31 19:00:00,43.07077273726463
2025-05-31 19:30:00,68.31610381603241
2025-05-31 20:00:00,70.41719853878021
2025-05-31 20:30:00,46.01758047938347
2025-05-31 21:00:00,38.923221826553345
2025-05-31 21:30:00,30.4074227809906
2025-05-31 22:00:00,37.7240315079689
2025-05-31 22:30:00,55.470725893974304
2025-05-31 23:00:00,46.36323779821396
2025-05-31 23:30:00,50.25828719139099
2025-06-01 00:00:00,24.295296221971512
2025-06-01 00:30:00,43.19350615143776
2025-06-01 01:00:00,49.39389944076538
2025-06-01 01:30:00,46.35351285338402
2025-06-01 02:00:00,50.12245714664459
2025-06-01 02:30:00,64.5745712518692
2025-06-01 03:00:00,76.54148697853088
2025-06-01 03:30:00,65.73501884937286
2025-06-01 04:00:00,31.007370054721832
2025-06-01 04:30:00,54.52167361974716
2025-06-01 05:00:00,54.28905010223389
2025-06-01 05:30:00,52.83263385295868
2025-06-01 06:00:00,25.96712291240692
2025-06-01 06:30:00,56.32648050785065
2025-06-01 07:00:00,42.09686979651451
2025-06-01 07:30:00,34.40931737422943
2025-06-01 08:00:00,57.00303673744202
2025-06-01 08:30:00,53.27028930187225
2025-06-01 09:00:00,44.041364789009094
2025-06-01 09:30:00,66.25962376594543
2025-06-01 10:00:00,31.657277047634125
2025-06-01 10:30:00,58.844975233078
2025-06-01 11:00:00,48.5289341211319
2025-06-01 11:30:00,52.536999583244324
2025-06-01 12:00:00,52.15081870555878
2025-06-01 12:30:00,53.09817373752594
2025-06-01 13:00:00,63.797335624694824
2025-06-01 13:30:00,36.95788115262985
2025-06-01 14:00:00,37.18202605843544
2025-06-01 14:30:00,51.330832839012146
2025-06-01 15:00:00,54.63972061872482
2025-06-01 15:30:00,55.696099400520325
2025-06-01 16:00:00,52.81622886657715
2025-06-01 16:30:00,51.62864565849304
2025-06-01 17:00:00,46.97155222296715
2025-06-01 17:30:00,59.144166111946106
2025-06-01 18:00:00,53.61938416957855
2025-06-01 18:30:00,25.019722282886505
2025-06-01 19:00:00,47.02823504805565
2025-06-01 19:30:00,89.84990298748016
2025-06-01 20:00:00,32.36127033829689
2025-06-01 20:30:00,42.02663689851761
2025-06-01 21:00:00,50.21929621696472
2025-06-01 21:30:00,52.40570902824402
2025-06-01 22:00:00,72.29333519935608
2025-06-01 22:30:00,66.37481331825256
2025-06-01 23:00:00,53.014826476573944
2025-06-01 23:30:00,42.35094949603081
2025-06-02 00:00:00,34.98829483985901
2025-06-02 00:30:00,50.803107023239136
2025-06-02 01:00:00,57.74611473083496
2025-06-02 01:30:00,51.76698863506317
2025-06-02 02:00:00,57.01355457305908
2025-06-02 02:30:00,21.242600828409195
2025-06-02 03:00:00,40.94537705183029
2025-06-02 03:30:00,52.36068904399872
2025-06-02 04:00:00,60.48721671104431
2025-06-02 04:30:00,52.9924938082695
2025-06-02 05:00:00,60.06034255027771
2025-06-02 05:30:00,48.988030552864075
2025-06-02 06:00:00,30.708503425121307
2025-06-02 06:30:00,34.93294954299927
2025-06-02 07:00:00,52.03702747821808
2025-06-02 07:30:00,71.31056606769562
2025-06-02 08:00:00,44.89901930093765
2025-06-02 08:30:00,28.944407552480698
2025-06-02 09:00:00,41.974394768476486
2025-06-02 09:30:00,46.66299104690552
2025-06-02 10:00:00,57.57550895214081
2025-06-02 10:30:00,60.07160007953644
2025-06-02 11:00:00,67.97401070594788
2025-06-02 11:30:00,41.43985211849213
2025-06-02 12:00:00,41.04241117835045
2025-06-02 12:30:00,62.794189453125
2025-06-02 13:00:00,43.694798052310944
2025-06-02 13:30:00,82.29498624801636
2025-06-02 14:00:00,59.142843782901764
2025-06-02 14:30:00,36.15936413407326
2025-06-02 15:00:00,50.19728273153305
2025-06-02 15:30:00,66.61739230155945
2025-06-02 16:00:00,62.531056106090546
2025-06-02 16:30:00,50.23709952831268
2025-06-02 17:00:00,85.83678126335144
2025-06-02 17:30:00,55.739052295684814
2025-06-02 18:00:00,39.384104162454605
2025-06-02 18:30:00,47.03111782670021
2025-06-02 19:00:00,39.68177005648613
2025-06-02 19:30:00,30.034151077270508
2025-06-02 20:00:00,45.983139127492905
2025-06-02 20:30:00,22.807881236076355
2025-06-02 21:00:00,45.911046862602234
2025-06-02 21:30:00,55.05587935447693
2025-06-02 22:00:00,50.31087636947632
2025-06-02 22:30:00,73.2767528295517
2025-06-02 23:00:00,41.71675845980644
2025-06-02 23:30:00,50.187347531318665
2025-06-03 00:00:00,27.04728588461876
2025-06-03 00:30:00,50.296457409858704
2025-06-03 01:00:00,45.71190968155861
2025-06-03 01:30:00,72.01086342334747
2025-06-03 02:00:00,43.88766050338745
2025-06-03 02:30:00,47.47877433896065
2025-06-03 03:00:00,62.50933647155762
2025-06-03 03:30:00,58.551636040210724
2025-06-03 04:00:00,39.155009388923645
2025-06-03 04:30:00,61.203402280807495
2025-06-03 05:00:00,31.4460489153862
2025-06-03 05:30:00,41.15854054689407
2025-06-03 06:00:00,50.95574736595154
2025-06-03 06:30:00,55.31811594963074
2025-06-03 07:00:00,56.05102062225342
2025-06-03 07:30:00,35.262432396411896
2025-06-03 08:00:00,43.832902908325195
2025-06-03 08:30:00,27.97950506210327
2025-06-03 09:00:00,44.333531111478806
2025-06-03 09:30:00,47.84298479557037
2025-06-03 10:00:00,44.71310794353485
2025-06-03 10:30:00,50.551286935806274
2025-06-03 11:00:00,45.107422918081284
2025-06-03 11:30:00,52.01298236846924
2025-06-03 12:00:00,46.19222164154053
2025-06-03 12:30:00,37.34975665807724
2025-06-03 13:00:00,65.34935474395752
2025-06-03 13:30:00,55.978591442108154
2025-06-03 14:00:00,42.89659008383751
2025-06-03 14:30:00,38.011336624622345
2025-06-03 15:00:00,72.56771087646484
2025-06-03 15:30:00,56.244045197963715
2025-06-03 16:00:00,70.80159604549408
2025-06-03 16:30:00,50.7071191072464
2025-06-03 17:00:00,62.24932909011841
2025-06-03 17:30:00,47.359303683042526
2025-06-03 18:00:00,41.19437515735626
2025-06-03 18:30:00,68.82883310317993
2025-06-03 19:00:00,57.00701892375946
2025-06-03 19:30:00,53.99352729320526
2025-06-03 20:00:00,62.197687327861786
2025-06-03 20:30:00,80.35849869251251
2025-06-03 21:00:00,61.498621106147766
2025-06-03 21:30:00,44.05029430985451
2025-06-03 22:00:00,89.75197970867157
2025-06-03 22:30:00,63.22940289974213
2025-06-03 23:00:00,68.88717770576477
2025-06-03 23:30:00,38.05039346218109
2025-06-04 00:00:00,50.52190184593201
2025-06-04 00:30:00,67.25516021251678
2025-06-04 01:00:00,60.80921649932861
2025-06-04 01:30:00,60.40748178958893
2025-06-04 02:00:00,38.19971784949303
2025-06-04 02:30:00,53.04962754249573
2025-06-04 03:00:00,69.39799189567566
2025-06-04 03:30:00,49.20480638742447
2025-06-04 04:00:00,50.21693527698517
2025-06-04 04:30:00,29.109478294849396
2025-06-04 05:00:00,68.51737141609192
2025-06-04 05:30:00,31.403068155050278
2025-06-04 06:00:00,33.65017384290695
2025-06-04 06:30:00,61.089550256729126
2025-06-04 07:00:00,65.9761893749237
2025-06-04 07:30:00,50.20919382572174
2025-06-04 08:00:00,50.95497727394104
2025-06-04 08:30:00,64.16543960571289
2025-06-04 09:00:00,42.568155974149704
2025-06-04 09:30:00,54.19650226831436
2025-06-04 10:00:00,41.101097762584686
2025-06-04 10:30:00,49.341234266757965
2025-06-04 11:00:00,56.136521100997925
2025-06-04 11:30:00,55.460360050201416
2025-06-04 12:00:00,35.641874969005585
2025-06-04 12:30:00,35.517028868198395
2025-06-04 13:00:00,72.60371267795563
2025-06-04 13:30:00,24.55727443099022
2025-06-04 14:00:00,49.180133044719696
2025-06-04 14:30:00,40.437283515930176
2025-06-04 15:00:00,42.09269508719444
2025-06-04 15:30:00,41.65061667561531
2025-06-04 16:00:00,49.09372568130493
2025-06-04 16:30:00,54.51550781726837
2025-06-04 17:00:00,54.902104139328
2025-06-04 17:30:00,27.133908569812775
2025-06-04 18:00:00,36.547964215278625
2025-06-04 18:30:00,52.619460225105286
2025-06-04 19:00:00,43.72862383723259
2025-06-04 19:30:00,69.73689317703247
2025-06-04 20:00:00,60.61877578496933
2025-06-04 20:30:00,55.372711420059204
2025-06-04 21:00:00,44.474463015794754
2025-06-04 21:30:00,52.577844858169556
2025-06-04 22:00:00,51.20494306087494
2025-06-04 22:30:00,51.64462506771088
2025-06-04 23:00:00,75.64755201339722
2025-06-04 23:30:00,35.828308165073395
2025-06-05 00:00:00,48.96630585193634
2025-06-05 00:30:00,46.82526767253876
2025-06-05 01:00:00,50.03286302089691
2025-06-05 01:30:00,54.579207599163055
2025-06-05 02:00:00,45.086397379636765
2025-06-05 02:30:00,29.321517050266266
2025-06-05 03:00:00,67.64953851699829
2025-06-05 03:30:00,60.624465346336365
2025-06-05 04:00:00,72.7413260936737
2025-06-05 04:30:00,40.099669098854065
2025-06-05 05:00:00,66.55607879161835
2025-06-05 05:30:00,72.88648843765259
2025-06-05 06:00:00,46.90568909049034
2025-06-05 06:30:00,52.469332814216614
2025-06-05 07:00:00,62.84935235977173
2025-06-05 07:30:00,49.863189458847046
2025-06-05 08:00:00,57.51115560531616
2025-06-05 08:30:00,53.24541836977005
2025-06-05 09:00:00,59.3100044131279
2025-06-05 09:30:00,31.004231423139572
2025-06-05 10:00:00,41.02371871471405
2025-06-05 10:30:00,51.81959807872772
2025-06-05 11:00:00,86.10406398773193
2025-06-05 11:30:00,70.65097212791443
2025-06-05 12:00:00,56.07877433300018
2025-06-05 12:30:00,37.328151017427444
2025-06-05 13:00:00,65.44248521327972
2025-06-05 13:30:00,42.45016470551491
2025-06-05 14:00:00,45.33749297261238
2025-06-05 14:30:00,45.094260424375534
2025-06-05 15:00:00,66.77583873271942
2025-06-05 15:30:00,41.28507375717163
2025-06-05 16:00:00,54.25460368394852
2025-06-05 16:30:00,43.47912669181824
2025-06-05 17:00:00,45.92185854911804
2025-06-05 17:30:00,49.764060378074646
2025-06-05 18:00:00,37.828092724084854
2025-06-05 18:30:00,50.14392852783203
2025-06-05 19:00:00,79.58013832569122
2025-06-05 19:30:00,55.14535188674927
2025-06-05 20:00:00,83.3989030122757
2025-06-05 20:30:00,38.26641693711281
2025-06-05 21:00:00,47.42219537496567
2025-06-05 21:30:00,57.67879247665405
2025-06-05 22:00:00,37.83251315355301
2025-06-05 22:30:00,51.27374470233917
2025-06-05 23:00:00,44.55909714102745
2025-06-05 23:30:00,49.21661615371704
2025-06-06 00:00:00,47.86186218261719
2025-06-06 00:30:00,24.765246137976646
2025-06-06 01:00:00,49.835364818573
2025-06-06 01:30:00,54.02281105518341
2025-06-06 02:00:00,36.63787752389908
2025-06-06 02:30:00,41.75067290663719
2025-06-06 03:00:00,41.421456038951874
2025-06-06 03:30:00,41.834901720285416
2025-06-06 04:00:00,46.407371163368225
2025-06-06 04:30:00,48.666375279426575
2025-06-06 05:00:00,15.560271106660368
2025-06-06 05:30:00,44.16334331035614
2025-06-06 06:00:00,81.10082685947418
2025-06-06 06:30:00,56.551175117492676
2025-06-06 07:00:00,56.31833881139755
2025-06-06 07:30:00,50.15105187892914
2025-06-06 08:00:00,41.02790102362633
2025-06-06 08:30:00,33.68730291724205
2025-06-06 09:00:00,47.62536287307739
2025-06-06 09:30:00,50.90507835149765
2025-06-06 10:00:00,55.74214279651642
2025-06-06 10:30:00,64.43121254444122
2025-06-06 11:00:00,60.35285085439682
2025-06-06 11:30:00,40.56402698159218
2025-06-06 12:00:00,45.75252190232277
2025-06-06 12:30:00,33.94767761230469
2025-06-06 13:00:00,31.63062274456024
2025-06-06 13:30:00,55.65862834453583
2025-06-06 14:00:00,41.3401885330677
2025-06-06 14:30:00,83.74252617359161
2025-06-06 15:00:00,64.32836472988129
2025-06-06 15:30:00,59.93018686771393
2025-06-06 16:00:00,61.61155104637146
2025-06-06 16:30:00,36.8710558116436
2025-06-06 17:00:00,35.07585987448692
2025-06-06 17:30:00,56.566815078258514
2025-06-06 18:00:00,47.16890603303909
2025-06-06 18:30:00,47.51108527183533
2025-06-06 19:00:00,39.78243678808212
2025-06-06 19:30:00,74.43944990634918
2025-06-06 20:00:00,50.97116947174072
2025-06-06 20:30:00,56.71349734067917
2025-06-06 21:00:00,46.615739315748215
2025-06-06 21:30:00,46.41908720135689
2025-06-06 22:00:00,66.68967962265015
2025-06-06 22:30:00,61.13487422466278
2025-06-06 23:00:00,54.61941957473755
2025-06-06 23:30:00,64.52520430088043
2025-06-07 00:00:00,64.61352169513702
2025-06-07 00:30:00,51.436477303504944
2025-06-07 01:00:00,44.7745506465435
2025-06-07 01:30:00,52.89399802684784
2025-06-07 02:00:00,51.842477917671204
2025-06-07 02:30:00,60.57312250137329
2025-06-07 03:00:00,54.58869695663452
2025-06-07 03:30:00,65.24248421192169
2025-06-07 04:00:00,47.976940274238586
2025-06-07 04:30:00,65.22709250450134
2025-06-07 05:00:00,51.21906816959381
2025-06-07 05:30:00,56.86148166656494
2025-06-07 06:00:00,47.829660177230835
2025-06-07 06:30:00,34.752938002347946
2025-06-07 07:00:00,83.57362270355225
2025-06-07 07:30:00,44.160774648189545
2025-06-07 08:00:00,23.840152844786644
2025-06-07 08:30:00,31.222590506076813
2025-06-07 09:00:00,37.98064947128296
2025-06-07 09:30:00,40.440936386585236
2025-06-07 10:00:00,44.79357749223709
2025-06-07 10:30:00,47.190081030130386
2025-06-07 11:00:00,42.72412747144699
2025-06-07 11:30:00,40.58089554309845
2025-06-07 12:00:00,59.15510952472687
2025-06-07 12:30:00,58.17932188510895
2025-06-07 13:00:00,43.73516961932182
2025-06-07 13:30:00,48.90870600938797
2025-06-07 14:00:00,68.07775020599365
2025-06-07 14:30:00,54.53564167022705
2025-06-07 15:00:00,79.9861490726471
2025-06-07 15:30:00,40.30495434999466
2025-06-07 16:00:00,52.27155089378357
2025-06-07 16:30:00,38.149165362119675
2025-06-07 17:00:00,57.98944354057312
2025-06-07 17:30:00,67.03251242637634
2025-06-07 18:00:00,49.87714231014252
2025-06-07 18:30:00,47.40311786532402
2025-06-07 19:00:00,61.89107418060303
2025-06-07 19:30:00,44.660442769527435
2025-06-07 20:00:00,62.03938275575638
2025-06-07 20:30:00,40.07700711488724
2025-06-07 21:00:00,69.91813838481903
2025-06-07 21:30:00,55.006345212459564
2025-06-07 22:00:00,57.74428069591522
2025-06-07 22:30:00,55.660340785980225
2025-06-07 23:00:00,45.76884835958481
2025-06-07 23:30:00,57.15547442436218
2025-06-08 00:00:00,51.28477931022644
2025-06-08 00:30:00,42.172480672597885
2025-06-08 01:00:00,47.26324990391731
2025-06-08 01:30:00,32.955191135406494
2025-06-08 02:00:00,36.73859491944313
2025-06-08 02:30:00,41.81851699948311
2025-06-08 03:00:00,46.06873080134392
2025-06-08 03:30:00,40.150786489248276
2025-06-08 04:00:00,44.258361011743546
2025-06-08 04:30:00,64.3902051448822
2025-06-08 05:00:00,53.649245500564575
2025-06-08 05:30:00,58.2874995470047
2025-06-08 06:00:00,45.79049453139305
2025-06-08 06:30:00,61.13134801387787
2025-06-08 07:00:00,48.59986364841461
2025-06-08 07:30:00,63.27969193458557
2025-06-08 08:00:00,51.69357657432556
2025-06-08 08:30:00,55.966047048568726
2025-06-08 09:00:00,51.022005677223206
2025-06-08 09:30:00,55.02564311027527
2025-06-08 10:00:00,70.31063199043274
2025-06-08 10:30:00,50.35605847835541
2025-06-08 11:00:00,54.76250469684601
2025-06-08 11:30:00,49.81962859630585
2025-06-08 12:00:00,65.41647434234619
2025-06-08 12:30:00,46.22810944914818
2025-06-08 13:00:00,35.4378841817379
2025-06-08 13:30:00,62.11120903491974
2025-06-08 14:00:00,55.4346227645874
2025-06-08 14:30:00,35.7237808406353
2025-06-08 15:00:00,44.490396827459335
2025-06-08 15:30:00,37.58978471159935
2025-06-08 16:00:00,40.60511291027069
2025-06-08 16:30:00,58.16677749156952
2025-06-08 17:00:00,54.46446895599365
2025-06-08 17:30:00,53.63336741924286
2025-06-08 18:00:00,72.99630761146545
2025-06-08 18:30:00,43.6228983104229
2025-06-08 19:00:00,43.37641566991806
2025-06-08 19:30:00,37.25324183702469
2025-06-08 20:00:00,46.75881937146187
2025-06-08 20:30:00,46.45448863506317
2025-06-08 21:00:00,51.71965837478638
2025-06-08 21:30:00,60.08261442184448
2025-06-08 22:00:00,42.41895064711571
2025-06-08 22:30:00,38.84603276848793
2025-06-08 23:00:00,47.61453092098236
2025-06-08 23:30:00,68.71581196784973
2025-06-09 00:00:00,67.71430730819702
2025-06-09 00:30:00,48.510735630989075
2025-06-09 01:00:00,45.02687990665436
2025-06-09 01:30:00,46.35680094361305
2025-06-09 02:00:00,39.96979966759682
2025-06-09 02:30:00,75.8811229467392
2025-06-09 03:00:00,33.87775883078575
2025-06-09 03:30:00,75.30254065990448
2025-06-09 04:00:00,33.78387600183487
2025-06-09 04:30:00,67.1602463722229
2025-06-09 05:00:00,54.61093842983246
2025-06-09 05:30:00,44.87021937966347
2025-06-09 06:00:00,29.464060068130493
2025-06-09 06:30:00,34.733984619379044
2025-06-09 07:00:00,49.635156095027924
2025-06-09 07:30:00,37.605987042188644
2025-06-09 08:00:00,47.094929069280624
2025-06-09 08:30:00,47.69102334976196
2025-06-09 09:00:00,41.847456246614456
2025-06-09 09:30:00,53.01420331001282
2025-06-09 10:00:00,60.456220507621765
2025-06-09 10:30:00,63.65540564060211
2025-06-09 11:00:00,41.095101684331894
2025-06-09 11:30:00,27.56170481443405
2025-06-09 12:00:00,59.025835394859314
2025-06-09 12:30:00,60.51022827625275
2025-06-09 13:00:00,40.31511753797531
2025-06-09 13:30:00,35.941070914268494
2025-06-09 14:00:00,27.472619861364365
2025-06-09 14:30:00,30.616766214370728
2025-06-09 15:00:00,26.19344636797905
2025-06-09 15:30:00,31.14656165242195
2025-06-09 16:00:00,37.519154101610184
2025-06-09 16:30:00,62.07345426082611
2025-06-09 17:00:00,41.645466685295105
2025-06-09 17:30:00,24.720397144556046
2025-06-09 18:00:00,47.66976475715637
2025-06-09 18:30:00,73.64622473716736
2025-06-09 19:00:00,50.93328803777695
2025-06-09 19:30:00,50.30922472476959
2025-06-09 20:00:00,36.3303017616272
2025-06-09 20:30:00,41.973295360803604
2025-06-09 21:00:00,43.38186964392662
2025-06-09 21:30:00,66.79016649723053
2025-06-09 22:00:00,53.03726553916931
2025-06-09 22:30:00,41.96771219372749
2025-06-09 23:00:00,63.6668860912323
2025-06-09 23:30:00,61.02949321269989
2025-06-10 00:00:00,45.339777916669846
2025-06-10 00:30:00,38.43035787343979
2025-06-10 01:00:00,53.17956030368805
2025-06-10 01:30:00,43.91570806503296
2025-06-10 02:00:00,54.97231423854828
2025-06-10 02:30:00,34.20585095882416
2025-06-10 03:00:00,43.62698942422867
2025-06-10 03:30:00,62.16281533241272
2025-06-10 04:00:00,56.57507836818695
2025-06-10 04:30:00,51.08570545911789
2025-06-10 05:00:00,43.64181116223335
2025-06-10 05:30:00,39.495083540678024
2025-06-10 06:00:00,34.40900579094887
2025-06-10 06:30:00,40.81906169652939
2025-06-10 07:00:00,40.449579656124115
2025-06-10 07:30:00,35.21680444478989
2025-06-10 08:00:00,54.02855634689331
2025-06-10 08:30:00,54.367700815200806
2025-06-10 09:00:00,57.6898980140686
2025-06-10 09:30:00,53.92201006412506
2025-06-10 10:00:00,54.73541975021362
2025-06-10 10:30:00,76.08835875988007
2025-06-10 11:00:00,55.8963942527771
2025-06-10 11:30:00,39.474101066589355
2025-06-10 12:00:00,80.53553879261017
2025-06-10 12:30:00,47.95912176370621
2025-06-10 13:00:00,33.42369079589844
2025-06-10 13:30:00,61.58288538455963
2025-06-10 14:00:00,55.92507004737854
2025-06-10 14:30:00,39.98689115047455
2025-06-10 15:00:00,70.23044109344482
2025-06-10 15:30:00,57.440722584724426
2025-06-10 16:00:00,45.60519114136696
2025-06-10 16:30:00,55.20293653011322
2025-06-10 17:00:00,57.62971431016922
2025-06-10 17:30:00,62.61127233505249
2025-06-10 18:00:00,39.605214297771454
2025-06-10 18:30:00,39.88743782043457
2025-06-10 19:00:00,72.20120787620544
2025-06-10 19:30:00,55.136252641677856
2025-06-10 20:00:00,34.589883685112
2025-06-10 20:30:00,24.381815046072006
2025-06-10 21:00:00,30.15004739165306
2025-06-10 21:30:00,36.09349846839905
2025-06-10 22:00:00,63.07360112667084
2025-06-10 22:30:00,63.26271951198578
2025-06-10 23:00:00,70.16762793064117
2025-06-10 23:30:00,55.59020161628723
2025-06-11 00:00:00,41.44202306866646
2025-06-11 00:30:00,44.50533255934715
2025-06-11 01:00:00,48.35112392902374
2025-06-11 01:30:00,63.824947476387024
2025-06-11 02:00:00,57.22398221492767
2025-06-11 02:30:00,59.32822823524475
2025-06-11 03:00:00,67.96364486217499
2025-06-11 03:30:00,54.31415915489197
2025-06-11 04:00:00,44.24301743507385
2025-06-11 04:30:00,43.27370971441269
2025-06-11 05:00:00,42.362685799598694
2025-06-11 05:30:00,67.60580539703369
2025-06-11 06:00:00,52.38349288702011
2025-06-11 06:30:00,47.02295586466789
2025-06-11 07:00:00,47.927512526512146
2025-06-11 07:30:00,51.005686819553375
2025-06-11 08:00:00,34.97099310159683
2025-06-11 08:30:00,38.28001767396927
2025-06-11 09:00:00,60.83340346813202
2025-06-11 09:30:00,56.32195621728897
2025-06-11 10:00:00,37.98896089196205
2025-06-11 10:30:00,56.33543789386749
2025-06-11 11:00:00,61.4853572845459
2025-06-11 11:30:00,58.61887723207474
2025-06-11 12:00:00,53.33598017692566
2025-06-11 12:30:00,56.77633583545685
2025-06-11 13:00:00,60.20288050174713
2025-06-11 13:30:00,40.013008415699005
2025-06-11 14:00:00,54.51695680618286
2025-06-11 14:30:00,37.71840527653694
2025-06-11 15:00:00,64.99076545238495
2025-06-11 15:30:00,55.76124310493469
2025-06-11 16:00:00,44.693148881196976
2025-06-11 16:30:00,54.4681978225708
2025-06-11 17:00:00,50.07786273956299
2025-06-11 17:30:00,56.116574704647064
2025-06-11 18:00:00,54.755350947380066
2025-06-11 18:30:00,62.71554887294769
2025-06-11 19:00:00,42.50192552804947
2025-06-11 19:30:00,40.60944974422455
2025-06-11 20:00:00,70.60297310352325
2025-06-11 20:30:00,44.44681063294411
2025-06-11 21:00:00,68.34349274635315
2025-06-11 21:30:00,49.47973430156708
2025-06-11 22:00:00,71.34652733802795
2025-06-11 22:30:00,47.43755415081978
2025-06-11 23:00:00,62.967409491539
2025-06-11 23:30:00,39.97607693076134
2025-06-12 00:00:00,24.658682122826576
2025-06-12 00:30:00,42.084069550037384
2025-06-12 01:00:00,70.73931992053986
2025-06-12 01:30:00,47.45143860578537
2025-06-12 02:00:00,47.55211800336838
2025-06-12 02:30:00,42.07795947790146
2025-06-12 03:00:00,58.77181649208069
2025-06-12 03:30:00,48.900503516197205
2025-06-12 04:00:00,83.66332828998566
2025-06-12 04:30:00,43.38885113596916
2025-06-12 05:00:00,47.7345335483551
2025-06-12 05:30:00,43.05216386914253
2025-06-12 06:00:00,61.670432686805725
2025-06-12 06:30:00,42.79998406767845
2025-06-12 07:00:00,43.91206279397011
2025-06-12 07:30:00,66.4960926771164
2025-06-12 08:00:00,69.09172832965851
2025-06-12 08:30:00,58.72447609901428
2025-06-12 09:00:00,57.24851369857788
2025-06-12 09:30:00,62.42841601371765
2025-06-12 10:00:00,57.49708116054535
2025-06-12 10:30:00,43.97434651851654
2025-06-12 11:00:00,45.63693970441818
2025-06-12 11:30:00,46.38600870966911
2025-06-12 12:00:00,64.23614621162415
2025-06-12 12:30:00,34.78049412369728
2025-06-12 13:00:00,48.17038536071777
2025-06-12 13:30:00,65.5012857913971
2025-06-12 14:00:00,39.30021479725838
2025-06-12 14:30:00,39.979874193668365
2025-06-12 15:00:00,64.70180869102478
2025-06-12 15:30:00,69.49513494968414
2025-06-12 16:00:00,51.56382113695145
2025-06-12 16:30:00,51.450926661491394
2025-06-12 17:00:00,62.96711564064026
2025-06-12 17:30:00,58.05866062641144
2025-06-12 18:00:00,39.291011691093445
2025-06-12 18:30:00,48.381208181381226
2025-06-12 19:00:00,53.339080810546875
2025-06-12 19:30:00,39.87664893269539
2025-06-12 20:00:00,51.818073093891144
2025-06-12 20:30:00,55.06703555583954
2025-06-12 21:00:00,66.16778016090393
2025-06-12 21:30:00,58.988440334796906
2025-06-12 22:00:00,63.537044525146484
2025-06-12 22:30:00,53.617636263370514
2025-06-12 23:00:00,58.633787631988525
2025-06-12 23:30:00,53.6443817615509
2025-06-13 00:00:00,50.0312215089798
2025-06-13 00:30:00,54.12562847137451
2025-06-13 01:00:00,49.96929496526718
2025-06-13 01:30:00,45.08910536766052
2025-06-13 02:00:00,26.963475048542023
2025-06-13 02:30:00,57.872551679611206
2025-06-13 03:00:00,57.87024140357971
2025-06-13 03:30:00,44.70833033323288
2025-06-13 04:00:00,55.31001478433609
2025-06-13 04:30:00,49.04929339885712
2025-06-13 05:00:00,29.070391058921814
2025-06-13 05:30:00,52.85945534706116
2025-06-13 06:00:00,49.228349924087524
2025-06-13 06:30:00,44.9625138938427
2025-06-13 07:00:00,33.77919465303421
2025-06-13 07:30:00,68.93626093864441
2025-06-13 08:00:00,48.18703353404999
2025-06-13 08:30:00,62.305373549461365
2025-06-13 09:00:00,49.22560393810272
2025-06-13 09:30:00,70.938560962677
2025-06-13 10:00:00,32.07283288240433
2025-06-13 10:30:00,47.19928666949272
2025-06-13 11:00:00,52.717251777648926
2025-06-13 11:30:00,41.18398904800415
2025-06-13 12:00:00,60.021432638168335
2025-06-13 12:30:00,56.26258313655853
2025-06-13 13:00:00,53.22636365890503
2025-06-13 13:30:00,40.325984954833984
2025-06-13 14:00:00,65.63157320022583
2025-06-13 14:30:00,40.69549232721329
2025-06-13 15:00:00,46.839038133621216
2025-06-13 15:30:00,63.46834421157837
2025-06-13 16:00:00,35.50349146127701
2025-06-13 16:30:00,49.21338379383087
2025-06-13 17:00:00,29.015218019485474
2025-06-13 17:30:00,60.07171154022217
2025-06-13 18:00:00,54.681493043899536
2025-06-13 18:30:00,59.433903098106384
2025-06-13 19:00:00,51.56965255737305
2025-06-13 19:30:00,67.12278544902802
2025-06-13 20:00:00,47.52616286277771
2025-06-13 20:30:00,50.663689970970154
2025-06-13 21:00:00,40.68527340888977
2025-06-13 21:30:00,50.93463063240051
2025-06-13 22:00:00,58.282341957092285
2025-06-13 22:30:00,51.93897247314453
2025-06-13 23:00:00,53.364351987838745
2025-06-13 23:30:00,46.71213760972023
2025-06-14 00:00:00,59.110697507858276
2025-06-14 00:30:00,61.766207814216614
2025-06-14 01:00:00,61.81347727775574
2025-06-14 01:30:00,54.688849449157715
2025-06-14 02:00:00,52.54136681556702
2025-06-14 02:30:00,42.092456966638565
2025-06-14 03:00:00,28.879149854183197
2025-06-14 03:30:00,58.23750436306
2025-06-14 04:00:00,48.33718121051788
2025-06-14 04:30:00,50.35454869270325
2025-06-14 05:00:00,36.77310213446617
2025-06-14 05:30:00,61.60224407911301
2025-06-14 06:00:00,36.85629993677139
2025-06-14 06:30:00,38.08234214782715
2025-06-14 07:00:00,66.91907584667206
2025-06-14 07:30:00,44.033972918987274
2025-06-14 08:00:00,46.38287767767906
2025-06-14 08:30:00,46.390375941991806
2025-06-14 09:00:00,41.22558668255806
2025-06-14 09:30:00,50.455400347709656
2025-06-14 10:00:00,40.267262905836105
2025-06-14 10:30:00,53.87943208217621
2025-06-14 11:00:00,60.96886873245239
2025-06-14 11:30:00,41.21750324964523
2025-06-14 12:00:00,55.105844140052795
2025-06-14 12:30:00,46.94307401776314
2025-06-14 13:00:00,46.92534163594246
2025-06-14 13:30:00,48.1186980009079
2025-06-14 14:00:00,55.19445538520813
2025-06-14 14:30:00,35.31814754009247
2025-06-14 15:00:00,47.832618951797485
2025-06-14 15:30:00,64.3078762292862
2025-06-14 16:00:00,68.1816416978836
2025-06-14 16:30:00,45.685219913721085
2025-06-14 17:00:00,45.23926571011543
2025-06-14 17:30:00,42.425080984830856
2025-06-14 18:00:00,66.68294131755829
2025-06-14 18:30:00,49.75860387086868
2025-06-14 19:00:00,46.487909108400345
2025-06-14 19:30:00,53.43785524368286
2025-06-14 20:00:00,47.7182400226593
2025-06-14 20:30:00,42.59804770350456
2025-06-14 21:00:00,47.35028296709061
2025-06-14 21:30:00,65.89555263519287
2025-06-14 22:00:00,43.02309036254883
2025-06-14 22:30:00,58.34858000278473
2025-06-14 23:00:00,54.96243476867676
2025-06-14 23:30:00,37.189851105213165
2025-06-15 00:00:00,45.99967077374458
2025-06-15 00:30:00,43.56449544429779
2025-06-15 01:00:00,42.19191536307335
2025-06-15 01:30:00,59.80023384094238
2025-06-15 02:00:00,50.47929346561432
2025-06-15 02:30:00,47.41137608885765
2025-06-15 03:00:00,41.815993934869766
2025-06-15 03:30:00,45.50642430782318
2025-06-15 04:00:00,57.052565813064575
2025-06-15 04:30:00,58.91428351402283
2025-06-15 05:00:00,42.347826063632965
2025-06-15 05:30:00,45.47988906502724
2025-06-15 06:00:00,36.48878365755081
2025-06-15 06:30:00,29.487709999084473
2025-06-15 07:00:00,63.424530029296875
2025-06-15 07:30:00,61.94465637207031
2025-06-15 08:00:00,67.6909613609314
2025-06-15 08:30:00,63.46087634563446
2025-06-15 09:00:00,39.23151955008507
2025-06-15 09:30:00,60.50476670265198
2025-06-15 10:00:00,44.776521474123
2025-06-15 10:30:00,42.04989671707153
2025-06-15 11:00:00,31.494658440351486
2025-06-15 11:30:00,50.01520663499832
2025-06-15 12:00:00,67.35391438007355
2025-06-15 12:30:00,39.780379831790924
2025-06-15 13:00:00,37.613807022571564
2025-06-15 13:30:00,53.45521777868271
2025-06-15 14:00:00,55.716020464897156
2025-06-15 14:30:00,48.95351827144623
2025-06-15 15:00:00,44.91680487990379
2025-06-15 15:30:00,53.07213246822357
2025-06-15 16:00:00,52.5201690196991
2025-06-15 16:30:00,40.07177099585533
2025-06-15 17:00:00,26.638511419296265
2025-06-15 17:30:00,60.386709570884705
2025-06-15 18:00:00,54.221981167793274
2025-06-15 18:30:00,64.60102796554565
2025-06-15 19:00:00,54.109638929367065
2025-06-15 19:30:00,51.62476986646652
2025-06-15 20:00:00,75.67916631698608
2025-06-15 20:30:00,49.16969120502472
2025-06-15 21:00:00,45.16880735754967
2025-06-15 21:30:00,59.580068588256836
2025-06-15 22:00:00,36.6964653134346
2025-06-15 22:30:00,45.90669736266136
2025-06-15 23:00:00,59.095072746276855
2025-06-15 23:30:00,59.25947725772858
2025-06-16 00:00:00,78.83867144584656
2025-06-16 00:30:00,60.443676114082336
2025-06-16 01:00:00,62.878727316856384
2025-06-16 01:30:00,48.737943172454834
2025-06-16 02:00:00,66.39320433139801
2025-06-16 02:30:00,86.51707649230957
2025-06-16 03:00:00,50.727019906044006
2025-06-16 03:30:00,71.90367877483368
2025-06-16 04:00:00,50.26620090007782
2025-06-16 04:30:00,50.068084597587585
2025-06-16 05:00:00,64.85765099525452
2025-06-16 05:30:00,47.143318206071854
2025-06-16 06:00:00,40.78196048736572
2025-06-16 06:30:00,48.00271809101105
2025-06-16 07:00:00,66.72379672527313
2025-06-16 07:30:00,38.863040655851364
2025-06-16 08:00:00,40.00071734189987
2025-06-16 08:30:00,32.90781021118164
2025-06-16 09:00:00,53.68749678134918
2025-06-16 09:30:00,41.293970346450806
2025-06-16 10:00:00,53.13320279121399
2025-06-16 10:30:00,49.73622053861618
2025-06-16 11:00:00,34.41434070467949
2025-06-16 11:30:00,43.16765993833542
2025-06-16 12:00:00,53.3459609746933
2025-06-16 12:30:00,51.571030616760254
2025-06-16 13:00:00,37.02227756381035
2025-06-16 13:30:00,45.34021615982056
2025-06-16 14:00:00,65.56690573692322
2025-06-16 14:30:00,53.09046268463135
2025-06-16 15:00:00,36.29013538360596
2025-06-16 15:30:00,53.09164822101593
2025-06-16 16:00:00,59.58088934421539
2025-06-16 16:30:00,57.738459408283234
2025-06-16 17:00:00,51.743718683719635
2025-06-16 17:30:00,43.54941785335541
2025-06-16 18:00:00,40.21543622016907
2025-06-16 18:30:00,42.85878464579582
2025-06-16 19:00:00,35.16442805528641
2025-06-16 19:30:00,60.52788972854614
2025-06-16 20:00:00,51.90381169319153
2025-06-16 20:30:00,62.54297226667404
2025-06-16 21:00:00,39.83808860182762
2025-06-16 21:30:00,56.09163284301758
2025-06-16 22:00:00,43.90129163861275
2025-06-16 22:30:00,40.5614709854126
2025-06-16 23:00:00,50.470842719078064
2025-06-16 23:30:00,63.585165143013
2025-06-17 00:00:00,53.85024964809418
2025-06-17 00:30:00,72.63094961643219
2025-06-17 01:00:00,42.57452443242073
2025-06-17 01:30:00,52.08661735057831
2025-06-17 02:00:00,42.66334593296051
2025-06-17 02:30:00,42.85189941525459
2025-06-17 03:00:00,40.797124207019806
2025-06-17 03:30:00,38.50201949477196
2025-06-17 04:00:00,36.22432291507721
2025-06-17 04:30:00,48.142337799072266
2025-06-17 05:00:00,48.0825138092041
2025-06-17 05:30:00,45.5347403883934
2025-06-17 06:00:00,36.14264503121376
2025-06-17 06:30:00,48.60443353652954
2025-06-17 07:00:00,56.23856842517853
2025-06-17 07:30:00,36.15003943443298
2025-06-17 08:00:00,60.63045382499695
2025-06-17 08:30:00,73.27243626117706
2025-06-17 09:00:00,56.67966902256012
2025-06-17 09:30:00,33.10729444026947
2025-06-17 10:00:00,37.046867311000824
2025-06-17 10:30:00,55.65884619951248
2025-06-17 11:00:00,55.98308026790619
2025-06-17 11:30:00,56.825444400310516
2025-06-17 12:00:00,45.20735502243042
2025-06-17 12:30:00,39.771685898303986
2025-06-17 13:00:00,52.4047514796257
2025-06-17 13:30:00,27.630812972784042
2025-06-17 14:00:00,69.30594563484192
2025-06-17 14:30:00,48.91165465116501
2025-06-17 15:00:00,49.41977858543396
2025-06-17 15:30:00,74.9315893650055
2025-06-17 16:00:00,50.89825391769409
2025-06-17 16:30:00,50.81286996603012
2025-06-17 17:00:00,48.32667350769043
2025-06-17 17:30:00,39.742974638938904
2025-06-17 18:00:00,49.34156358242035
2025-06-17 18:30:00,55.502917766571045
2025-06-17 19:00:00,55.024062395095825
2025-06-17 19:30:00,59.72584903240204
2025-06-17 20:00:00,29.330406039953232
2025-06-17 20:30:00,43.3755949139595
2025-06-17 21:00:00,58.449026346206665
2025-06-17 21:30:00,40.11246681213379
2025-06-17 22:00:00,57.39838778972626
2025-06-17 22:30:00,43.56186851859093
2025-06-17 23:00:00,51.8908417224884
2025-06-17 23:30:00,50.12959063053131
2025-06-18 00:00:00,32.647197395563126
2025-06-18 00:30:00,24.03178796172142
2025-06-18 01:00:00,35.84945783019066
2025-06-18 01:30:00,50.65624237060547
2025-06-18 02:00:00,57.699118852615356
2025-06-18 02:30:00,55.551443696022034
2025-06-18 03:00:00,52.93125629425049
2025-06-18 03:30:00,56.38187646865845
2025-06-18 04:00:00,75.31253159046173
2025-06-18 04:30:00,53.326526284217834
2025-06-18 05:00:00,52.842817306518555
2025-06-18 05:30:00,51.638124883174896
2025-06-18 06:00:00,71.63875699043274
2025-06-18 06:30:00,54.590561389923096
2025-06-18 07:00:00,57.104395031929016
2025-06-18 07:30:00,75.58369517326355
2025-06-18 08:00:00,59.40336287021637
2025-06-18 08:30:00,54.20883893966675
2025-06-18 09:00:00,56.06024146080017
2025-06-18 09:30:00,57.68085956573486
2025-06-18 10:00:00,38.17239731550217
2025-06-18 10:30:00,57.19354331493378
2025-06-18 11:00:00,49.34910237789154
2025-06-18 11:30:00,46.88402011990547
2025-06-18 12:00:00,52.501311898231506
2025-06-18 12:30:00,48.590460419654846
2025-06-18 13:00:00,70.84751784801483
2025-06-18 13:30:00,58.58181655406952
2025-06-18 14:00:00,46.97020709514618
2025-06-18 14:30:00,46.88148185610771
2025-06-18 15:00:00,49.58323061466217
2025-06-18 15:30:00,56.26384973526001
2025-06-18 16:00:00,49.96190816164017
2025-06-18 16:30:00,64.32536542415619
2025-06-18 17:00:00,46.95569947361946
2025-06-18 17:30:00,30.308116376399994
2025-06-18 18:00:00,60.30534327030182
2025-06-18 18:30:00,44.82147306203842
2025-06-18 19:00:00,74.18397188186646
2025-06-18 19:30:00,64.13284242153168
2025-06-18 20:00:00,41.28625929355621
2025-06-18 20:30:00,34.5604732632637
2025-06-18 21:00:00,57.84413933753967
2025-06-18 21:30:00,66.08098268508911
2025-06-18 22:00:00,52.38860994577408
2025-06-18 22:30:00,63.34243416786194
2025-06-18 23:00:00,68.3319616317749
2025-06-18 23:30:00,52.396984696388245
2025-06-19 00:00:00,23.230654150247574
2025-06-19 00:30:00,66.86566591262817
2025-06-19 01:00:00,64.3853211402893
2025-06-19 01:30:00,42.21216827630997
2025-06-19 02:00:00,55.642213225364685
2025-06-19 02:30:00,45.557561963796616
2025-06-19 03:00:00,72.2449004650116
2025-06-19 03:30:00,31.574859470129013
2025-06-19 04:00:00,51.63513571023941
2025-06-19 04:30:00,44.272166937589645
2025-06-19 05:00:00,56.597745418548584
2025-06-19 05:30:00,44.762786477804184
2025-06-19 06:00:00,68.28517854213715
2025-06-19 06:30:00,47.77461886405945
2025-06-19 07:00:00,40.57937562465668
2025-06-19 07:30:00,57.068626284599304
2025-06-19 08:00:00,38.946846425533295
2025-06-19 08:30:00,61.87452733516693
2025-06-19 09:00:00,64.02289152145386
2025-06-19 09:30:00,69.49713110923767
2025-06-19 10:00:00,53.39074790477753
2025-06-19 10:30:00,61.67050361633301
2025-06-19 11:00:00,54.609195590019226
2025-06-19 11:30:00,64.1656219959259
2025-06-19 12:00:00,54.611054956912994
2025-06-19 12:30:00,61.78312957286835
2025-06-19 13:00:00,52.96958863735199
2025-06-19 13:30:00,64.79503035545349
2025-06-19 14:00:00,35.256730169057846
2025-06-19 14:30:00,86.52036964893341
2025-06-19 15:00:00,34.83702749013901
2025-06-19 15:30:00,62.63928949832916
2025-06-19 16:00:00,54.50996518135071
2025-06-19 16:30:00,48.04986596107483
2025-06-19 17:00:00,53.50495457649231
2025-06-19 17:30:00,55.60184419155121
2025-06-19 18:00:00,59.892796874046326
2025-06-19 18:30:00,61.09219491481781
2025-06-19 19:00:00,57.26961016654968
2025-06-19 19:30:00,44.73016142845154
2025-06-19 20:00:00,42.14679911732674
2025-06-19 20:30:00,30.45823112130165
2025-06-19 21:00:00,49.618178606033325
2025-06-19 21:30:00,52.76557505130768
2025-06-19 22:00:00,73.12251150608063
2025-06-19 22:30:00,59.90725636482239
2025-06-19 23:00:00,59.83049035072327
2025-06-19 23:30:00,54.33427274227142
2025-06-20 00:00:00,49.10985708236694
2025-06-20 00:30:00,31.974668949842453
2025-06-20 01:00:00,70.63094973564148
2025-06-20 01:30:00,43.13884988427162
2025-06-20 02:00:00,46.02150693535805
2025-06-20 02:30:00,59.73462402820587
2025-06-20 03:00:00,35.06667956709862
2025-06-20 03:30:00,39.771229922771454
2025-06-20 04:00:00,35.992849469184875
2025-06-20 04:30:00,37.58772015571594
2025-06-20 05:00:00,39.70126807689667
2025-06-20 05:30:00,65.5448567867279
2025-06-20 06:00:00,46.5040785074234
2025-06-20 06:30:00,38.92071396112442
2025-06-20 07:00:00,47.79872477054596
2025-06-20 07:30:00,35.336186438798904
2025-06-20 08:00:00,68.52708876132965
2025-06-20 08:30:00,64.00645613670349
2025-06-20 09:00:00,57.71321356296539
2025-06-20 09:30:00,51.497618556022644
2025-06-20 10:00:00,51.148077845573425
2025-06-20 10:30:00,32.6307113468647
2025-06-20 11:00:00,53.55616569519043
2025-06-20 11:30:00,54.33784455060959
2025-06-20 12:00:00,67.85257935523987
2025-06-20 12:30:00,75.24798572063446
2025-06-20 13:00:00,42.45091453194618
2025-06-20 13:30:00,28.646977245807648
2025-06-20 14:00:00,64.425710439682
2025-06-20 14:30:00,52.250667214393616
2025-06-20 15:00:00,31.664152145385742
2025-06-20 15:30:00,37.77031809091568
2025-06-20 16:00:00,56.40474617481232
2025-06-20 16:30:00,53.70044142007828
2025-06-20 17:00:00,53.45654517412186
2025-06-20 17:30:00,43.3307446539402
2025-06-20 18:00:00,30.78672856092453
2025-06-20 18:30:00,43.36338743567467
2025-06-20 19:00:00,57.93139785528183
2025-06-20 19:30:00,37.063186168670654
2025-06-20 20:00:00,53.27707827091217
2025-06-20 20:30:00,40.04272282123566
2025-06-20 21:00:00,53.98932218551636
2025-06-20 21:30:00,47.97328233718872
2025-06-20 22:00:00,58.294227719306946
2025-06-20 22:30:00,34.247755110263824
2025-06-20 23:00:00,37.273793667554855
2025-06-20 23:30:00,46.82948037981987
2025-06-21 00:00:00,40.8735254406929
2025-06-21 00:30:00,42.46740058064461
2025-06-21 01:00:00,48.014472126960754
2025-06-21 01:30:00,32.17921197414398
2025-06-21 02:00:00,45.61399653553963
2025-06-21 02:30:00,39.461511075496674
2025-06-21 03:00:00,56.01947724819183
2025-06-21 03:30:00,47.52321422100067
2025-06-21 04:00:00,40.583927780389786
2025-06-21 04:30:00,49.10761773586273
2025-06-21 05:00:00,29.867633879184723
2025-06-21 05:30:00,34.61843028664589
2025-06-21 06:00:00,54.66696262359619
2025-06-21 06:30:00,53.59192430973053
2025-06-21 07:00:00,61.86844766139984
2025-06-21 07:30:00,42.177042961120605
2025-06-21 08:00:00,48.719876408576965
2025-06-21 08:30:00,68.63868117332458
2025-06-21 09:00:00,49.79659169912338
2025-06-21 09:30:00,68.59503924846649
2025-06-21 10:00:00,34.947662353515625
2025-06-21 10:30:00,61.004748940467834
2025-06-21 11:00:00,62.92376756668091
2025-06-21 11:30:00,54.21258807182312
2025-06-21 12:00:00,35.233559012413025
2025-06-21 12:30:00,44.374434649944305
2025-06-21 13:00:00,58.55731546878815
2025-06-21 13:30:00,58.14570128917694
2025-06-21 14:00:00,48.14703941345215
2025-06-21 14:30:00,51.09850823879242
2025-06-21 15:00:00,52.13327884674072
2025-06-21 15:30:00,65.40757775306702
2025-06-21 16:00:00,54.334333539009094
2025-06-21 16:30:00,61.47476851940155
2025-06-21 17:00:00,68.72243881225586
2025-06-21 17:30:00,62.45631158351898
2025-06-21 18:00:00,57.11705595254898
2025-06-21 18:30:00,36.76342025399208
2025-06-21 19:00:00,62.32236623764038
2025-06-21 19:30:00,69.58578288555145
2025-06-21 20:00:00,38.221480548381805
2025-06-21 20:30:00,54.561389088630676
2025-06-21 21:00:00,48.40206652879715
2025-06-21 21:30:00,42.057273387908936
2025-06-21 22:00:00,61.44326061010361
2025-06-21 22:30:00,45.132643431425095
2025-06-21 23:00:00,55.68601727485657
2025-06-21 23:30:00,54.34453219175339
2025-06-22 00:00:00,48.42538207769394
2025-06-22 00:30:00,41.44962519407272
2025-06-22 01:00:00,68.3025461435318
2025-06-22 01:30:00,35.176904052495956
2025-06-22 02:00:00,50.36998599767685
2025-06-22 02:30:00,45.30258551239967
2025-06-22 03:00:00,66.34230732917786
2025-06-22 03:30:00,31.64441853761673
2025-06-22 04:00:00,60.57897925376892
2025-06-22 04:30:00,51.19877219200134
2025-06-22 05:00:00,63.80333423614502
2025-06-22 05:30:00,48.043492436409
2025-06-22 06:00:00,40.67794233560562
2025-06-22 06:30:00,53.310019969940186
2025-06-22 07:00:00,45.02000734210014
2025-06-22 07:30:00,60.16916871070862
2025-06-22 08:00:00,51.52268707752228
2025-06-22 08:30:00,28.599462062120438
2025-06-22 09:00:00,48.2426118850708
2025-06-22 09:30:00,36.88531771302223
2025-06-22 10:00:00,43.440168648958206
2025-06-22 10:30:00,49.82328653335571
2025-06-22 11:00:00,65.75642943382263
2025-06-22 11:30:00,51.740202605724335
2025-06-22 12:00:00,37.62787640094757
2025-06-22 12:30:00,43.15671905875206
2025-06-22 13:00:00,48.375153839588165
2025-06-22 13:30:00,63.08744251728058
2025-06-22 14:00:00,48.542471528053284
2025-06-22 14:30:00,42.13718309998512
2025-06-22 15:00:00,30.281482338905334
2025-06-22 15:30:00,50.87053060531616
2025-06-22 16:00:00,36.82135447859764
2025-06-22 16:30:00,49.02931660413742
2025-06-22 17:00:00,75.00177919864655
2025-06-22 17:30:00,56.77040308713913
2025-06-22 18:00:00,34.50838565826416
2025-06-22 18:30:00,34.794269651174545
2025-06-22 19:00:00,46.59464284777641
2025-06-22 19:30:00,38.1148025393486
2025-06-22 20:00:00,53.893476128578186
2025-06-22 20:30:00,54.980714321136475
2025-06-22 21:00:00,33.84733006358147
2025-06-22 21:30:00,43.610538840293884
2025-06-22 22:00:00,56.425204277038574
2025-06-22 22:30:00,39.26553785800934
2025-06-22 23:00:00,61.926462948322296
2025-06-22 23:30:00,73.99169206619263
2025-06-23 00:00:00,37.93661743402481
2025-06-23 00:30:00,42.68192693591118
2025-06-23 01:00:00,44.724165350198746
2025-06-23 01:30:00,47.429602444171906
2025-06-23 02:00:00,65.0652414560318
2025-06-23 02:30:00,48.678818345069885
2025-06-23 03:00:00,28.69379833340645
2025-06-23 03:30:00,69.06821012496948
2025-06-23 04:00:00,28.459419310092926
2025-06-23 04:30:00,41.650474816560745
2025-06-23 05:00:00,54.537222385406494
2025-06-23 05:30:00,60.85342586040497
2025-06-23 06:00:00,56.82561159133911
2025-06-23 06:30:00,53.963767290115356
2025-06-23 07:00:00,58.44617396593094
2025-06-23 07:30:00,55.43854922056198
2025-06-23 08:00:00,52.02524811029434
2025-06-23 08:30:00,31.42956033349037
2025-06-23 09:00:00,44.478090554475784
2025-06-23 09:30:00,33.25219079852104
2025-06-23 10:00:00,61.18545711040497
2025-06-23 10:30:00,80.32692492008209
2025-06-23 11:00:00,50.20494818687439
2025-06-23 11:30:00,63.814074993133545
2025-06-23 12:00:00,70.01156270503998
2025-06-23 12:30:00,59.56998139619827
2025-06-23 13:00:00,50.715853571891785
2025-06-23 13:30:00,58.71509313583374
2025-06-23 14:00:00,63.09760570526123
2025-06-23 14:30:00,51.27305567264557
2025-06-23 15:00:00,82.23039984703064
2025-06-23 15:30:00,51.23206853866577
2025-06-23 16:00:00,33.154427111148834
2025-06-23 16:30:00,44.139457792043686
2025-06-23 17:00:00,38.36274936795235
2025-06-23 17:30:00,34.85814929008484
2025-06-23 18:00:00,51.4921772480011
2025-06-23 18:30:00,39.10753220319748
2025-06-23 19:00:00,47.59628176689148
2025-06-23 19:30:00,60.13521373271942
2025-06-23 20:00:00,42.76385813951492
2025-06-23 20:30:00,56.74471139907837
2025-06-23 21:00:00,54.18809711933136
2025-06-23 21:30:00,45.88382765650749
2025-06-23 22:00:00,71.70796394348145
2025-06-23 22:30:00,64.40106749534607
2025-06-23 23:00:00,56.824243664741516
2025-06-23 23:30:00,56.416500210762024
2025-06-24 00:00:00,55.449700355529785
2025-06-24 00:30:00,43.55211064219475
2025-06-24 01:00:00,61.34250521659851
2025-06-24 01:30:00,48.86035233736038
2025-06-24 02:00:00,55.72982132434845
2025-06-24 02:30:00,40.678074061870575
2025-06-24 03:00:00,48.935345113277435
2025-06-24 03:30:00,58.45713257789612
2025-06-24 04:00:00,40.051776468753815
2025-06-24 04:30:00,50.493448972702026
2025-06-24 05:00:00,39.9889962375164
2025-06-24 05:30:00,65.97423374652863
2025-06-24 06:00:00,58.0461061000824
2025-06-24 06:30:00,50.4267144203186
2025-06-24 07:00:00,46.77981451153755
2025-06-24 07:30:00,71.01614773273468
2025-06-24 08:00:00,73.10828506946564
2025-06-24 08:30:00,45.30263110995293
2025-06-24 09:00:00,31.328652948141098
2025-06-24 09:30:00,47.77879357337952
2025-06-24 10:00:00,61.163433492183685
2025-06-24 10:30:00,50.90381681919098
2025-06-24 11:00:00,58.05715084075928
2025-06-24 11:30:00,48.1292462348938
2025-06-24 12:00:00,54.84557330608368
2025-06-24 12:30:00,42.62974813580513
2025-06-24 13:00:00,39.41553607583046
2025-06-24 13:30:00,80.8656245470047
2025-06-24 14:00:00,62.889994978904724
2025-06-24 14:30:00,38.06906819343567
2025-06-24 15:00:00,60.88116943836212
2025-06-24 15:30:00,59.95981514453888
2025-06-24 16:00:00,49.19486612081528
2025-06-24 16:30:00,49.02993977069855
2025-06-24 17:00:00,43.89972612261772
2025-06-24 17:30:00,58.566404581069946
2025-06-24 18:00:00,55.93780696392059
2025-06-24 18:30:00,67.97098100185394
2025-06-24 19:00:00,54.42927271127701
2025-06-24 19:30:00,52.7669632434845
2025-06-24 20:00:00,46.47864520549774
2025-06-24 20:30:00,48.378806710243225
2025-06-24 21:00:00,56.11907243728638
2025-06-24 21:30:00,63.441928029060364
2025-06-24 22:00:00,40.73572963476181
2025-06-24 22:30:00,70.05868017673492
2025-06-24 23:00:00,54.45397645235062
2025-06-24 23:30:00,50.15953302383423
2025-06-25 00:00:00,56.177133321762085
2025-06-25 00:30:00,45.5785571038723
2025-06-25 01:00:00,44.240542501211166
2025-06-25 01:30:00,60.9085938334465
2025-06-25 02:00:00,68.1395298242569
2025-06-25 02:30:00,48.6715430021286
2025-06-25 03:00:00,71.3583117723465
2025-06-25 03:30:00,54.79239642620087
2025-06-25 04:00:00,54.37058866024017
2025-06-25 04:30:00,47.19694599509239
2025-06-25 05:00:00,35.380023419857025
2025-06-25 05:30:00,66.72794103622437
2025-06-25 06:00:00,40.59561848640442
2025-06-25 06:30:00,61.374124586582184
2025-06-25 07:00:00,62.96205937862396
2025-06-25 07:30:00,39.59407076239586
2025-06-25 08:00:00,32.93262034654617
2025-06-25 08:30:00,15.9301033616066
2025-06-25 09:00:00,34.22135666012764
2025-06-25 09:30:00,48.76737892627716
2025-06-25 10:00:00,54.56576645374298
2025-06-25 10:30:00,63.74559760093689
2025-06-25 11:00:00,67.2870683670044
2025-06-25 11:30:00,33.84009271860123
2025-06-25 12:00:00,37.10949808359146
2025-06-25 12:30:00,21.68589137494564
2025-06-25 13:00:00,57.28846728801727
2025-06-25 13:30:00,59.863502979278564
2025-06-25 14:00:00,57.033536434173584
2025-06-25 14:30:00,48.01171600818634
2025-06-25 15:00:00,52.422873973846436
2025-06-25 15:30:00,48.44548046588898
2025-06-25 16:00:00,56.64819657802582
2025-06-25 16:30:00,69.66113030910492
2025-06-25 17:00:00,50.33800184726715
2025-06-25 17:30:00,40.91057598590851
2025-06-25 18:00:00,53.090837597846985
2025-06-25 18:30:00,59.371596574783325
2025-06-25 19:00:00,65.9893923997879
2025-06-25 19:30:00,54.0333491563797
2025-06-25 20:00:00,48.52913677692413
2025-06-25 20:30:00,51.637273728847504
2025-06-25 21:00:00,51.85065507888794
2025-06-25 21:30:00,40.95394432544708
2025-06-25 22:00:00,46.63900673389435
2025-06-25 22:30:00,46.5027941763401
2025-06-25 23:00:00,46.91023871302605
2025-06-25 23:30:00,71.9101333618164
2025-06-26 00:00:00,62.19295531511307
2025-06-26 00:30:00,34.10186067223549
2025-06-26 01:00:00,58.48501801490784
2025-06-26 01:30:00,40.99406763911247
2025-06-26 02:00:00,47.074845880270004
2025-06-26 02:30:00,46.6302190721035
2025-06-26 03:00:00,61.2689208984375
2025-06-26 03:30:00,56.64906293153763
2025-06-26 04:00:00,33.34832563996315
2025-06-26 04:30:00,41.02086380124092
2025-06-26 05:00:00,31.656306833028793
2025-06-26 05:30:00,31.01451873779297
2025-06-26 06:00:00,48.71660351753235
2025-06-26 06:30:00,65.26768445968628
2025-06-26 07:00:00,60.963133573532104
2025-06-26 07:30:00,63.53393375873566
2025-06-26 08:00:00,63.01176071166992
2025-06-26 08:30:00,66.22440218925476
2025-06-26 09:00:00,40.88222697377205
2025-06-26 09:30:00,55.78187346458435
2025-06-26 10:00:00,19.551154524087906
2025-06-26 10:30:00,51.01941168308258
2025-06-26 11:00:00,61.27221405506134
2025-06-26 11:30:00,47.08734467625618
2025-06-26 12:00:00,57.14075148105621
2025-06-26 12:30:00,62.46800482273102
2025-06-26 13:00:00,59.38561022281647
2025-06-26 13:30:00,47.236935049295425
2025-06-26 14:00:00,48.67163419723511
2025-06-26 14:30:00,52.98990488052368
2025-06-26 15:00:00,70.98492860794067
2025-06-26 15:30:00,41.545668840408325
2025-06-26 16:00:00,51.57129406929016
2025-06-26 16:30:00,27.190333008766174
2025-06-26 17:00:00,72.37674832344055
2025-06-26 17:30:00,48.71645152568817
2025-06-26 18:00:00,45.922195464372635
2025-06-26 18:30:00,47.78283655643463
2025-06-26 19:00:00,59.390443563461304
2025-06-26 19:30:00,59.04611110687256
2025-06-26 20:00:00,44.42664638161659
2025-06-26 20:30:00,64.56075012683868
2025-06-26 21:00:00,34.876000732183456
2025-06-26 21:30:00,40.62238931655884
2025-06-26 22:00:00,37.01490342617035
2025-06-26 22:30:00,56.63246035575867
2025-06-26 23:00:00,46.77331939339638
2025-06-26 23:30:00,42.20368713140488
2025-06-27 00:00:00,56.59865736961365
2025-06-27 00:30:00,57.222173511981964
2025-06-27 01:00:00,53.847949504852295
2025-06-27 01:30:00,62.465446293354034
2025-06-27 02:00:00,78.89377355575562
2025-06-27 02:30:00,60.82860052585602
2025-06-27 03:00:00,63.743733167648315
2025-06-27 03:30:00,59.16950821876526
2025-06-27 04:00:00,75.24011254310608
2025-06-27 04:30:00,54.07701641321182
2025-06-27 05:00:00,52.61881172657013
2025-06-27 05:30:00,44.13119450211525
2025-06-27 06:00:00,68.50267887115479
2025-06-27 06:30:00,55.06024658679962
2025-06-27 07:00:00,49.3593567609787
2025-06-27 07:30:00,43.42861980199814
2025-06-27 08:00:00,43.606475591659546
2025-06-27 08:30:00,46.384929567575455
2025-06-27 09:00:00,52.7128592133522
2025-06-27 09:30:00,43.52733850479126
2025-06-27 10:00:00,37.60867476463318
2025-06-27 10:30:00,53.78041446208954
2025-06-27 11:00:00,69.56022799015045
2025-06-27 11:30:00,75.73635578155518
2025-06-27 12:00:00,54.15332645177841
2025-06-27 12:30:00,50.94924211502075
2025-06-27 13:00:00,46.30074128508568
2025-06-27 13:30:00,33.664506673812866
2025-06-27 14:00:00,47.7519416809082
2025-06-27 14:30:00,50.07903307676315
2025-06-27 15:00:00,36.97579085826874
2025-06-27 15:30:00,43.60459342598915
2025-06-27 16:00:00,75.7228285074234
2025-06-27 16:30:00,43.76961603760719
2025-06-27 17:00:00,54.85197722911835
2025-06-27 17:30:00,65.77958285808563
2025-06-27 18:00:00,50.1395308971405
2025-06-27 18:30:00,52.07514703273773
2025-06-27 19:00:00,53.81445050239563
2025-06-27 19:30:00,65.61561405658722
2025-06-27 20:00:00,49.7610205411911
2025-06-27 20:30:00,67.25955784320831
2025-06-27 21:00:00,40.649947971105576
2025-06-27 21:30:00,32.75020480155945
2025-06-27 22:00:00,60.67553460597992
2025-06-27 22:30:00,64.56486403942108
2025-06-27 23:00:00,47.953553795814514
2025-06-27 23:30:00,49.67213571071625
2025-06-28 00:00:00,68.82298648357391
2025-06-28 00:30:00,49.5744252204895
2025-06-28 01:00:00,71.65489852428436
2025-06-28 01:30:00,48.617231249809265
2025-06-28 02:00:00,42.07295387983322
2025-06-28 02:30:00,45.95605671405792
2025-06-28 03:00:00,55.312411189079285
2025-06-28 03:30:00,59.89139348268509
2025-06-28 04:00:00,52.65538603067398
2025-06-28 04:30:00,53.622413873672485
2025-06-28 05:00:00,66.89978301525116
2025-06-28 05:30:00,41.5680268406868
2025-06-28 06:00:00,67.0906138420105
2025-06-28 06:30:00,41.03770703077316
2025-06-28 07:00:00,44.445445239543915
2025-06-28 07:30:00,50.52990674972534
2025-06-28 08:00:00,51.46089732646942
2025-06-28 08:30:00,66.78652882575989
2025-06-28 09:00:00,57.697659730911255
2025-06-28 09:30:00,63.274139165878296
2025-06-28 10:00:00,51.0617059469223
2025-06-28 10:30:00,45.298471599817276
2025-06-28 11:00:00,76.99126124382019
2025-06-28 11:30:00,46.57054454088211
2025-06-28 12:00:00,65.01699924468994
2025-06-28 12:30:00,48.41094791889191
2025-06-28 13:00:00,57.959744334220886
2025-06-28 13:30:00,67.05865502357483
2025-06-28 14:00:00,53.67982625961304
2025-06-28 14:30:00,25.77453151345253
2025-06-28 15:00:00,23.456757217645645
2025-06-28 15:30:00,38.75057429075241
2025-06-28 16:00:00,55.96541881561279
2025-06-28 16:30:00,45.03816530108452
2025-06-28 17:00:00,63.93202066421509
2025-06-28 17:30:00,57.09198236465454
2025-06-28 18:00:00,62.14099943637848
2025-06-28 18:30:00,45.88373139500618
2025-06-28 19:00:00,51.205196380615234
2025-06-28 19:30:00,51.0904324054718
2025-06-28 20:00:00,57.95275270938873
2025-06-28 20:30:00,47.221490144729614
2025-06-28 21:00:00,56.80588811635971
2025-06-28 21:30:00,55.34204959869385
2025-06-28 22:00:00,46.029891818761826
2025-06-28 22:30:00,70.3765457868576
2025-06-28 23:00:00,45.45847848057747
2025-06-28 23:30:00,65.80165207386017
2025-06-29 00:00:00,28.691807240247726
2025-06-29 00:30:00,48.54819655418396
2025-06-29 01:00:00,31.53487801551819
2025-06-29 01:30:00,39.89630401134491
2025-06-29 02:00:00,56.523157954216
2025-06-29 02:30:00,63.11690866947174
2025-06-29 03:00:00,67.56437242031097
2025-06-29 03:30:00,55.937320590019226
2025-06-29 04:00:00,65.01034200191498
2025-06-29 04:30:00,45.86235120892525
2025-06-29 05:00:00,58.52158725261688
2025-06-29 05:30:00,56.90296530723572
2025-06-29 06:00:00,59.96518552303314
2025-06-29 06:30:00,62.97063171863556
2025-06-29 07:00:00,37.60214418172836
2025-06-29 07:30:00,44.384965151548386
2025-06-29 08:00:00,52.46904909610748
2025-06-29 08:30:00,42.8775455057621
2025-06-29 09:00:00,65.95369458198547
2025-06-29 09:30:00,62.827303409576416
2025-06-29 10:00:00,42.52078264951706
2025-06-29 10:30:00,53.99188578128815
2025-06-29 11:00:00,54.10524129867554
2025-06-29 11:30:00,58.94184470176697
2025-06-29 12:00:00,60.28224557638168
2025-06-29 12:30:00,43.08598205447197
2025-06-29 13:00:00,63.84155511856079
2025-06-29 13:30:00,51.64393603801727
2025-06-29 14:00:00,53.74595791101456
2025-06-29 14:30:00,42.356271743774414
2025-06-29 15:00:00,67.38976418972015
2025-06-29 15:30:00,34.22273725271225
2025-06-29 16:00:00,39.56062749028206
2025-06-29 16:30:00,52.57730782032013
2025-06-29 17:00:00,73.19626808166504
2025-06-29 17:30:00,40.03218472003937
2025-06-29 18:00:00,39.230366945266724
2025-06-29 18:30:00,58.885648250579834
2025-06-29 19:00:00,52.66142517328262
2025-06-29 19:30:00,51.484020352363586
2025-06-29 20:00:00,61.85054808855057
2025-06-29 20:30:00,53.16936671733856
2025-06-29 21:00:00,65.55112898349762
2025-06-29 21:30:00,39.317483603954315
2025-06-29 22:00:00,58.31392586231232
2025-06-29 22:30:00,62.56952524185181
2025-06-29 23:00:00,51.23925268650055
2025-06-29 23:30:00,46.410578191280365
2025-06-30 00:00:00,23.71938645839691
2025-06-30 00:30:00,51.63910269737244
2025-06-30 01:00:00,49.171925485134125
2025-06-30 01:30:00,50.65701752901077
2025-06-30 02:00:00,59.159730076789856
2025-06-30 02:30:00,53.23168337345123
2025-06-30 03:00:00,43.62357214093208
2025-06-30 03:30:00,63.2457572221756
2025-06-30 04:00:00,42.21543863415718
2025-06-30 04:30:00,50.44478118419647
2025-06-30 05:00:00,41.42334580421448
2025-06-30 05:30:00,48.45245689153671
2025-06-30 06:00:00,54.035497307777405
2025-06-30 06:30:00,50.74016213417053
2025-06-30 07:00:00,57.78048515319824
2025-06-30 07:30:00,53.111093044281006
2025-06-30 08:00:00,69.52441871166229
2025-06-30 08:30:00,63.79952430725098
2025-06-30 09:00:00,41.66502043604851
2025-06-30 09:30:00,43.572741001844406
2025-06-30 10:00:00,43.32040414214134
2025-06-30 10:30:00,26.54304027557373
2025-06-30 11:00:00,39.80092152953148
2025-06-30 11:30:00,43.74765321612358
2025-06-30 12:00:00,78.90863835811615
2025-06-30 12:30:00,81.9460129737854
2025-06-30 13:00:00,65.76200246810913
2025-06-30 13:30:00,45.460662096738815
2025-06-30 14:00:00,57.64975190162659
2025-06-30 14:30:00,41.6381710767746
2025-06-30 15:00:00,52.85076141357422
2025-06-30 15:30:00,59.4066458940506
2025-06-30 16:00:00,32.27152928709984
2025-06-30 16:30:00,59.26612436771393
2025-06-30 17:00:00,55.15614330768585
2025-06-30 17:30:00,46.72881618142128
2025-06-30 18:00:00,50.820950865745544
2025-06-30 18:30:00,54.404092729091644
2025-06-30 19:00:00,38.441519141197205
2025-06-30 19:30:00,48.30823689699173
2025-06-30 20:00:00,46.88977554440498
2025-06-30 20:30:00,35.25107607245445
2025-06-30 21:00:00,47.654666900634766
2025-06-30 21:30:00,57.84830391407013
2025-06-30 22:00:00,51.85138463973999
2025-06-30 22:30:00,40.78524857759476
2025-06-30 23:00:00,30.73774665594101
2025-06-30 23:30:00,28.37966412305832
2025-07-01 00:00:00,59.9967086315155
2025-07-01 00:30:00,59.72615301609039
2025-07-01 01:00:00,51.179540157318115
2025-07-01 01:30:00,58.64492356777191
2025-07-01 02:00:00,36.31025403738022
2025-07-01 02:30:00,46.8974232673645
2025-07-01 03:00:00,40.92692017555237
2025-07-01 03:30:00,50.67929446697235
2025-07-01 04:00:00,50.15651345252991
2025-07-01 04:30:00,70.42917549610138
2025-07-01 05:00:00,45.403979271650314
2025-07-01 05:30:00,34.27721619606018
2025-07-01 06:00:00,64.51200127601624
2025-07-01 06:30:00,72.4730908870697
2025-07-01 07:00:00,60.65684974193573
2025-07-01 07:30:00,47.72186756134033
2025-07-01 08:00:00,64.26409244537354
2025-07-01 08:30:00,50.368319153785706
2025-07-01 09:00:00,61.141987442970276
2025-07-01 09:30:00,53.38881254196167
2025-07-01 10:00:00,49.10508453845978
2025-07-01 10:30:00,72.26755738258362
2025-07-01 11:00:00,45.72463393211365
2025-07-01 11:30:00,72.02369153499603
2025-07-01 12:00:00,47.135293036699295
2025-07-01 12:30:00,49.10498321056366
2025-07-01 13:00:00,63.18395733833313
2025-07-01 13:30:00,67.6109629869461
2025-07-01 14:00:00,57.251664996147156
2025-07-01 14:30:00,64.91045296192169
2025-07-01 15:00:00,41.640184968709946
2025-07-01 15:30:00,54.19340670108795
2025-07-01 16:00:00,47.81862556934357
2025-07-01 16:30:00,64.39090430736542
2025-07-01 17:00:00,48.80163788795471
2025-07-01 17:30:00,56.92523717880249
2025-07-01 18:00:00,53.22261452674866
2025-07-01 18:30:00,52.901344299316406
2025-07-01 19:00:00,54.36215817928314
2025-07-01 19:30:00,42.14568957686424
2025-07-01 20:00:00,55.37664294242859
2025-07-01 20:30:00,43.80568876862526
2025-07-01 21:00:00,46.69265732169151
2025-07-01 21:30:00,60.63878297805786
2025-07-01 22:00:00,37.106311321258545
2025-07-01 22:30:00,41.035214364528656
2025-07-01 23:00:00,66.26967549324036
2025-07-01 23:30:00,34.19335216283798
2025-07-02 00:00:00,35.30401989817619
2025-07-02 00:30:00,43.02919790148735
2025-07-02 01:00:00,61.7348113656044
2025-07-02 01:30:00,67.05256521701813
2025-07-02 02:00:00,43.83877232670784
2025-07-02 02:30:00,59.16330695152283
2025-07-02 03:00:00,53.1547349691391
2025-07-02 03:30:00,50.63667595386505
2025-07-02 04:00:00,73.10772776603699
2025-07-02 04:30:00,39.58632171154022
2025-07-02 05:00:00,43.100692331790924
2025-07-02 05:30:00,62.10277855396271
2025-07-02 06:00:00,39.61590692400932
2025-07-02 06:30:00,41.14957049489021
2025-07-02 07:00:00,51.3702392578125
2025-07-02 07:30:00,49.15865659713745
2025-07-02 08:00:00,70.61250805854797
2025-07-02 08:30:00,49.76340174674988
2025-07-02 09:00:00,55.99403381347656
2025-07-02 09:30:00,32.329906821250916
2025-07-02 10:00:00,44.21151712536812
2025-07-02 10:30:00,36.60264581441879
2025-07-02 11:00:00,70.18044590950012
2025-07-02 11:30:00,65.37205219268799
2025-07-02 12:00:00,60.35104215145111
2025-07-02 12:30:00,49.119625091552734
2025-07-02 13:00:00,31.86613917350769
2025-07-02 13:30:00,48.807393312454224
2025-07-02 14:00:00,50.165541768074036
2025-07-02 14:30:00,62.3398756980896
2025-07-02 15:00:00,47.57753610610962
2025-07-02 15:30:00,29.961235523223877
2025-07-02 16:00:00,56.258307099342346
2025-07-02 16:30:00,24.113969951868057
2025-07-02 17:00:00,40.05035787820816
2025-07-02 17:30:00,46.832005977630615
2025-07-02 18:00:00,74.12520170211792
2025-07-02 18:30:00,65.40719270706177
2025-07-02 19:00:00,60.45506030321121
2025-07-02 19:30:00,44.195332527160645
2025-07-02 20:00:00,54.508728981018066
2025-07-02 20:30:00,54.70013737678528
2025-07-02 21:00:00,28.700293451547623
2025-07-02 21:30:00,29.696853309869766
2025-07-02 22:00:00,56.53228759765625
2025-07-02 22:30:00,47.27525979280472
2025-07-02 23:00:00,58.37258964776993
2025-07-02 23:30:00,56.41708791255951
2025-07-03 00:00:00,53.49437594413757
2025-07-03 00:30:00,55.262993574142456
2025-07-03 01:00:00,51.44662022590637
2025-07-03 01:30:00,63.15879762172699
2025-07-03 02:00:00,65.88361620903015
2025-07-03 02:30:00,33.64751145243645
2025-07-03 03:00:00,51.54508054256439
2025-07-03 03:30:00,52.71073639392853
2025-07-03 04:00:00,55.70181429386139
2025-07-03 04:30:00,35.43017566204071
2025-07-03 05:00:00,56.29584401845932
2025-07-03 05:30:00,55.93012124300003
2025-07-03 06:00:00,61.26036882400513
2025-07-03 06:30:00,44.03125733137131
2025-07-03 07:00:00,42.17256173491478
2025-07-03 07:30:00,56.080405712127686
2025-07-03 08:00:00,79.57647025585175
2025-07-03 08:30:00,86.2045305967331
2025-07-03 09:00:00,49.913559556007385
2025-07-03 09:30:00,52.04873085021973
2025-07-03 10:00:00,65.96339166164398
2025-07-03 10:30:00,52.177467942237854
2025-07-03 11:00:00,57.005043029785156
2025-07-03 11:30:00,58.68531286716461
2025-07-03 12:00:00,52.66187608242035
2025-07-03 12:30:00,46.45531699061394
2025-07-03 13:00:00,33.47052454948425
2025-07-03 13:30:00,58.08275133371353
2025-07-03 14:00:00,47.85863995552063
2025-07-03 14:30:00,42.18270465731621
2025-07-03 15:00:00,41.98013499379158
2025-07-03 15:30:00,40.96291944384575
2025-07-03 16:00:00,30.597873628139496
2025-07-03 16:30:00,41.47655814886093
2025-07-03 17:00:00,26.132479906082153
2025-07-03 17:30:00,32.95149266719818
2025-07-03 18:00:00,44.066207855939865
2025-07-03 18:30:00,56.25661492347717
2025-07-03 19:00:00,43.33806052803993
2025-07-03 19:30:00,72.03400671482086
2025-07-03 20:00:00,47.1359820663929
2025-07-03 20:30:00,39.32051584124565
2025-07-03 21:00:00,61.11311912536621
2025-07-03 21:30:00,53.62172484397888
2025-07-03 22:00:00,62.98184871673584
2025-07-03 22:30:00,45.90127378702164
2025-07-03 23:00:00,55.48748552799225
2025-07-03 23:30:00,37.76893749833107
2025-07-04 00:00:00,60.66320300102234
2025-07-04 00:30:00,34.500664472579956
2025-07-04 01:00:00,43.68502750992775
2025-07-04 01:30:00,30.981212258338928
2025-07-04 02:00:00,48.528923988342285
2025-07-04 02:30:00,61.091419756412506
2025-07-04 03:00:00,53.43417704105377
2025-07-04 03:30:00,65.72011351585388
2025-07-04 04:00:00,62.86851346492767
2025-07-04 04:30:00,54.09839153289795
2025-07-04 05:00:00,60.32597869634628
2025-07-04 05:30:00,55.95209926366806
2025-07-04 06:00:00,54.35733497142792
2025-07-04 06:30:00,47.793182134628296
2025-07-04 07:00:00,66.90935850143433
2025-07-04 07:30:00,54.60005581378937
2025-07-04 08:00:00,41.502586752176285
2025-07-04 08:30:00,57.89845108985901
2025-07-04 09:00:00,55.993598103523254
2025-07-04 09:30:00,59.56776738166809
2025-07-04 10:00:00,54.1018670797348
2025-07-04 10:30:00,48.84548246860504
2025-07-04 11:00:00,46.317176669836044
2025-07-04 11:30:00,45.31771883368492
2025-07-04 12:00:00,44.21620100736618
2025-07-04 12:30:00,44.32617470622063
2025-07-04 13:00:00,45.28169423341751
2025-07-04 13:30:00,51.85011804103851
2025-07-04 14:00:00,49.66908574104309
2025-07-04 14:30:00,47.67376720905304
2025-07-04 15:00:00,50.341006219387054
2025-07-04 15:30:00,55.29155790805817
2025-07-04 16:00:00,55.61405420303345
2025-07-04 16:30:00,33.09048920869827
2025-07-04 17:00:00,67.45132088661194
2025-07-04 17:30:00,76.39517962932587
2025-07-04 18:00:00,61.206128001213074
2025-07-04 18:30:00,44.43767845630646
2025-07-04 19:00:00,36.74844905734062
2025-07-04 19:30:00,47.44907006621361
2025-07-04 20:00:00,48.51418077945709
2025-07-04 20:30:00,51.125319600105286
2025-07-04 21:00:00,65.25426864624023
2025-07-04 21:30:00,53.32108497619629
2025-07-04 22:00:00,46.39645054936409
2025-07-04 22:30:00,60.387266874313354
2025-07-04 23:00:00,67.06234335899353
2025-07-04 23:30:00,48.195605874061584
2025-07-05 00:00:00,27.190890312194824
2025-07-05 00:30:00,36.926824152469635
2025-07-05 01:00:00,55.11512577533722
2025-07-05 01:30:00,77.93459355831146
2025-07-05 02:00:00,43.46379831433296
2025-07-05 02:30:00,58.14637005329132
2025-07-05 03:00:00,66.15057468414307
2025-07-05 03:30:00,43.08338299393654
2025-07-05 04:00:00,60.502740144729614
2025-07-05 04:30:00,42.64118805527687
2025-07-05 05:00:00,47.24911466240883
2025-07-05 05:30:00,64.27070915699005
2025-07-05 06:00:00,55.03033459186554
2025-07-05 06:30:00,47.630175948143005
2025-07-05 07:00:00,52.773397564888
2025-07-05 07:30:00,36.09772637486458
2025-07-05 08:00:00,43.51643055677414
2025-07-05 08:30:00,53.97912859916687
2025-07-05 09:00:00,68.7327641248703
2025-07-05 09:30:00,46.715871542692184
2025-07-05 10:00:00,39.011323899030685
2025-07-05 10:30:00,42.49092638492584
2025-07-05 11:00:00,65.13326287269592
2025-07-05 11:30:00,39.98639464378357
2025-07-05 12:00:00,43.272255659103394
2025-07-05 12:30:00,39.422504901885986
2025-07-05 13:00:00,45.03256693482399
2025-07-05 13:30:00,57.17342972755432
2025-07-05 14:00:00,34.63695049285889
2025-07-05 14:30:00,54.841256737709045
2025-07-05 15:00:00,63.718968629837036
2025-07-05 15:30:00,56.07396125793457
2025-07-05 16:00:00,49.638981223106384
2025-07-05 16:30:00,56.05793118476868
2025-07-05 17:00:00,41.44421175122261
2025-07-05 17:30:00,34.83506426215172
2025-07-05 18:00:00,66.30545437335968
2025-07-05 18:30:00,46.88340708613396
2025-07-05 19:00:00,24.403577744960785
2025-07-05 19:30:00,56.28990113735199
2025-07-05 20:00:00,41.72061651945114
2025-07-05 20:30:00,48.470356464385986
2025-07-05 21:00:00,82.25593447685242
2025-07-05 21:30:00,53.76493662595749
2025-07-05 22:00:00,66.31771504878998
2025-07-05 22:30:00,40.49684911966324
2025-07-05 23:00:00,41.54748007655144
2025-07-05 23:30:00,56.33262097835541
2025-07-06 00:00:00,54.657919108867645
2025-07-06 00:30:00,49.891520738601685
2025-07-06 01:00:00,43.18895146250725
2025-07-06 01:30:00,59.63002324104309
2025-07-06 02:00:00,56.51857286691666
2025-07-06 02:30:00,67.67402946949005
2025-07-06 03:00:00,50.8846253156662
2025-07-06 03:30:00,66.29899978637695
2025-07-06 04:00:00,47.796140909194946
2025-07-06 04:30:00,78.28091204166412
2025-07-06 05:00:00,54.49300289154053
2025-07-06 05:30:00,53.84608507156372
2025-07-06 06:00:00,44.06473100185394
2025-07-06 06:30:00,43.99808511137962
2025-07-06 07:00:00,49.90649700164795
2025-07-06 07:30:00,40.66354364156723
2025-07-06 08:00:00,43.00013452768326
2025-07-06 08:30:00,44.325280487537384
2025-07-06 09:00:00,51.77739500999451
2025-07-06 09:30:00,47.28464022278786
2025-07-06 10:00:00,72.16659426689148
2025-07-06 10:30:00,50.570822954177856
2025-07-06 11:00:00,54.26366746425629
2025-07-06 11:30:00,53.28562527894974
2025-07-06 12:00:00,68.78538370132446
2025-07-06 12:30:00,41.06135696172714
2025-07-06 13:00:00,38.163632452487946
2025-07-06 13:30:00,40.272192507982254
2025-07-06 14:00:00,46.757393181324005
2025-07-06 14:30:00,52.2368460893631
2025-07-06 15:00:00,46.60359010100365
2025-07-06 15:30:00,52.11412787437439
2025-07-06 16:00:00,36.98996916413307
2025-07-06 16:30:00,55.57730257511139
2025-07-06 17:00:00,43.717188984155655
2025-07-06 17:30:00,50.1720267534256
2025-07-06 18:00:00,51.85760110616684
2025-07-06 18:30:00,57.56947994232178
2025-07-06 19:00:00,45.575053691864014
2025-07-06 19:30:00,48.6524224281311
2025-07-06 20:00:00,55.38502275943756
2025-07-06 20:30:00,51.10971510410309
2025-07-06 21:00:00,36.997244507074356
2025-07-06 21:30:00,41.043257266283035
2025-07-06 22:00:00,39.40551221370697
2025-07-06 22:30:00,51.778337359428406
2025-07-06 23:00:00,36.29150077700615
2025-07-06 23:30:00,72.20140039920807
2025-07-07 00:00:00,62.7282452583313
2025-07-07 00:30:00,53.09704899787903
2025-07-07 01:00:00,44.32124003767967
2025-07-07 01:30:00,48.262725472450256
2025-07-07 02:00:00,66.67212963104248
2025-07-07 02:30:00,56.867606937885284
2025-07-07 03:00:00,71.19126260280609
2025-07-07 03:30:00,38.73186409473419
2025-07-07 04:00:00,50.403930842876434
2025-07-07 04:30:00,51.15999400615692
2025-07-07 05:00:00,69.46261882781982
2025-07-07 05:30:00,49.12762999534607
2025-07-07 06:00:00,45.58364883065224
2025-07-07 06:30:00,42.60453015565872
2025-07-07 07:00:00,36.8591345846653
2025-07-07 07:30:00,26.74209639430046
2025-07-07 08:00:00,45.63087776303291
2025-07-07 08:30:00,48.325751423835754
2025-07-07 09:00:00,67.36329734325409
2025-07-07 09:30:00,58.244121074676514
2025-07-07 10:00:00,45.01835569739342
2025-07-07 10:30:00,54.64289724826813
2025-07-07 11:00:00,85.05505681037903
2025-07-07 11:30:00,38.31842854619026
2025-07-07 12:00:00,59.96920824050903
2025-07-07 12:30:00,71.05744898319244
2025-07-07 13:00:00,52.33954191207886
2025-07-07 13:30:00,32.19163477420807
2025-07-07 14:00:00,50.53117334842682
2025-07-07 14:30:00,45.08775517344475
2025-07-07 15:00:00,47.5179249048233
2025-07-07 15:30:00,45.28276830911636
2025-07-07 16:00:00,51.180816888809204
2025-07-07 16:30:00,68.90052258968353
2025-07-07 17:00:00,37.74439334869385
2025-07-07 17:30:00,25.42614847421646
2025-07-07 18:00:00,38.30636039376259
2025-07-07 18:30:00,38.31659451127052
2025-07-07 19:00:00,42.21698895096779
2025-07-07 19:30:00,64.26780104637146
2025-07-07 20:00:00,55.62723696231842
2025-07-07 20:30:00,35.3946653008461
2025-07-07 21:00:00,58.102717995643616
2025-07-07 21:30:00,55.778053402900696
2025-07-07 22:00:00,60.374377965927124
2025-07-07 22:30:00,41.74226015806198
2025-07-07 23:00:00,40.43150529265404
2025-07-07 23:30:00,39.88275647163391
2025-07-08 00:00:00,62.082279920578
2025-07-08 00:30:00,59.066148698329926
2025-07-08 01:00:00,46.69644191861153
2025-07-08 01:30:00,59.062272906303406
2025-07-08 02:00:00,47.02880501747131
2025-07-08 02:30:00,56.47372007369995
2025-07-08 03:00:00,61.49340271949768
2025-07-08 03:30:00,38.127169609069824
2025-07-08 04:00:00,34.11263436079025
2025-07-08 04:30:00,67.78857052326202
2025-07-08 05:00:00,32.26384103298187
2025-07-08 05:30:00,52.75073051452637
2025-07-08 06:00:00,39.8187780380249
2025-07-08 06:30:00,39.50688570737839
2025-07-08 07:00:00,60.38992166519165
2025-07-08 07:30:00,60.83309441804886
2025-07-08 08:00:00,55.035750567913055
2025-07-08 08:30:00,46.98764815926552
2025-07-08 09:00:00,61.31395608186722
2025-07-08 09:30:00,47.583671510219574
2025-07-08 10:00:00,60.96187204122543
2025-07-08 10:30:00,57.33710467815399
2025-07-08 11:00:00,56.54592126607895
2025-07-08 11:30:00,60.01407116651535
2025-07-08 12:00:00,57.806100845336914
2025-07-08 12:30:00,43.041182458400726
2025-07-08 13:00:00,38.49458962678909
2025-07-08 13:30:00,45.300460159778595
2025-07-08 14:00:00,64.11885917186737
2025-07-08 14:30:00,57.69527345895767
2025-07-08 15:00:00,48.34192335605621
2025-07-08 15:30:00,50.30986815690994
2025-07-08 16:00:00,57.880019545555115
2025-07-08 16:30:00,66.87227249145508
2025-07-08 17:00:00,55.35170614719391
2025-07-08 17:30:00,54.59977209568024
2025-07-08 18:00:00,49.813974499702454
2025-07-08 18:30:00,59.23328906297684
2025-07-08 19:00:00,87.28542566299438
2025-07-08 19:30:00,52.46865391731262
2025-07-08 20:00:00,69.85726058483124
2025-07-08 20:30:00,43.401159942150116
2025-07-08 21:00:00,55.82688331604004
2025-07-08 21:30:00,56.553394198417664
2025-07-08 22:00:00,24.476474300026894
2025-07-08 22:30:00,70.93982756137848
2025-07-08 23:00:00,47.61486530303955
2025-07-08 23:30:00,53.159730434417725
2025-07-09 00:00:00,59.70681965351105
2025-07-09 00:30:00,57.14984059333801
2025-07-09 01:00:00,43.810932487249374
2025-07-09 01:30:00,53.243974447250366
2025-07-09 02:00:00,42.97338142991066
2025-07-09 02:30:00,57.00632989406586
2025-07-09 03:00:00,48.593135476112366
2025-07-09 03:30:00,47.34389171004295
2025-07-09 04:00:00,40.889408588409424
2025-07-09 04:30:00,67.44462311267853
2025-07-09 05:00:00,41.02133244276047
2025-07-09 05:30:00,45.31320974230766
2025-07-09 06:00:00,63.94811153411865
2025-07-09 06:30:00,47.87547051906586
2025-07-09 07:00:00,46.681151539087296
2025-07-09 07:30:00,33.597789853811264
2025-07-09 08:00:00,44.78814885020256
2025-07-09 08:30:00,36.07431709766388
2025-07-09 09:00:00,78.71302485466003
2025-07-09 09:30:00,43.910877257585526
2025-07-09 10:00:00,51.42619252204895
2025-07-09 10:30:00,47.322035282850266
2025-07-09 11:00:00,53.69890630245209
2025-07-09 11:30:00,42.9620124399662
2025-07-09 12:00:00,54.26200568675995
2025-07-09 12:30:00,33.656795620918274
2025-07-09 13:00:00,56.63928985595703
2025-07-09 13:30:00,48.52751553058624
2025-07-09 14:00:00,53.708380460739136
2025-07-09 14:30:00,61.25234365463257
2025-07-09 15:00:00,72.2537362575531
2025-07-09 15:30:00,42.809557020664215
2025-07-09 16:00:00,36.24886453151703
2025-07-09 16:30:00,60.0983202457428
2025-07-09 17:00:00,32.18119293451309
2025-07-09 17:30:00,43.749011009931564
2025-07-09 18:00:00,48.4793746471405
2025-07-09 18:30:00,63.95095884799957
2025-07-09 19:00:00,79.49440479278564
2025-07-09 19:30:00,58.706145882606506
2025-07-09 20:00:00,55.261200070381165
2025-07-09 20:30:00,27.96114444732666
2025-07-09 21:00:00,56.70475780963898
2025-07-09 21:30:00,49.353307485580444
2025-07-09 22:00:00,43.27333480119705
2025-07-09 22:30:00,60.16879379749298
2025-07-09 23:00:00,47.214475721120834
2025-07-09 23:30:00,52.05013930797577
2025-07-10 00:00:00,45.261983424425125
2025-07-10 00:30:00,57.87793219089508
2025-07-10 01:00:00,54.42681550979614
2025-07-10 01:30:00,44.23510625958443
2025-07-10 02:00:00,43.62155571579933
2025-07-10 02:30:00,46.45590469241142
2025-07-10 03:00:00,21.682703346014023
2025-07-10 03:30:00,33.24536889791489
2025-07-10 04:00:00,42.9582379758358
2025-07-10 04:30:00,39.314985871315
2025-07-10 05:00:00,31.799617409706116
2025-07-10 05:30:00,30.768965780735016
2025-07-10 06:00:00,22.582730650901794
2025-07-10 06:30:00,47.12588220834732
2025-07-10 07:00:00,59.86230731010437
2025-07-10 07:30:00,69.15511906147003
2025-07-10 08:00:00,62.542202174663544
2025-07-10 08:30:00,47.80257523059845
2025-07-10 09:00:00,45.92204347252846
2025-07-10 09:30:00,54.24952208995819
2025-07-10 10:00:00,49.93265986442566
2025-07-10 10:30:00,52.93563365936279
2025-07-10 11:00:00,55.80178439617157
2025-07-10 11:30:00,46.82265341281891
2025-07-10 12:00:00,33.860870003700256
2025-07-10 12:30:00,54.16984796524048
2025-07-10 13:00:00,42.920280545949936
2025-07-10 13:30:00,46.4935328066349
2025-07-10 14:00:00,38.95957574248314
2025-07-10 14:30:00,50.25202512741089
2025-07-10 15:00:00,62.02872812747955
2025-07-10 15:30:00,66.69487774372101
2025-07-10 16:00:00,35.97481310367584
2025-07-10 16:30:00,77.79942214488983
2025-07-10 17:00:00,60.47164261341095
2025-07-10 17:30:00,32.21482366323471
2025-07-10 18:00:00,39.73372846841812
2025-07-10 18:30:00,43.94513115286827
2025-07-10 19:00:00,61.49167001247406
2025-07-10 19:30:00,49.4947612285614
2025-07-10 20:00:00,46.35792315006256
2025-07-10 20:30:00,64.21897113323212
2025-07-10 21:00:00,49.926747381687164
2025-07-10 21:30:00,54.383305311203
2025-07-10 22:00:00,58.73499393463135
2025-07-10 22:30:00,67.02531814575195
2025-07-10 23:00:00,61.51566445827484
2025-07-10 23:30:00,71.66704773902893
2025-07-11 00:00:00,61.784963607788086
2025-07-11 00:30:00,66.12640798091888
2025-07-11 01:00:00,31.481607407331467
2025-07-11 01:30:00,51.22507691383362
2025-07-11 02:00:00,45.646494925022125
2025-07-11 02:30:00,35.800627917051315
2025-07-11 03:00:00,43.14857229590416
2025-07-11 03:30:00,47.285942286252975
2025-07-11 04:00:00,55.536214113235474
2025-07-11 04:30:00,64.2185252904892
2025-07-11 05:00:00,62.69200026988983
2025-07-11 05:30:00,54.591539204120636
2025-07-11 06:00:00,52.725560665130615
2025-07-11 06:30:00,37.3868502676487
2025-07-11 07:00:00,60.26217758655548
2025-07-11 07:30:00,39.77985039353371
2025-07-11 08:00:00,49.64756369590759
2025-07-11 08:30:00,62.3710036277771
2025-07-11 09:00:00,25.62321349978447
2025-07-11 09:30:00,54.57300126552582
2025-07-11 10:00:00,31.839112490415573
2025-07-11 10:30:00,33.029591143131256
2025-07-11 11:00:00,59.78994399309158
2025-07-11 11:30:00,42.778608947992325
2025-07-11 12:00:00,47.076776176691055
2025-07-11 12:30:00,51.91864609718323
2025-07-11 13:00:00,48.23334038257599
2025-07-11 13:30:00,34.28582400083542
2025-07-11 14:00:00,49.885836243629456
2025-07-11 14:30:00,59.61061894893646
2025-07-11 15:00:00,49.30631160736084
2025-07-11 15:30:00,48.861512541770935
2025-07-11 16:00:00,57.341634035110474
2025-07-11 16:30:00,35.995782911777496
2025-07-11 17:00:00,93.42262327671051
2025-07-11 17:30:00,49.88766521215439
2025-07-11 18:00:00,51.120790243148804
2025-07-11 18:30:00,30.020679533481598
2025-07-11 19:00:00,58.85701298713684
2025-07-11 19:30:00,51.98580622673035
2025-07-11 20:00:00,37.51828774809837
2025-07-11 20:30:00,48.73249173164368
2025-07-11 21:00:00,61.119056940078735
2025-07-11 21:30:00,51.59160017967224
2025-07-11 22:00:00,61.730509996414185
2025-07-11 22:30:00,41.59296616911888
2025-07-11 23:00:00,66.03898227214813
2025-07-11 23:30:00,26.72195240855217
2025-07-12 00:00:00,40.965034663677216
2025-07-12 00:30:00,36.78456738591194
2025-07-12 01:00:00,51.012941896915436
2025-07-12 01:30:00,52.93568432331085
2025-07-12 02:00:00,54.257749915122986
2025-07-12 02:30:00,59.20858025550842
2025-07-12 03:00:00,39.52461555600166
2025-07-12 03:30:00,20.66392481327057
2025-07-12 04:00:00,47.806866466999054
2025-07-12 04:30:00,22.062411904335022
2025-07-12 05:00:00,42.00751632452011
2025-07-12 05:30:00,57.27694630622864
2025-07-12 06:00:00,63.03278625011444
2025-07-12 06:30:00,54.51871991157532
2025-07-12 07:00:00,74.27092134952545
2025-07-12 07:30:00,59.478679895401
2025-07-12 08:00:00,30.718241035938263
2025-07-12 08:30:00,28.528567999601364
2025-07-12 09:00:00,29.894544035196304
2025-07-12 09:30:00,57.618228793144226
2025-07-12 10:00:00,67.97376751899719
2025-07-12 10:30:00,66.43707931041718
2025-07-12 11:00:00,57.6817512512207
2025-07-12 11:30:00,40.78761205077171
2025-07-12 12:00:00,44.391868114471436
2025-07-12 12:30:00,54.32470738887787
2025-07-12 13:00:00,67.34653770923615
2025-07-12 13:30:00,54.572656750679016
2025-07-12 14:00:00,50.97181797027588
2025-07-12 14:30:00,45.20361855626106
2025-07-12 15:00:00,42.806684374809265
2025-07-12 15:30:00,48.59287202358246
2025-07-12 16:00:00,61.218804121017456
2025-07-12 16:30:00,46.40763208270073
2025-07-12 17:00:00,60.17629712820053
2025-07-12 17:30:00,49.3964022397995
2025-07-12 18:00:00,59.12437677383423
2025-07-12 18:30:00,58.87255668640137
2025-07-12 19:00:00,51.98128700256348
2025-07-12 19:30:00,41.624638736248016
2025-07-12 20:00:00,50.5064594745636
2025-07-12 20:30:00,41.28893941640854
2025-07-12 21:00:00,60.77289044857025
2025-07-12 21:30:00,40.07280707359314
2025-07-12 22:00:00,49.18655216693878
2025-07-12 22:30:00,41.83975279331207
2025-07-12 23:00:00,61.30251616239548
2025-07-12 23:30:00,51.4589923620224
2025-07-13 00:00:00,48.76473426818848
2025-07-13 00:30:00,65.19391775131226
2025-07-13 01:00:00,48.250419199466705
2025-07-13 01:30:00,51.83592200279236
2025-07-13 02:00:00,37.655169069767
2025-07-13 02:30:00,64.91366505622864
2025-07-13 03:00:00,44.299041628837585
2025-07-13 03:30:00,50.39964973926544
2025-07-13 04:00:00,52.75661259889603
2025-07-13 04:30:00,41.803036630153656
2025-07-13 05:00:00,30.597085803747177
2025-07-13 05:30:00,42.263067811727524
2025-07-13 06:00:00,40.53163751959801
2025-07-13 06:30:00,31.84602051973343
2025-07-13 07:00:00,49.03782308101654
2025-07-13 07:30:00,49.16274011135101
2025-07-13 08:00:00,29.0419964492321
2025-07-13 08:30:00,20.943954586982727
2025-07-13 09:00:00,51.59349501132965
2025-07-13 09:30:00,58.8340824842453
2025-07-13 10:00:00,53.213839530944824
2025-07-13 10:30:00,65.83901166915894
2025-07-13 11:00:00,52.44650363922119
2025-07-13 11:30:00,41.13541752099991
2025-07-13 12:00:00,30.04817485809326
2025-07-13 12:30:00,61.93534433841705
2025-07-13 13:00:00,48.7779575586319
2025-07-13 13:30:00,45.94999477267265
2025-07-13 14:00:00,60.12472629547119
2025-07-13 14:30:00,50.87050020694733
2025-07-13 15:00:00,54.51946973800659
2025-07-13 15:30:00,29.200615137815475
2025-07-13 16:00:00,54.28550362586975
2025-07-13 16:30:00,67.23368883132935
2025-07-13 17:00:00,36.060412377119064
2025-07-13 17:30:00,30.76028198003769
2025-07-13 18:00:00,50.39982199668884
2025-07-13 18:30:00,64.7732549905777
2025-07-13 19:00:00,47.230272740125656
2025-07-13 19:30:00,51.88969671726227
2025-07-13 20:00:00,61.469945311546326
2025-07-13 20:30:00,66.31963014602661
2025-07-13 21:00:00,43.71778428554535
2025-07-13 21:30:00,29.11413937807083
2025-07-13 22:00:00,20.50159752368927
2025-07-13 22:30:00,41.09427332878113
2025-07-13 23:00:00,49.657554626464844
2025-07-13 23:30:00,49.68891054391861
2025-07-14 00:00:00,52.09896922111511
2025-07-14 00:30:00,42.01141744852066
2025-07-14 01:00:00,23.014227896928787
2025-07-14 01:30:00,41.69977083802223
2025-07-14 02:00:00,54.72809374332428
2025-07-14 02:30:00,47.92813062667847
2025-07-14 03:00:00,41.64103612303734
2025-07-14 03:30:00,69.38991606235504
2025-07-14 04:00:00,39.631445556879044
2025-07-14 04:30:00,34.55889254808426
2025-07-14 05:00:00,37.11422249674797
2025-07-14 05:30:00,48.35185348987579
2025-07-14 06:00:00,51.60057783126831
2025-07-14 06:30:00,34.931986927986145
2025-07-14 07:00:00,38.86200711131096
2025-07-14 07:30:00,38.55825901031494
2025-07-14 08:00:00,61.62726700305939
2025-07-14 08:30:00,44.98932525515556
2025-07-14 09:00:00,41.23545601963997
2025-07-14 09:30:00,37.11662143468857
2025-07-14 10:00:00,33.0508092045784
2025-07-14 10:30:00,53.49660515785217
2025-07-14 11:00:00,32.46991664171219
2025-07-14 11:30:00,54.07124578952789
2025-07-14 12:00:00,52.850877940654755
2025-07-14 12:30:00,57.850117683410645
2025-07-14 13:00:00,43.47607925534248
2025-07-14 13:30:00,69.76668357849121
2025-07-14 14:00:00,44.635437577962875
2025-07-14 14:30:00,62.69114911556244
2025-07-14 15:00:00,77.04128682613373
2025-07-14 15:30:00,54.63562697172165
2025-07-14 16:00:00,56.30248099565506
2025-07-14 16:30:00,29.737528860569
2025-07-14 17:00:00,77.05461144447327
2025-07-14 17:30:00,50.308454632759094
2025-07-14 18:00:00,46.51874825358391
2025-07-14 18:30:00,62.680590748786926
2025-07-14 19:00:00,60.29291033744812
2025-07-14 19:30:00,69.47118103504181
2025-07-14 20:00:00,67.6307725906372
2025-07-14 20:30:00,71.93908274173737
2025-07-14 21:00:00,53.76591444015503
2025-07-14 21:30:00,47.409724444150925
2025-07-14 22:00:00,59.37416523694992
2025-07-14 22:30:00,84.46389973163605
2025-07-14 23:00:00,29.287131428718567
2025-07-14 23:30:00,43.81055757403374
2025-07-15 00:00:00,50.86332619190216
2025-07-15 00:30:00,68.53975474834442
2025-07-15 01:00:00,44.266832023859024
2025-07-15 01:30:00,36.3808111846447
2025-07-15 02:00:00,76.16799235343933
2025-07-15 02:30:00,64.55765962600708
2025-07-15 03:00:00,38.686562925577164
2025-07-15 03:30:00,51.0602468252182
2025-07-15 04:00:00,55.00695824623108
2025-07-15 04:30:00,53.47779870033264
2025-07-15 05:00:00,36.547303050756454
2025-07-15 05:30:00,24.848012030124664
2025-07-15 06:00:00,64.12635743618011
2025-07-15 06:30:00,75.35473465919495
2025-07-15 07:00:00,54.80752468109131
2025-07-15 07:30:00,64.83927011489868
2025-07-15 08:00:00,53.91318440437317
2025-07-15 08:30:00,55.86337149143219
2025-07-15 09:00:00,55.8367982506752
2025-07-15 09:30:00,54.6500763297081
2025-07-15 10:00:00,57.290716767311096
2025-07-15 10:30:00,55.148067474365234
2025-07-15 11:00:00,42.489753514528275
2025-07-15 11:30:00,48.91393959522247
2025-07-15 12:00:00,58.6104416847229
2025-07-15 12:30:00,38.881211280822754
2025-07-15 13:00:00,37.87361681461334
2025-07-15 13:30:00,51.20678722858429
2025-07-15 14:00:00,56.82380795478821
2025-07-15 14:30:00,30.990977734327316
2025-07-15 15:00:00,36.64547711610794
2025-07-15 15:30:00,41.72559678554535
2025-07-15 16:00:00,61.908350586891174
2025-07-15 16:30:00,36.39557972550392
2025-07-15 17:00:00,26.958753168582916
2025-07-15 17:30:00,56.52945041656494
2025-07-15 18:00:00,67.5370442867279
2025-07-15 18:30:00,43.87206867337227
2025-07-15 19:00:00,65.60703158378601
2025-07-15 19:30:00,42.49242350459099
2025-07-15 20:00:00,42.13340103626251
2025-07-15 20:30:00,64.40998435020447
2025-07-15 21:00:00,68.08643400669098
2025-07-15 21:30:00,72.731112241745
2025-07-15 22:00:00,56.87272399663925
2025-07-15 22:30:00,64.32422041893005
2025-07-15 23:00:00,47.25896880030632
2025-07-15 23:30:00,44.771860390901566
2025-07-16 00:00:00,64.6285891532898
2025-07-16 00:30:00,65.16208052635193
2025-07-16 01:00:00,46.08068749308586
2025-07-16 01:30:00,53.89842599630356
2025-07-16 02:00:00,62.99218416213989
2025-07-16 02:30:00,59.91612255573273
2025-07-16 03:00:00,57.34913229942322
2025-07-16 03:30:00,54.36430126428604
2025-07-16 04:00:00,36.10498905181885
2025-07-16 04:30:00,53.57108116149902
2025-07-16 05:00:00,53.56217443943024
2025-07-16 05:30:00,35.29395043849945
2025-07-16 06:00:00,55.84446370601654
2025-07-16 06:30:00,55.51062881946564
2025-07-16 07:00:00,59.64238524436951
2025-07-16 07:30:00,72.14264035224915
2025-07-16 08:00:00,51.67282462120056
2025-07-16 08:30:00,63.51531982421875
2025-07-16 09:00:00,76.76326334476471
2025-07-16 09:30:00,61.969740092754364
2025-07-16 10:00:00,53.33531141281128
2025-07-16 10:30:00,69.65053141117096
2025-07-16 11:00:00,64.28363859653473
2025-07-16 11:30:00,45.46745866537094
2025-07-16 12:00:00,64.76674973964691
2025-07-16 12:30:00,53.40394079685211
2025-07-16 13:00:00,41.41998678445816
2025-07-16 13:30:00,46.4671166241169
2025-07-16 14:00:00,61.99452996253967
2025-07-16 14:30:00,47.30282858014107
2025-07-16 15:00:00,54.760640263557434
2025-07-16 15:30:00,63.356893658638
2025-07-16 16:00:00,70.25576293468475
2025-07-16 16:30:00,36.258062571287155
2025-07-16 17:00:00,58.02730977535248
2025-07-16 17:30:00,40.1943701505661
2025-07-16 18:00:00,61.07837378978729
2025-07-16 18:30:00,41.951327472925186
2025-07-16 19:00:00,84.64646220207214
2025-07-16 19:30:00,54.47644084692001
2025-07-16 20:00:00,68.39411616325378
2025-07-16 20:30:00,65.1401025056839
2025-07-16 21:00:00,29.02168780565262
2025-07-16 21:30:00,31.97569489479065
2025-07-16 22:00:00,61.21236473321915
2025-07-16 22:30:00,53.68649363517761
2025-07-16 23:00:00,62.2759935259819
2025-07-16 23:30:00,36.457744389772415
2025-07-17 00:00:00,36.43758773803711
2025-07-17 00:30:00,40.61891883611679
2025-07-17 01:00:00,40.61245918273926
2025-07-17 01:30:00,38.83369103074074
2025-07-17 02:00:00,60.37411451339722
2025-07-17 02:30:00,48.363911509513855
2025-07-17 03:00:00,53.02097201347351
2025-07-17 03:30:00,72.68501818180084
2025-07-17 04:00:00,49.88779693841934
2025-07-17 04:30:00,65.51273584365845
2025-07-17 05:00:00,45.47553703188896
2025-07-17 05:30:00,39.46351736783981
2025-07-17 06:00:00,51.437181532382965
2025-07-17 06:30:00,44.79174092411995
2025-07-17 07:00:00,40.47868102788925
2025-07-17 07:30:00,51.608410477638245
2025-07-17 08:00:00,54.2827171087265
2025-07-17 08:30:00,56.962921023368835
2025-07-17 09:00:00,65.54529249668121
2025-07-17 09:30:00,81.08398616313934
2025-07-17 10:00:00,73.66381525993347
2025-07-17 10:30:00,58.533285558223724
2025-07-17 11:00:00,65.7522040605545
2025-07-17 11:30:00,41.49774327874184
2025-07-17 12:00:00,61.60138785839081
2025-07-17 12:30:00,58.764267563819885
2025-07-17 13:00:00,46.22990548610687
2025-07-17 13:30:00,44.796984642744064
2025-07-17 14:00:00,37.50694915652275
2025-07-17 14:30:00,34.33403581380844
2025-07-17 15:00:00,62.91417181491852
2025-07-17 15:30:00,46.51807442307472
2025-07-17 16:00:00,37.54710793495178
2025-07-17 16:30:00,46.366219371557236
2025-07-17 17:00:00,48.245651721954346
2025-07-17 17:30:00,61.42137885093689
2025-07-17 18:00:00,63.130871653556824
2025-07-17 18:30:00,49.52550411224365
2025-07-17 19:00:00,40.68185105919838
2025-07-17 19:30:00,38.48022639751434
2025-07-17 20:00:00,31.95574849843979
2025-07-17 20:30:00,55.13419061899185
2025-07-17 21:00:00,45.374454855918884
2025-07-17 21:30:00,57.29254066944122
2025-07-17 22:00:00,55.91659903526306
2025-07-17 22:30:00,31.926452070474625
2025-07-17 23:00:00,32.42680162191391
2025-07-17 23:30:00,49.768123626708984
2025-07-18 00:00:00,33.04760217666626
2025-07-18 00:30:00,51.018687188625336
2025-07-18 01:00:00,60.826746225357056
2025-07-18 01:30:00,56.54007971286774
2025-07-18 02:00:00,41.20498672127724
2025-07-18 02:30:00,57.896525859832764
2025-07-18 03:00:00,64.90408957004547
2025-07-18 03:30:00,53.59141767024994
2025-07-18 04:00:00,44.64010879397392
2025-07-18 04:30:00,67.85880088806152
2025-07-18 05:00:00,41.697080582380295
2025-07-18 05:30:00,47.78552174568176
2025-07-18 06:00:00,58.90313744544983
2025-07-18 06:30:00,41.769507229328156
2025-07-18 07:00:00,31.80473953485489
2025-07-18 07:30:00,40.23260623216629
2025-07-18 08:00:00,44.03079375624657
2025-07-18 08:30:00,32.964761555194855
2025-07-18 09:00:00,51.31462037563324
2025-07-18 09:30:00,52.92336285114288
2025-07-18 10:00:00,51.446751952171326
2025-07-18 10:30:00,52.92458891868591
2025-07-18 11:00:00,42.43665263056755
2025-07-18 11:30:00,75.18025815486908
2025-07-18 12:00:00,72.94991970062256
2025-07-18 12:30:00,61.22611999511719
2025-07-18 13:00:00,40.01452326774597
2025-07-18 13:30:00,39.60069760680199
2025-07-18 14:00:00,53.29240411520004
2025-07-18 14:30:00,31.15925043821335
2025-07-18 15:00:00,35.954279005527496
2025-07-18 15:30:00,30.35958081483841
2025-07-18 16:00:00,41.034484803676605
2025-07-18 16:30:00,43.37477162480354
2025-07-18 17:00:00,58.6248505115509
2025-07-18 17:30:00,79.31736469268799
2025-07-18 18:00:00,66.12362146377563
2025-07-18 18:30:00,75.15577733516693
2025-07-18 19:00:00,46.81007355451584
2025-07-18 19:30:00,73.1100583076477
2025-07-18 20:00:00,43.91492784023285
2025-07-18 20:30:00,63.909404277801514
2025-07-18 21:00:00,48.16179275512695
2025-07-18 21:30:00,41.872220784425735
2025-07-18 22:00:00,60.1826149225235
2025-07-18 22:30:00,61.50431573390961
2025-07-18 23:00:00,64.81631934642792
2025-07-18 23:30:00,60.57444989681244
2025-07-19 00:00:00,56.38584852218628
2025-07-19 00:30:00,52.3155677318573
2025-07-19 01:00:00,44.705941528081894
2025-07-19 01:30:00,60.06913781166077
2025-07-19 02:00:00,45.31107425689697
2025-07-19 02:30:00,46.021461337804794
2025-07-19 03:00:00,50.052272379398346
2025-07-19 03:30:00,55.19538760185242
2025-07-19 04:00:00,49.67450678348541
2025-07-19 04:30:00,63.97504448890686
2025-07-19 05:00:00,43.11036914587021
2025-07-19 05:30:00,58.07579517364502
2025-07-19 06:00:00,56.76224112510681
2025-07-19 06:30:00,52.36982882022858
2025-07-19 07:00:00,24.054395481944084
2025-07-19 07:30:00,49.62318420410156
2025-07-19 08:00:00,58.85618209838867
2025-07-19 08:30:00,47.37844958901405
2025-07-19 09:00:00,57.4695098400116
2025-07-19 09:30:00,37.68237054347992
2025-07-19 10:00:00,63.15322458744049
2025-07-19 10:30:00,58.58325034379959
2025-07-19 11:00:00,67.85760521888733
2025-07-19 11:30:00,42.505892515182495
2025-07-19 12:00:00,75.70402204990387
2025-07-19 12:30:00,36.78586184978485
2025-07-19 13:00:00,57.73167550563812
2025-07-19 13:30:00,54.167872071266174
2025-07-19 14:00:00,71.52814745903015
2025-07-19 14:30:00,44.20157939195633
2025-07-19 15:00:00,60.649032294750214
2025-07-19 15:30:00,36.7437145113945
2025-07-19 16:00:00,58.38575214147568
2025-07-19 16:30:00,59.529516100883484
2025-07-19 17:00:00,65.67396879196167
2025-07-19 17:30:00,52.86046862602234
2025-07-19 18:00:00,42.54016414284706
2025-07-19 18:30:00,61.885516345500946
2025-07-19 19:00:00,39.67574864625931
2025-07-19 19:30:00,49.154182970523834
2025-07-19 20:00:00,64.55686926841736
2025-07-19 20:30:00,63.1125009059906
2025-07-19 21:00:00,45.87881699204445
2025-07-19 21:30:00,50.40275037288666
2025-07-19 22:00:00,47.88441777229309
2025-07-19 22:30:00,41.643442660570145
2025-07-19 23:00:00,33.179903477430344
2025-07-19 23:30:00,64.6192467212677
2025-07-20 00:00:00,33.360446989536285
2025-07-20 00:30:00,32.83256158232689
2025-07-20 01:00:00,58.04278254508972
2025-07-20 01:30:00,37.95723259449005
2025-07-20 02:00:00,33.72355803847313
2025-07-20 02:30:00,46.56875863671303
2025-07-20 03:00:00,46.66836395859718
2025-07-20 03:30:00,59.10743981599808
2025-07-20 04:00:00,46.882120221853256
2025-07-20 04:30:00,73.23377966880798
2025-07-20 05:00:00,49.34921383857727
2025-07-20 05:30:00,49.07703697681427
2025-07-20 06:00:00,28.857100903987885
2025-07-20 06:30:00,37.7813982963562
2025-07-20 07:00:00,56.956061124801636
2025-07-20 07:30:00,73.35226237773895
2025-07-20 08:00:00,53.32552820444107
2025-07-20 08:30:00,63.848445415496826
2025-07-20 09:00:00,34.82855141162872
2025-07-20 09:30:00,35.304536670446396
2025-07-20 10:00:00,51.65375471115112
2025-07-20 10:30:00,50.04612684249878
2025-07-20 11:00:00,63.34183633327484
2025-07-20 11:30:00,28.60910341143608
2025-07-20 12:00:00,39.99950900673866
2025-07-20 12:30:00,44.43444862961769
2025-07-20 13:00:00,41.01330980658531
2025-07-20 13:30:00,51.7887943983078
2025-07-20 14:00:00,53.429308235645294
2025-07-20 14:30:00,41.13628387451172
2025-07-20 15:00:00,50.150413513183594
2025-07-20 15:30:00,43.535231947898865
2025-07-20 16:00:00,49.18374538421631
2025-07-20 16:30:00,52.65896797180176
2025-07-20 17:00:00,59.302207231521606
2025-07-20 17:30:00,63.65664184093475
2025-07-20 18:00:00,49.632739424705505
2025-07-20 18:30:00,70.1078748703003
2025-07-20 19:00:00,70.02326607704163
2025-07-20 19:30:00,41.72166019678116
2025-07-20 20:00:00,62.32277154922485
2025-07-20 20:30:00,40.057830810546875
2025-07-20 21:00:00,43.66547375917435
2025-07-20 21:30:00,33.010835349559784
2025-07-20 22:00:00,43.44751998782158
2025-07-20 22:30:00,32.42644190788269
2025-07-20 23:00:00,58.195149302482605
2025-07-20 23:30:00,35.810497254133224
2025-07-21 00:00:00,27.74957686662674
2025-07-21 00:30:00,64.49180662631989
2025-07-21 01:00:00,27.657604068517685
2025-07-21 01:30:00,57.96996831893921
2025-07-21 02:00:00,54.27224487066269
2025-07-21 02:30:00,29.780633747577667
2025-07-21 03:00:00,62.70369350910187
2025-07-21 03:30:00,51.68559193611145
2025-07-21 04:00:00,50.66550374031067
2025-07-21 04:30:00,53.228005170822144
2025-07-21 05:00:00,58.46445858478546
2025-07-21 05:30:00,63.89666736125946
2025-07-21 06:00:00,74.97535288333893
2025-07-21 06:30:00,77.6483017206192
2025-07-21 07:00:00,59.90274727344513
2025-07-21 07:30:00,53.91598105430603
2025-07-21 08:00:00,42.45050668716431
2025-07-21 08:30:00,44.05258685350418
2025-07-21 09:00:00,48.05635094642639
2025-07-21 09:30:00,56.63159906864166
2025-07-21 10:00:00,77.13698089122772
2025-07-21 10:30:00,56.343533992767334
2025-07-21 11:00:00,40.27088284492493
2025-07-21 11:30:00,31.12409219145775
2025-07-21 12:00:00,30.90548738837242
2025-07-21 12:30:00,45.750718265771866
2025-07-21 13:00:00,51.521587669849396
2025-07-21 13:30:00,63.481091260910034
2025-07-21 14:00:00,30.363699793815613
2025-07-21 14:30:00,46.58244803547859
2025-07-21 15:00:00,62.77615308761597
2025-07-21 15:30:00,66.03862762451172
2025-07-21 16:00:00,60.11207044124603
2025-07-21 16:30:00,39.504243582487106
2025-07-21 17:00:00,48.727627992630005
2025-07-21 17:30:00,57.41975784301758
2025-07-21 18:00:00,53.40990900993347
2025-07-21 18:30:00,40.86870729923248
2025-07-21 19:00:00,79.89806473255157
2025-07-21 19:30:00,58.20034235715866
2025-07-21 20:00:00,49.00769829750061
2025-07-21 20:30:00,56.9564563035965
2025-07-21 21:00:00,34.205754697322845
2025-07-21 21:30:00,45.28681129217148
2025-07-21 22:00:00,44.550843983888626
2025-07-21 22:30:00,35.71842819452286
2025-07-21 23:00:00,54.293361604213715
2025-07-21 23:30:00,46.04459196329117
2025-07-22 00:00:00,41.96352228522301
2025-07-22 00:30:00,29.084455370903015
2025-07-22 01:00:00,51.0665038228035
2025-07-22 01:30:00,69.75403785705566
2025-07-22 02:00:00,55.754474401474
2025-07-22 02:30:00,60.467908680438995
2025-07-22 03:00:00,22.513357773423195
2025-07-22 03:30:00,54.41202163696289
2025-07-22 04:00:00,57.840977907180786
2025-07-22 04:30:00,28.416805863380432
2025-07-22 05:00:00,36.34783148765564
2025-07-22 05:30:00,38.87085556983948
2025-07-22 06:00:00,39.38329607248306
2025-07-22 06:30:00,30.060232877731323
2025-07-22 07:00:00,74.09675896167755
2025-07-22 07:30:00,70.5621886253357
2025-07-22 08:00:00,40.09932965040207
2025-07-22 08:30:00,50.04014849662781
2025-07-22 09:00:00,55.678367018699646
2025-07-22 09:30:00,46.08316496014595
2025-07-22 10:00:00,52.628042697906494
2025-07-22 10:30:00,44.820814430713654
2025-07-22 11:00:00,42.15454310178757
2025-07-22 11:30:00,43.20736274123192
2025-07-22 12:00:00,36.09237119555473
2025-07-22 12:30:00,39.333295822143555
2025-07-22 13:00:00,43.2559697329998
2025-07-22 13:30:00,61.54023140668869
2025-07-22 14:00:00,45.359268337488174
2025-07-22 14:30:00,65.33473312854767
2025-07-22 15:00:00,65.96792101860046
2025-07-22 15:30:00,49.991774559020996
2025-07-22 16:00:00,39.38269570469856
2025-07-22 16:30:00,84.65845942497253
2025-07-22 17:00:00,46.65025666356087
2025-07-22 17:30:00,65.21275460720062
2025-07-22 18:00:00,72.40507960319519
2025-07-22 18:30:00,43.04832607507706
2025-07-22 19:00:00,63.570239543914795
2025-07-22 19:30:00,45.38300693035126
2025-07-22 20:00:00,29.653908014297485
2025-07-22 20:30:00,44.967641085386276
2025-07-22 21:00:00,71.95816278457642
2025-07-22 21:30:00,58.9693957567215
2025-07-22 22:00:00,64.92781043052673
2025-07-22 22:30:00,69.71932291984558
2025-07-22 23:00:00,50.48024594783783
2025-07-22 23:30:00,68.44279408454895
2025-07-23 00:00:00,45.91598406434059
2025-07-23 00:30:00,59.230629205703735
2025-07-23 01:00:00,45.3150437772274
2025-07-23 01:30:00,52.11691439151764
2025-07-23 02:00:00,64.43346202373505
2025-07-23 02:30:00,62.009820342063904
2025-07-23 03:00:00,59.01551514863968
2025-07-23 03:30:00,44.54046294093132
2025-07-23 04:00:00,39.42417174577713
2025-07-23 04:30:00,49.64578032493591
2025-07-23 05:00:00,46.75093859434128
2025-07-23 05:30:00,56.78046494722366
2025-07-23 06:00:00,51.97928071022034
2025-07-23 06:30:00,45.64071923494339
2025-07-23 07:00:00,54.40933138132095
2025-07-23 07:30:00,63.371312618255615
2025-07-23 08:00:00,55.296452045440674
2025-07-23 08:30:00,56.00215017795563
2025-07-23 09:00:00,58.83233964443207
2025-07-23 09:30:00,74.19794499874115
2025-07-23 10:00:00,32.403027564287186
2025-07-23 10:30:00,65.318044424057
2025-07-23 11:00:00,49.42087799310684
2025-07-23 11:30:00,24.53630842268467
2025-07-23 12:00:00,45.7000695168972
2025-07-23 12:30:00,37.25628420710564
2025-07-23 13:00:00,58.706145882606506
2025-07-23 13:30:00,52.21331775188446
2025-07-23 14:00:00,45.26374399662018
2025-07-23 14:30:00,57.32291877269745
2025-07-23 15:00:00,76.5228122472763
2025-07-23 15:30:00,49.45903301239014
2025-07-23 16:00:00,43.10191586613655
2025-07-23 16:30:00,42.80009552836418
2025-07-23 17:00:00,37.740145176649094
2025-07-23 17:30:00,50.8901172876358
2025-07-23 18:00:00,44.33647468686104
2025-07-23 18:30:00,51.334683299064636
2025-07-23 19:00:00,54.85248386859894
2025-07-23 19:30:00,35.18657833337784
2025-07-23 20:00:00,42.938828617334366
2025-07-23 20:30:00,30.21867424249649
2025-07-23 21:00:00,52.751166224479675
2025-07-23 21:30:00,26.403129249811172
2025-07-23 22:00:00,42.83749058842659
2025-07-23 22:30:00,59.16785657405853
2025-07-23 23:00:00,31.972662657499313
2025-07-23 23:30:00,61.00161284208298
2025-07-24 00:00:00,35.66030144691467
2025-07-24 00:30:00,74.47461068630219
2025-07-24 01:00:00,36.037079095840454
2025-07-24 01:30:00,21.07006348669529
2025-07-24 02:00:00,57.72997319698334
2025-07-24 02:30:00,45.92978999018669
2025-07-24 03:00:00,55.105722546577454
2025-07-24 03:30:00,48.35907816886902
2025-07-24 04:00:00,40.060961842536926
2025-07-24 04:30:00,44.90484565496445
2025-07-24 05:00:00,72.78846383094788
2025-07-24 05:30:00,53.050534427165985
2025-07-24 06:00:00,61.36444270610809
2025-07-24 06:30:00,63.21124494075775
2025-07-24 07:00:00,51.370036602020264
2025-07-24 07:30:00,37.74741291999817
2025-07-24 08:00:00,54.82119381427765
2025-07-24 08:30:00,36.78355157375336
2025-07-24 09:00:00,66.73983693122864
2025-07-24 09:30:00,40.10654926300049
2025-07-24 10:00:00,35.42225942015648
2025-07-24 10:30:00,39.30591702461243
2025-07-24 11:00:00,54.53898549079895
2025-07-24 11:30:00,44.39359322190285
2025-07-24 12:00:00,50.81427335739136
2025-07-24 12:30:00,29.783339202404022
2025-07-24 13:00:00,50.26252269744873
2025-07-24 13:30:00,65.31500458717346
2025-07-24 14:00:00,47.93483346700668
2025-07-24 14:30:00,35.17204537987709
2025-07-24 15:00:00,62.41969168186188
2025-07-24 15:30:00,49.17487412691116
2025-07-24 16:00:00,31.104297786951065
2025-07-24 16:30:00,42.521932721138
2025-07-24 17:00:00,66.81073606014252
2025-07-24 17:30:00,65.71272671222687
2025-07-24 18:00:00,59.51868921518326
2025-07-24 18:30:00,57.19327986240387
2025-07-24 19:00:00,52.02053129673004
2025-07-24 19:30:00,76.48835062980652
2025-07-24 20:00:00,60.10207951068878
2025-07-24 20:30:00,38.11870872974396
2025-07-24 21:00:00,49.75895345211029
2025-07-24 21:30:00,53.45791816711426
2025-07-24 22:00:00,44.1691392660141
2025-07-24 22:30:00,43.32464978098869
2025-07-24 23:00:00,47.01603263616562
2025-07-24 23:30:00,42.85203367471695
2025-07-25 00:00:00,17.921971678733826
2025-07-25 00:30:00,29.13814902305603
2025-07-25 01:00:00,41.049876511096954
2025-07-25 01:30:00,55.34091979265213
2025-07-25 02:00:00,29.37550961971283
2025-07-25 02:30:00,81.82705402374268
2025-07-25 03:00:00,49.411824345588684
2025-07-25 03:30:00,54.1029816865921
2025-07-25 04:00:00,63.5730767250061
2025-07-25 04:30:00,49.63135123252869
2025-07-25 05:00:00,53.17028880119324
2025-07-25 05:30:00,65.17256796360016
2025-07-25 06:00:00,48.12312602996826
2025-07-25 06:30:00,54.28159236907959
2025-07-25 07:00:00,60.91864049434662
2025-07-25 07:30:00,46.870345920324326
2025-07-25 08:00:00,41.58746153116226
2025-07-25 08:30:00,47.68988847732544
2025-07-25 09:00:00,71.03881478309631
2025-07-25 09:30:00,56.94725573062897
2025-07-25 10:00:00,61.9112890958786
2025-07-25 10:30:00,53.45973193645477
2025-07-25 11:00:00,65.26481688022614
2025-07-25 11:30:00,25.2322980761528
2025-07-25 12:00:00,59.30111289024353
2025-07-25 12:30:00,61.973737478256226
2025-07-25 13:00:00,47.73691475391388
2025-07-25 13:30:00,55.86027592420578
2025-07-25 14:00:00,57.6700884103775
2025-07-25 14:30:00,46.322802901268005
2025-07-25 15:00:00,51.301402151584625
2025-07-25 15:30:00,46.5631602704525
2025-07-25 16:00:00,52.279505133628845
2025-07-25 16:30:00,75.57007670402527
2025-07-25 17:00:00,66.07395052909851
2025-07-25 17:30:00,45.81629008054733
2025-07-25 18:00:00,76.30177557468414
2025-07-25 18:30:00,60.67255049943924
2025-07-25 19:00:00,55.58566212654114
2025-07-25 19:30:00,67.0708042383194
2025-07-25 20:00:00,58.82929980754852
2025-07-25 20:30:00,49.756531715393066
2025-07-25 21:00:00,33.41277778148651
2025-07-25 21:30:00,72.1530669927597
2025-07-25 22:00:00,49.53681230545044
2025-07-25 22:30:00,57.57093399763107
2025-07-25 23:00:00,48.711344599723816
2025-07-25 23:30:00,48.503592014312744
2025-07-26 00:00:00,48.93370866775513
2025-07-26 00:30:00,47.46563971042633
2025-07-26 01:00:00,41.58359080553055
2025-07-26 01:30:00,57.78225839138031
2025-07-26 02:00:00,64.30823087692261
2025-07-26 02:30:00,70.60963034629822
2025-07-26 03:00:00,30.98121479153633
2025-07-26 03:30:00,40.75195983052254
2025-07-26 04:00:00,64.16599690914154
2025-07-26 04:30:00,46.79446145892143
2025-07-26 05:00:00,35.732353180646896
2025-07-26 05:30:00,71.25056982040405
2025-07-26 06:00:00,58.11224281787872
2025-07-26 06:30:00,44.24750626087189
2025-07-26 07:00:00,55.032199025154114
2025-07-26 07:30:00,45.70353493094444
2025-07-26 08:00:00,40.46195685863495
2025-07-26 08:30:00,42.44288429617882
2025-07-26 09:00:00,61.10302686691284
2025-07-26 09:30:00,31.567969173192978
2025-07-26 10:00:00,54.14747476577759
2025-07-26 10:30:00,47.31451168656349
2025-07-26 11:00:00,42.62739226222038
2025-07-26 11:30:00,59.728848338127136
2025-07-26 12:00:00,46.00357189774513
2025-07-26 12:30:00,48.90369027853012
2025-07-26 13:00:00,56.43221616744995
2025-07-26 13:30:00,51.8454772233963
2025-07-26 14:00:00,78.71957063674927
2025-07-26 14:30:00,68.43639016151428
2025-07-26 15:00:00,58.22147935628891
2025-07-26 15:30:00,65.04640460014343
2025-07-26 16:00:00,26.174011677503586
2025-07-26 16:30:00,42.99667924642563
2025-07-26 17:00:00,55.09425729513168
2025-07-26 17:30:00,58.93539011478424
2025-07-26 18:00:00,36.99650228023529
2025-07-26 18:30:00,49.11223828792572
2025-07-26 19:00:00,44.8597876727581
2025-07-26 19:30:00,60.15875220298767
2025-07-26 20:00:00,80.47174274921417
2025-07-26 20:30:00,57.06396520137787
2025-07-26 21:00:00,37.19066172838211
2025-07-26 21:30:00,42.527184039354324
2025-07-26 22:00:00,73.71782302856445
2025-07-26 22:30:00,50.08145987987518
2025-07-26 23:00:00,39.91493821144104
2025-07-26 23:30:00,44.02346774935722
2025-07-27 00:00:00,47.819567918777466
2025-07-27 00:30:00,34.2558816075325
2025-07-27 01:00:00,46.23728469014168
2025-07-27 01:30:00,74.64910745620728
2025-07-27 02:00:00,66.720250248909
2025-07-27 02:30:00,54.49998438358307
2025-07-27 03:00:00,53.62780958414078
2025-07-27 03:30:00,59.904895424842834
2025-07-27 04:00:00,45.850936621427536
2025-07-27 04:30:00,66.67392313480377
2025-07-27 05:00:00,55.05804777145386
2025-07-27 05:30:00,49.89260494709015
2025-07-27 06:00:00,56.81152701377869
2025-07-27 06:30:00,52.33780920505524
2025-07-27 07:00:00,44.86868426203728
2025-07-27 07:30:00,16.792697608470917
2025-07-27 08:00:00,34.676721692085266
2025-07-27 08:30:00,53.53340744972229
2025-07-27 09:00:00,49.06894087791443
2025-07-27 09:30:00,83.10936868190765
2025-07-27 10:00:00,54.668816924095154
2025-07-27 10:30:00,66.17822706699371
2025-07-27 11:00:00,29.736317992210388
2025-07-27 11:30:00,39.163368940353394
2025-07-27 12:00:00,44.82653185725212
2025-07-27 12:30:00,50.01082420349121
2025-07-27 13:00:00,33.27328979969025
2025-07-27 13:30:00,27.634194791316986
2025-07-27 14:00:00,51.89385622739792
2025-07-27 14:30:00,63.583118319511414
2025-07-27 15:00:00,38.96598219871521
2025-07-27 15:30:00,30.30006840825081
2025-07-27 16:00:00,44.3016254901886
2025-07-27 16:30:00,54.7167906165123
2025-07-27 17:00:00,47.2755865752697
2025-07-27 17:30:00,57.45835363864899
2025-07-27 18:00:00,61.4654666185379
2025-07-27 18:30:00,36.41371488571167
2025-07-27 19:00:00,41.950202733278275
2025-07-27 19:30:00,24.2849101126194
2025-07-27 20:00:00,41.83292329311371
2025-07-27 20:30:00,38.60186040401459
2025-07-27 21:00:00,64.73366618156433
2025-07-27 21:30:00,28.96565854549408
2025-07-27 22:00:00,38.617594093084335
2025-07-27 22:30:00,66.02915346622467
2025-07-27 23:00:00,69.86318826675415
2025-07-27 23:30:00,48.77378284931183
2025-07-28 00:00:00,48.65950018167496
2025-07-28 00:30:00,62.75837004184723
2025-07-28 01:00:00,59.12304937839508
2025-07-28 01:30:00,61.1134535074234
2025-07-28 02:00:00,49.358282685279846
2025-07-28 02:30:00,58.41892182826996
2025-07-28 03:00:00,31.640309691429138
2025-07-28 03:30:00,58.67883801460266
2025-07-28 04:00:00,42.75666892528534
2025-07-28 04:30:00,43.617923110723495
2025-07-28 05:00:00,51.224053502082825
2025-07-28 05:30:00,38.801017850637436
2025-07-28 06:00:00,27.02852502465248
2025-07-28 06:30:00,36.54390096664429
2025-07-28 07:00:00,51.036429703235626
2025-07-28 07:30:00,52.568634152412415
2025-07-28 08:00:00,49.939002990722656
2025-07-28 08:30:00,46.997112184762955
2025-07-28 09:00:00,73.85728061199188
2025-07-28 09:30:00,45.60629054903984
2025-07-28 10:00:00,51.73043966293335
2025-07-28 10:30:00,26.876989156007767
2025-07-28 11:00:00,52.95685172080994
2025-07-28 11:30:00,42.365996688604355
2025-07-28 12:00:00,56.78666114807129
2025-07-28 12:30:00,84.54233765602112
2025-07-28 13:00:00,50.2825653553009
2025-07-28 13:30:00,41.00630298256874
2025-07-28 14:00:00,63.618826270103455
2025-07-28 14:30:00,39.12958115339279
2025-07-28 15:00:00,42.71146401762962
2025-07-28 15:30:00,40.48996642231941
2025-07-28 16:00:00,80.0610101222992
2025-07-28 16:30:00,50.710726380348206
2025-07-28 17:00:00,49.82635170221329
2025-07-28 17:30:00,67.96012878417969
2025-07-28 18:00:00,87.4740070104599
2025-07-28 18:30:00,62.87954807281494
2025-07-28 19:00:00,44.188343435525894
2025-07-28 19:30:00,23.383455350995064
2025-07-28 20:00:00,55.630337595939636
2025-07-28 20:30:00,71.89923048019409
2025-07-28 21:00:00,59.02074873447418
2025-07-28 21:30:00,72.08199560642242
2025-07-28 22:00:00,53.29749584197998
2025-07-28 22:30:00,53.97916913032532
2025-07-28 23:00:00,43.92759636044502
2025-07-28 23:30:00,62.872211933135986
2025-07-29 00:00:00,60.52953124046326
2025-07-29 00:30:00,27.5271013379097
2025-07-29 01:00:00,43.18910852074623
2025-07-29 01:30:00,65.75153529644012
2025-07-29 02:00:00,61.4528614282608
2025-07-29 02:30:00,61.85080647468567
2025-07-29 03:00:00,59.75683510303497
2025-07-29 03:30:00,71.03127598762512
2025-07-29 04:00:00,55.693201422691345
2025-07-29 04:30:00,40.107121765613556
2025-07-29 05:00:00,58.91498267650604
2025-07-29 05:30:00,55.3700515627861
2025-07-29 06:00:00,47.110305577516556
2025-07-29 06:30:00,77.8464686870575
2025-07-29 07:00:00,32.18443289399147
2025-07-29 07:30:00,51.88100278377533
2025-07-29 08:00:00,57.01935052871704
2025-07-29 08:30:00,71.27915441989899
2025-07-29 09:00:00,49.15402591228485
2025-07-29 09:30:00,52.30598211288452
2025-07-29 10:00:00,52.03071475028992
2025-07-29 10:30:00,46.654438972473145
2025-07-29 11:00:00,71.22870326042175
2025-07-29 11:30:00,76.35041296482086
2025-07-29 12:00:00,67.09389686584473
2025-07-29 12:30:00,51.599037647247314
2025-07-29 13:00:00,38.91551837325096
2025-07-29 13:30:00,34.60790231823921
2025-07-29 14:00:00,34.372206032276154
2025-07-29 14:30:00,75.0639134645462
2025-07-29 15:00:00,53.47618758678436
2025-07-29 15:30:00,36.365287750959396
2025-07-29 16:00:00,61.75692617893219
2025-07-29 16:30:00,57.82996356487274
2025-07-29 17:00:00,33.81319269537926
2025-07-29 17:30:00,58.99182975292206
2025-07-29 18:00:00,49.48240429162979
2025-07-29 18:30:00,45.29847666621208
2025-07-29 19:00:00,70.48123776912689
2025-07-29 19:30:00,39.762270003557205
2025-07-29 20:00:00,68.69919419288635
2025-07-29 20:30:00,25.764107406139374
2025-07-29 21:00:00,48.83706212043762
2025-07-29 21:30:00,46.24674364924431
2025-07-29 22:00:00,30.45736476778984
2025-07-29 22:30:00,66.80504143238068
2025-07-29 23:00:00,60.55799424648285
2025-07-29 23:30:00,57.78491824865341
2025-07-30 00:00:00,50.8445805311203
2025-07-30 00:30:00,53.70997130870819
2025-07-30 01:00:00,72.06200361251831
2025-07-30 01:30:00,51.68532848358154
2025-07-30 02:00:00,63.029665350914
2025-07-30 02:30:00,64.83014047145844
2025-07-30 03:00:00,51.355323791503906
2025-07-30 03:30:00,74.28321242332458
2025-07-30 04:00:00,45.11654496192932
2025-07-30 04:30:00,59.31347995996475
2025-07-30 05:00:00,47.319486886262894
2025-07-30 05:30:00,68.82881283760071
2025-07-30 06:00:00,41.71987175941467
2025-07-30 06:30:00,42.77456343173981
2025-07-30 07:00:00,34.876806288957596
2025-07-30 07:30:00,41.713338643312454
2025-07-30 08:00:00,69.96016919612885
2025-07-30 08:30:00,51.354918479919434
2025-07-30 09:00:00,44.82515633106232
2025-07-30 09:30:00,40.87245136499405
2025-07-30 10:00:00,57.397313714027405
2025-07-30 10:30:00,45.21603122353554
2025-07-30 11:00:00,39.750067591667175
2025-07-30 11:30:00,46.61071851849556
2025-07-30 12:00:00,39.10053297877312
2025-07-30 12:30:00,44.81385067105293
2025-07-30 13:00:00,54.45469081401825
2025-07-30 13:30:00,51.43898010253906
2025-07-30 14:00:00,60.24739384651184
2025-07-30 14:30:00,57.254400849342346
2025-07-30 15:00:00,66.09976887702942
2025-07-30 15:30:00,62.459847927093506
2025-07-30 16:00:00,37.37718865275383
2025-07-30 16:30:00,63.89470160007477
2025-07-30 17:00:00,47.66689211130142
2025-07-30 17:30:00,64.53655302524567
2025-07-30 18:00:00,36.911799758672714
2025-07-30 18:30:00,64.56061840057373
2025-07-30 19:00:00,58.360334038734436
2025-07-30 19:30:00,44.90376651287079
2025-07-30 20:00:00,57.572651505470276
2025-07-30 20:30:00,57.08273112773895
2025-07-30 21:00:00,46.010776311159134
2025-07-30 21:30:00,38.96479159593582
2025-07-30 22:00:00,32.206193059682846
2025-07-30 22:30:00,54.52392816543579
2025-07-30 23:00:00,54.933353662490845
2025-07-30 23:30:00,47.158770710229874
2025-07-31 00:00:00,37.448769211769104
2025-07-31 00:30:00,52.65868425369263
2025-07-31 01:00:00,41.63425728678703
2025-07-31 01:30:00,87.3479551076889
2025-07-31 02:00:00,57.26657032966614
2025-07-31 02:30:00,79.07856523990631
2025-07-31 03:00:00,55.669328570365906
2025-07-31 03:30:00,70.22821187973022
2025-07-31 04:00:00,40.29129534959793
2025-07-31 04:30:00,49.260936975479126
2025-07-31 05:00:00,49.59488332271576
2025-07-31 05:30:00,70.29069066047668
2025-07-31 06:00:00,39.26972270011902
2025-07-31 06:30:00,57.40804433822632
2025-07-31 07:00:00,52.42177456617355
2025-07-31 07:30:00,37.384636253118515
2025-07-31 08:00:00,35.4108726978302
2025-07-31 08:30:00,55.69546103477478
2025-07-31 09:00:00,49.943927526474
2025-07-31 09:30:00,38.15966799855232
2025-07-31 10:00:00,55.15106678009033
2025-07-31 10:30:00,58.85042667388916
2025-07-31 11:00:00,48.572930693626404
2025-07-31 11:30:00,57.66119182109833
2025-07-31 12:00:00,39.4194296002388
2025-07-31 12:30:00,77.52608001232147
2025-07-31 13:00:00,54.84346568584442
2025-07-31 13:30:00,64.04207289218903
2025-07-31 14:00:00,55.22579610347748
2025-07-31 14:30:00,50.31425058841705
2025-07-31 15:00:00,43.48576366901398
2025-07-31 15:30:00,65.9837281703949
2025-07-31 16:00:00,28.93749698996544
2025-07-31 16:30:00,49.673574566841125
2025-07-31 17:00:00,66.24208390712738
2025-07-31 17:30:00,49.23865497112274
2025-07-31 18:00:00,70.61317682266235
2025-07-31 18:30:00,43.421113938093185
2025-07-31 19:00:00,38.381071984767914
2025-07-31 19:30:00,59.10975515842438
2025-07-31 20:00:00,46.77156135439873
2025-07-31 20:30:00,48.08207809925079
2025-07-31 21:00:00,40.68346470594406
2025-07-31 21:30:00,46.33915975689888
2025-07-31 22:00:00,43.52105870842934
2025-07-31 22:30:00,59.58142638206482
2025-07-31 23:00:00,55.00276833772659
2025-07-31 23:30:00,57.23828971385956
2025-08-01 00:00:00,42.53567531704903
2025-08-01 00:30:00,32.20897704362869
2025-08-01 01:00:00,46.12802281975746
2025-08-01 01:30:00,65.68926930427551
2025-08-01 02:00:00,49.32475835084915
2025-08-01 02:30:00,52.664257287979126
2025-08-01 03:00:00,66.12258791923523
2025-08-01 03:30:00,72.14020848274231
2025-08-01 04:00:00,56.72768831253052
2025-08-01 04:30:00,45.870563834905624
2025-08-01 05:00:00,49.0671169757843
2025-08-01 05:30:00,50.845553278923035
2025-08-01 06:00:00,63.39148700237274
2025-08-01 06:30:00,72.8000658750534
2025-08-01 07:00:00,70.15398919582367
2025-08-01 07:30:00,38.757256865501404
2025-08-01 08:00:00,32.370285987854004
2025-08-01 08:30:00,31.792369931936264
2025-08-01 09:00:00,50.591686367988586
2025-08-01 09:30:00,61.968736946582794
2025-08-01 10:00:00,46.97438433766365
2025-08-01 10:30:00,38.105870485305786
2025-08-01 11:00:00,69.73365068435669
2025-08-01 11:30:00,53.661490976810455
2025-08-01 12:00:00,51.627095341682434
2025-08-01 12:30:00,46.99760362505913
2025-08-01 13:00:00,45.763802230358124
2025-08-01 13:30:00,55.39914786815643
2025-08-01 14:00:00,38.921978026628494
2025-08-01 14:30:00,39.09764513373375
2025-08-01 15:00:00,56.30004405975342
2025-08-01 15:30:00,36.377652287483215
2025-08-01 16:00:00,48.78617525100708
2025-08-01 16:30:00,35.807591676712036
2025-08-01 17:00:00,41.03248864412308
2025-08-01 17:30:00,52.0652574300766
2025-08-01 18:00:00,46.5154854953289
2025-08-01 18:30:00,51.20130032300949
2025-08-01 19:00:00,73.63234281539917
2025-08-01 19:30:00,44.695892333984375
2025-08-01 20:00:00,35.54088652133942
2025-08-01 20:30:00,48.822845816612244
2025-08-01 21:00:00,40.70042699575424
2025-08-01 21:30:00,51.84425115585327
2025-08-01 22:00:00,53.57631981372833
2025-08-01 22:30:00,57.78134644031525
2025-08-01 23:00:00,61.761637926101685
2025-08-01 23:30:00,62.75872468948364
2025-08-02 00:00:00,50.43370097875595
2025-08-02 00:30:00,63.13295900821686
2025-08-02 01:00:00,55.39004862308502
2025-08-02 01:30:00,66.39201879501343
2025-08-02 02:00:00,37.95417755842209
2025-08-02 02:30:00,40.619719326496124
2025-08-02 03:00:00,58.6410528421402
2025-08-02 03:30:00,35.48894330859184
2025-08-02 04:00:00,74.43239748477936
2025-08-02 04:30:00,48.70530545711517
2025-08-02 05:00:00,35.52233338356018
2025-08-02 05:30:00,48.4480744600296
2025-08-02 06:00:00,65.80269575119019
2025-08-02 06:30:00,62.45338320732117
2025-08-02 07:00:00,40.878655165433884
2025-08-02 07:30:00,42.77432277798653
2025-08-02 08:00:00,52.1696200966835
2025-08-02 08:30:00,51.03936314582825
2025-08-02 09:00:00,53.08372437953949
2025-08-02 09:30:00,32.097982466220856
2025-08-02 10:00:00,38.89965295791626
2025-08-02 10:30:00,39.383341670036316
2025-08-02 11:00:00,48.78704160451889
2025-08-02 11:30:00,37.405628859996796
2025-08-02 12:00:00,54.431506991386414
2025-08-02 12:30:00,61.76759600639343
2025-08-02 13:00:00,60.05252003669739
2025-08-02 13:30:00,51.26973211765289
2025-08-02 14:00:00,65.3598016500473
2025-08-02 14:30:00,36.89285397529602
2025-08-02 15:00:00,42.82002165913582
2025-08-02 15:30:00,46.91275671124458
2025-08-02 16:00:00,38.64296406507492
2025-08-02 16:30:00,40.184125900268555
2025-08-02 17:00:00,54.56547260284424
2025-08-02 17:30:00,38.440961837768555
2025-08-02 18:00:00,54.52982544898987
2025-08-02 18:30:00,43.923284858465195
2025-08-02 19:00:00,49.3098783493042
2025-08-02 19:30:00,74.44149672985077
2025-08-02 20:00:00,65.5085813999176
2025-08-02 20:30:00,56.25074803829193
2025-08-02 21:00:00,38.69244247674942
2025-08-02 21:30:00,48.46064418554306
2025-08-02 22:00:00,44.6652127802372
2025-08-02 22:30:00,44.67762291431427
2025-08-02 23:00:00,37.04026073217392
2025-08-02 23:30:00,74.13623631000519
2025-08-03 00:00:00,29.784755259752274
2025-08-03 00:30:00,41.197926700115204
2025-08-03 01:00:00,61.76832050085068
2025-08-03 01:30:00,31.74372747540474
2025-08-03 02:00:00,38.726351857185364
2025-08-03 02:30:00,70.28986990451813
2025-08-03 03:00:00,50.551793575286865
2025-08-03 03:30:00,54.711050391197205
2025-08-03 04:00:00,45.94006970524788
2025-08-03 04:30:00,47.7658286690712
2025-08-03 05:00:00,47.07975775003433
2025-08-03 05:30:00,53.052130341529846
2025-08-03 06:00:00,55.24092435836792
2025-08-03 06:30:00,51.3637238740921
2025-08-03 07:00:00,50.86304247379303
2025-08-03 07:30:00,53.05605173110962
2025-08-03 08:00:00,24.215961545705795
2025-08-03 08:30:00,53.81640613079071
2025-08-03 09:00:00,64.38200771808624
2025-08-03 09:30:00,60.584086179733276
2025-08-03 10:00:00,56.377002596855164
2025-08-03 10:30:00,66.45268380641937
2025-08-03 11:00:00,33.313942551612854
2025-08-03 11:30:00,49.06482696533203
2025-08-03 12:00:00,43.596854507923126
2025-08-03 12:30:00,52.41438269615173
2025-08-03 13:00:00,55.78203558921814
2025-08-03 13:30:00,52.05533742904663
2025-08-03 14:00:00,60.712053179740906
2025-08-03 14:30:00,46.719671338796616
2025-08-03 15:00:00,62.005645632743835
2025-08-03 15:30:00,40.96374526619911
2025-08-03 16:00:00,31.62008970975876
2025-08-03 16:30:00,34.62567016482353
2025-08-03 17:00:00,61.12118482589722
2025-08-03 17:30:00,41.31490468978882
2025-08-03 18:00:00,51.966417133808136
2025-08-03 18:30:00,65.73696434497833
2025-08-03 19:00:00,49.658111929893494
2025-08-03 19:30:00,42.84219220280647
2025-08-03 20:00:00,56.19237303733826
2025-08-03 20:30:00,47.303117364645004
2025-08-03 21:00:00,34.92526635527611
2025-08-03 21:30:00,78.01469326019287
2025-08-03 22:00:00,44.104051291942596
2025-08-03 22:30:00,58.027634024620056
2025-08-03 23:00:00,56.0723602771759
2025-08-03 23:30:00,46.87385693192482
2025-08-04 00:00:00,29.32176023721695
2025-08-04 00:30:00,39.77723613381386
2025-08-04 01:00:00,40.28487116098404
2025-08-04 01:30:00,61.24832093715668
2025-08-04 02:00:00,51.40031337738037
2025-08-04 02:30:00,44.48555335402489
2025-08-04 03:00:00,48.07006061077118
2025-08-04 03:30:00,43.3539816737175
2025-08-04 04:00:00,73.44545364379883
2025-08-04 04:30:00,57.39598631858826
2025-08-04 05:00:00,49.09213483333588
2025-08-04 05:30:00,45.435732901096344
2025-08-04 06:00:00,53.47422182559967
2025-08-04 06:30:00,32.54158079624176
2025-08-04 07:00:00,48.03919106721878
2025-08-04 07:30:00,51.00563108921051
2025-08-04 08:00:00,84.45072710514069
2025-08-04 08:30:00,36.137289851903915
2025-08-04 09:00:00,46.694364696741104
2025-08-04 09:30:00,28.80714625120163
2025-08-04 10:00:00,57.74249732494354
2025-08-04 10:30:00,53.21069836616516
2025-08-04 11:00:00,44.69645470380783
2025-08-04 11:30:00,49.97181296348572
2025-08-04 12:00:00,51.339810490608215
2025-08-04 12:30:00,65.96448600292206
2025-08-04 13:00:00,65.0736516714096
2025-08-04 13:30:00,54.39744055271149
2025-08-04 14:00:00,54.07630205154419
2025-08-04 14:30:00,39.614450335502625
2025-08-04 15:00:00,34.38322797417641
2025-08-04 15:30:00,57.56708860397339
2025-08-04 16:00:00,50.92067778110504
2025-08-04 16:30:00,52.25861132144928
2025-08-04 17:00:00,38.144516944885254
2025-08-04 17:30:00,93.23891580104828
2025-08-04 18:00:00,59.06119883060455
2025-08-04 18:30:00,78.31609308719635
2025-08-04 19:00:00,48.6006236076355
2025-08-04 19:30:00,33.34681078791618
2025-08-04 20:00:00,24.2097906768322
2025-08-04 20:30:00,17.05481007695198
2025-08-04 21:00:00,47.97167122364044
2025-08-04 21:30:00,55.13357758522034
2025-08-04 22:00:00,48.80420655012131
2025-08-04 22:30:00,65.60171186923981
2025-08-04 23:00:00,52.571866512298584
2025-08-04 23:30:00,57.757007479667664
2025-08-05 00:00:00,74.88429963588715
2025-08-05 00:30:00,36.89007759094238
2025-08-05 01:00:00,43.236763030290604
2025-08-05 01:30:00,58.58116805553436
2025-08-05 02:00:00,73.57788920402527
2025-08-05 02:30:00,61.77596569061279
2025-08-05 03:00:00,65.5912446975708
2025-08-05 03:30:00,49.78443741798401
2025-08-05 04:00:00,65.40837824344635
2025-08-05 04:30:00,47.96293169260025
2025-08-05 05:00:00,66.06789112091064
2025-08-05 05:30:00,48.82088005542755
2025-08-05 06:00:00,68.74301850795746
2025-08-05 06:30:00,50.69518268108368
2025-08-05 07:00:00,43.72975364327431
2025-08-05 07:30:00,44.496638625860214
2025-08-05 08:00:00,48.17462086677551
2025-08-05 08:30:00,47.29121387004852
2025-08-05 09:00:00,52.23735272884369
2025-08-05 09:30:00,49.68345910310745
2025-08-05 10:00:00,65.52008211612701
2025-08-05 10:30:00,34.08161282539368
2025-08-05 11:00:00,23.982289284467697
2025-08-05 11:30:00,32.489483058452606
2025-08-05 12:00:00,35.60661792755127
2025-08-05 12:30:00,38.120927810668945
2025-08-05 13:00:00,47.28051617741585
2025-08-05 13:30:00,40.354643017053604
2025-08-05 14:00:00,66.35266304016113
2025-08-05 14:30:00,60.47390729188919
2025-08-05 15:00:00,64.34930920600891
2025-08-05 15:30:00,46.83328524231911
2025-08-05 16:00:00,56.294389963150024
2025-08-05 16:30:00,68.50104749202728
2025-08-05 17:00:00,52.33944058418274
2025-08-05 17:30:00,43.509137481451035
2025-08-05 18:00:00,50.20455300807953
2025-08-05 18:30:00,50.44432520866394
2025-08-05 19:00:00,29.87811118364334
2025-08-05 19:30:00,48.165840804576874
2025-08-05 20:00:00,39.96319308876991
2025-08-05 20:30:00,51.538180112838745
2025-08-05 21:00:00,48.82213652133942
2025-08-05 21:30:00,46.042299419641495
2025-08-05 22:00:00,52.139034271240234
2025-08-05 22:30:00,49.66652721166611
2025-08-05 23:00:00,60.41773110628128
2025-08-05 23:30:00,58.28305125236511
2025-08-06 00:00:00,21.92035399377346
2025-08-06 00:30:00,76.87433898448944
2025-08-06 01:00:00,40.27652680873871
2025-08-06 01:30:00,51.68167054653168
2025-08-06 02:00:00,43.477487713098526
2025-08-06 02:30:00,42.62747332453728
2025-08-06 03:00:00,24.159810692071915
2025-08-06 03:30:00,55.98196566104889
2025-08-06 04:00:00,43.46395030617714
2025-08-06 04:30:00,41.517388224601746
2025-08-06 05:00:00,66.17068827152252
2025-08-06 05:30:00,63.655922412872314
2025-08-06 06:00:00,58.65516781806946
2025-08-06 06:30:00,54.41290318965912
2025-08-06 07:00:00,71.77098989486694
2025-08-06 07:30:00,47.38386809825897
2025-08-06 08:00:00,43.629378229379654
2025-08-06 08:30:00,31.08789026737213
2025-08-06 09:00:00,56.4592707157135
2025-08-06 09:30:00,41.569508761167526
2025-08-06 10:00:00,48.90412092208862
2025-08-06 10:30:00,48.153716921806335
2025-08-06 11:00:00,50.63722312450409
2025-08-06 11:30:00,37.84509301185608
2025-08-06 12:00:00,58.78556668758392
2025-08-06 12:30:00,51.26061260700226
2025-08-06 13:00:00,53.73785674571991
2025-08-06 13:30:00,57.78651416301727
2025-08-06 14:00:00,42.323274314403534
2025-08-06 14:30:00,25.81185944378376
2025-08-06 15:00:00,62.50651955604553
2025-08-06 15:30:00,48.18058907985687
2025-08-06 16:00:00,41.24601185321808
2025-08-06 16:30:00,54.02323663234711
2025-08-06 17:00:00,38.83343264460564
2025-08-06 17:30:00,42.83331334590912
2025-08-06 18:00:00,35.98066985607147
2025-08-06 18:30:00,45.50807595252991
2025-08-06 19:00:00,42.93862342834473
2025-08-06 19:30:00,70.26334226131439
2025-08-06 20:00:00,54.28924262523651
2025-08-06 20:30:00,49.30469036102295
2025-08-06 21:00:00,55.81318378448486
2025-08-06 21:30:00,42.28128403425217
2025-08-06 22:00:00,60.937441885471344
2025-08-06 22:30:00,59.22263950109482
2025-08-06 23:00:00,37.21931725740433
2025-08-06 23:30:00,39.3726971745491
2025-08-07 00:00:00,48.03118109703064
2025-08-07 00:30:00,54.02497947216034
2025-08-07 01:00:00,53.41335415840149
2025-08-07 01:30:00,20.730150192975998
2025-08-07 02:00:00,32.382599860429764
2025-08-07 02:30:00,57.37708866596222
2025-08-07 03:00:00,30.621001720428467
2025-08-07 03:30:00,67.17543542385101
2025-08-07 04:00:00,49.15833234786987
2025-08-07 04:30:00,53.39111268520355
2025-08-07 05:00:00,42.85297602415085
2025-08-07 05:30:00,62.029776871204376
2025-08-07 06:00:00,49.087656140327454
2025-08-07 06:30:00,46.67040064930916
2025-08-07 07:00:00,56.26012086868286
2025-08-07 07:30:00,41.84258997440338
2025-08-07 08:00:00,64.34677600860596
2025-08-07 08:30:00,44.60961923003197
2025-08-07 09:00:00,70.26061654090881
2025-08-07 09:30:00,35.16130715608597
2025-08-07 10:00:00,42.00098067522049
2025-08-07 10:30:00,52.1501499414444
2025-08-07 11:00:00,40.68439185619354
2025-08-07 11:30:00,43.795008808374405
2025-08-07 12:00:00,39.99583080410957
2025-08-07 12:30:00,32.97421038150787
2025-08-07 13:00:00,67.7487587928772
2025-08-07 13:30:00,40.053448379039764
2025-08-07 14:00:00,52.95586884021759
2025-08-07 14:30:00,58.15880298614502
2025-08-07 15:00:00,44.44709435105324
2025-08-07 15:30:00,51.0400927066803
2025-08-07 16:00:00,39.63511109352112
2025-08-07 16:30:00,45.03063663840294
2025-08-07 17:00:00,43.16547632217407
2025-08-07 17:30:00,36.37937739491463
2025-08-07 18:00:00,62.48208940029144
2025-08-07 18:30:00,35.37724956870079
2025-08-07 19:00:00,47.096291929483414
2025-08-07 19:30:00,62.23841607570648
2025-08-07 20:00:00,61.16615414619446
2025-08-07 20:30:00,55.31298875808716
2025-08-07 21:00:00,57.757737040519714
2025-08-07 21:30:00,62.681558430194855
2025-08-07 22:00:00,24.44554015994072
2025-08-07 22:30:00,24.159443378448486
2025-08-07 23:00:00,66.37428641319275
2025-08-07 23:30:00,85.07253587245941
2025-08-08 00:00:00,60.13812690973282
2025-08-08 00:30:00,41.17938116192818
2025-08-08 01:00:00,35.42762726545334
2025-08-08 01:30:00,54.80890780687332
2025-08-08 02:00:00,67.73782551288605
2025-08-08 02:30:00,67.8752464056015
2025-08-08 03:00:00,67.76979446411133
2025-08-08 03:30:00,63.28767657279968
2025-08-08 04:00:00,47.6360023021698
2025-08-08 04:30:00,30.295931696891785
2025-08-08 05:00:00,57.97472059726715
2025-08-08 05:30:00,37.111190259456635
2025-08-08 06:00:00,45.93660429120064
2025-08-08 06:30:00,50.28284400701523
2025-08-08 07:00:00,34.35736656188965
2025-08-08 07:30:00,52.74400234222412
2025-08-08 08:00:00,62.47263550758362
2025-08-08 08:30:00,61.08482837677002
2025-08-08 09:00:00,60.18749386072159
2025-08-08 09:30:00,49.752508997917175
2025-08-08 10:00:00,60.34379720687866
2025-08-08 10:30:00,53.16962003707886
2025-08-08 11:00:00,62.31364190578461
2025-08-08 11:30:00,63.703627586364746
2025-08-08 12:00:00,59.00896430015564
2025-08-08 12:30:00,53.213505148887634
2025-08-08 13:00:00,39.628727436065674
2025-08-08 13:30:00,59.34011399745941
2025-08-08 14:00:00,74.60424959659576
2025-08-08 14:30:00,59.756571650505066
2025-08-08 15:00:00,54.854915738105774
2025-08-08 15:30:00,28.040083944797516
2025-08-08 16:00:00,54.77248549461365
2025-08-08 16:30:00,59.361058473587036
2025-08-08 17:00:00,42.4689356982708
2025-08-08 17:30:00,46.723050624132156
2025-08-08 18:00:00,72.42440283298492
2025-08-08 18:30:00,63.63136053085327
2025-08-08 19:00:00,55.54070293903351
2025-08-08 19:30:00,63.147611021995544
2025-08-08 20:00:00,48.31859767436981
2025-08-08 20:30:00,60.25513529777527
2025-08-08 21:00:00,57.77179628610611
2025-08-08 21:30:00,59.357319474220276
2025-08-08 22:00:00,53.82846415042877
2025-08-08 22:30:00,57.41676867008209
2025-08-08 23:00:00,59.14385199546814
2025-08-08 23:30:00,44.59108382463455
2025-08-09 00:00:00,36.4250585436821
2025-08-09 00:30:00,64.04859840869904
2025-08-09 01:00:00,42.99698069691658
2025-08-09 01:30:00,45.90942308306694
2025-08-09 02:00:00,52.42330461740494
2025-08-09 02:30:00,42.23990172147751
2025-08-09 03:00:00,45.56990370154381
2025-08-09 03:30:00,36.02578863501549
2025-08-09 04:00:00,51.68399095535278
2025-08-09 04:30:00,50.3791207075119
2025-08-09 05:00:00,62.51848638057709
2025-08-09 05:30:00,53.91754150390625
2025-08-09 06:00:00,51.20445668697357
2025-08-09 06:30:00,37.533757984638214
2025-08-09 07:00:00,52.132792472839355
2025-08-09 07:30:00,45.78630968928337
2025-08-09 08:00:00,50.06416320800781
2025-08-09 08:30:00,36.895883679389954
2025-08-09 09:00:00,47.43083104491234
2025-08-09 09:30:00,46.616777926683426
2025-08-09 10:00:00,39.68858689069748
2025-08-09 10:30:00,38.913453817367554
2025-08-09 11:00:00,36.86328396201134
2025-08-09 11:30:00,40.898766219615936
2025-08-09 12:00:00,35.2877339720726
2025-08-09 12:30:00,35.37215277552605
2025-08-09 13:00:00,44.45755645632744
2025-08-09 13:30:00,48.844935297966
2025-08-09 14:00:00,72.65328228473663
2025-08-09 14:30:00,24.72738116979599
2025-08-09 15:00:00,44.077518582344055
2025-08-09 15:30:00,33.375461250543594
2025-08-09 16:00:00,30.70330023765564
2025-08-09 16:30:00,56.78258776664734
2025-08-09 17:00:00,46.947071403265
2025-08-09 17:30:00,70.81914603710175
2025-08-09 18:00:00,47.92329728603363
2025-08-09 18:30:00,30.857493430376053
2025-08-09 19:00:00,58.24443519115448
2025-08-09 19:30:00,54.93627190589905
2025-08-09 20:00:00,51.71197772026062
2025-08-09 20:30:00,45.80081984400749
2025-08-09 21:00:00,42.494650185108185
2025-08-09 21:30:00,31.966301798820496
2025-08-09 22:00:00,54.44522678852081
2025-08-09 22:30:00,37.40482583642006
2025-08-09 23:00:00,60.33755540847778
2025-08-09 23:30:00,49.52236294746399
2025-08-10 00:00:00,50.00272810459137
2025-08-10 00:30:00,42.9360269010067
2025-08-10 01:00:00,41.832165867090225
2025-08-10 01:30:00,50.5055171251297
2025-08-10 02:00:00,45.90298369526863
2025-08-10 02:30:00,44.71817687153816
2025-08-10 03:00:00,63.351229429244995
2025-08-10 03:30:00,37.388436049222946
2025-08-10 04:00:00,36.87275052070618
2025-08-10 04:30:00,55.073094964027405
2025-08-10 05:00:00,75.73215067386627
2025-08-10 05:30:00,59.53948676586151
2025-08-10 06:00:00,62.93827772140503
2025-08-10 06:30:00,29.244768768548965
2025-08-10 07:00:00,60.21407723426819
2025-08-10 07:30:00,51.119402050971985
2025-08-10 08:00:00,69.52745854854584
2025-08-10 08:30:00,60.64631164073944
2025-08-10 09:00:00,54.22379493713379
2025-08-10 09:30:00,45.350143760442734
2025-08-10 10:00:00,61.47588312625885
2025-08-10 10:30:00,54.53793168067932
2025-08-10 11:00:00,40.33289045095444
2025-08-10 11:30:00,58.65789353847504
2025-08-10 12:00:00,37.48519405722618
2025-08-10 12:30:00,47.471088618040085
2025-08-10 13:00:00,72.39738881587982
2025-08-10 13:30:00,57.095913887023926
2025-08-10 14:00:00,66.40032768249512
2025-08-10 14:30:00,47.46695190668106
2025-08-10 15:00:00,32.28436499834061
2025-08-10 15:30:00,49.95051383972168
2025-08-10 16:00:00,47.22634628415108
2025-08-10 16:30:00,60.198862850666046
2025-08-10 17:00:00,74.27726447582245
2025-08-10 17:30:00,62.825286984443665
2025-08-10 18:00:00,33.143759816884995
2025-08-10 18:30:00,40.47015428543091
2025-08-10 19:00:00,42.64418229460716
2025-08-10 19:30:00,73.5559618473053
2025-08-10 20:00:00,63.16827178001404
2025-08-10 20:30:00,45.46028718352318
2025-08-10 21:00:00,61.07779115438461
2025-08-10 21:30:00,42.03567028045654
2025-08-10 22:00:00,49.73389506340027
2025-08-10 22:30:00,52.77302771806717
2025-08-10 23:00:00,38.47410872578621
2025-08-10 23:30:00,46.53389424085617
2025-08-11 00:00:00,39.29224029183388
2025-08-11 00:30:00,34.18492168188095
2025-08-11 01:00:00,26.580022424459457
2025-08-11 01:30:00,52.351209819316864
2025-08-11 02:00:00,41.69087931513786
2025-08-11 02:30:00,53.32308620214462
2025-08-11 03:00:00,39.75109353661537
2025-08-11 03:30:00,52.89688587188721
2025-08-11 04:00:00,56.32525444030762
2025-08-11 04:30:00,52.68880903720856
2025-08-11 05:00:00,45.36463871598244
2025-08-11 05:30:00,55.064314901828766
2025-08-11 06:00:00,59.68703031539917
2025-08-11 06:30:00,47.34841600060463
2025-08-11 07:00:00,51.288984417915344
2025-08-11 07:30:00,41.35609954595566
2025-08-11 08:00:00,57.94939875602722
2025-08-11 08:30:00,41.21057242155075
2025-08-11 09:00:00,54.3682986497879
2025-08-11 09:30:00,54.40692484378815
2025-08-11 10:00:00,53.46988499164581
2025-08-11 10:30:00,49.75880146026611
2025-08-11 11:00:00,66.97406649589539
2025-08-11 11:30:00,47.19865337014198
2025-08-11 12:00:00,73.27408790588379
2025-08-11 12:30:00,53.28283369541168
2025-08-11 13:00:00,33.651607632637024
2025-08-11 13:30:00,37.64069691300392
2025-08-11 14:00:00,37.812597155570984
2025-08-11 14:30:00,60.11179178953171
2025-08-11 15:00:00,60.80589801073074
2025-08-11 15:30:00,58.48111689090729
2025-08-11 16:00:00,44.554137140512466
2025-08-11 16:30:00,37.18639835715294
2025-08-11 17:00:00,24.12259042263031
2025-08-11 17:30:00,36.43335223197937
2025-08-11 18:00:00,42.02284976840019
2025-08-11 18:30:00,59.59441661834717
2025-08-11 19:00:00,31.307391822338104
2025-08-11 19:30:00,56.7488557100296
2025-08-11 20:00:00,87.71434664726257
2025-08-11 20:30:00,65.09262025356293
2025-08-11 21:00:00,47.72917330265045
2025-08-11 21:30:00,42.53072291612625
2025-08-11 22:00:00,56.01707071065903
2025-08-11 22:30:00,56.02003455162048
2025-08-11 23:00:00,55.39650321006775
2025-08-11 23:30:00,78.91447484493256
2025-08-12 00:00:00,35.11592239141464
2025-08-12 00:30:00,52.71014869213104
2025-08-12 01:00:00,22.018820643424988
2025-08-12 01:30:00,47.73419916629791
2025-08-12 02:00:00,60.55721402168274
2025-08-12 02:30:00,35.42886093258858
2025-08-12 03:00:00,62.52173900604248
2025-08-12 03:30:00,51.76312297582626
2025-08-12 04:00:00,69.13701176643372
2025-08-12 04:30:00,55.467159152030945
2025-08-12 05:00:00,43.04558768868446
2025-08-12 05:30:00,65.9690660238266
2025-08-12 06:00:00,32.63398677110672
2025-08-12 06:30:00,79.43261504173279
2025-08-12 07:00:00,42.971739917993546
2025-08-12 07:30:00,81.70374810695648
2025-08-12 08:00:00,69.05671954154968
2025-08-12 08:30:00,48.17199647426605
2025-08-12 09:00:00,53.2125324010849
2025-08-12 09:30:00,53.45618546009064
2025-08-12 10:00:00,48.62737417221069
2025-08-12 10:30:00,39.12776231765747
2025-08-12 11:00:00,48.01601231098175
2025-08-12 11:30:00,55.320780873298645
2025-08-12 12:00:00,47.570742070674896
2025-08-12 12:30:00,63.774303793907166
2025-08-12 13:00:00,64.30635631084442
2025-08-12 13:30:00,55.16822159290314
2025-08-12 14:00:00,40.371116399765015
2025-08-12 14:30:00,55.82046926021576
2025-08-12 15:00:00,54.138750433921814
2025-08-12 15:30:00,67.92754173278809
2025-08-12 16:00:00,36.71664476394653
2025-08-12 16:30:00,40.77393025159836
2025-08-12 17:00:00,39.72743600606918
2025-08-12 17:30:00,35.32414108514786
2025-08-12 18:00:00,47.57027089595795
2025-08-12 18:30:00,49.648029804229736
2025-08-12 19:00:00,41.55646279454231
2025-08-12 19:30:00,46.4331616461277
2025-08-12 20:00:00,39.68251734972
2025-08-12 20:30:00,57.42209851741791
2025-08-12 21:00:00,40.156438052654266
2025-08-12 21:30:00,64.95195686817169
2025-08-12 22:00:00,48.45820724964142
2025-08-12 22:30:00,43.95505115389824
2025-08-12 23:00:00,40.21558314561844
2025-08-12 23:30:00,58.57709467411041
2025-08-13 00:00:00,38.345956802368164
2025-08-13 00:30:00,47.578260600566864
2025-08-13 01:00:00,52.2264701128006
2025-08-13 01:30:00,66.52517378330231
2025-08-13 02:00:00,35.813344568014145
2025-08-13 02:30:00,65.93756318092346
2025-08-13 03:00:00,56.88095688819885
2025-08-13 03:30:00,69.37912464141846
2025-08-13 04:00:00,53.35053086280823
2025-08-13 04:30:00,61.80466175079346
2025-08-13 05:00:00,54.04568076133728
2025-08-13 05:30:00,62.44448661804199
2025-08-13 06:00:00,27.040628641843796
2025-08-13 06:30:00,61.545424461364746
2025-08-13 07:00:00,41.80794343352318
2025-08-13 07:30:00,30.52810177206993
2025-08-13 08:00:00,30.071885585784912
2025-08-13 08:30:00,60.29900014400482
2025-08-13 09:00:00,27.9225891828537
2025-08-13 09:30:00,79.9349582195282
2025-08-13 10:00:00,57.402638494968414
2025-08-13 10:30:00,64.04002606868744
2025-08-13 11:00:00,62.47039616107941
2025-08-13 11:30:00,48.19149196147919
2025-08-13 12:00:00,62.58825063705444
2025-08-13 12:30:00,58.514215648174286
2025-08-13 13:00:00,52.990198731422424
2025-08-13 13:30:00,34.96868535876274
2025-08-13 14:00:00,54.56057846546173
2025-08-13 14:30:00,62.65343487262726
2025-08-13 15:00:00,50.19171476364136
2025-08-13 15:30:00,48.9654141664505
2025-08-13 16:00:00,65.06413698196411
2025-08-13 16:30:00,53.86334627866745
2025-08-13 17:00:00,57.12033897638321
2025-08-13 17:30:00,65.72889864444733
2025-08-13 18:00:00,44.856428653001785
2025-08-13 18:30:00,20.45277774333954
2025-08-13 19:00:00,41.60147771239281
2025-08-13 19:30:00,64.48609173297882
2025-08-13 20:00:00,58.78071308135986
2025-08-13 20:30:00,42.4122528731823
2025-08-13 21:00:00,48.69935750961304
2025-08-13 21:30:00,49.168556332588196
2025-08-13 22:00:00,55.67536771297455
2025-08-13 22:30:00,53.6280882358551
2025-08-13 23:00:00,56.44547492265701
2025-08-13 23:30:00,48.91825616359711
2025-08-14 00:00:00,38.96612912416458
2025-08-14 00:30:00,50.871766805648804
2025-08-14 01:00:00,38.96002411842346
2025-08-14 01:30:00,37.814775705337524
2025-08-14 02:00:00,49.19423282146454
2025-08-14 02:30:00,46.386601477861404
2025-08-14 03:00:00,37.957827895879745
2025-08-14 03:30:00,41.847532242536545
2025-08-14 04:00:00,33.048970103263855
2025-08-14 04:30:00,41.334813088178635
2025-08-14 05:00:00,61.19361400604248
2025-08-14 05:30:00,43.72972324490547
2025-08-14 06:00:00,58.32035005092621
2025-08-14 06:30:00,67.85604476928711
2025-08-14 07:00:00,56.50100767612457
2025-08-14 07:30:00,63.38789999485016
2025-08-14 08:00:00,39.90236595273018
2025-08-14 08:30:00,55.301538705825806
2025-08-14 09:00:00,42.888164669275284
2025-08-14 09:30:00,66.76072061061859
2025-08-14 10:00:00,67.83805906772614
2025-08-14 10:30:00,37.83116042613983
2025-08-14 11:00:00,53.969178199768066
2025-08-14 11:30:00,30.176154524087906
2025-08-14 12:00:00,61.52075618505478
2025-08-14 12:30:00,42.71424040198326
2025-08-14 13:00:00,51.41939342021942
2025-08-14 13:30:00,66.71995639801025
2025-08-14 14:00:00,56.365066170692444
2025-08-14 14:30:00,43.34869742393494
2025-08-14 15:00:00,48.609702587127686
2025-08-14 15:30:00,43.264866322278976
2025-08-14 16:00:00,47.65240728855133
2025-08-14 16:30:00,64.1272896528244
2025-08-14 17:00:00,74.29297029972076
2025-08-14 17:30:00,56.95667922496796
2025-08-14 18:00:00,44.56622555851936
2025-08-14 18:30:00,46.201660335063934
2025-08-14 19:00:00,63.99170279502869
2025-08-14 19:30:00,57.07103788852692
2025-08-14 20:00:00,56.172837018966675
2025-08-14 20:30:00,53.51310133934021
2025-08-14 21:00:00,35.704688131809235
2025-08-14 21:30:00,45.97926586866379
2025-08-14 22:00:00,45.2334064245224
2025-08-14 22:30:00,55.06092041730881
2025-08-14 23:00:00,44.779611974954605
2025-08-14 23:30:00,42.80075162649155
2025-08-15 00:00:00,52.74119555950165
2025-08-15 00:30:00,48.84861350059509
2025-08-15 01:00:00,32.769203782081604
2025-08-15 01:30:00,68.25678646564484
2025-08-15 02:00:00,48.17951500415802
2025-08-15 02:30:00,47.234037071466446
2025-08-15 03:00:00,47.781347036361694
2025-08-15 03:30:00,52.685247361660004
2025-08-15 04:00:00,43.556695729494095
2025-08-15 04:30:00,43.87036889791489
2025-08-15 05:00:00,65.6234872341156
2025-08-15 05:30:00,56.70698702335358
2025-08-15 06:00:00,37.3042756319046
2025-08-15 06:30:00,53.91172528266907
2025-08-15 07:00:00,56.68531805276871
2025-08-15 07:30:00,32.12790459394455
2025-08-15 08:00:00,72.86709427833557
2025-08-15 08:30:00,60.86001217365265
2025-08-15 09:00:00,57.24215030670166
2025-08-15 09:30:00,39.39640536904335
2025-08-15 10:00:00,28.916724771261215
2025-08-15 10:30:00,45.79933285713196
2025-08-15 11:00:00,41.13602042198181
2025-08-15 11:30:00,48.807069063186646
2025-08-15 12:00:00,34.240038990974426
2025-08-15 12:30:00,39.24592584371567
2025-08-15 13:00:00,33.1014908850193
2025-08-15 13:30:00,55.34343272447586
2025-08-15 14:00:00,76.26028180122375
2025-08-15 14:30:00,64.68678176403046
2025-08-15 15:00:00,55.55617570877075
2025-08-15 15:30:00,45.148354321718216
2025-08-15 16:00:00,39.75762665271759
2025-08-15 16:30:00,53.407578468322754
2025-08-15 17:00:00,61.83341860771179
2025-08-15 17:30:00,65.32294869422913
2025-08-15 18:00:00,62.67129898071289
2025-08-15 18:30:00,45.95121070742607
2025-08-15 19:00:00,47.73628652095795
2025-08-15 19:30:00,56.79270029067993
2025-08-15 20:00:00,43.310091495513916
2025-08-15 20:30:00,60.24550914764404
2025-08-15 21:00:00,28.623889684677124
2025-08-15 21:30:00,43.110280483961105
2025-08-15 22:00:00,43.447226136922836
2025-08-15 22:30:00,47.23646894097328
2025-08-15 23:00:00,52.88776636123657
2025-08-15 23:30:00,41.48504942655563
2025-08-16 00:00:00,59.60922569036484
2025-08-16 00:30:00,35.36307632923126
2025-08-16 01:00:00,60.13381540775299
2025-08-16 01:30:00,36.27338081598282
2025-08-16 02:00:00,79.51042473316193
2025-08-16 02:30:00,56.75675928592682
2025-08-16 03:00:00,58.41935753822327
2025-08-16 03:30:00,48.820616602897644
2025-08-16 04:00:00,24.289311543107033
2025-08-16 04:30:00,51.78364187479019
2025-08-16 05:00:00,56.39820039272308
2025-08-16 05:30:00,51.632678508758545
2025-08-16 06:00:00,60.778965055942535
2025-08-16 06:30:00,39.463922679424286
2025-08-16 07:00:00,54.7955983877182
2025-08-16 07:30:00,47.69869387149811
2025-08-16 08:00:00,62.125293612480164
2025-08-16 08:30:00,59.56505686044693
2025-08-16 09:00:00,61.63303256034851
2025-08-16 09:30:00,49.68586564064026
2025-08-16 10:00:00,57.23006188869476
2025-08-16 10:30:00,52.39940643310547
2025-08-16 11:00:00,27.0944844186306
2025-08-16 11:30:00,40.78283950686455
2025-08-16 12:00:00,40.44008016586304
2025-08-16 12:30:00,68.14644038677216
2025-08-16 13:00:00,55.49119412899017
2025-08-16 13:30:00,36.26996099948883
2025-08-16 14:00:00,45.210146605968475
2025-08-16 14:30:00,38.271944373846054
2025-08-16 15:00:00,41.44877910614014
2025-08-16 15:30:00,49.36263978481293
2025-08-16 16:00:00,48.77246558666229
2025-08-16 16:30:00,56.3230961561203
2025-08-16 17:00:00,41.96726381778717
2025-08-16 17:30:00,61.84625685214996
2025-08-16 18:00:00,35.04745006561279
2025-08-16 18:30:00,50.09332537651062
2025-08-16 19:00:00,50.95275819301605
2025-08-16 19:30:00,31.607618778944016
2025-08-16 20:00:00,56.21044993400574
2025-08-16 20:30:00,42.373066842556
2025-08-16 21:00:00,36.18166893720627
2025-08-16 21:30:00,32.49845817685127
2025-08-16 22:00:00,65.82675099372864
2025-08-16 22:30:00,59.40203547477722
2025-08-16 23:00:00,60.18875539302826
2025-08-16 23:30:00,59.45670694112778
2025-08-17 00:00:00,44.682104140520096
2025-08-17 00:30:00,51.60989999771118
2025-08-17 01:00:00,62.34454691410065
2025-08-17 01:30:00,42.3177544772625
2025-08-17 02:00:00,51.466054916381836
2025-08-17 02:30:00,69.50526773929596
2025-08-17 03:00:00,66.0632199048996
2025-08-17 03:30:00,63.01558077335358
2025-08-17 04:00:00,51.427499651908875
2025-08-17 04:30:00,47.43685245513916
2025-08-17 05:00:00,36.5352526307106
2025-08-17 05:30:00,64.43296551704407
2025-08-17 06:00:00,47.61469304561615
2025-08-17 06:30:00,63.06436002254486
2025-08-17 07:00:00,37.2973270714283
2025-08-17 07:30:00,58.38235765695572
2025-08-17 08:00:00,56.14118218421936
2025-08-17 08:30:00,50.01360058784485
2025-08-17 09:00:00,48.210338950157166
2025-08-17 09:30:00,31.693522036075592
2025-08-17 10:00:00,50.271196365356445
2025-08-17 10:30:00,53.57331037521362
2025-08-17 11:00:00,64.48451101779938
2025-08-17 11:30:00,50.38011372089386
2025-08-17 12:00:00,63.03092181682587
2025-08-17 12:30:00,88.37101221084595
2025-08-17 13:00:00,34.26348626613617
2025-08-17 13:30:00,34.26945701241493
2025-08-17 14:00:00,64.02487754821777
2025-08-17 14:30:00,58.480042815208435
2025-08-17 15:00:00,55.91841280460358
2025-08-17 15:30:00,41.78971201181412
2025-08-17 16:00:00,73.97848904132843
2025-08-17 16:30:00,41.86255916953087
2025-08-17 17:00:00,38.46373274922371
2025-08-17 17:30:00,38.51366966962814
2025-08-17 18:00:00,50.62809348106384
2025-08-17 18:30:00,57.6553350687027
2025-08-17 19:00:00,36.97647988796234
2025-08-17 19:30:00,51.52588903903961
2025-08-17 20:00:00,53.3885794878006
2025-08-17 20:30:00,50.65768122673035
2025-08-17 21:00:00,67.0144659280777
2025-08-17 21:30:00,78.04401755332947
2025-08-17 22:00:00,66.90121173858643
2025-08-17 22:30:00,60.342145562171936
2025-08-17 23:00:00,46.47591948509216
2025-08-17 23:30:00,61.723812222480774
2025-08-18 00:00:00,36.35021269321442
2025-08-18 00:30:00,63.06067168712616
2025-08-18 01:00:00,69.13848102092743
2025-08-18 01:30:00,28.13012644648552
2025-08-18 02:00:00,45.38256362080574
2025-08-18 02:30:00,49.66618776321411
2025-08-18 03:00:00,65.89634299278259
2025-08-18 03:30:00,46.226589530706406
2025-08-18 04:00:00,48.63215684890747
2025-08-18 04:30:00,40.32252460718155
2025-08-18 05:00:00,48.7210214138031
2025-08-18 05:30:00,61.590718030929565
2025-08-18 06:00:00,58.48501801490784
2025-08-18 06:30:00,63.70270550251007
2025-08-18 07:00:00,63.02006959915161
2025-08-18 07:30:00,63.23053777217865
2025-08-18 08:00:00,46.69175550341606
2025-08-18 08:30:00,58.16406190395355
2025-08-18 09:00:00,54.17899787425995
2025-08-18 09:30:00,45.75888529419899
2025-08-18 10:00:00,41.9587142765522
2025-08-18 10:30:00,72.2271579504013
2025-08-18 11:00:00,41.81201681494713
2025-08-18 11:30:00,73.19616675376892
2025-08-18 12:00:00,62.47348666191101
2025-08-18 12:30:00,51.611419916152954
2025-08-18 13:00:00,41.81192561984062
2025-08-18 13:30:00,65.94010651111603
2025-08-18 14:00:00,37.17476844787598
2025-08-18 14:30:00,70.17932116985321
2025-08-18 15:00:00,52.86259651184082
2025-08-18 15:30:00,61.11982703208923
2025-08-18 16:00:00,53.389906883239746
2025-08-18 16:30:00,61.397115886211395
2025-08-18 17:00:00,52.6337069272995
2025-08-18 17:30:00,44.19191777706146
2025-08-18 18:00:00,41.95069670677185
2025-08-18 18:30:00,51.49687886238098
2025-08-18 19:00:00,44.88836973905563
2025-08-18 19:30:00,48.297187089920044
2025-08-18 20:00:00,54.28353786468506
2025-08-18 20:30:00,60.274590253829956
2025-08-18 21:00:00,39.14521098136902
2025-08-18 21:30:00,49.17588233947754
2025-08-18 22:00:00,39.57749605178833
2025-08-18 22:30:00,34.059513211250305
2025-08-18 23:00:00,57.40246117115021
2025-08-18 23:30:00,60.29420733451843
2025-08-19 00:00:00,62.55079984664917
2025-08-19 00:30:00,34.954788237810135
2025-08-19 01:00:00,47.314977794885635
2025-08-19 01:30:00,49.56664323806763
2025-08-19 02:00:00,55.354259610176086
2025-08-19 02:30:00,35.34911587834358
2025-08-19 03:00:00,58.48175525665283
2025-08-19 03:30:00,50.77399551868439
2025-08-19 04:00:00,44.67636898159981
2025-08-19 04:30:00,33.17238241434097
2025-08-19 05:00:00,57.85684585571289
2025-08-19 05:30:00,32.20287963747978
2025-08-19 06:00:00,58.32494020462036
2025-08-19 06:30:00,49.20376777648926
2025-08-19 07:00:00,35.0200155377388
2025-08-19 07:30:00,52.776771783828735
2025-08-19 08:00:00,73.08999538421631
2025-08-19 08:30:00,56.66539192199707
2025-08-19 09:00:00,49.11780118942261
2025-08-19 09:30:00,44.100704938173294
2025-08-19 10:00:00,61.91380202770233
2025-08-19 10:30:00,45.30342146754265
2025-08-19 11:00:00,51.34993314743042
2025-08-19 11:30:00,40.24252116680145
2025-08-19 12:00:00,49.942817986011505
2025-08-19 12:30:00,39.20180007815361
2025-08-19 13:00:00,54.39225256443024
2025-08-19 13:30:00,19.075007140636444
2025-08-19 14:00:00,70.08622109889984
2025-08-19 14:30:00,54.37977910041809
2025-08-19 15:00:00,76.26847922801971
2025-08-19 15:30:00,62.25685775279999
2025-08-19 16:00:00,65.78610837459564
2025-08-19 16:30:00,55.76938986778259
2025-08-19 17:00:00,57.058807611465454
2025-08-19 17:30:00,84.9755346775055
2025-08-19 18:00:00,78.90165686607361
2025-08-19 18:30:00,48.26362729072571
2025-08-19 19:00:00,39.8729707300663
2025-08-19 19:30:00,60.941104888916016
2025-08-19 20:00:00,26.65623366832733
2025-08-19 20:30:00,51.898750364780426
2025-08-19 21:00:00,41.548146307468414
2025-08-19 21:30:00,37.65908032655716
2025-08-19 22:00:00,52.91809380054474
2025-08-19 22:30:00,46.49564549326897
2025-08-19 23:00:00,52.53999888896942
2025-08-19 23:30:00,65.55313527584076
2025-08-20 00:00:00,68.30305278301239
2025-08-20 00:30:00,32.321691662073135
2025-08-20 01:00:00,54.69223380088806
2025-08-20 01:30:00,65.85892260074615
2025-08-20 02:00:00,52.067973017692566
2025-08-20 02:30:00,37.86887466907501
2025-08-20 03:00:00,41.667599231004715
2025-08-20 03:30:00,58.16923975944519
2025-08-20 04:00:00,46.08264058828354
2025-08-20 04:30:00,34.07359018921852
2025-08-20 05:00:00,31.56250759959221
2025-08-20 05:30:00,44.66527611017227
2025-08-20 06:00:00,48.18253964185715
2025-08-20 06:30:00,32.211294919252396
2025-08-20 07:00:00,57.44692385196686
2025-08-20 07:30:00,46.79643228650093
2025-08-20 08:00:00,40.66980063915253
2025-08-20 08:30:00,29.88959163427353
2025-08-20 09:00:00,62.86876678466797
2025-08-20 09:30:00,51.75431251525879
2025-08-20 10:00:00,33.77804458141327
2025-08-20 10:30:00,54.63638186454773
2025-08-20 11:00:00,49.02316093444824
2025-08-20 11:30:00,49.72730875015259
2025-08-20 12:00:00,47.48137339949608
2025-08-20 12:30:00,40.685602724552155
2025-08-20 13:00:00,35.79226076602936
2025-08-20 13:30:00,16.854085847735405
2025-08-20 14:00:00,48.67615342140198
2025-08-20 14:30:00,50.365360379219055
2025-08-20 15:00:00,54.041354060173035
2025-08-20 15:30:00,60.58049917221069
2025-08-20 16:00:00,56.28581762313843
2025-08-20 16:30:00,45.48882111907005
2025-08-20 17:00:00,44.77352976799011
2025-08-20 17:30:00,36.37304186820984
2025-08-20 18:00:00,43.819715082645416
2025-08-20 18:30:00,37.0904079079628
2025-08-20 19:00:00,53.323344588279724
2025-08-20 19:30:00,56.39009416103363
2025-08-20 20:00:00,68.03807020187378
2025-08-20 20:30:00,57.09315776824951
2025-08-20 21:00:00,52.151700258255005
2025-08-20 21:30:00,48.013418316841125
2025-08-20 22:00:00,30.371537506580353
2025-08-20 22:30:00,35.88115572929382
2025-08-20 23:00:00,63.37167739868164
2025-08-20 23:30:00,51.527408957481384
2025-08-21 00:00:00,30.27449071407318
2025-08-21 00:30:00,45.04436656832695
2025-08-21 01:00:00,39.23100531101227
2025-08-21 01:30:00,34.30989444255829
2025-08-21 02:00:00,66.49240434169769
2025-08-21 02:30:00,51.78233981132507
2025-08-21 03:00:00,61.99809670448303
2025-08-21 03:30:00,32.720026820898056
2025-08-21 04:00:00,48.63712191581726
2025-08-21 04:30:00,35.493997037410736
2025-08-21 05:00:00,41.38934522867203
2025-08-21 05:30:00,71.44842267036438
2025-08-21 06:00:00,21.7078947275877
2025-08-21 06:30:00,48.71646165847778
2025-08-21 07:00:00,35.41780352592468
2025-08-21 07:30:00,49.583473801612854
2025-08-21 08:00:00,36.62974342703819
2025-08-21 08:30:00,41.05963185429573
2025-08-21 09:00:00,36.41533866524696
2025-08-21 09:30:00,67.52324342727661
2025-08-21 10:00:00,45.197326093912125
2025-08-21 10:30:00,57.48833656311035
2025-08-21 11:00:00,24.467310458421707
2025-08-21 11:30:00,21.77188202738762
2025-08-21 12:00:00,58.40195953845978
2025-08-21 12:30:00,69.69062685966492
2025-08-21 13:00:00,42.11969897150993
2025-08-21 13:30:00,31.169008314609528
2025-08-21 14:00:00,54.240529239177704
2025-08-21 14:30:00,38.52938562631607
2025-08-21 15:00:00,37.447467148303986
2025-08-21 15:30:00,83.05330395698547
2025-08-21 16:00:00,60.17234027385712
2025-08-21 16:30:00,35.85684463381767
2025-08-21 17:00:00,60.704524517059326
2025-08-21 17:30:00,45.506890416145325
2025-08-21 18:00:00,42.82175689935684
2025-08-21 18:30:00,41.07814446091652
2025-08-21 19:00:00,48.25402647256851
2025-08-21 19:30:00,56.26034379005432
2025-08-21 20:00:00,34.311459958553314
2025-08-21 20:30:00,43.72135356068611
2025-08-21 21:00:00,58.28443944454193
2025-08-21 21:30:00,60.03823280334473
2025-08-21 22:00:00,79.81606006622314
2025-08-21 22:30:00,36.47408351302147
2025-08-21 23:00:00,37.17179447412491
2025-08-21 23:30:00,35.34222051501274
2025-08-22 00:00:00,43.522310107946396
2025-08-22 00:30:00,42.26815953850746
2025-08-22 01:00:00,55.551058650016785
2025-08-22 01:30:00,35.902209132909775
2025-08-22 02:00:00,79.75212216377258
2025-08-22 02:30:00,43.85380432009697
2025-08-22 03:00:00,39.385099709033966
2025-08-22 03:30:00,64.91932928562164
2025-08-22 04:00:00,49.59286689758301
2025-08-22 04:30:00,55.11061668395996
2025-08-22 05:00:00,63.72115731239319
2025-08-22 05:30:00,52.383092641830444
2025-08-22 06:00:00,65.74958980083466
2025-08-22 06:30:00,40.50857275724411
2025-08-22 07:00:00,59.778995513916016
2025-08-22 07:30:00,39.03968304395676
2025-08-22 08:00:00,59.27744269371033
2025-08-22 08:30:00,70.3380411863327
2025-08-22 09:00:00,37.620094418525696
2025-08-22 09:30:00,37.075036466121674
2025-08-22 10:00:00,46.05069950222969
2025-08-22 10:30:00,17.506869286298752
2025-08-22 11:00:00,57.39099085330963
2025-08-22 11:30:00,58.8139283657074
2025-08-22 12:00:00,41.333252638578415
2025-08-22 12:30:00,64.91940021514893
2025-08-22 13:00:00,56.415000557899475
2025-08-22 13:30:00,59.00462746620178
2025-08-22 14:00:00,65.58010876178741
2025-08-22 14:30:00,34.61074709892273
2025-08-22 15:00:00,57.649245262145996
2025-08-22 15:30:00,44.173868745565414
2025-08-22 16:00:00,37.01673239469528
2025-08-22 16:30:00,51.687466502189636
2025-08-22 17:00:00,43.952269703149796
2025-08-22 17:30:00,50.421303510665894
2025-08-22 18:00:00,48.733707666397095
2025-08-22 18:30:00,51.45704686641693
2025-08-22 19:00:00,62.92995870113373
2025-08-22 19:30:00,66.64784133434296
2025-08-22 20:00:00,50.05738437175751
2025-08-22 20:30:00,44.22406405210495
2025-08-22 21:00:00,41.923910677433014
2025-08-22 21:30:00,40.59842273592949
2025-08-22 22:00:00,45.54859444499016
2025-08-22 22:30:00,44.34018835425377
2025-08-22 23:00:00,37.440503388643265
2025-08-22 23:30:00,54.06532824039459
2025-08-23 00:00:00,57.757995426654816
2025-08-23 00:30:00,58.59904229640961
2025-08-23 01:00:00,62.5210702419281
2025-08-23 01:30:00,41.53831750154495
2025-08-23 02:00:00,50.09517967700958
2025-08-23 02:30:00,62.102768421173096
2025-08-23 03:00:00,63.272690176963806
2025-08-23 03:30:00,37.04338163137436
2025-08-23 04:00:00,50.026854276657104
2025-08-23 04:30:00,29.927599728107452
2025-08-23 05:00:00,55.7856023311615
2025-08-23 05:30:00,38.54060769081116
2025-08-23 06:00:00,66.57417595386505
2025-08-23 06:30:00,50.83934187889099
2025-08-23 07:00:00,41.805384904146194
2025-08-23 07:30:00,40.14484107494354
2025-08-23 08:00:00,40.655589401721954
2025-08-23 08:30:00,67.85939872264862
2025-08-23 09:00:00,50.360557436943054
2025-08-23 09:30:00,57.52358853816986
2025-08-23 10:00:00,44.13108050823212
2025-08-23 10:30:00,76.42108917236328
2025-08-23 11:00:00,49.221439361572266
2025-08-23 11:30:00,40.720185935497284
2025-08-23 12:00:00,57.7082484960556
2025-08-23 12:30:00,86.98079347610474
2025-08-23 13:00:00,54.47433829307556
2025-08-23 13:30:00,48.33304703235626
2025-08-23 14:00:00,58.34351360797882
2025-08-23 14:30:00,36.414685100317
2025-08-23 15:00:00,40.85535228252411
2025-08-23 15:30:00,37.84876108169556
2025-08-23 16:00:00,42.67667308449745
2025-08-23 16:30:00,48.0241134762764
2025-08-23 17:00:00,56.30500912666321
2025-08-23 17:30:00,33.738544434309006
2025-08-23 18:00:00,48.26699137687683
2025-08-23 18:30:00,63.687617778778076
2025-08-23 19:00:00,72.38909006118774
2025-08-23 19:30:00,64.30094540119171
2025-08-23 20:00:00,57.24113702774048
2025-08-23 20:30:00,45.395713448524475
2025-08-23 21:00:00,64.92010951042175
2025-08-23 21:30:00,66.51055216789246
2025-08-23 22:00:00,34.904993176460266
2025-08-23 22:30:00,57.30979681015015
2025-08-23 23:00:00,51.29693865776062
2025-08-23 23:30:00,52.8214168548584
2025-08-24 00:00:00,42.91336491703987
2025-08-24 00:30:00,37.77238771319389
2025-08-24 01:00:00,74.6652489900589
2025-08-24 01:30:00,54.86558556556702
2025-08-24 02:00:00,43.92438933253288
2025-08-24 02:30:00,65.77247977256775
2025-08-24 03:00:00,58.772252202034
2025-08-24 03:30:00,66.21961951255798
2025-08-24 04:00:00,43.32018122076988
2025-08-24 04:30:00,62.395687103271484
2025-08-24 05:00:00,48.04189145565033
2025-08-24 05:30:00,57.80625283718109
2025-08-24 06:00:00,57.64765948057175
2025-08-24 06:30:00,59.61743324995041
2025-08-24 07:00:00,62.76673972606659
2025-08-24 07:30:00,52.38131940364838
2025-08-24 08:00:00,71.08497977256775
2025-08-24 08:30:00,68.16375732421875
2025-08-24 09:00:00,59.58105146884918
2025-08-24 09:30:00,32.85973772406578
2025-08-24 10:00:00,43.7814562022686
2025-08-24 10:30:00,40.86528241634369
2025-08-24 11:00:00,62.24247932434082
2025-08-24 11:30:00,81.3624757528305
2025-08-24 12:00:00,50.51997661590576
2025-08-24 12:30:00,52.309731245040894
2025-08-24 13:00:00,51.916011571884155
2025-08-24 13:30:00,58.00472378730774
2025-08-24 14:00:00,49.75013792514801
2025-08-24 14:30:00,57.56930768489838
2025-08-24 15:00:00,49.440439343452454
2025-08-24 15:30:00,55.8233368396759
2025-08-24 16:00:00,65.70685982704163
2025-08-24 16:30:00,60.55631220340729
2025-08-24 17:00:00,51.73095643520355
2025-08-24 17:30:00,67.585489153862
2025-08-24 18:00:00,68.42085659503937
2025-08-24 18:30:00,39.60349678993225
2025-08-24 19:00:00,50.82215666770935
2025-08-24 19:30:00,36.753897964954376
2025-08-24 20:00:00,47.16061234474182
2025-08-24 20:30:00,51.03732645511627
2025-08-24 21:00:00,29.822755753993988
2025-08-24 21:30:00,40.552422404289246
2025-08-24 22:00:00,47.15552821755409
2025-08-24 22:30:00,36.0559007525444
2025-08-24 23:00:00,27.00481429696083
2025-08-24 23:30:00,45.03307104110718
2025-08-25 00:00:00,30.651645809412003
2025-08-25 00:30:00,29.416471421718597
2025-08-25 01:00:00,50.1998108625412
2025-08-25 01:30:00,49.59550142288208
2025-08-25 02:00:00,41.0951954126358
2025-08-25 02:30:00,56.34801268577576
2025-08-25 03:00:00,59.27975296974182
2025-08-25 03:30:00,55.00176012516022
2025-08-25 04:00:00,51.27417027950287
2025-08-25 04:30:00,59.414301216602325
2025-08-25 05:00:00,59.9725216627121
2025-08-25 05:30:00,34.87019971013069
2025-08-25 06:00:00,35.629852414131165
2025-08-25 06:30:00,43.04691255092621
2025-08-25 07:00:00,44.073179215192795
2025-08-25 07:30:00,47.91492760181427
2025-08-25 08:00:00,48.2906311750412
2025-08-25 08:30:00,36.158865094184875
2025-08-25 09:00:00,51.23174428939819
2025-08-25 09:30:00,67.27682411670685
2025-08-25 10:00:00,49.6484249830246
2025-08-25 10:30:00,53.36076498031616
2025-08-25 11:00:00,51.75195664167404
2025-08-25 11:30:00,51.68078899383545
2025-08-25 12:00:00,63.347885608673096
2025-08-25 12:30:00,33.76147240400314
2025-08-25 13:00:00,32.445937395095825
2025-08-25 13:30:00,58.52447509765625
2025-08-25 14:00:00,56.55177801847458
2025-08-25 14:30:00,26.760641932487488
2025-08-25 15:00:00,47.96325087547302
2025-08-25 15:30:00,54.96918320655823
2025-08-25 16:00:00,32.70492136478424
2025-08-25 16:30:00,45.17599657177925
2025-08-25 17:00:00,28.526888489723206
2025-08-25 17:30:00,40.52179604768753
2025-08-25 18:00:00,63.165850043296814
2025-08-25 18:30:00,79.14377987384796
2025-08-25 19:00:00,71.24215960502625
2025-08-25 19:30:00,51.8631437420845
2025-08-25 20:00:00,38.1473870575428
2025-08-25 20:30:00,32.618546932935715
2025-08-25 21:00:00,43.99827763438225
2025-08-25 21:30:00,37.6682074368
2025-08-25 22:00:00,41.083697229623795
2025-08-25 22:30:00,36.49146884679794
2025-08-25 23:00:00,46.65713682770729
2025-08-25 23:30:00,20.65478503704071
2025-08-26 00:00:00,29.014002084732056
2025-08-26 00:30:00,74.1532289981842
2025-08-26 01:00:00,44.100466817617416
2025-08-26 01:30:00,61.03293836116791
2025-08-26 02:00:00,46.05299964547157
2025-08-26 02:30:00,35.46878159046173
2025-08-26 03:00:00,46.83065578341484
2025-08-26 03:30:00,64.89599347114563
2025-08-26 04:00:00,40.07716923952103
2025-08-26 04:30:00,52.53847390413284
2025-08-26 05:00:00,56.97180241346359
2025-08-26 05:30:00,60.88622570037842
2025-08-26 06:00:00,65.81810772418976
2025-08-26 06:30:00,42.75388240814209
2025-08-26 07:00:00,35.29461666941643
2025-08-26 07:30:00,43.9012511074543
2025-08-26 08:00:00,65.36534428596497
2025-08-26 08:30:00,68.78200948238373
2025-08-26 09:00:00,46.8241910636425
2025-08-26 09:30:00,39.10298764705658
2025-08-26 10:00:00,54.61316257715225
2025-08-26 10:30:00,31.940445452928543
2025-08-26 11:00:00,52.0505952835083
2025-08-26 11:30:00,20.368599593639374
2025-08-26 12:00:00,31.61848872900009
2025-08-26 12:30:00,45.79914793372154
2025-08-26 13:00:00,55.05461782217026
2025-08-26 13:30:00,76.98121964931488
2025-08-26 14:00:00,55.114041566848755
2025-08-26 14:30:00,60.010387897491455
2025-08-26 15:00:00,72.43300557136536
2025-08-26 15:30:00,75.59996843338013
2025-08-26 16:00:00,34.037243872880936
2025-08-26 16:30:00,48.241517543792725
2025-08-26 17:00:00,58.758917450904846
2025-08-26 17:30:00,34.298160672187805
2025-08-26 18:00:00,44.77117896080017
2025-08-26 18:30:00,40.503757148981094
2025-08-26 19:00:00,49.52435910701752
2025-08-26 19:30:00,52.349907755851746
2025-08-26 20:00:00,56.018879413604736
2025-08-26 20:30:00,56.03395700454712
2025-08-26 21:00:00,37.83921092748642
2025-08-26 21:30:00,43.30268695950508
2025-08-26 22:00:00,32.191571444272995
2025-08-26 22:30:00,28.58292281627655
2025-08-26 23:00:00,56.66605055332184
2025-08-26 23:30:00,36.39381155371666
2025-08-27 00:00:00,27.112571448087692
2025-08-27 00:30:00,40.47408074140549
2025-08-27 01:00:00,42.58025452494621
2025-08-27 01:30:00,61.170257925987244
2025-08-27 02:00:00,44.620919823646545
2025-08-27 02:30:00,77.79526770114899
2025-08-27 03:00:00,63.188496828079224
2025-08-27 03:30:00,65.08214294910431
2025-08-27 04:00:00,48.821396827697754
2025-08-27 04:30:00,56.32837533950806
2025-08-27 05:00:00,36.077022552490234
2025-08-27 05:30:00,43.14327284693718
2025-08-27 06:00:00,53.65598380565643
2025-08-27 06:30:00,63.38567078113556
2025-08-27 07:00:00,66.61326825618744
2025-08-27 07:30:00,40.29085963964462
2025-08-27 08:00:00,46.547773629426956
2025-08-27 08:30:00,61.56976342201233
2025-08-27 09:00:00,28.900489509105682
2025-08-27 09:30:00,52.510401010513306
2025-08-27 10:00:00,41.82242825627327
2025-08-27 10:30:00,46.47237807512283
2025-08-27 11:00:00,72.96965837478638
2025-08-27 11:30:00,62.56357729434967
2025-08-27 12:00:00,63.11745584011078
2025-08-27 12:30:00,61.54354989528656
2025-08-27 13:00:00,51.275436878204346
2025-08-27 13:30:00,45.30359372496605
2025-08-27 14:00:00,48.70468229055405
2025-08-27 14:30:00,49.997854232788086
2025-08-27 15:00:00,59.18089747428894
2025-08-27 15:30:00,40.91238722205162
2025-08-27 16:00:00,48.849636912345886
2025-08-27 16:30:00,73.5478150844574
2025-08-27 17:00:00,44.155518263578415
2025-08-27 17:30:00,61.82245492935181
2025-08-27 18:00:00,40.91144487261772
2025-08-27 18:30:00,31.77218794822693
2025-08-27 19:00:00,41.40373378992081
2025-08-27 19:30:00,61.645977199077606
2025-08-27 20:00:00,48.0031943321228
2025-08-27 20:30:00,39.26392674446106
2025-08-27 21:00:00,40.12403845787048
2025-08-27 21:30:00,45.36964178085327
2025-08-27 22:00:00,52.34464883804321
2025-08-27 22:30:00,51.85647130012512
2025-08-27 23:00:00,39.56404983997345
2025-08-27 23:30:00,55.80957651138306
2025-08-28 00:00:00,45.32588079571724
2025-08-28 00:30:00,20.019464194774628
2025-08-28 01:00:00,26.26513585448265
2025-08-28 01:30:00,27.321757823228836
2025-08-28 02:00:00,67.32049643993378
2025-08-28 02:30:00,43.054180294275284
2025-08-28 03:00:00,69.00603532791138
2025-08-28 03:30:00,64.11097586154938
2025-08-28 04:00:00,64.1360342502594
2025-08-28 04:30:00,33.14238429069519
2025-08-28 05:00:00,50.256189703941345
2025-08-28 05:30:00,44.575497061014175
2025-08-28 06:00:00,45.42869821190834
2025-08-28 06:30:00,68.71788918972015
2025-08-28 07:00:00,69.16802823543549
2025-08-28 07:30:00,72.61827349662781
2025-08-28 08:00:00,45.577199310064316
2025-08-28 08:30:00,69.12783145904541
2025-08-28 09:00:00,48.77072274684906
2025-08-28 09:30:00,71.48980498313904
2025-08-28 10:00:00,72.10290968418121
2025-08-28 10:30:00,46.5430948138237
2025-08-28 11:00:00,68.37802529335022
2025-08-28 11:30:00,51.79859280586243
2025-08-28 12:00:00,54.285463094711304
2025-08-28 12:30:00,32.816855758428574
2025-08-28 13:00:00,53.55673313140869
2025-08-28 13:30:00,90.83806276321411
2025-08-28 14:00:00,40.82667902112007
2025-08-28 14:30:00,45.569782108068466
2025-08-28 15:00:00,45.93406602740288
2025-08-28 15:30:00,62.50997483730316
2025-08-28 16:00:00,33.998559415340424
2025-08-28 16:30:00,67.41673767566681
2025-08-28 17:00:00,74.06959295272827
2025-08-28 17:30:00,77.44778394699097
2025-08-28 18:00:00,51.487587094306946
2025-08-28 18:30:00,58.04646074771881
2025-08-28 19:00:00,29.16438028216362
2025-08-28 19:30:00,48.84821832180023
2025-08-28 20:00:00,70.49348831176758
2025-08-28 20:30:00,55.59806972742081
2025-08-28 21:00:00,55.269174575805664
2025-08-28 21:30:00,45.70747658610344
2025-08-28 22:00:00,51.41523897647858
2025-08-28 22:30:00,42.00524404644966
2025-08-28 23:00:00,34.08353805541992
2025-08-28 23:30:00,28.41761142015457
2025-08-29 00:00:00,49.39131557941437
2025-08-29 00:30:00,57.3990261554718
2025-08-29 01:00:00,59.38171923160553
2025-08-29 01:30:00,45.15432506799698
2025-08-29 02:00:00,71.9686096906662
2025-08-29 02:30:00,47.96595633029938
2025-08-29 03:00:00,43.12794953584671
2025-08-29 03:30:00,53.47255498170853
2025-08-29 04:00:00,56.09660804271698
2025-08-29 04:30:00,67.08642899990082
2025-08-29 05:00:00,28.605417609214783
2025-08-29 05:30:00,50.85276782512665
2025-08-29 06:00:00,46.04866027832031
2025-08-29 06:30:00,36.88722014427185
2025-08-29 07:00:00,50.224393010139465
2025-08-29 07:30:00,58.95863980054855
2025-08-29 08:00:00,65.34597039222717
2025-08-29 08:30:00,68.57294976711273
2025-08-29 09:00:00,53.29654335975647
2025-08-29 09:30:00,59.58615839481354
2025-08-29 10:00:00,62.00498193502426
2025-08-29 10:30:00,48.309326171875
2025-08-29 11:00:00,46.08484700322151
2025-08-29 11:30:00,39.508846402168274
2025-08-29 12:00:00,39.51245620846748
2025-08-29 12:30:00,36.82252734899521
2025-08-29 13:00:00,38.400873988866806
2025-08-29 13:30:00,27.043698877096176
2025-08-29 14:00:00,48.2794851064682
2025-08-29 14:30:00,63.635849356651306
2025-08-29 15:00:00,39.37093913555145
2025-08-29 15:30:00,61.88956439495087
2025-08-29 16:00:00,60.51417499780655
2025-08-29 16:30:00,67.45432019233704
2025-08-29 17:00:00,73.54470431804657
2025-08-29 17:30:00,36.01775839924812
2025-08-29 18:00:00,58.27100336551666
2025-08-29 18:30:00,56.01839303970337
2025-08-29 19:00:00,49.75761592388153
2025-08-29 19:30:00,51.43143117427826
2025-08-29 20:00:00,63.55441212654114
2025-08-29 20:30:00,57.74140805006027
2025-08-29 21:00:00,61.28126263618469
2025-08-29 21:30:00,73.19312691688538
2025-08-29 22:00:00,59.13151025772095
2025-08-29 22:30:00,51.22738718986511
2025-08-29 23:00:00,44.998262375593185
2025-08-29 23:30:00,46.9192011654377
2025-08-30 00:00:00,44.07724753022194
2025-08-30 00:30:00,56.07756853103638
2025-08-30 01:00:00,51.77083909511566
2025-08-30 01:30:00,36.03226348757744
2025-08-30 02:00:00,41.255090832710266
2025-08-30 02:30:00,45.92231705784798
2025-08-30 03:00:00,54.51142430305481
2025-08-30 03:30:00,73.59010934829712
2025-08-30 04:00:00,36.13695800304413
2025-08-30 04:30:00,40.22896856069565
2025-08-30 05:00:00,32.25527122616768
2025-08-30 05:30:00,72.22134172916412
2025-08-30 06:00:00,56.99913561344147
2025-08-30 06:30:00,58.994742929935455
2025-08-30 07:00:00,50.93700170516968
2025-08-30 07:30:00,35.78569978475571
2025-08-30 08:00:00,54.252055287361145
2025-08-30 08:30:00,43.95746275782585
2025-08-30 09:00:00,52.51929759979248
2025-08-30 09:30:00,33.02757725119591
2025-08-30 10:00:00,36.264167577028275
2025-08-30 10:30:00,40.005591213703156
2025-08-30 11:00:00,64.86079216003418
2025-08-30 11:30:00,65.84211230278015
2025-08-30 12:00:00,74.52705800533295
2025-08-30 12:30:00,49.2286741733551
2025-08-30 13:00:00,53.75683546066284
2025-08-30 13:30:00,54.3499481678009
2025-08-30 14:00:00,38.11649978160858
2025-08-30 14:30:00,27.642149031162262
2025-08-30 15:00:00,51.71932399272919
2025-08-30 15:30:00,41.872788220644
2025-08-30 16:00:00,52.46037542819977
2025-08-30 16:30:00,63.05781424045563
2025-08-30 17:00:00,52.347359359264374
2025-08-30 17:30:00,37.20222324132919
2025-08-30 18:00:00,42.26161628961563
2025-08-30 18:30:00,49.7600781917572
2025-08-30 19:00:00,28.692090958356857
2025-08-30 19:30:00,47.742295265197754
2025-08-30 20:00:00,41.581589579582214
2025-08-30 20:30:00,46.84080630540848
2025-08-30 21:00:00,80.99010586738586
2025-08-30 21:30:00,51.9251412153244
2025-08-30 22:00:00,40.611238181591034
2025-08-30 22:30:00,48.80392789840698
2025-08-30 23:00:00,36.405573189258575
2025-08-30 23:30:00,59.39127445220947
2025-08-31 00:00:00,28.14166769385338
2025-08-31 00:30:00,44.64440003037453
2025-08-31 01:00:00,52.099040150642395
2025-08-31 01:30:00,41.36328116059303
2025-08-31 02:00:00,48.03498089313507
2025-08-31 02:30:00,53.89889717102051
2025-08-31 03:00:00,71.00397825241089
2025-08-31 03:30:00,32.025272101163864
2025-08-31 04:00:00,58.80299508571625
2025-08-31 04:30:00,54.6866911649704
2025-08-31 05:00:00,47.834574580192566
2025-08-31 05:30:00,58.639532923698425
2025-08-31 06:00:00,62.39694356918335
2025-08-31 06:30:00,46.058446019887924
2025-08-31 07:00:00,34.64513272047043
2025-08-31 07:30:00,44.836568385362625
2025-08-31 08:00:00,47.9158091545105
2025-08-31 08:30:00,67.36595213413239
2025-08-31 09:00:00,45.352854281663895
2025-08-31 09:30:00,46.251627653837204
2025-08-31 10:00:00,50.26908874511719
2025-08-31 10:30:00,32.13061511516571
2025-08-31 11:00:00,49.65714931488037
2025-08-31 11:30:00,51.21415376663208
2025-08-31 12:00:00,38.55171322822571
2025-08-31 12:30:00,43.606174141168594
2025-08-31 13:00:00,33.96158993244171
2025-08-31 13:30:00,51.08300507068634
2025-08-31 14:00:00,59.51395720243454
2025-08-31 14:30:00,59.13025379180908
2025-08-31 15:00:00,56.04262053966522
2025-08-31 15:30:00,64.56814706325531
2025-08-31 16:00:00,53.39310884475708
2025-08-31 16:30:00,44.0937639772892
2025-08-31 17:00:00,68.68419766426086
2025-08-31 17:30:00,70.02308368682861
2025-08-31 18:00:00,32.57686823606491
2025-08-31 18:30:00,70.2732926607132
2025-08-31 19:00:00,68.53359401226044
2025-08-31 19:30:00,40.04778668284416
2025-08-31 20:00:00,55.3155118227005
2025-08-31 20:30:00,56.9989937543869
2025-08-31 21:00:00,69.95638966560364
2025-08-31 21:30:00,61.816922426223755
2025-08-31 22:00:00,87.28408813476562
2025-08-31 22:30:00,44.2274484038353
2025-08-31 23:00:00,58.029209673404694
2025-08-31 23:30:00,54.50320661067963
2025-09-01 00:00:00,52.695744931697845
2025-09-01 00:30:00,61.3604199886322
2025-09-01 01:00:00,39.67189311981201
2025-09-01 01:30:00,36.433929800987244
2025-09-01 02:00:00,59.80477333068848
2025-09-01 02:30:00,50.76495707035065
2025-09-01 03:00:00,48.763102889060974
2025-09-01 03:30:00,71.94316625595093
2025-09-01 04:00:00,52.809014320373535
2025-09-01 04:30:00,50.52928864955902
2025-09-01 05:00:00,53.14468324184418
2025-09-01 05:30:00,43.15997168421745
2025-09-01 06:00:00,56.9298779964447
2025-09-01 06:30:00,72.24683582782745
2025-09-01 07:00:00,68.48291993141174
2025-09-01 07:30:00,49.19112205505371
2025-09-01 08:00:00,22.042569369077682
2025-09-01 08:30:00,66.23622715473175
2025-09-01 09:00:00,46.548406928777695
2025-09-01 09:30:00,30.275980234146118
2025-09-01 10:00:00,64.84634280204773
2025-09-01 10:30:00,33.377675265073776
2025-09-01 11:00:00,64.02305364608765
2025-09-01 11:30:00,58.798567056655884
2025-09-01 12:00:00,56.93334341049194
2025-09-01 12:30:00,67.27534472942352
2025-09-01 13:00:00,47.74259924888611
2025-09-01 13:30:00,65.76659262180328
2025-09-01 14:00:00,45.86158111691475
2025-09-01 14:30:00,55.76777368783951
2025-09-01 15:00:00,45.632430613040924
2025-09-01 15:30:00,51.17264986038208
2025-09-01 16:00:00,65.19728183746338
2025-09-01 16:30:00,52.25477606058121
2025-09-01 17:00:00,50.30729949474335
2025-09-01 17:30:00,47.53485679626465
2025-09-01 18:00:00,66.49766325950623
2025-09-01 18:30:00,59.71508800983429
2025-09-01 19:00:00,63.7541800737381
2025-09-01 19:30:00,47.60927200317383
2025-09-01 20:00:00,72.78473496437073
2025-09-01 20:30:00,49.71252501010895
2025-09-01 21:00:00,64.08236086368561
2025-09-01 21:30:00,58.36331307888031
2025-09-01 22:00:00,74.97488677501678
2025-09-01 22:30:00,45.7769900560379
2025-09-01 23:00:00,51.815646290779114
2025-09-01 23:30:00,36.483367681503296
2025-09-02 00:00:00,51.98003053665161
2025-09-02 00:30:00,61.61084681749344
2025-09-02 01:00:00,67.05426752567291
2025-09-02 01:30:00,57.09611654281616
2025-09-02 02:00:00,57.07743167877197
2025-09-02 02:30:00,51.06514096260071
2025-09-02 03:00:00,28.41225877404213
2025-09-02 03:30:00,63.4695702791214
2025-09-02 04:00:00,43.062808364629745
2025-09-02 04:30:00,49.88333344459534
2025-09-02 05:00:00,62.51536548137665
2025-09-02 05:30:00,51.15797758102417
2025-09-02 06:00:00,57.89166212081909
2025-09-02 06:30:00,71.24677002429962
2025-09-02 07:00:00,49.90425765514374
2025-09-02 07:30:00,52.981444001197815
2025-09-02 08:00:00,63.13898801803589
2025-09-02 08:30:00,45.29314935207367
2025-09-02 09:00:00,39.15997698903084
2025-09-02 09:30:00,39.515706300735474
2025-09-02 10:00:00,44.96177673339844
2025-09-02 10:30:00,53.49833786487579
2025-09-02 11:00:00,59.363500475883484
2025-09-02 11:30:00,49.70993101596832
2025-09-02 12:00:00,54.38026547431946
2025-09-02 12:30:00,48.66525053977966
2025-09-02 13:00:00,46.65265306830406
2025-09-02 13:30:00,57.81959265470505
2025-09-02 14:00:00,41.80614486336708
2025-09-02 14:30:00,46.85216769576073
2025-09-02 15:00:00,59.366915225982666
2025-09-02 15:30:00,70.53037166595459
2025-09-02 16:00:00,49.47142541408539
2025-09-02 16:30:00,56.59949839115143
2025-09-02 17:00:00,46.09516978263855
2025-09-02 17:30:00,31.638354063034058
2025-09-02 18:00:00,56.675453782081604
2025-09-02 18:30:00,55.55471658706665
2025-09-02 19:00:00,51.128698885440826
2025-09-02 19:30:00,43.81466895341873
2025-09-02 20:00:00,42.69395962357521
2025-09-02 20:30:00,43.02547410130501
2025-09-02 21:00:00,55.31344473361969
2025-09-02 21:30:00,46.62742495536804
2025-09-02 22:00:00,52.08053767681122
2025-09-02 22:30:00,47.724066376686096
2025-09-02 23:00:00,75.9609591960907
2025-09-02 23:30:00,45.833500623703
2025-09-03 00:00:00,35.4783621430397
2025-09-03 00:30:00,43.57566937804222
2025-09-03 01:00:00,60.46870410442352
2025-09-03 01:30:00,43.358462899923325
2025-09-03 02:00:00,24.329557716846466
2025-09-03 02:30:00,42.224421352148056
2025-09-03 03:00:00,42.989720553159714
2025-09-03 03:30:00,50.55695116519928
2025-09-03 04:00:00,46.111123859882355
2025-09-03 04:30:00,67.68526673316956
2025-09-03 05:00:00,74.5426219701767
2025-09-03 05:30:00,60.191470980644226
2025-09-03 06:00:00,61.86949133872986
2025-09-03 06:30:00,26.051806434988976
2025-09-03 07:00:00,56.46048665046692
2025-09-03 07:30:00,41.959035992622375
2025-09-03 08:00:00,51.2431538105011
2025-09-03 08:30:00,48.30815076828003
2025-09-03 09:00:00,44.543700367212296
2025-09-03 09:30:00,95.2042007446289
2025-09-03 10:00:00,51.93729043006897
2025-09-03 10:30:00,50.78387498855591
2025-09-03 11:00:00,61.21096134185791
2025-09-03 11:30:00,38.08939456939697
2025-09-03 12:00:00,50.104289054870605
2025-09-03 12:30:00,43.55923652648926
2025-09-03 13:00:00,57.96034216880798
2025-09-03 13:30:00,50.48220157623291
2025-09-03 14:00:00,63.748748898506165
2025-09-03 14:30:00,50.11069297790527
2025-09-03 15:00:00,43.124805837869644
2025-09-03 15:30:00,73.99146914482117
2025-09-03 16:00:00,58.65000009536743
2025-09-03 16:30:00,56.70596361160278
2025-09-03 17:00:00,36.16313099861145
2025-09-03 17:30:00,60.675453543663025
2025-09-03 18:00:00,60.78583002090454
2025-09-03 18:30:00,70.09952545166016
2025-09-03 19:00:00,52.331101298332214
2025-09-03 19:30:00,44.82564523816109
2025-09-03 20:00:00,42.98965975642204
2025-09-03 20:30:00,61.36330783367157
2025-09-03 21:00:00,40.75448036193848
2025-09-03 21:30:00,51.27250850200653
2025-09-03 22:00:00,51.60693109035492
2025-09-03 22:30:00,45.31516537070274
2025-09-03 23:00:00,43.500220626592636
2025-09-03 23:30:00,55.42966276407242
2025-09-04 00:00:00,51.066012382507324
2025-09-04 00:30:00,36.85797184705734
2025-09-04 01:00:00,44.10923421382904
2025-09-04 01:30:00,44.995123744010925
2025-09-04 02:00:00,56.28431797027588
2025-09-04 02:30:00,38.979398012161255
2025-09-04 03:00:00,67.1035635471344
2025-09-04 03:30:00,35.494827926158905
2025-09-04 04:00:00,33.697871416807175
2025-09-04 04:30:00,23.403927385807037
2025-09-04 05:00:00,40.93106955289841
2025-09-04 05:30:00,52.20762312412262
2025-09-04 06:00:00,49.0313583612442
2025-09-04 06:30:00,54.87226814031601
2025-09-04 07:00:00,48.962769508361816
2025-09-04 07:30:00,16.22640259563923
2025-09-04 08:00:00,50.42316794395447
2025-09-04 08:30:00,65.42870461940765
2025-09-04 09:00:00,47.05963149666786
2025-09-04 09:30:00,60.157708525657654
2025-09-04 10:00:00,47.872982919216156
2025-09-04 10:30:00,45.37585064768791
2025-09-04 11:00:00,55.791712403297424
2025-09-04 11:30:00,24.67335820198059
2025-09-04 12:00:00,55.51210820674896
2025-09-04 12:30:00,53.547664284706116
2025-09-04 13:00:00,51.684669852256775
2025-09-04 13:30:00,41.749963611364365
2025-09-04 14:00:00,54.31251764297485
2025-09-04 14:30:00,54.323065876960754
2025-09-04 15:00:00,46.66434124112129
2025-09-04 15:30:00,59.41004037857056
2025-09-04 16:00:00,48.89234662055969
2025-09-04 16:30:00,80.08419394493103
2025-09-04 17:00:00,64.18178379535675
2025-09-04 17:30:00,50.36124646663666
2025-09-04 18:00:00,67.17856645584106
2025-09-04 18:30:00,46.3420931994915
2025-09-04 19:00:00,58.54428470134735
2025-09-04 19:30:00,45.42757347226143
2025-09-04 20:00:00,51.110971570014954
2025-09-04 20:30:00,38.109128177165985
2025-09-04 21:00:00,52.142611145973206
2025-09-04 21:30:00,43.53682279586792
2025-09-04 22:00:00,68.0314028263092
2025-09-04 22:30:00,47.879645228385925
2025-09-04 23:00:00,47.79728591442108
2025-09-04 23:30:00,36.15230664610863
2025-09-05 00:00:00,26.87973514199257
2025-09-05 00:30:00,35.379542112350464
2025-09-05 01:00:00,38.32966834306717
2025-09-05 01:30:00,53.56775760650635
2025-09-05 02:00:00,54.36921566724777
2025-09-05 02:30:00,90.98746061325073
2025-09-05 03:00:00,45.607065707445145
2025-09-05 03:30:00,55.00557005405426
2025-09-05 04:00:00,66.83134615421295
2025-09-05 04:30:00,48.454275727272034
2025-09-05 05:00:00,50.98305523395538
2025-09-05 05:30:00,61.92008435726166
2025-09-05 06:00:00,64.14302587509155
2025-09-05 06:30:00,49.1373473405838
2025-09-05 07:00:00,51.390575766563416
2025-09-05 07:30:00,54.04147565364838
2025-09-05 08:00:00,68.83140683174133
2025-09-05 08:30:00,64.94654595851898
2025-09-05 09:00:00,64.39828097820282
2025-09-05 09:30:00,33.949468582868576
2025-09-05 10:00:00,47.93851673603058
2025-09-05 10:30:00,64.56935286521912
2025-09-05 11:00:00,58.08806598186493
2025-09-05 11:30:00,37.20022454857826
2025-09-05 12:00:00,60.63409149646759
2025-09-05 12:30:00,33.3349934220314
2025-09-05 13:00:00,34.95989263057709
2025-09-05 13:30:00,49.22598898410797
2025-09-05 14:00:00,48.42456132173538
2025-09-05 14:30:00,49.71655786037445
2025-09-05 15:00:00,44.50106918811798
2025-09-05 15:30:00,33.59792917966843
2025-09-05 16:00:00,28.945681750774384
2025-09-05 16:30:00,57.79084086418152
2025-09-05 17:00:00,58.2352751493454
2025-09-05 17:30:00,63.48108112812042
2025-09-05 18:00:00,37.606493681669235
2025-09-05 18:30:00,38.185782730579376
2025-09-05 19:00:00,75.79120457172394
2025-09-05 19:30:00,56.89122140407562
2025-09-05 20:00:00,38.8377720117569
2025-09-05 20:30:00,46.001661866903305
2025-09-05 21:00:00,29.1416397690773
2025-09-05 21:30:00,53.4583842754364
2025-09-05 22:00:00,59.19225126504898
2025-09-05 22:30:00,61.53640627861023
2025-09-05 23:00:00,51.3892787694931
2025-09-05 23:30:00,58.819774985313416
2025-09-06 00:00:00,45.90640604496002
2025-09-06 00:30:00,58.40922474861145
2025-09-06 01:00:00,36.00515067577362
2025-09-06 01:30:00,16.599660366773605
2025-09-06 02:00:00,47.09870100021362
2025-09-06 02:30:00,46.01696237921715
2025-09-06 03:00:00,42.26206973195076
2025-09-06 03:30:00,48.31444323062897
2025-09-06 04:00:00,47.159191220998764
2025-09-06 04:30:00,30.500880032777786
2025-09-06 05:00:00,44.993819147348404
2025-09-06 05:30:00,50.45609951019287
2025-09-06 06:00:00,32.21391677856445
2025-09-06 06:30:00,44.679616540670395
2025-09-06 07:00:00,48.60211819410324
2025-09-06 07:30:00,34.18988674879074
2025-09-06 08:00:00,53.38674545288086
2025-09-06 08:30:00,32.481394559144974
2025-09-06 09:00:00,48.588555455207825
2025-09-06 09:30:00,54.026235938072205
2025-09-06 10:00:00,44.798013120889664
2025-09-06 10:30:00,43.564052134752274
2025-09-06 11:00:00,61.16581976413727
2025-09-06 11:30:00,64.569251537323
2025-09-06 12:00:00,55.79706758260727
2025-09-06 12:30:00,57.211883664131165
2025-09-06 13:00:00,53.02441716194153
2025-09-06 13:30:00,55.44760286808014
2025-09-06 14:00:00,58.938257694244385
2025-09-06 14:30:00,55.32642483711243
2025-09-06 15:00:00,38.249631971120834
2025-09-06 15:30:00,51.581578850746155
2025-09-06 16:00:00,52.79347062110901
2025-09-06 16:30:00,38.0026376247406
2025-09-06 17:00:00,68.49189758300781
2025-09-06 17:30:00,59.99992072582245
2025-09-06 18:00:00,42.981393933296204
2025-09-06 18:30:00,43.565896302461624
2025-09-06 19:00:00,51.61825954914093
2025-09-06 19:30:00,55.744265615940094
2025-09-06 20:00:00,51.8099719285965
2025-09-06 20:30:00,45.487450659275055
2025-09-06 21:00:00,54.65022325515747
2025-09-06 21:30:00,42.54864528775215
2025-09-06 22:00:00,29.11804050207138
2025-09-06 22:30:00,65.74464499950409
2025-09-06 23:00:00,56.53951734304428
2025-09-06 23:30:00,50.769293904304504
2025-09-07 00:00:00,32.64979898929596
2025-09-07 00:30:00,30.175845474004745
2025-09-07 01:00:00,51.6109436750412
2025-09-07 01:30:00,45.40159046649933
2025-09-07 02:00:00,33.16689044237137
2025-09-07 02:30:00,43.93773674964905
2025-09-07 03:00:00,38.3153760433197
2025-09-07 03:30:00,50.361368060112
2025-09-07 04:00:00,48.81958305835724
2025-09-07 04:30:00,39.801749885082245
2025-09-07 05:00:00,39.618199467659
2025-09-07 05:30:00,41.352897584438324
2025-09-07 06:00:00,57.934326231479645
2025-09-07 06:30:00,41.47778421640396
2025-09-07 07:00:00,62.0313423871994
2025-09-07 07:30:00,61.313799023628235
2025-09-07 08:00:00,70.77750027179718
2025-09-07 08:30:00,87.80905783176422
2025-09-07 09:00:00,46.3010174036026
2025-09-07 09:30:00,52.506023645401
2025-09-07 10:00:00,58.23769688606262
2025-09-07 10:30:00,56.69947862625122
2025-09-07 11:00:00,55.74360191822052
2025-09-07 11:30:00,76.26728355884552
2025-09-07 12:00:00,56.90263092517853
2025-09-07 12:30:00,61.04514837265015
2025-09-07 13:00:00,57.15266764163971
2025-09-07 13:30:00,53.53732883930206
2025-09-07 14:00:00,59.590221643447876
2025-09-07 14:30:00,44.96851250529289
2025-09-07 15:00:00,41.927333027124405
2025-09-07 15:30:00,56.042802929878235
2025-09-07 16:00:00,69.21971559524536
2025-09-07 16:30:00,42.77825936675072
2025-09-07 17:00:00,57.78863191604614
2025-09-07 17:30:00,61.032902896404266
2025-09-07 18:00:00,53.8777095079422
2025-09-07 18:30:00,31.15146592259407
2025-09-07 19:00:00,39.71153765916824
2025-09-07 19:30:00,44.776455610990524
2025-09-07 20:00:00,59.681031703948975
2025-09-07 20:30:00,53.76953184604645
2025-09-07 21:00:00,60.59539437294006
2025-09-07 21:30:00,40.27189612388611
2025-09-07 22:00:00,60.99868953227997
2025-09-07 22:30:00,48.738611936569214
2025-09-07 23:00:00,41.71343743801117
2025-09-07 23:30:00,43.77775266766548
2025-09-08 00:00:00,44.51145529747009
2025-09-08 00:30:00,45.302089005708694
2025-09-08 01:00:00,58.14328968524933
2025-09-08 01:30:00,27.852353751659393
2025-09-08 02:00:00,50.56240260601044
2025-09-08 02:30:00,53.48922848701477
2025-09-08 03:00:00,49.351868629455566
2025-09-08 03:30:00,42.82993406057358
2025-09-08 04:00:00,47.798841297626495
2025-09-08 04:30:00,26.439239978790283
2025-09-08 05:00:00,37.41149067878723
2025-09-08 05:30:00,34.36357036232948
2025-09-08 06:00:00,64.2361056804657
2025-09-08 06:30:00,68.4910261631012
2025-09-08 07:00:00,55.055190324783325
2025-09-08 07:30:00,73.25427830219269
2025-09-08 08:00:00,84.73539769649506
2025-09-08 08:30:00,50.77497839927673
2025-09-08 09:00:00,48.16857159137726
2025-09-08 09:30:00,58.67140054702759
2025-09-08 10:00:00,33.46112132072449
2025-09-08 10:30:00,51.195945143699646
2025-09-08 11:00:00,50.48389375209808
2025-09-08 11:30:00,43.92871856689453
2025-09-08 12:00:00,38.852588683366776
2025-09-08 12:30:00,63.609119057655334
2025-09-08 13:00:00,53.05096507072449
2025-09-08 13:30:00,47.82963991165161
2025-09-08 14:00:00,27.528454065322876
2025-09-08 14:30:00,31.011400371789932
2025-09-08 15:00:00,47.6550418138504
2025-09-08 15:30:00,12.79107850044966
2025-09-08 16:00:00,70.3972977399826
2025-09-08 16:30:00,49.39952313899994
2025-09-08 17:00:00,52.56011247634888
2025-09-08 17:30:00,69.09250855445862
2025-09-08 18:00:00,35.04172503948212
2025-09-08 18:30:00,48.18440914154053
2025-09-08 19:00:00,33.806046545505524
2025-09-08 19:30:00,34.029439091682434
2025-09-08 20:00:00,65.08060276508331
2025-09-08 20:30:00,67.785125374794
2025-09-08 21:00:00,54.460182785987854
2025-09-08 21:30:00,53.94308626651764
2025-09-08 22:00:00,33.23439508676529
2025-09-08 22:30:00,74.6527349948883
2025-09-08 23:00:00,67.21673667430878
2025-09-08 23:30:00,41.104492247104645
2025-09-09 00:00:00,53.24136018753052
2025-09-09 00:30:00,41.41722813248634
2025-09-09 01:00:00,53.0196750164032
2025-09-09 01:30:00,47.99523502588272
2025-09-09 02:00:00,43.75976949930191
2025-09-09 02:30:00,53.833104968070984
2025-09-09 03:00:00,57.122289538383484
2025-09-09 03:30:00,50.884321331977844
2025-09-09 04:00:00,40.782254338264465
2025-09-09 04:30:00,32.68922567367554
2025-09-09 05:00:00,62.347151041030884
2025-09-09 05:30:00,46.881099343299866
2025-09-09 06:00:00,59.434774518013
2025-09-09 06:30:00,34.28518816828728
2025-09-09 07:00:00,52.59741127490997
2025-09-09 07:30:00,24.801097214221954
2025-09-09 08:00:00,63.024609088897705
2025-09-09 08:30:00,63.581669330596924
2025-09-09 09:00:00,51.068798899650574
2025-09-09 09:30:00,65.69081962108612
2025-09-09 10:00:00,44.36656907200813
2025-09-09 10:30:00,57.30223774909973
2025-09-09 11:00:00,50.38729786872864
2025-09-09 11:30:00,61.73225283622742
2025-09-09 12:00:00,43.99250194430351
2025-09-09 12:30:00,45.8630807697773
2025-09-09 13:00:00,70.11025607585907
2025-09-09 13:30:00,63.77932965755463
2025-09-09 14:00:00,61.387494802474976
2025-09-09 14:30:00,54.35007989406586
2025-09-09 15:00:00,48.31015706062317
2025-09-09 15:30:00,36.356652081012726
2025-09-09 16:00:00,62.200326919555664
2025-09-09 16:30:00,57.18244791030884
2025-09-09 17:00:00,51.95361942052841
2025-09-09 17:30:00,52.30295240879059
2025-09-09 18:00:00,78.69886934757233
2025-09-09 18:30:00,67.70347535610199
2025-09-09 19:00:00,55.435423254966736
2025-09-09 19:30:00,56.57629430294037
2025-09-09 20:00:00,63.47142457962036
2025-09-09 20:30:00,35.135217756032944
2025-09-09 21:00:00,65.56206226348877
2025-09-09 21:30:00,36.36901408433914
2025-09-09 22:00:00,52.22050189971924
2025-09-09 22:30:00,34.02815729379654
2025-09-09 23:00:00,69.69886481761932
2025-09-09 23:30:00,53.335169553756714
2025-09-10 00:00:00,50.64150929450989
2025-09-10 00:30:00,42.45181381702423
2025-09-10 01:00:00,49.80454087257385
2025-09-10 01:30:00,27.766655683517456
2025-09-10 02:00:00,45.40378674864769
2025-09-10 02:30:00,33.65003705024719
2025-09-10 03:00:00,37.11318388581276
2025-09-10 03:30:00,62.85225033760071
2025-09-10 04:00:00,50.21213740110397
2025-09-10 04:30:00,48.79163682460785
2025-09-10 05:00:00,44.57891181111336
2025-09-10 05:30:00,43.411252200603485
2025-09-10 06:00:00,61.9949808716774
2025-09-10 06:30:00,58.55938255786896
2025-09-10 07:00:00,38.14257398247719
2025-09-10 07:30:00,43.64584147930145
2025-09-10 08:00:00,31.463505178689957
2025-09-10 08:30:00,40.70155933499336
2025-09-10 09:00:00,49.3186229467392
2025-09-10 09:30:00,38.22202771902084
2025-09-10 10:00:00,39.78017717599869
2025-09-10 10:30:00,64.3790590763092
2025-09-10 11:00:00,62.39413172006607
2025-09-10 11:30:00,51.4312082529068
2025-09-10 12:00:00,53.92674207687378
2025-09-10 12:30:00,52.892579436302185
2025-09-10 13:00:00,56.61207318305969
2025-09-10 13:30:00,34.0402153134346
2025-09-10 14:00:00,65.20582377910614
2025-09-10 14:30:00,53.74866843223572
2025-09-10 15:00:00,55.18745869398117
2025-09-10 15:30:00,61.72815918922424
2025-09-10 16:00:00,48.38764250278473
2025-09-10 16:30:00,41.382500529289246
2025-09-10 17:00:00,72.45152831077576
2025-09-10 17:30:00,44.931289702653885
2025-09-10 18:00:00,34.87736612558365
2025-09-10 18:30:00,41.214709132909775
2025-09-10 19:00:00,53.68273437023163
2025-09-10 19:30:00,42.62626752257347
2025-09-10 20:00:00,65.56613564491272
2025-09-10 20:30:00,52.23971366882324
2025-09-10 21:00:00,40.55354207754135
2025-09-10 21:30:00,45.763186663389206
2025-09-10 22:00:00,48.51167291402817
2025-09-10 22:30:00,63.851333260536194
2025-09-10 23:00:00,56.902509331703186
2025-09-10 23:30:00,60.213104486465454
2025-09-11 00:00:00,58.585920333862305
2025-09-11 00:30:00,62.56708323955536
2025-09-11 01:00:00,56.543524861335754
2025-09-11 01:30:00,50.41027396917343
2025-09-11 02:00:00,28.618288785219193
2025-09-11 02:30:00,52.36902832984924
2025-09-11 03:00:00,43.8254451751709
2025-09-11 03:30:00,41.789496690034866
2025-09-11 04:00:00,42.592279613018036
2025-09-11 04:30:00,59.085750579833984
2025-09-11 05:00:00,45.4196597635746
2025-09-11 05:30:00,35.37197545170784
2025-09-11 06:00:00,57.30169057846069
2025-09-11 06:30:00,34.38832730054855
2025-09-11 07:00:00,42.59136512875557
2025-09-11 07:30:00,58.067182302474976
2025-09-11 08:00:00,36.87072396278381
2025-09-11 08:30:00,39.605943858623505
2025-09-11 09:00:00,57.43857949972153
2025-09-11 09:30:00,38.90499547123909
2025-09-11 10:00:00,39.44891095161438
2025-09-11 10:30:00,18.364535197615623
2025-09-11 11:00:00,54.17519807815552
2025-09-11 11:30:00,68.95214915275574
2025-09-11 12:00:00,69.9861192703247
2025-09-11 12:30:00,71.23524904251099
2025-09-11 13:00:00,61.84220373630524
2025-09-11 13:30:00,67.39358425140381
2025-09-11 14:00:00,42.64832153916359
2025-09-11 14:30:00,31.20763450860977
2025-09-11 15:00:00,55.49664556980133
2025-09-11 15:30:00,65.36427021026611
2025-09-11 16:00:00,42.34911039471626
2025-09-11 16:30:00,42.550998628139496
2025-09-11 17:00:00,45.49573928117752
2025-09-11 17:30:00,47.783687710762024
2025-09-11 18:00:00,59.31634247303009
2025-09-11 18:30:00,30.47254115343094
2025-09-11 19:00:00,44.96560946106911
2025-09-11 19:30:00,66.65900766849518
2025-09-11 20:00:00,24.717252179980278
2025-09-11 20:30:00,46.79128482937813
2025-09-11 21:00:00,44.53939899802208
2025-09-11 21:30:00,50.67996323108673
2025-09-11 22:00:00,39.53831762075424
2025-09-11 22:30:00,48.12162637710571
2025-09-11 23:00:00,28.287693858146667
2025-09-11 23:30:00,52.62148678302765
2025-09-12 00:00:00,60.818812251091
2025-09-12 00:30:00,55.61132848262787
2025-09-12 01:00:00,36.54044568538666
2025-09-12 01:30:00,63.265212178230286
2025-09-12 02:00:00,47.67958343029022
2025-09-12 02:30:00,41.9592310488224
2025-09-12 03:00:00,52.41042077541351
2025-09-12 03:30:00,56.53171002864838
2025-09-12 04:00:00,39.57477033138275
2025-09-12 04:30:00,73.6754983663559
2025-09-12 05:00:00,58.83716285228729
2025-09-12 05:30:00,69.36317563056946
2025-09-12 06:00:00,64.95320320129395
2025-09-12 06:30:00,48.55122625827789
2025-09-12 07:00:00,80.2392965555191
2025-09-12 07:30:00,73.32834899425507
2025-09-12 08:00:00,55.09728193283081
2025-09-12 08:30:00,58.214350938797
2025-09-12 09:00:00,73.17084491252899
2025-09-12 09:30:00,68.08709263801575
2025-09-12 10:00:00,75.5649596452713
2025-09-12 10:30:00,63.52487504482269
2025-09-12 11:00:00,41.716419011354446
2025-09-12 11:30:00,71.5538340806961
2025-09-12 12:00:00,28.81874069571495
2025-09-12 12:30:00,69.16767358779907
2025-09-12 13:00:00,51.00363999605179
2025-09-12 13:30:00,40.04537761211395
2025-09-12 14:00:00,53.9794984459877
2025-09-12 14:30:00,68.83016049861908
2025-09-12 15:00:00,65.70154011249542
2025-09-12 15:30:00,48.25116902589798
2025-09-12 16:00:00,40.1334011554718
2025-09-12 16:30:00,57.37249344587326
2025-09-12 17:00:00,53.783241510391235
2025-09-12 17:30:00,27.25339949131012
2025-09-12 18:00:00,33.67099165916443
2025-09-12 18:30:00,47.388731837272644
2025-09-12 19:00:00,69.07081425189972
2025-09-12 19:30:00,36.74575373530388
2025-09-12 20:00:00,34.28808867931366
2025-09-12 20:30:00,36.88851460814476
2025-09-12 21:00:00,50.98532497882843
2025-09-12 21:30:00,38.507736921310425
2025-09-12 22:00:00,36.81527227163315
2025-09-12 22:30:00,42.92246416211128
2025-09-12 23:00:00,51.332717537879944
2025-09-12 23:30:00,62.239550948143005
2025-09-13 00:00:00,51.08539640903473
2025-09-13 00:30:00,48.31311583518982
2025-09-13 01:00:00,34.82143059372902
2025-09-13 01:30:00,46.200667321681976
2025-09-13 02:00:00,62.517696022987366
2025-09-13 02:30:00,48.712682127952576
2025-09-13 03:00:00,61.1147403717041
2025-09-13 03:30:00,36.29696995019913
2025-09-13 04:00:00,52.67945647239685
2025-09-13 04:30:00,51.83257818222046
2025-09-13 05:00:00,54.414220452308655
2025-09-13 05:30:00,43.41673657298088
2025-09-13 06:00:00,47.91209042072296
2025-09-13 06:30:00,45.70548042654991
2025-09-13 07:00:00,29.874830693006516
2025-09-13 07:30:00,21.290417462587357
2025-09-13 08:00:00,62.26262331008911
2025-09-13 08:30:00,53.32196652889252
2025-09-13 09:00:00,56.72531723976135
2025-09-13 09:30:00,70.06102085113525
2025-09-13 10:00:00,54.90415096282959
2025-09-13 10:30:00,39.82841432094574
2025-09-13 11:00:00,55.88955461978912
2025-09-13 11:30:00,45.63737288117409
2025-09-13 12:00:00,64.98612463474274
2025-09-13 12:30:00,78.08068811893463
2025-09-13 13:00:00,49.10823583602905
2025-09-13 13:30:00,50.35475641489029
2025-09-13 14:00:00,54.62588429450989
2025-09-13 14:30:00,46.098587065935135
2025-09-13 15:00:00,41.44760876893997
2025-09-13 15:30:00,71.09306573867798
2025-09-13 16:00:00,60.012677907943726
2025-09-13 16:30:00,59.26076412200928
2025-09-13 17:00:00,49.86326038837433
2025-09-13 17:30:00,43.35817411541939
2025-09-13 18:00:00,41.586924493312836
2025-09-13 18:30:00,49.81167435646057
2025-09-13 19:00:00,69.6028870344162
2025-09-13 19:30:00,43.850696086883545
2025-09-13 20:00:00,53.68617445230484
2025-09-13 20:30:00,83.04407298564911
2025-09-13 21:00:00,54.823093712329865
2025-09-13 21:30:00,50.51886200904846
2025-09-13 22:00:00,48.36805582046509
2025-09-13 22:30:00,46.52142331004143
2025-09-13 23:00:00,40.99112659692764
2025-09-13 23:30:00,60.66921681165695
2025-09-14 00:00:00,74.44592475891113
2025-09-14 00:30:00,57.20611810684204
2025-09-14 01:00:00,35.27914643287659
2025-09-14 01:30:00,33.36930811405182
2025-09-14 02:00:00,53.31011116504669
2025-09-14 02:30:00,39.527052491903305
2025-09-14 03:00:00,64.72504317760468
2025-09-14 03:30:00,55.93127131462097
2025-09-14 04:00:00,36.41234949231148
2025-09-14 04:30:00,47.44917646050453
2025-09-14 05:00:00,34.51092392206192
2025-09-14 05:30:00,71.7383724451065
2025-09-14 06:00:00,59.57630932331085
2025-09-14 06:30:00,34.30645436048508
2025-09-14 07:00:00,55.99774241447449
2025-09-14 07:30:00,40.823981165885925
2025-09-14 08:00:00,72.5567775964737
2025-09-14 08:30:00,46.123207211494446
2025-09-14 09:00:00,87.68510341644287
2025-09-14 09:30:00,50.407259464263916
2025-09-14 10:00:00,75.24952590465546
2025-09-14 10:30:00,55.388310849666595
2025-09-14 11:00:00,56.68213129043579
2025-09-14 11:30:00,44.08560708165169
2025-09-14 12:00:00,45.40215536952019
2025-09-14 12:30:00,31.39999285340309
2025-09-14 13:00:00,30.587241798639297
2025-09-14 13:30:00,24.165729507803917
2025-09-14 14:00:00,35.62110781669617
2025-09-14 14:30:00,48.33255052566528
2025-09-14 15:00:00,40.28094470500946
2025-09-14 15:30:00,50.08916586637497
2025-09-14 16:00:00,58.50607395172119
2025-09-14 16:30:00,49.5648193359375
2025-09-14 17:00:00,59.66560959815979
2025-09-14 17:30:00,56.72865092754364
2025-09-14 18:00:00,31.994693875312805
2025-09-14 18:30:00,40.66032141447067
2025-09-14 19:00:00,45.08829474449158
2025-09-14 19:30:00,41.77342861890793
2025-09-14 20:00:00,41.717961728572845
2025-09-14 20:30:00,35.71790888905525
2025-09-14 21:00:00,46.913607865571976
2025-09-14 21:30:00,58.57870578765869
2025-09-14 22:00:00,63.43845248222351
2025-09-14 22:30:00,52.904789447784424
2025-09-14 23:00:00,54.96414214372635
2025-09-14 23:30:00,71.62615180015564
2025-09-15 00:00:00,51.027923226356506
2025-09-15 00:30:00,52.73834824562073
2025-09-15 01:00:00,53.89672875404358
2025-09-15 01:30:00,41.161869168281555
2025-09-15 02:00:00,57.19036161899567
2025-09-15 02:30:00,55.5003947019577
2025-09-15 03:00:00,68.68959844112396
2025-09-15 03:30:00,46.94281563162804
2025-09-15 04:00:00,58.405617475509644
2025-09-15 04:30:00,56.46734654903412
2025-09-15 05:00:00,48.55667769908905
2025-09-15 05:30:00,51.453242003917694
2025-09-15 06:00:00,40.76111227273941
2025-09-15 06:30:00,47.945913672447205
2025-09-15 07:00:00,52.190914154052734
2025-09-15 07:30:00,28.550931066274643
2025-09-15 08:00:00,28.795838057994843
2025-09-15 08:30:00,60.800446569919586
2025-09-15 09:00:00,35.33118337392807
2025-09-15 09:30:00,41.37615233659744
2025-09-15 10:00:00,39.33086395263672
2025-09-15 10:30:00,46.56912848353386
2025-09-15 11:00:00,45.52794128656387
2025-09-15 11:30:00,38.72174650430679
2025-09-15 12:00:00,64.95596945285797
2025-09-15 12:30:00,45.66163584589958
2025-09-15 13:00:00,46.51574641466141
2025-09-15 13:30:00,33.8012233376503
2025-09-15 14:00:00,48.118318021297455
2025-09-15 14:30:00,58.49580943584442
2025-09-15 15:00:00,45.69395184516907
2025-09-15 15:30:00,74.26962435245514
2025-09-15 16:00:00,44.00072976946831
2025-09-15 16:30:00,70.6048983335495
2025-09-15 17:00:00,45.46956121921539
2025-09-15 17:30:00,53.48506897687912
2025-09-15 18:00:00,80.54847836494446
2025-09-15 18:30:00,55.381760001182556
2025-09-15 19:00:00,58.365734815597534
2025-09-15 19:30:00,46.498979181051254
2025-09-15 20:00:00,41.209247559309006
2025-09-15 20:30:00,50.91211557388306
2025-09-15 21:00:00,27.256682515144348
2025-09-15 21:30:00,47.92474627494812
2025-09-15 22:00:00,32.183561474084854
2025-09-15 22:30:00,44.18593689799309
2025-09-15 23:00:00,57.25312918424606
2025-09-15 23:30:00,74.69902157783508
2025-09-16 00:00:00,53.2962241768837
2025-09-16 00:30:00,61.833884716033936
2025-09-16 01:00:00,53.58835756778717
2025-09-16 01:30:00,54.726168513298035
2025-09-16 02:00:00,46.89449995756149
2025-09-16 02:30:00,35.122931748628616
2025-09-16 03:00:00,46.31459280848503
2025-09-16 03:30:00,44.878054559230804
2025-09-16 04:00:00,55.91485619544983
2025-09-16 04:30:00,31.490182280540466
2025-09-16 05:00:00,30.175004452466965
2025-09-16 05:30:00,19.55079734325409
2025-09-16 06:00:00,53.291669487953186
2025-09-16 06:30:00,44.671659767627716
2025-09-16 07:00:00,84.05881106853485
2025-09-16 07:30:00,62.3548823595047
2025-09-16 08:00:00,60.556737780570984
2025-09-16 08:30:00,49.17366325855255
2025-09-16 09:00:00,38.67837309837341
2025-09-16 09:30:00,47.87023186683655
2025-09-16 10:00:00,64.72490131855011
2025-09-16 10:30:00,51.54128581285477
2025-09-16 11:00:00,50.47618269920349
2025-09-16 11:30:00,39.78047102689743
2025-09-16 12:00:00,45.10656163096428
2025-09-16 12:30:00,41.30926579236984
2025-09-16 13:00:00,50.57277858257294
2025-09-16 13:30:00,46.242239624261856
2025-09-16 14:00:00,52.93134242296219
2025-09-16 14:30:00,50.082473158836365
2025-09-16 15:00:00,59.923803210258484
2025-09-16 15:30:00,47.175844460725784
2025-09-16 16:00:00,35.87692528963089
2025-09-16 16:30:00,35.405499786138535
2025-09-16 17:00:00,42.8161458671093
2025-09-16 17:30:00,49.81271803379059
2025-09-16 18:00:00,46.036503463983536
2025-09-16 18:30:00,60.547091364860535
2025-09-16 19:00:00,46.16174980998039
2025-09-16 19:30:00,51.71433359384537
2025-09-16 20:00:00,48.20229351520538
2025-09-16 20:30:00,50.20047962665558
2025-09-16 21:00:00,46.29983693361282
2025-09-16 21:30:00,54.41430151462555
2025-09-16 22:00:00,51.492131650447845
2025-09-16 22:30:00,46.908366680145264
2025-09-16 23:00:00,41.74398526549339
2025-09-16 23:30:00,47.54909336566925
2025-09-17 00:00:00,28.047663271427155
2025-09-17 00:30:00,52.20914304256439
2025-09-17 01:00:00,41.83427095413208
2025-09-17 01:30:00,46.040062606334686
2025-09-17 02:00:00,66.85293912887573
2025-09-17 02:30:00,62.3693722486496
2025-09-17 03:00:00,56.338665187358856
2025-09-17 03:30:00,42.91740283370018
2025-09-17 04:00:00,44.83836695551872
2025-09-17 04:30:00,40.02647489309311
2025-09-17 05:00:00,45.45072689652443
2025-09-17 05:30:00,52.90380656719208
2025-09-17 06:00:00,39.17605012655258
2025-09-17 06:30:00,49.071595668792725
2025-09-17 07:00:00,60.205292105674744
2025-09-17 07:30:00,43.92215758562088
2025-09-17 08:00:00,64.55498456954956
2025-09-17 08:30:00,35.78085631132126
2025-09-17 09:00:00,43.913559913635254
2025-09-17 09:30:00,72.03869819641113
2025-09-17 10:00:00,44.066635966300964
2025-09-17 10:30:00,60.068955421447754
2025-09-17 11:00:00,37.08668410778046
2025-09-17 11:30:00,24.726400822401047
2025-09-17 12:00:00,38.067264556884766
2025-09-17 12:30:00,35.279805064201355
2025-09-17 13:00:00,38.68264153599739
2025-09-17 13:30:00,49.950098395347595
2025-09-17 14:00:00,14.64362792670727
2025-09-17 14:30:00,57.4408745765686
2025-09-17 15:00:00,69.5155119895935
2025-09-17 15:30:00,46.32126525044441
2025-09-17 16:00:00,48.50832402706146
2025-09-17 16:30:00,84.71750319004059
2025-09-17 17:00:00,51.18263065814972
2025-09-17 17:30:00,60.21678268909454
2025-09-17 18:00:00,49.66441452503204
2025-09-17 18:30:00,61.75380527973175
2025-09-17 19:00:00,54.06743586063385
2025-09-17 19:30:00,65.21306872367859
2025-09-17 20:00:00,45.48958867788315
2025-09-17 20:30:00,64.27619099617004
2025-09-17 21:00:00,52.418405413627625
2025-09-17 21:30:00,41.956300139427185
2025-09-17 22:00:00,51.19510918855667
2025-09-17 22:30:00,59.80142951011658
2025-09-17 23:00:00,50.94135373830795
2025-09-17 23:30:00,39.23663914203644
2025-09-18 00:00:00,47.310620695352554
2025-09-18 00:30:00,27.137705832719803
2025-09-18 01:00:00,41.28431886434555
2025-09-18 01:30:00,40.359676480293274
2025-09-18 02:00:00,61.11231863498688
2025-09-18 02:30:00,76.38418555259705
2025-09-18 03:00:00,54.75730657577515
2025-09-18 03:30:00,53.06608319282532
2025-09-18 04:00:00,40.82058161497116
2025-09-18 04:30:00,53.04460674524307
2025-09-18 05:00:00,51.26581072807312
2025-09-18 05:30:00,33.3684366941452
2025-09-18 06:00:00,51.399999260902405
2025-09-18 06:30:00,50.045635402202606
2025-09-18 07:00:00,49.624334275722504
2025-09-18 07:30:00,43.569430112838745
2025-09-18 08:00:00,41.4839069545269
2025-09-18 08:30:00,57.7297705411911
2025-09-18 09:00:00,52.76865541934967
2025-09-18 09:30:00,44.54093411564827
2025-09-18 10:00:00,46.79259702563286
2025-09-18 10:30:00,44.22979921102524
2025-09-18 11:00:00,43.2373608648777
2025-09-18 11:30:00,47.754069566726685
2025-09-18 12:00:00,48.47383201122284
2025-09-18 12:30:00,42.32163026928902
2025-09-18 13:00:00,65.3906661272049
2025-09-18 13:30:00,57.16707646846771
2025-09-18 14:00:00,55.289257764816284
2025-09-18 14:30:00,72.11625456809998
2025-09-18 15:00:00,64.18314158916473
2025-09-18 15:30:00,78.13640832901001
2025-09-18 16:00:00,52.24515497684479
2025-09-18 16:30:00,47.14357152581215
2025-09-18 17:00:00,70.84575474262238
2025-09-18 17:30:00,38.03288400173187
2025-09-18 18:00:00,49.033420383930206
2025-09-18 18:30:00,41.242166459560394
2025-09-18 19:00:00,34.421342462301254
2025-09-18 19:30:00,30.689038336277008
2025-09-18 20:00:00,55.615123212337494
2025-09-18 20:30:00,69.83803868293762
2025-09-18 21:00:00,57.196654081344604
2025-09-18 21:30:00,39.03128802776337
2025-09-18 22:00:00,56.644558906555176
2025-09-18 22:30:00,44.9740906059742
2025-09-18 23:00:00,43.93758475780487
2025-09-18 23:30:00,71.2472665309906
2025-09-19 00:00:00,37.613457441329956
2025-09-19 00:30:00,52.1035897731781
2025-09-19 01:00:00,50.21346986293793
2025-09-19 01:30:00,43.360048681497574
2025-09-19 02:00:00,58.93077462911606
2025-09-19 02:30:00,50.42425215244293
2025-09-19 03:00:00,61.4140123128891
2025-09-19 03:30:00,64.0064662694931
2025-09-19 04:00:00,62.252774238586426
2025-09-19 04:30:00,50.776265263557434
2025-09-19 05:00:00,42.2117654979229
2025-09-19 05:30:00,44.640899151563644
2025-09-19 06:00:00,54.812641739845276
2025-09-19 06:30:00,59.33325916528702
2025-09-19 07:00:00,61.0842102766037
2025-09-19 07:30:00,58.24460744857788
2025-09-19 08:00:00,51.128379702568054
2025-09-19 08:30:00,88.6813896894455
2025-09-19 09:00:00,57.44649827480316
2025-09-19 09:30:00,60.34160852432251
2025-09-19 10:00:00,39.82695519924164
2025-09-19 10:30:00,58.40325653553009
2025-09-19 11:00:00,57.05051898956299
2025-09-19 11:30:00,66.96461260318756
2025-09-19 12:00:00,42.514330595731735
2025-09-19 12:30:00,40.20713746547699
2025-09-19 13:00:00,63.12110364437103
2025-09-19 13:30:00,52.186952233314514
2025-09-19 14:00:00,63.499999046325684
2025-09-19 14:30:00,55.900214314460754
2025-09-19 15:00:00,42.960601449012756
2025-09-19 15:30:00,58.826189041137695
2025-09-19 16:00:00,70.42774677276611
2025-09-19 16:30:00,43.413988053798676
2025-09-19 17:00:00,60.838176012039185
2025-09-19 17:30:00,36.81305319070816
2025-09-19 18:00:00,35.783280581235886
2025-09-19 18:30:00,38.66176038980484
2025-09-19 19:00:00,30.880178213119507
2025-09-19 19:30:00,68.17361652851105
2025-09-19 20:00:00,62.08465099334717
2025-09-19 20:30:00,54.0383243560791
2025-09-19 21:00:00,53.686007261276245
2025-09-19 21:30:00,23.515994772315025
2025-09-19 22:00:00,41.775381714105606
2025-09-19 22:30:00,45.00578597187996
2025-09-19 23:00:00,45.317620038986206
2025-09-19 23:30:00,56.82994842529297
2025-09-20 00:00:00,37.70555183291435
2025-09-20 00:30:00,50.73689430952072
2025-09-20 01:00:00,75.60418367385864
2025-09-20 01:30:00,56.32946968078613
2025-09-20 02:00:00,46.58846437931061
2025-09-20 02:30:00,66.08442783355713
2025-09-20 03:00:00,48.92932116985321
2025-09-20 03:30:00,35.245736092329025
2025-09-20 04:00:00,46.821440011262894
2025-09-20 04:30:00,36.5438275039196
2025-09-20 05:00:00,59.71712976694107
2025-09-20 05:30:00,42.94135421514511
2025-09-20 06:00:00,57.647598683834076
2025-09-20 06:30:00,54.108747243881226
2025-09-20 07:00:00,44.8586730659008
2025-09-20 07:30:00,58.041971921920776
2025-09-20 08:00:00,47.28292778134346
2025-09-20 08:30:00,43.248461335897446
2025-09-20 09:00:00,51.294952630996704
2025-09-20 09:30:00,58.75559389591217
2025-09-20 10:00:00,47.13183268904686
2025-09-20 10:30:00,46.03658452630043
2025-09-20 11:00:00,53.343351781368256
2025-09-20 11:30:00,66.76195681095123
2025-09-20 12:00:00,29.825805723667145
2025-09-20 12:30:00,54.060940742492676
2025-09-20 13:00:00,63.314528465270996
2025-09-20 13:30:00,49.354903399944305
2025-09-20 14:00:00,37.13212460279465
2025-09-20 14:30:00,41.14143133163452
2025-09-20 15:00:00,69.18142378330231
2025-09-20 15:30:00,59.3603390455246
2025-09-20 16:00:00,40.12676417827606
2025-09-20 16:30:00,61.60597801208496
2025-09-20 17:00:00,53.1104850769043
2025-09-20 17:30:00,68.14367413520813
2025-09-20 18:00:00,40.19594833254814
2025-09-20 18:30:00,77.20895409584045
2025-09-20 19:00:00,54.36388581991196
2025-09-20 19:30:00,54.39092516899109
2025-09-20 20:00:00,50.48404574394226
2025-09-20 20:30:00,54.82906699180603
2025-09-20 21:00:00,58.934827744960785
2025-09-20 21:30:00,62.495160698890686
2025-09-20 22:00:00,43.66300895810127
2025-09-20 22:30:00,62.776441872119904
2025-09-20 23:00:00,51.710224747657776
2025-09-20 23:30:00,48.387338519096375
2025-09-21 00:00:00,21.989364624023438
2025-09-21 00:30:00,30.585835874080658
2025-09-21 01:00:00,41.40220373868942
2025-09-21 01:30:00,45.31712353229523
2025-09-21 02:00:00,43.12384322285652
2025-09-21 02:30:00,53.91640663146973
2025-09-21 03:00:00,51.94393754005432
2025-09-21 03:30:00,52.66087293624878
2025-09-21 04:00:00,52.01120913028717
2025-09-21 04:30:00,74.53711986541748
2025-09-21 05:00:00,59.624632596969604
2025-09-21 05:30:00,60.534709095954895
2025-09-21 06:00:00,45.296379178762436
2025-09-21 06:30:00,62.171205282211304
2025-09-21 07:00:00,60.07444739341736
2025-09-21 07:30:00,73.94833385944366
2025-09-21 08:00:00,74.14408922195435
2025-09-21 08:30:00,55.029757022857666
2025-09-21 09:00:00,57.207921743392944
2025-09-21 09:30:00,58.268226981163025
2025-09-21 10:00:00,46.77677467465401
2025-09-21 10:30:00,28.04932251572609
2025-09-21 11:00:00,39.514318108558655
2025-09-21 11:30:00,40.05784600973129
2025-09-21 12:00:00,68.2418304681778
2025-09-21 12:30:00,53.54725897312164
2025-09-21 13:00:00,52.78127074241638
2025-09-21 13:30:00,50.318060517311096
2025-09-21 14:00:00,67.35771417617798
2025-09-21 14:30:00,60.3504341840744
2025-09-21 15:00:00,25.91356225311756
2025-09-21 15:30:00,35.574258863925934
2025-09-21 16:00:00,35.943181067705154
2025-09-21 16:30:00,69.30303752422333
2025-09-21 17:00:00,42.723478972911835
2025-09-21 17:30:00,49.29228276014328
2025-09-21 18:00:00,43.8700345158577
2025-09-21 18:30:00,36.50864392518997
2025-09-21 19:00:00,45.680315643548965
2025-09-21 19:30:00,30.80920308828354
2025-09-21 20:00:00,42.54222869873047
2025-09-21 20:30:00,69.78550016880035
2025-09-21 21:00:00,53.5796332359314
2025-09-21 21:30:00,45.47450348734856
2025-09-21 22:00:00,52.60214328765869
2025-09-21 22:30:00,48.71997773647308
2025-09-21 23:00:00,35.38945451378822
2025-09-21 23:30:00,51.010069251060486
2025-09-22 00:00:00,51.074726581573486
2025-09-22 00:30:00,58.52655738592148
2025-09-22 01:00:00,57.250094413757324
2025-09-22 01:30:00,57.95205354690552
2025-09-22 02:00:00,48.88648986816406
2025-09-22 02:30:00,74.4586718082428
2025-09-22 03:00:00,65.88030278682709
2025-09-22 03:30:00,44.68775317072868
2025-09-22 04:00:00,34.793403297662735
2025-09-22 04:30:00,38.234754502773285
2025-09-22 05:00:00,61.4479723572731
2025-09-22 05:30:00,56.03260427713394
2025-09-22 06:00:00,38.04296612739563
2025-09-22 06:30:00,74.63298618793488
2025-09-22 07:00:00,53.41071963310242
2025-09-22 07:30:00,53.58691871166229
2025-09-22 08:00:00,40.46882688999176
2025-09-22 08:30:00,34.36231642961502
2025-09-22 09:00:00,46.53844133019447
2025-09-22 09:30:00,61.283922493457794
2025-09-22 10:00:00,58.10796678066254
2025-09-22 10:30:00,40.79385384917259
2025-09-22 11:00:00,55.07860720157623
2025-09-22 11:30:00,50.12528419494629
2025-09-22 12:00:00,49.22611057758331
2025-09-22 12:30:00,54.34864103794098
2025-09-22 13:00:00,38.636167496442795
2025-09-22 13:30:00,59.7120076417923
2025-09-22 14:00:00,61.88569366931915
2025-09-22 14:30:00,37.25080490112305
2025-09-22 15:00:00,42.8805448114872
2025-09-22 15:30:00,56.18364870548248
2025-09-22 16:00:00,34.87066075205803
2025-09-22 16:30:00,15.463993139564993
2025-09-22 17:00:00,46.20337277650833
2025-09-22 17:30:00,77.3450779914856
2025-09-22 18:00:00,56.27588748931885
2025-09-22 18:30:00,62.19062477350235
2025-09-22 19:00:00,44.58196431398392
2025-09-22 19:30:00,53.491488099098206
2025-09-22 20:00:00,41.120527386665344
2025-09-22 20:30:00,57.610973715782166
2025-09-22 21:00:00,30.116206407546997
2025-09-22 21:30:00,34.29201006889343
2025-09-22 22:00:00,41.688204258680344
2025-09-22 22:30:00,37.001317888498306
2025-09-22 23:00:00,28.56052428483963
2025-09-22 23:30:00,59.00635004043579
2025-09-23 00:00:00,55.11503964662552
2025-09-23 00:30:00,42.14986935257912
2025-09-23 01:00:00,41.7391873896122
2025-09-23 01:30:00,50.33676564693451
2025-09-23 02:00:00,28.83881375193596
2025-09-23 02:30:00,51.67707532644272
2025-09-23 03:00:00,63.53504836559296
2025-09-23 03:30:00,64.13888156414032
2025-09-23 04:00:00,57.61517882347107
2025-09-23 04:30:00,50.27131795883179
2025-09-23 05:00:00,67.3429000377655
2025-09-23 05:30:00,61.948071122169495
2025-09-23 06:00:00,45.72274923324585
2025-09-23 06:30:00,22.252618297934532
2025-09-23 07:00:00,32.67791748046875
2025-09-23 07:30:00,43.64155277609825
2025-09-23 08:00:00,43.25703367590904
2025-09-23 08:30:00,67.4789023399353
2025-09-23 09:00:00,60.000396966934204
2025-09-23 09:30:00,83.54507863521576
2025-09-23 10:00:00,66.48324429988861
2025-09-23 10:30:00,67.59385883808136
2025-09-23 11:00:00,61.68863624334335
2025-09-23 11:30:00,76.962109208107
2025-09-23 12:00:00,63.556296825408936
2025-09-23 12:30:00,63.80204737186432
2025-09-23 13:00:00,47.631452679634094
2025-09-23 13:30:00,48.18279802799225
2025-09-23 14:00:00,39.314124584198
2025-09-23 14:30:00,51.820732951164246
2025-09-23 15:00:00,42.84022390842438
2025-09-23 15:30:00,62.61321783065796
2025-09-23 16:00:00,36.64948970079422
2025-09-23 16:30:00,74.59471464157104
2025-09-23 17:00:00,28.617992401123047
2025-09-23 17:30:00,19.644316658377647
2025-09-23 18:00:00,35.23519039154053
2025-09-23 18:30:00,52.403125166893005
2025-09-23 19:00:00,64.46066856384277
2025-09-23 19:30:00,74.56136763095856
2025-09-23 20:00:00,51.663755774497986
2025-09-23 20:30:00,66.32908403873444
2025-09-23 21:00:00,47.987539172172546
2025-09-23 21:30:00,34.18724715709686
2025-09-23 22:00:00,52.39287078380585
2025-09-23 22:30:00,47.09675043821335
2025-09-23 23:00:00,38.75324681401253
2025-09-23 23:30:00,55.482327938079834
2025-09-24 00:00:00,56.643657088279724
2025-09-24 00:30:00,37.93722540140152
2025-09-24 01:00:00,41.557357013225555
2025-09-24 01:30:00,40.164463222026825
2025-09-24 02:00:00,33.940473198890686
2025-09-24 02:30:00,38.315224051475525
2025-09-24 03:00:00,54.9129918217659
2025-09-24 03:30:00,54.77611303329468
2025-09-24 04:00:00,39.66499522328377
2025-09-24 04:30:00,23.75143140554428
2025-09-24 05:00:00,47.366376370191574
2025-09-24 05:30:00,71.51547133922577
2025-09-24 06:00:00,58.39456260204315
2025-09-24 06:30:00,96.07390820980072
2025-09-24 07:00:00,61.33105516433716
2025-09-24 07:30:00,37.24313944578171
2025-09-24 08:00:00,70.51867842674255
2025-09-24 08:30:00,52.42809742689133
2025-09-24 09:00:00,63.477413058280945
2025-09-24 09:30:00,64.4235622882843
2025-09-24 10:00:00,77.20704913139343
2025-09-24 10:30:00,53.50267469882965
2025-09-24 11:00:00,51.354199051856995
2025-09-24 11:30:00,35.05003646016121
2025-09-24 12:00:00,40.052830278873444
2025-09-24 12:30:00,31.53885006904602
2025-09-24 13:00:00,54.123865365982056
2025-09-24 13:30:00,50.770965814590454
2025-09-24 14:00:00,69.63390350341797
2025-09-24 14:30:00,69.74810004234314
2025-09-24 15:00:00,59.83987331390381
2025-09-24 15:30:00,49.88446831703186
2025-09-24 16:00:00,35.4764698445797
2025-09-24 16:30:00,44.393935203552246
2025-09-24 17:00:00,43.338106125593185
2025-09-24 17:30:00,53.31261396408081
2025-09-24 18:00:00,58.21799874305725
2025-09-24 18:30:00,64.16478097438812
2025-09-24 19:00:00,44.50004830956459
2025-09-24 19:30:00,34.43931296467781
2025-09-24 20:00:00,52.108919620513916
2025-09-24 20:30:00,34.5527546107769
2025-09-24 21:00:00,44.730751663446426
2025-09-24 21:30:00,84.86948490142822
2025-09-24 22:00:00,43.618566542863846
2025-09-24 22:30:00,46.74336180090904
2025-09-24 23:00:00,51.73624575138092
2025-09-24 23:30:00,64.3488734960556
2025-09-25 00:00:00,35.8999140560627
2025-09-25 00:30:00,43.87512370944023
2025-09-25 01:00:00,25.16870215535164
2025-09-25 01:30:00,41.14751860499382
2025-09-25 02:00:00,44.24325808882713
2025-09-25 02:30:00,40.95582142472267
2025-09-25 03:00:00,43.93703758716583
2025-09-25 03:30:00,56.101988554000854
2025-09-25 04:00:00,46.74693867564201
2025-09-25 04:30:00,41.14118054509163
2025-09-25 05:00:00,33.77809017896652
2025-09-25 05:30:00,25.104635059833527
2025-09-25 06:00:00,44.7982993721962
2025-09-25 06:30:00,60.796398520469666
2025-09-25 07:00:00,48.22962164878845
2025-09-25 07:30:00,57.52090334892273
2025-09-25 08:00:00,69.36884999275208
2025-09-25 08:30:00,54.05176043510437
2025-09-25 09:00:00,35.667738914489746
2025-09-25 09:30:00,39.693995267152786
2025-09-25 10:00:00,40.75624346733093
2025-09-25 10:30:00,49.175613820552826
2025-09-25 11:00:00,51.75882160663605
2025-09-25 11:30:00,57.792629301548004
2025-09-25 12:00:00,58.67553472518921
2025-09-25 12:30:00,64.06230807304382
2025-09-25 13:00:00,47.845051884651184
2025-09-25 13:30:00,34.28771883249283
2025-09-25 14:00:00,48.31612527370453
2025-09-25 14:30:00,36.83377727866173
2025-09-25 15:00:00,44.31974038481712
2025-09-25 15:30:00,43.92953172326088
2025-09-25 16:00:00,63.87965440750122
2025-09-25 16:30:00,67.48467803001404
2025-09-25 17:00:00,70.66553294658661
2025-09-25 17:30:00,46.10684022307396
2025-09-25 18:00:00,56.300444304943085
2025-09-25 18:30:00,56.377732157707214
2025-09-25 19:00:00,69.92164433002472
2025-09-25 19:30:00,40.58887004852295
2025-09-25 20:00:00,46.86066150665283
2025-09-25 20:30:00,71.60430550575256
2025-09-25 21:00:00,54.59439158439636
2025-09-25 21:30:00,52.811947762966156
2025-09-25 22:00:00,57.3653244972229
2025-09-25 22:30:00,59.17096734046936
2025-09-25 23:00:00,37.7885165810585
2025-09-25 23:30:00,41.23547375202179
2025-09-26 00:00:00,48.13509285449982
2025-09-26 00:30:00,53.77733916044235
2025-09-26 01:00:00,51.42301082611084
2025-09-26 01:30:00,71.7354542016983
2025-09-26 02:00:00,37.89779871702194
2025-09-26 02:30:00,41.64978325366974
2025-09-26 03:00:00,63.64291191101074
2025-09-26 03:30:00,68.82789075374603
2025-09-26 04:00:00,48.06279540061951
2025-09-26 04:30:00,23.756158351898193
2025-09-26 05:00:00,45.79871729016304
2025-09-26 05:30:00,40.681752264499664
2025-09-26 06:00:00,66.92443609237671
2025-09-26 06:30:00,48.53553056716919
2025-09-26 07:00:00,52.88686454296112
2025-09-26 07:30:00,41.76661178469658
2025-09-26 08:00:00,49.18473839759827
2025-09-26 08:30:00,63.29281389713287
2025-09-26 09:00:00,58.44397008419037
2025-09-26 09:30:00,56.306883692741394
2025-09-26 10:00:00,57.81376123428345
2025-09-26 10:30:00,53.98873448371887
2025-09-26 11:00:00,54.00250494480133
2025-09-26 11:30:00,33.53167086839676
2025-09-26 12:00:00,53.59838902950287
2025-09-26 12:30:00,45.54633483290672
2025-09-26 13:00:00,37.92042016983032
2025-09-26 13:30:00,52.03122138977051
2025-09-26 14:00:00,24.084931910037994
2025-09-26 14:30:00,53.20010960102081
2025-09-26 15:00:00,54.44029211997986
2025-09-26 15:30:00,41.300863176584244
2025-09-26 16:00:00,47.49577969312668
2025-09-26 16:30:00,57.573310136795044
2025-09-26 17:00:00,57.063610553741455
2025-09-26 17:30:00,82.28621125221252
2025-09-26 18:00:00,62.93560266494751
2025-09-26 18:30:00,42.091446220874786
2025-09-26 19:00:00,52.47399389743805
2025-09-26 19:30:00,58.683043122291565
2025-09-26 20:00:00,24.628179892897606
2025-09-26 20:30:00,48.06926518678665
2025-09-26 21:00:00,56.5132075548172
2025-09-26 21:30:00,62.48820960521698
2025-09-26 22:00:00,38.70884492993355
2025-09-26 22:30:00,42.00028911232948
2025-09-26 23:00:00,64.23063397407532
2025-09-26 23:30:00,52.901840806007385
2025-09-27 00:00:00,10.721691809594633
2025-09-27 00:30:00,54.579010009765625
2025-09-27 01:00:00,66.1470890045166
2025-09-27 01:30:00,56.3477897644043
2025-09-27 02:00:00,40.073599964380264
2025-09-27 02:30:00,46.206179559230804
2025-09-27 03:00:00,34.593199640512466
2025-09-27 03:30:00,44.50156316161156
2025-09-27 04:00:00,46.04204103350639
2025-09-27 04:30:00,28.12691181898117
2025-09-27 05:00:00,27.57051020860672
2025-09-27 05:30:00,43.66349533200264
2025-09-27 06:00:00,33.92956018447876
2025-09-27 06:30:00,34.72851037979126
2025-09-27 07:00:00,42.04070881009102
2025-09-27 07:30:00,56.91676616668701
2025-09-27 08:00:00,66.38287901878357
2025-09-27 08:30:00,46.088588535785675
2025-09-27 09:00:00,72.608323097229
2025-09-27 09:30:00,46.05144426226616
2025-09-27 10:00:00,48.41421067714691
2025-09-27 10:30:00,70.03271996974945
2025-09-27 11:00:00,51.795400977134705
2025-09-27 11:30:00,75.14247298240662
2025-09-27 12:00:00,50.196446776390076
2025-09-27 12:30:00,48.72011959552765
2025-09-27 13:00:00,48.006112575531006
2025-09-27 13:30:00,48.18822920322418
2025-09-27 14:00:00,65.5757212638855
2025-09-27 14:30:00,34.94073152542114
2025-09-27 15:00:00,60.589598417282104
2025-09-27 15:30:00,28.81233423948288
2025-09-27 16:00:00,31.30948930978775
2025-09-27 16:30:00,26.752322912216187
2025-09-27 17:00:00,38.081876039505005
2025-09-27 17:30:00,38.9870660007
2025-09-27 18:00:00,32.56690517067909
2025-09-27 18:30:00,35.369363725185394
2025-09-27 19:00:00,26.772302240133286
2025-09-27 19:30:00,23.147911056876183
2025-09-27 20:00:00,62.99787878990173
2025-09-27 20:30:00,51.337135434150696
2025-09-27 21:00:00,45.18792286515236
2025-09-27 21:30:00,42.01414570212364
2025-09-27 22:00:00,51.97188884019852
2025-09-27 22:30:00,53.0302232503891
2025-09-27 23:00:00,47.52788543701172
2025-09-27 23:30:00,56.315932273864746
2025-09-28 00:00:00,54.12368297576904
2025-09-28 00:30:00,35.79689145088196
2025-09-28 01:00:00,50.9281861782074
2025-09-28 01:30:00,61.98446810245514
2025-09-28 02:00:00,50.82475572824478
2025-09-28 02:30:00,42.49653235077858
2025-09-28 03:00:00,28.024991154670715
2025-09-28 03:30:00,48.33242893218994
2025-09-28 04:00:00,35.11133223772049
2025-09-28 04:30:00,25.75593277812004
2025-09-28 05:00:00,39.83827352523804
2025-09-28 05:30:00,56.54523730278015
2025-09-28 06:00:00,40.32518193125725
2025-09-28 06:30:00,62.833150029182434
2025-09-28 07:00:00,36.6329225897789
2025-09-28 07:30:00,53.6735337972641
2025-09-28 08:00:00,33.593769669532776
2025-09-28 08:30:00,45.29945448040962
2025-09-28 09:00:00,52.480894327163696
2025-09-28 09:30:00,42.69065126776695
2025-09-28 10:00:00,35.49230486154556
2025-09-28 10:30:00,48.17541629076004
2025-09-28 11:00:00,53.75996142625809
2025-09-28 11:30:00,47.11223587393761
2025-09-28 12:00:00,46.409805566072464
2025-09-28 12:30:00,68.76779317855835
2025-09-28 13:00:00,67.95289397239685
2025-09-28 13:30:00,47.5716033577919
2025-09-28 14:00:00,54.90727186203003
2025-09-28 14:30:00,54.13038581609726
2025-09-28 15:00:00,43.765613585710526
2025-09-28 15:30:00,28.56060281395912
2025-09-28 16:00:00,32.85422042012215
2025-09-28 16:30:00,38.557420521974564
2025-09-28 17:00:00,66.87561631202698
2025-09-28 17:30:00,52.78203070163727
2025-09-28 18:00:00,64.23127233982086
2025-09-28 18:30:00,56.80700272321701
2025-09-28 19:00:00,26.731631755828857
2025-09-28 19:30:00,53.433356285095215
2025-09-28 20:00:00,56.06927990913391
2025-09-28 20:30:00,58.341861963272095
2025-09-28 21:00:00,43.97220090031624
2025-09-28 21:30:00,41.59089148044586
2025-09-28 22:00:00,39.234620183706284
2025-09-28 22:30:00,60.57161271572113
2025-09-28 23:00:00,43.08724105358124
2025-09-28 23:30:00,41.16976261138916
2025-09-29 00:00:00,36.21039539575577
2025-09-29 00:30:00,49.90740388631821
2025-09-29 01:00:00,62.92433500289917
2025-09-29 01:30:00,52.22032964229584
2025-09-29 02:00:00,32.123674154281616
2025-09-29 02:30:00,48.75131845474243
2025-09-29 03:00:00,56.37074053287506
2025-09-29 03:30:00,35.62633126974106
2025-09-29 04:00:00,87.99077928066254
2025-09-29 04:30:00,45.486944019794464
2025-09-29 05:00:00,38.67013767361641
2025-09-29 05:30:00,59.48007822036743
2025-09-29 06:00:00,99.69152688980103
2025-09-29 06:30:00,54.20417785644531
2025-09-29 07:00:00,71.3326758146286
2025-09-29 07:30:00,51.58173590898514
2025-09-29 08:00:00,59.01709586381912
2025-09-29 08:30:00,58.723604679107666
2025-09-29 09:00:00,64.98646914958954
2025-09-29 09:30:00,61.91372603178024
2025-09-29 10:00:00,58.169047236442566
2025-09-29 10:30:00,25.06847620010376
2025-09-29 11:00:00,63.139474391937256
2025-09-29 11:30:00,68.62123250961304
2025-09-29 12:00:00,64.94112491607666
2025-09-29 12:30:00,68.6201685667038
2025-09-29 13:00:00,68.26174139976501
2025-09-29 13:30:00,66.09230101108551
2025-09-29 14:00:00,74.0831708908081
2025-09-29 14:30:00,58.29501807689667
2025-09-29 15:00:00,57.117760181427
2025-09-29 15:30:00,42.03725352883339
2025-09-29 16:00:00,65.97131550312042
2025-09-29 16:30:00,58.75537097454071
2025-09-29 17:00:00,33.16352128982544
2025-09-29 17:30:00,54.089272022247314
2025-09-29 18:00:00,39.0363772213459
2025-09-29 18:30:00,61.392794251441956
2025-09-29 19:00:00,51.44275963306427
2025-09-29 19:30:00,65.53272783756256
2025-09-29 20:00:00,64.8537802696228
2025-09-29 20:30:00,49.969735741615295
2025-09-29 21:00:00,59.4097363948822
2025-09-29 21:30:00,40.07111996412277
2025-09-29 22:00:00,46.89839854836464
2025-09-29 22:30:00,36.29701554775238
2025-09-29 23:00:00,48.28473389148712
2025-09-29 23:30:00,51.46015763282776
2025-09-30 00:00:00,41.642406582832336
2025-09-30 00:30:00,61.527003049850464
2025-09-30 01:00:00,51.73059165477753
2025-09-30 01:30:00,46.47627666592598
2025-09-30 02:00:00,28.91414850950241
2025-09-30 02:30:00,69.18393671512604
2025-09-30 03:00:00,53.8519823551178
2025-09-30 03:30:00,48.56890797615051
2025-09-30 04:00:00,32.77770012617111
2025-09-30 04:30:00,36.17248862981796
2025-09-30 05:00:00,59.261757135391235
2025-09-30 05:30:00,47.49688163399696
2025-09-30 06:00:00,75.78715145587921
2025-09-30 06:30:00,34.16252821683884
2025-09-30 07:00:00,58.54276478290558
2025-09-30 07:30:00,56.03096783161163
2025-09-30 08:00:00,48.10064136981964
2025-09-30 08:30:00,68.12540471553802
2025-09-30 09:00:00,30.83639696240425
2025-09-30 09:30:00,61.62196755409241
2025-09-30 10:00:00,62.7507147192955
2025-09-30 10:30:00,46.95189714431763
2025-09-30 11:00:00,78.8891327381134
2025-09-30 11:30:00,50.86165428161621
2025-09-30 12:00:00,48.98443341255188
2025-09-30 12:30:00,62.73741543292999
2025-09-30 13:00:00,68.00668895244598
2025-09-30 13:30:00,57.84483850002289
2025-09-30 14:00:00,50.795851945877075
2025-09-30 14:30:00,49.52972948551178
2025-09-30 15:00:00,32.430479824543
2025-09-30 15:30:00,43.33549186587334
2025-09-30 16:00:00,55.68913817405701
2025-09-30 16:30:00,76.55447721481323
2025-09-30 17:00:00,55.84289312362671
2025-09-30 17:30:00,77.15988099575043
2025-09-30 18:00:00,48.13561975955963
2025-09-30 18:30:00,57.79587686061859
2025-09-30 19:00:00,56.25268340110779
2025-09-30 19:30:00,41.22605785727501
2025-09-30 20:00:00,56.60241663455963
2025-09-30 20:30:00,64.46098268032074
2025-09-30 21:00:00,47.29275658726692
2025-09-30 21:30:00,47.27881386876106
2025-09-30 22:00:00,31.817856431007385
2025-09-30 22:30:00,58.36128652095795
2025-09-30 23:00:00,46.275535970926285
2025-09-30 23:30:00,49.897205233573914
2025-10-01 00:00:00,45.87613433599472
2025-10-01 00:30:00,44.47271004319191
2025-10-01 01:00:00,46.59013628959656
2025-10-01 01:30:00,31.506012231111526
2025-10-01 02:00:00,37.402368634939194
2025-10-01 02:30:00,51.58835768699646
2025-10-01 03:00:00,65.49781024456024
2025-10-01 03:30:00,65.06479561328888
2025-10-01 04:00:00,48.886337876319885
2025-10-01 04:30:00,50.668888092041016
2025-10-01 05:00:00,46.33309528231621
2025-10-01 05:30:00,36.425595581531525
2025-10-01 06:00:00,28.313008099794388
2025-10-01 06:30:00,47.44928538799286
2025-10-01 07:00:00,43.03894057869911
2025-10-01 07:30:00,61.46166682243347
2025-10-01 08:00:00,46.83709770441055
2025-10-01 08:30:00,73.77127349376678
2025-10-01 09:00:00,49.38810348510742
2025-10-01 09:30:00,66.59534335136414
2025-10-01 10:00:00,43.243280947208405
2025-10-01 10:30:00,67.03754842281342
2025-10-01 11:00:00,43.73858943581581
2025-10-01 11:30:00,64.17515695095062
2025-10-01 12:00:00,61.900203824043274
2025-10-01 12:30:00,72.18843042850494
2025-10-01 13:00:00,46.762084662914276
2025-10-01 13:30:00,42.22704321146011
2025-10-01 14:00:00,53.19059491157532
2025-10-01 14:30:00,42.224993854761124
2025-10-01 15:00:00,35.22426724433899
2025-10-01 15:30:00,51.91838264465332
2025-10-01 16:00:00,62.02109307050705
2025-10-01 16:30:00,62.259401082992554
2025-10-01 17:00:00,77.89084017276764
2025-10-01 17:30:00,64.13306534290314
2025-10-01 18:00:00,51.88734591007233
2025-10-01 18:30:00,48.88825297355652
2025-10-01 19:00:00,39.014852643013
2025-10-01 19:30:00,45.03210589289665
2025-10-01 20:00:00,46.057564467191696
2025-10-01 20:30:00,56.299279034137726
2025-10-01 21:00:00,38.41521441936493
2025-10-01 21:30:00,65.30828654766083
2025-10-01 22:00:00,65.94378471374512
2025-10-01 22:30:00,58.43802213668823
2025-10-01 23:00:00,53.02543044090271
2025-10-01 23:30:00,51.65897309780121
2025-10-02 00:00:00,34.45291370153427
2025-10-02 00:30:00,46.70210614800453
2025-10-02 01:00:00,27.316587567329407
2025-10-02 01:30:00,37.409418523311615
2025-10-02 02:00:00,49.93607461452484
2025-10-02 02:30:00,62.17844516038895
2025-10-02 03:00:00,57.6430743932724
2025-10-02 03:30:00,71.581871509552
2025-10-02 04:00:00,59.92422878742218
2025-10-02 04:30:00,42.07454979419708
2025-10-02 05:00:00,47.0684976875782
2025-10-02 05:30:00,56.928834319114685
2025-10-02 06:00:00,64.03775632381439
2025-10-02 06:30:00,48.448530435562134
2025-10-02 07:00:00,36.94748744368553
2025-10-02 07:30:00,38.19702759385109
2025-10-02 08:00:00,57.69523799419403
2025-10-02 08:30:00,61.117025315761566
2025-10-02 09:00:00,38.61012622714043
2025-10-02 09:30:00,39.37280863523483
2025-10-02 10:00:00,65.75462579727173
2025-10-02 10:30:00,39.91013526916504
2025-10-02 11:00:00,35.64311623573303
2025-10-02 11:30:00,52.760650515556335
2025-10-02 12:00:00,42.65839099884033
2025-10-02 12:30:00,59.624683260917664
2025-10-02 13:00:00,46.12064614892006
2025-10-02 13:30:00,60.7317715883255
2025-10-02 14:00:00,50.9066641330719
2025-10-02 14:30:00,41.7594251036644
2025-10-02 15:00:00,43.380131870508194
2025-10-02 15:30:00,61.039879322052
2025-10-02 16:00:00,52.470335960388184
2025-10-02 16:30:00,62.93243110179901
2025-10-02 17:00:00,71.20303690433502
2025-10-02 17:30:00,60.144434571266174
2025-10-02 18:00:00,40.712948590517044
2025-10-02 18:30:00,46.499571949243546
2025-10-02 19:00:00,40.49769014120102
2025-10-02 19:30:00,47.79843091964722
2025-10-02 20:00:00,52.4811577796936
2025-10-02 20:30:00,33.354341983795166
2025-10-02 21:00:00,55.16606330871582
2025-10-02 21:30:00,66.05750501155853
2025-10-02 22:00:00,71.22430562973022
2025-10-02 22:30:00,47.21441999077797
2025-10-02 23:00:00,63.73529255390167
2025-10-02 23:30:00,49.49290692806244
2025-10-03 00:00:00,64.64605808258057
2025-10-03 00:30:00,55.58582425117493
2025-10-03 01:00:00,44.369948357343674
2025-10-03 01:30:00,55.110870003700256
2025-10-03 02:00:00,30.897277295589447
2025-10-03 02:30:00,68.58297109603882
2025-10-03 03:00:00,58.83291721343994
2025-10-03 03:30:00,25.55280327796936
2025-10-03 04:00:00,48.84351164102554
2025-10-03 04:30:00,58.411149978637695
2025-10-03 05:00:00,35.835135132074356
2025-10-03 05:30:00,51.4970663189888
2025-10-03 06:00:00,56.37983977794647
2025-10-03 06:30:00,61.06750130653381
2025-10-03 07:00:00,49.310364723205566
2025-10-03 07:30:00,67.95714974403381
2025-10-03 08:00:00,49.08185005187988
2025-10-03 08:30:00,40.946853905916214
2025-10-03 09:00:00,57.409827709198
2025-10-03 09:30:00,38.09976547956467
2025-10-03 10:00:00,57.25811958312988
2025-10-03 10:30:00,49.77604240179062
2025-10-03 11:00:00,51.17444843053818
2025-10-03 11:30:00,46.196497678756714
2025-10-03 12:00:00,57.27315664291382
2025-10-03 12:30:00,29.558327943086624
2025-10-03 13:00:00,51.847118735313416
2025-10-03 13:30:00,52.357831597328186
2025-10-03 14:00:00,55.32560408115387
2025-10-03 14:30:00,46.52731046080589
2025-10-03 15:00:00,45.93861058354378
2025-10-03 15:30:00,70.9976452589035
2025-10-03 16:00:00,65.96950173377991
2025-10-03 16:30:00,42.85220339894295
2025-10-03 17:00:00,54.12058234214783
2025-10-03 17:30:00,55.06178170442581
2025-10-03 18:00:00,47.19718664884567
2025-10-03 18:30:00,60.62938988208771
2025-10-03 19:00:00,43.23788523674011
2025-10-03 19:30:00,36.656010150909424
2025-10-03 20:00:00,44.363422840833664
2025-10-03 20:30:00,26.661852300167084
2025-10-03 21:00:00,28.75151216983795
2025-10-03 21:30:00,41.050084233284
2025-10-03 22:00:00,35.91099172830582
2025-10-03 22:30:00,34.023017436265945
2025-10-03 23:00:00,31.97304517030716
2025-10-03 23:30:00,43.46008971333504
2025-10-04 00:00:00,60.25101125240326
2025-10-04 00:30:00,43.824439495801926
2025-10-04 01:00:00,57.06191837787628
2025-10-04 01:30:00,62.83456861972809
2025-10-04 02:00:00,23.30818772315979
2025-10-04 02:30:00,53.587511479854584
2025-10-04 03:00:00,63.592673540115356
2025-10-04 03:30:00,30.388322472572327
2025-10-04 04:00:00,59.921102821826935
2025-10-04 04:30:00,17.995664924383163
2025-10-04 05:00:00,32.940407395362854
2025-10-04 05:30:00,17.780452072620392
2025-10-04 06:00:00,48.45762461423874
2025-10-04 06:30:00,63.15835177898407
2025-10-04 07:00:00,46.59156754612923
2025-10-04 07:30:00,64.99440312385559
2025-10-04 08:00:00,48.675585985183716
2025-10-04 08:30:00,31.607697308063507
2025-10-04 09:00:00,60.79748272895813
2025-10-04 09:30:00,40.65454572439194
2025-10-04 10:00:00,47.52221614122391
2025-10-04 10:30:00,56.840304136276245
2025-10-04 11:00:00,50.672307908535004
2025-10-04 11:30:00,24.9215304851532
2025-10-04 12:00:00,48.58134090900421
2025-10-04 12:30:00,57.64551132917404
2025-10-04 13:00:00,43.83726254105568
2025-10-04 13:30:00,57.473410964012146
2025-10-04 14:00:00,44.94420900940895
2025-10-04 14:30:00,54.118008613586426
2025-10-04 15:00:00,27.42152526974678
2025-10-04 15:30:00,27.999375462532043
2025-10-04 16:00:00,61.44597113132477
2025-10-04 16:30:00,73.26751172542572
2025-10-04 17:00:00,37.220806777477264
2025-10-04 17:30:00,70.12559711933136
2025-10-04 18:00:00,35.90865612030029
2025-10-04 18:30:00,52.990148067474365
2025-10-04 19:00:00,51.669946908950806
2025-10-04 19:30:00,54.326419830322266
2025-10-04 20:00:00,55.87855041027069
2025-10-04 20:30:00,48.63743603229523
2025-10-04 21:00:00,59.25331652164459
2025-10-04 21:30:00,51.60892724990845
2025-10-04 22:00:00,70.51775634288788
2025-10-04 22:30:00,45.34499630331993
2025-10-04 23:00:00,69.64161455631256
2025-10-04 23:30:00,41.82939454913139
2025-10-05 00:00:00,64.46496486663818
2025-10-05 00:30:00,54.764277935028076
2025-10-05 01:00:00,44.203256368637085
2025-10-05 01:30:00,47.596930265426636
2025-10-05 02:00:00,39.22573879361153
2025-10-05 02:30:00,46.45935997366905
2025-10-05 03:00:00,54.15848910808563
2025-10-05 03:30:00,67.17652976512909
2025-10-05 04:00:00,56.78136169910431
2025-10-05 04:30:00,41.95914998650551
2025-10-05 05:00:00,51.643946170806885
2025-10-05 05:30:00,41.18713021278381
2025-10-05 06:00:00,46.0384464263916
2025-10-05 06:30:00,61.3317796587944
2025-10-05 07:00:00,56.33258044719696
2025-10-05 07:30:00,45.78510135412216
2025-10-05 08:00:00,67.52386152744293
2025-10-05 08:30:00,43.19312110543251
2025-10-05 09:00:00,51.62603139877319
2025-10-05 09:30:00,48.72068703174591
2025-10-05 10:00:00,37.71492466330528
2025-10-05 10:30:00,48.4796279668808
2025-10-05 11:00:00,48.66094917058945
2025-10-05 11:30:00,53.04490566253662
2025-10-05 12:00:00,44.29831460118294
2025-10-05 12:30:00,60.7991698384285
2025-10-05 13:00:00,45.25629386305809
2025-10-05 13:30:00,58.57518970966339
2025-10-05 14:00:00,32.72744908928871
2025-10-05 14:30:00,41.93952530622482
2025-10-05 15:00:00,47.45411366224289
2025-10-05 15:30:00,53.600942492485046
2025-10-05 16:00:00,66.42951011657715
2025-10-05 16:30:00,67.60064780712128
2025-10-05 17:00:00,36.47777944803238
2025-10-05 17:30:00,35.36149054765701
2025-10-05 18:00:00,53.62636059522629
2025-10-05 18:30:00,26.165373474359512
2025-10-05 19:00:00,40.99960267543793
2025-10-05 19:30:00,54.591366946697235
2025-10-05 20:00:00,39.69062104821205
2025-10-05 20:30:00,67.65952944755554
2025-10-05 21:00:00,64.7738528251648
2025-10-05 21:30:00,73.79834830760956
2025-10-05 22:00:00,59.550886154174805
2025-10-05 22:30:00,53.81660878658295
2025-10-05 23:00:00,67.19978451728821
2025-10-05 23:30:00,39.7266811132431
2025-10-06 00:00:00,56.07412338256836
2025-10-06 00:30:00,39.34228867292404
2025-10-06 01:00:00,42.201447784900665
2025-10-06 01:30:00,56.37085199356079
2025-10-06 02:00:00,34.576554000377655
2025-10-06 02:30:00,63.84640872478485
2025-10-06 03:00:00,50.02383470535278
2025-10-06 03:30:00,64.28895831108093
2025-10-06 04:00:00,38.81507709622383
2025-10-06 04:30:00,59.2026424407959
2025-10-06 05:00:00,40.15873312950134
2025-10-06 05:30:00,51.3181871175766
2025-10-06 06:00:00,78.80642890930176
2025-10-06 06:30:00,59.0030974149704
2025-10-06 07:00:00,58.490033745765686
2025-10-06 07:30:00,47.76062548160553
2025-10-06 08:00:00,53.830936551094055
2025-10-06 08:30:00,55.42572617530823
2025-10-06 09:00:00,48.8140606880188
2025-10-06 09:30:00,72.50103712081909
2025-10-06 10:00:00,54.685232043266296
2025-10-06 10:30:00,72.14162707328796
2025-10-06 11:00:00,57.04724609851837
2025-10-06 11:30:00,44.20076623558998
2025-10-06 12:00:00,27.187992334365845
2025-10-06 12:30:00,41.76668271422386
2025-10-06 13:00:00,50.22150009870529
2025-10-06 13:30:00,60.55499494075775
2025-10-06 14:00:00,50.45799434185028
2025-10-06 14:30:00,61.872713565826416
2025-10-06 15:00:00,71.6734516620636
2025-10-06 15:30:00,56.34402543306351
2025-10-06 16:00:00,50.11754274368286
2025-10-06 16:30:00,53.140883445739746
2025-10-06 17:00:00,17.43517979979515
2025-10-06 17:30:00,45.89503958821297
2025-10-06 18:00:00,46.23437657952309
2025-10-06 18:30:00,29.057854264974594
2025-10-06 19:00:00,66.86335563659668
2025-10-06 19:30:00,44.32458892464638
2025-10-06 20:00:00,36.897781044244766
2025-10-06 20:30:00,41.99998766183853
2025-10-06 21:00:00,41.627321392297745
2025-10-06 21:30:00,37.455218732357025
2025-10-06 22:00:00,60.85537135601044
2025-10-06 22:30:00,30.146267861127853
2025-10-06 23:00:00,37.1716171503067
2025-10-06 23:30:00,36.135215163230896
2025-10-07 00:00:00,15.988713949918749
2025-10-07 00:30:00,57.63815999031067
2025-10-07 01:00:00,50.919882357120514
2025-10-07 01:30:00,56.4882555603981
2025-10-07 02:00:00,32.453346997499466
2025-10-07 02:30:00,63.03998053073883
2025-10-07 03:00:00,58.507046699523926
2025-10-07 03:30:00,44.06757578253746
2025-10-07 04:00:00,45.28707727789879
2025-10-07 04:30:00,70.3932648897171
2025-10-07 05:00:00,56.216134428977966
2025-10-07 05:30:00,56.28148078918457
2025-10-07 06:00:00,44.7980460524559
2025-10-07 06:30:00,41.29090264439583
2025-10-07 07:00:00,30.23379236459732
2025-10-07 07:30:00,26.013450026512146
2025-10-07 08:00:00,43.751602470874786
2025-10-07 08:30:00,48.806597888469696
2025-10-07 09:00:00,51.40019178390503
2025-10-07 09:30:00,74.21883881092072
2025-10-07 10:00:00,65.4056829214096
2025-10-07 10:30:00,73.69069755077362
2025-10-07 11:00:00,46.679580956697464
2025-10-07 11:30:00,43.88554781675339
2025-10-07 12:00:00,53.57186645269394
2025-10-07 12:30:00,24.778323769569397
2025-10-07 13:00:00,49.732142090797424
2025-10-07 13:30:00,66.67518973350525
2025-10-07 14:00:00,58.83146822452545
2025-10-07 14:30:00,43.711479157209396
2025-10-07 15:00:00,62.61165231466293
2025-10-07 15:30:00,49.36944901943207
2025-10-07 16:00:00,56.61312699317932
2025-10-07 16:30:00,68.34917724132538
2025-10-07 17:00:00,66.1283940076828
2025-10-07 17:30:00,39.004841446876526
2025-10-07 18:00:00,38.149578273296356
2025-10-07 18:30:00,66.24951124191284
2025-10-07 19:00:00,60.51525413990021
2025-10-07 19:30:00,62.182569205760956
2025-10-07 20:00:00,46.315540224313736
2025-10-07 20:30:00,33.53468030691147
2025-10-07 21:00:00,42.05812707543373
2025-10-07 21:30:00,53.79628241062164
2025-10-07 22:00:00,53.338437378406525
2025-10-07 22:30:00,69.28471744060516
2025-10-07 23:00:00,35.797798335552216
2025-10-07 23:30:00,42.77520179748535
2025-10-08 00:00:00,45.360641330480576
2025-10-08 00:30:00,50.10641694068909
2025-10-08 01:00:00,56.25778019428253
2025-10-08 01:30:00,70.98831295967102
2025-10-08 02:00:00,36.72969579696655
2025-10-08 02:30:00,34.987940192222595
2025-10-08 03:00:00,60.72356402873993
2025-10-08 03:30:00,48.87096643447876
2025-10-08 04:00:00,67.52995133399963
2025-10-08 04:30:00,47.09783211350441
2025-10-08 05:00:00,48.18225085735321
2025-10-08 05:30:00,40.4427906870842
2025-10-08 06:00:00,39.13698822259903
2025-10-08 06:30:00,54.30443674325943
2025-10-08 07:00:00,39.03240770101547
2025-10-08 07:30:00,46.3787080347538
2025-10-08 08:00:00,65.27191996574402
2025-10-08 08:30:00,52.918483912944794
2025-10-08 09:00:00,64.72799181938171
2025-10-08 09:30:00,48.90612721443176
2025-10-08 10:00:00,62.52574145793915
2025-10-08 10:30:00,41.870006769895554
2025-10-08 11:00:00,60.95933377742767
2025-10-08 11:30:00,78.47816705703735
2025-10-08 12:00:00,51.17111474275589
2025-10-08 12:30:00,52.98938810825348
2025-10-08 13:00:00,55.98225951194763
2025-10-08 13:30:00,57.04182505607605
2025-10-08 14:00:00,75.09047150611877
2025-10-08 14:30:00,45.81234082579613
2025-10-08 15:00:00,49.34254139661789
2025-10-08 15:30:00,17.026226744055748
2025-10-08 16:00:00,48.52198302745819
2025-10-08 16:30:00,60.60676336288452
2025-10-08 17:00:00,65.06456255912781
2025-10-08 17:30:00,56.417614817619324
2025-10-08 18:00:00,32.204769402742386
2025-10-08 18:30:00,31.505006551742554
2025-10-08 19:00:00,34.8849555850029
2025-10-08 19:30:00,40.7296347618103
2025-10-08 20:00:00,48.52642118930817
2025-10-08 20:30:00,56.28795564174652
2025-10-08 21:00:00,42.78724208474159
2025-10-08 21:30:00,58.473269045352936
2025-10-08 22:00:00,38.268985599279404
2025-10-08 22:30:00,61.951202154159546
2025-10-08 23:00:00,49.90866541862488
2025-10-08 23:30:00,44.549298733472824
2025-10-09 00:00:00,29.881845116615295
2025-10-09 00:30:00,36.56113177537918
2025-10-09 01:00:00,32.9322175681591
2025-10-09 01:30:00,40.89457631111145
2025-10-09 02:00:00,46.9461290538311
2025-10-09 02:30:00,55.35368204116821
2025-10-09 03:00:00,57.76925802230835
2025-10-09 03:30:00,51.45892143249512
2025-10-09 04:00:00,50.82020103931427
2025-10-09 04:30:00,57.896946370601654
2025-10-09 05:00:00,56.6969758272171
2025-10-09 05:30:00,59.975333511829376
2025-10-09 06:00:00,57.217193245887756
2025-10-09 06:30:00,46.67068436741829
2025-10-09 07:00:00,31.761236935853958
2025-10-09 07:30:00,38.53647857904434
2025-10-09 08:00:00,40.79983979463577
2025-10-09 08:30:00,51.345332860946655
2025-10-09 09:00:00,45.701847821474075
2025-10-09 09:30:00,35.716649889945984
2025-10-09 10:00:00,43.10060366988182
2025-10-09 10:30:00,56.50829315185547
2025-10-09 11:00:00,45.41765600442886
2025-10-09 11:30:00,65.38323879241943
2025-10-09 12:00:00,56.41637861728668
2025-10-09 12:30:00,63.64060163497925
2025-10-09 13:00:00,55.57063013315201
2025-10-09 13:30:00,62.364397048950195
2025-10-09 14:00:00,61.162394881248474
2025-10-09 14:30:00,56.48193269968033
2025-10-09 15:00:00,44.88410383462906
2025-10-09 15:30:00,36.60512328147888
2025-10-09 16:00:00,26.421540528535843
2025-10-09 16:30:00,38.32128345966339
2025-10-09 17:00:00,55.04577696323395
2025-10-09 17:30:00,38.3812315762043
2025-10-09 18:00:00,68.10247421264648
2025-10-09 18:30:00,49.362619519233704
2025-10-09 19:00:00,42.27128803730011
2025-10-09 19:30:00,36.44308224320412
2025-10-09 20:00:00,65.78733444213867
2025-10-09 20:30:00,51.86967432498932
2025-10-09 21:00:00,64.99716937541962
2025-10-09 21:30:00,57.591001987457275
2025-10-09 22:00:00,76.06664419174194
2025-10-09 22:30:00,50.754510164260864
2025-10-09 23:00:00,65.56513249874115
2025-10-09 23:30:00,57.7175909280777
2025-10-10 00:00:00,38.62000569701195
2025-10-10 00:30:00,58.583944439888
2025-10-10 01:00:00,56.168576180934906
2025-10-10 01:30:00,35.09507417678833
2025-10-10 02:00:00,48.44974637031555
2025-10-10 02:30:00,72.06462800502777
2025-10-10 03:00:00,45.06566822528839
2025-10-10 03:30:00,67.50879406929016
2025-10-10 04:00:00,60.51787853240967
2025-10-10 04:30:00,61.813355684280396
2025-10-10 05:00:00,43.0786307156086
2025-10-10 05:30:00,31.364844739437103
2025-10-10 06:00:00,57.91836202144623
2025-10-10 06:30:00,68.58564615249634
2025-10-10 07:00:00,50.153878927230835
2025-10-10 07:30:00,31.089959889650345
2025-10-10 08:00:00,33.50591331720352
2025-10-10 08:30:00,60.7579243183136
2025-10-10 09:00:00,67.44347810745239
2025-10-10 09:30:00,50.600937604904175
2025-10-10 10:00:00,65.03389060497284
2025-10-10 10:30:00,58.09664845466614
2025-10-10 11:00:00,64.70601379871368
2025-10-10 11:30:00,62.88975179195404
2025-10-10 12:00:00,77.64215111732483
2025-10-10 12:30:00,66.57624304294586
2025-10-10 13:00:00,68.32091689109802
2025-10-10 13:30:00,45.8183217048645
2025-10-10 14:00:00,46.84383347630501
2025-10-10 14:30:00,40.926335006952286
2025-10-10 15:00:00,39.398819506168365
2025-10-10 15:30:00,47.5784632563591
2025-10-10 16:00:00,55.43365001678467
2025-10-10 16:30:00,46.24463349580765
2025-10-10 17:00:00,40.01419648528099
2025-10-10 17:30:00,63.58205437660217
2025-10-10 18:00:00,60.531142354011536
2025-10-10 18:30:00,57.15980112552643
2025-10-10 19:00:00,67.29322910308838
2025-10-10 19:30:00,33.38703542947769
2025-10-10 20:00:00,54.24400985240936
2025-10-10 20:30:00,69.9209451675415
2025-10-10 21:00:00,41.45964652299881
2025-10-10 21:30:00,66.69264853000641
2025-10-10 22:00:00,54.26145851612091
2025-10-10 22:30:00,48.05674612522125
2025-10-10 23:00:00,52.41754412651062
2025-10-10 23:30:00,49.676310420036316
2025-10-11 00:00:00,46.82397574186325
2025-10-11 00:30:00,45.4121108353138
2025-10-11 01:00:00,83.994802236557
2025-10-11 01:30:00,34.90567207336426
2025-10-11 02:00:00,56.123074889183044
2025-10-11 02:30:00,42.88394436240196
2025-10-11 03:00:00,48.46624255180359
2025-10-11 03:30:00,45.81706523895264
2025-10-11 04:00:00,46.586764603853226
2025-10-11 04:30:00,68.48771274089813
2025-10-11 05:00:00,61.34042799472809
2025-10-11 05:30:00,27.65772819519043
2025-10-11 06:00:00,77.23088145256042
2025-10-11 06:30:00,40.1577527821064
2025-10-11 07:00:00,58.31498980522156
2025-10-11 07:30:00,62.982152700424194
2025-10-11 08:00:00,71.2109100818634
2025-10-11 08:30:00,43.82063716650009
2025-10-11 09:00:00,30.587186068296432
2025-10-11 09:30:00,59.710006415843964
2025-10-11 10:00:00,66.01329565048218
2025-10-11 10:30:00,44.141884595155716
2025-10-11 11:00:00,36.92145124077797
2025-10-11 11:30:00,53.03801029920578
2025-10-11 12:00:00,45.39200738072395
2025-10-11 12:30:00,60.602710247039795
2025-10-11 13:00:00,47.60826885700226
2025-10-11 13:30:00,47.3910927772522
2025-10-11 14:00:00,48.90506327152252
2025-10-11 14:30:00,39.00055527687073
2025-10-11 15:00:00,60.13600409030914
2025-10-11 15:30:00,42.943114787340164
2025-10-11 16:00:00,34.944498389959335
2025-10-11 16:30:00,52.77479588985443
2025-10-11 17:00:00,79.21372652053833
2025-10-11 17:30:00,48.778170347213745
2025-10-11 18:00:00,79.60886478424072
2025-10-11 18:30:00,81.08699560165405
2025-10-11 19:00:00,49.812079668045044
2025-10-11 19:30:00,34.197334349155426
2025-10-11 20:00:00,32.32983082532883
2025-10-11 20:30:00,59.88545060157776
2025-10-11 21:00:00,50.16225874423981
2025-10-11 21:30:00,52.22319722175598
2025-10-11 22:00:00,75.17236471176147
2025-10-11 22:30:00,53.1960666179657
2025-10-11 23:00:00,51.30534380674362
2025-10-11 23:30:00,64.2303603887558
2025-10-12 00:00:00,29.990630745887756
2025-10-12 00:30:00,27.429613769054413
2025-10-12 01:00:00,51.51453524827957
2025-10-12 01:30:00,51.64226412773132
2025-10-12 02:00:00,54.616278409957886
2025-10-12 02:30:00,66.15820467472076
2025-10-12 03:00:00,72.9532939195633
2025-10-12 03:30:00,56.54343366622925
2025-10-12 04:00:00,63.236485719680786
2025-10-12 04:30:00,60.9027624130249
2025-10-12 05:00:00,43.61084282398224
2025-10-12 05:30:00,61.0176682472229
2025-10-12 06:00:00,56.399497389793396
2025-10-12 06:30:00,69.08044040203094
2025-10-12 07:00:00,39.35769557952881
2025-10-12 07:30:00,53.06351959705353
2025-10-12 08:00:00,59.572367668151855
2025-10-12 08:30:00,43.25994431972504
2025-10-12 09:00:00,52.95153200626373
2025-10-12 09:30:00,48.11803936958313
2025-10-12 10:00:00,50.3480789065361
2025-10-12 10:30:00,61.00152671337128
2025-10-12 11:00:00,25.81611141562462
2025-10-12 11:30:00,42.06525295972824
2025-10-12 12:00:00,40.76851934194565
2025-10-12 12:30:00,58.82271349430084
2025-10-12 13:00:00,59.762144684791565
2025-10-12 13:30:00,30.88105469942093
2025-10-12 14:00:00,50.07104843854904
2025-10-12 14:30:00,43.06598246097565
2025-10-12 15:00:00,36.05064183473587
2025-10-12 15:30:00,31.675060093402863
2025-10-12 16:00:00,81.53460144996643
2025-10-12 16:30:00,57.25278466939926
2025-10-12 17:00:00,54.05677616596222
2025-10-12 17:30:00,62.11084425449371
2025-10-12 18:00:00,54.73053574562073
2025-10-12 18:30:00,57.718350887298584
2025-10-12 19:00:00,65.83751201629639
2025-10-12 19:30:00,57.61105477809906
2025-10-12 20:00:00,55.476445853710175
2025-10-12 20:30:00,50.50836443901062
2025-10-12 21:00:00,38.44632714986801
2025-10-12 21:30:00,55.411661863327026
2025-10-12 22:00:00,46.955101639032364
2025-10-12 22:30:00,43.557012379169464
2025-10-12 23:00:00,48.07528913021088
2025-10-12 23:30:00,35.83867400884628
2025-10-13 00:00:00,61.51370882987976
2025-10-13 00:30:00,65.7918131351471
2025-10-13 01:00:00,73.10641050338745
2025-10-13 01:30:00,40.726782381534576
2025-10-13 02:00:00,65.03135740756989
2025-10-13 02:30:00,54.08673882484436
2025-10-13 03:00:00,63.42427670955658
2025-10-13 03:30:00,45.12862831354141
2025-10-13 04:00:00,42.56178244948387
2025-10-13 04:30:00,58.049105405807495
2025-10-13 05:00:00,39.09273073077202
2025-10-13 05:30:00,31.682353168725967
2025-10-13 06:00:00,49.74702715873718
2025-10-13 06:30:00,49.0241539478302
2025-10-13 07:00:00,54.685480296611786
2025-10-13 07:30:00,49.9300354719162
2025-10-13 08:00:00,51.46730124950409
2025-10-13 08:30:00,44.716824144124985
2025-10-13 09:00:00,40.908430367708206
2025-10-13 09:30:00,71.01331055164337
2025-10-13 10:00:00,55.549325942993164
2025-10-13 10:30:00,48.54902744293213
2025-10-13 11:00:00,40.7759390771389
2025-10-13 11:30:00,50.29530227184296
2025-10-13 12:00:00,53.995057344436646
2025-10-13 12:30:00,69.65227425098419
2025-10-13 13:00:00,44.669129103422165
2025-10-13 13:30:00,36.558623909950256
2025-10-13 14:00:00,48.34375739097595
2025-10-13 14:30:00,62.72685706615448
2025-10-13 15:00:00,45.76634809374809
2025-10-13 15:30:00,42.15916618704796
2025-10-13 16:00:00,71.3820731639862
2025-10-13 16:30:00,34.817369878292084
2025-10-13 17:00:00,44.76164147257805
2025-10-13 17:30:00,54.58457291126251
2025-10-13 18:00:00,39.55729380249977
2025-10-13 18:30:00,48.97305428981781
2025-10-13 19:00:00,45.34717991948128
2025-10-13 19:30:00,46.40140041708946
2025-10-13 20:00:00,24.94985669851303
2025-10-13 20:30:00,31.322707533836365
2025-10-13 21:00:00,58.490195870399475
2025-10-13 21:30:00,61.30538880825043
2025-10-13 22:00:00,40.73215276002884
2025-10-13 22:30:00,48.871169090270996
2025-10-13 23:00:00,48.796444833278656
2025-10-13 23:30:00,49.21723425388336
2025-10-14 00:00:00,50.07766008377075
2025-10-14 00:30:00,48.23961764574051
2025-10-14 01:00:00,50.66753029823303
2025-10-14 01:30:00,65.81339597702026
2025-10-14 02:00:00,73.33090245723724
2025-10-14 02:30:00,64.03220355510712
2025-10-14 03:00:00,33.36774259805679
2025-10-14 03:30:00,56.17492437362671
2025-10-14 04:00:00,30.84574192762375
2025-10-14 04:30:00,70.61794936656952
2025-10-14 05:00:00,70.74248135089874
2025-10-14 05:30:00,47.925171852111816
2025-10-14 06:00:00,45.10161176323891
2025-10-14 06:30:00,53.4830778837204
2025-10-14 07:00:00,52.99118161201477
2025-10-14 07:30:00,75.14764070510864
2025-10-14 08:00:00,35.97090184688568
2025-10-14 08:30:00,45.891239792108536
2025-10-14 09:00:00,47.023404240608215
2025-10-14 09:30:00,27.70839214324951
2025-10-14 10:00:00,13.194877132773401
2025-10-14 10:30:00,43.14768821001053
2025-10-14 11:00:00,72.95560419559479
2025-10-14 11:30:00,35.96830278635025
2025-10-14 12:00:00,61.217628717422485
2025-10-14 12:30:00,51.412948966026306
2025-10-14 13:00:00,52.7269184589386
2025-10-14 13:30:00,41.634052097797394
2025-10-14 14:00:00,25.79529106616974
2025-10-14 14:30:00,41.040615141391754
2025-10-14 15:00:00,55.56726098060608
2025-10-14 15:30:00,34.9827978014946
2025-10-14 16:00:00,53.00547897815704
2025-10-14 16:30:00,35.69530010223389
2025-10-14 17:00:00,52.08530008792877
2025-10-14 17:30:00,71.28048181533813
2025-10-14 18:00:00,52.66253471374512
2025-10-14 18:30:00,43.67317721247673
2025-10-14 19:00:00,53.32129776477814
2025-10-14 19:30:00,39.76056009531021
2025-10-14 20:00:00,47.2077602148056
2025-10-14 20:30:00,61.967647671699524
2025-10-14 21:00:00,68.29037666320801
2025-10-14 21:30:00,54.779249131679535
2025-10-14 22:00:00,63.037153482437134
2025-10-14 22:30:00,68.64411234855652
2025-10-14 23:00:00,45.67690595984459
2025-10-14 23:30:00,49.97015118598938
2025-10-15 00:00:00,29.67619761824608
2025-10-15 00:30:00,49.543479681015015
2025-10-15 01:00:00,59.69268947839737
2025-10-15 01:30:00,31.259894371032715
2025-10-15 02:00:00,47.08775758743286
2025-10-15 02:30:00,59.06828165054321
2025-10-15 03:00:00,50.61258018016815
2025-10-15 03:30:00,50.35999000072479
2025-10-15 04:00:00,39.98358026146889
2025-10-15 04:30:00,40.29606282711029
2025-10-15 05:00:00,74.82952177524567
2025-10-15 05:30:00,39.66884061694145
2025-10-15 06:00:00,71.73377215862274
2025-10-15 06:30:00,56.44212603569031
2025-10-15 07:00:00,40.03403902053833
2025-10-15 07:30:00,57.01676666736603
2025-10-15 08:00:00,50.370659828186035
2025-10-15 08:30:00,56.60831391811371
2025-10-15 09:00:00,56.35730445384979
2025-10-15 09:30:00,48.755412101745605
2025-10-15 10:00:00,45.15937879681587
2025-10-15 10:30:00,79.07421827316284
2025-10-15 11:00:00,63.7851357460022
2025-10-15 11:30:00,44.77884441614151
2025-10-15 12:00:00,47.51521944999695
2025-10-15 12:30:00,37.94341653585434
2025-10-15 13:00:00,61.84109419584274
2025-10-15 13:30:00,58.27719449996948
2025-10-15 14:00:00,38.63349497318268
2025-10-15 14:30:00,45.880759954452515
2025-10-15 15:00:00,58.52772772312164
2025-10-15 15:30:00,67.60565340518951
2025-10-15 16:00:00,53.389623165130615
2025-10-15 16:30:00,29.53946828842163
2025-10-15 17:00:00,69.09195125102997
2025-10-15 17:30:00,35.33160388469696
2025-10-15 18:00:00,63.726162910461426
2025-10-15 18:30:00,45.73727458715439
2025-10-15 19:00:00,55.25875806808472
2025-10-15 19:30:00,32.25000470876694
2025-10-15 20:00:00,60.61664789915085
2025-10-15 20:30:00,44.24435496330261
2025-10-15 21:00:00,62.997716665267944
2025-10-15 21:30:00,42.188328355550766
2025-10-15 22:00:00,68.68589997291565
2025-10-15 22:30:00,52.85276770591736
2025-10-15 23:00:00,43.698298931121826
2025-10-15 23:30:00,37.63279587030411
2025-10-16 00:00:00,68.70110929012299
2025-10-16 00:30:00,35.662943571805954
2025-10-16 01:00:00,75.58923780918121
2025-10-16 01:30:00,55.961811542510986
2025-10-16 02:00:00,25.683929175138474
2025-10-16 02:30:00,56.84653580188751
2025-10-16 03:00:00,49.74312096834183
2025-10-16 03:30:00,51.1086106300354
2025-10-16 04:00:00,66.95441901683807
2025-10-16 04:30:00,49.909324049949646
2025-10-16 05:00:00,44.55507189035416
2025-10-16 05:30:00,55.975541472435
2025-10-16 06:00:00,40.06364196538925
2025-10-16 06:30:00,35.88555842638016
2025-10-16 07:00:00,74.43493068218231
2025-10-16 07:30:00,48.53666543960571
2025-10-16 08:00:00,50.009618401527405
2025-10-16 08:30:00,54.339222609996796
2025-10-16 09:00:00,47.05924138426781
2025-10-16 09:30:00,46.05594828724861
2025-10-16 10:00:00,50.218637585639954
2025-10-16 10:30:00,36.25510632991791
2025-10-16 11:00:00,49.818787574768066
2025-10-16 11:30:00,64.2997294664383
2025-10-16 12:00:00,45.006399005651474
2025-10-16 12:30:00,39.66925352811813
2025-10-16 13:00:00,38.88268053531647
2025-10-16 13:30:00,44.56164047122002
2025-10-16 14:00:00,49.457933604717255
2025-10-16 14:30:00,41.07910454273224
2025-10-16 15:00:00,47.27777525782585
2025-10-16 15:30:00,38.931796699762344
2025-10-16 16:00:00,48.75810235738754
2025-10-16 16:30:00,39.876370280981064
2025-10-16 17:00:00,30.22740364074707
2025-10-16 17:30:00,37.79034048318863
2025-10-16 18:00:00,63.925809264183044
2025-10-16 18:30:00,52.88846552371979
2025-10-16 19:00:00,36.54697373509407
2025-10-16 19:30:00,40.18804728984833
2025-10-16 20:00:00,34.349713772535324
2025-10-16 20:30:00,43.80521506071091
2025-10-16 21:00:00,63.52406442165375
2025-10-16 21:30:00,47.209485322237015
2025-10-16 22:00:00,52.63018071651459
2025-10-16 22:30:00,64.57777321338654
2025-10-16 23:00:00,51.4318972826004
2025-10-16 23:30:00,32.522239834070206
2025-10-17 00:00:00,18.221570402383804
2025-10-17 00:30:00,51.65748864412308
2025-10-17 01:00:00,56.92067235708237
2025-10-17 01:30:00,40.631835609674454
2025-10-17 02:00:00,55.381861329078674
2025-10-17 02:30:00,40.66788047552109
2025-10-17 03:00:00,48.02271515130997
2025-10-17 03:30:00,42.24193587899208
2025-10-17 04:00:00,36.08827501535416
2025-10-17 04:30:00,36.902325600385666
2025-10-17 05:00:00,41.34725868701935
2025-10-17 05:30:00,36.83361008763313
2025-10-17 06:00:00,49.6663498878479
2025-10-17 06:30:00,65.51326274871826
2025-10-17 07:00:00,58.29194784164429
2025-10-17 07:30:00,55.858041644096375
2025-10-17 08:00:00,44.72585752606392
2025-10-17 08:30:00,64.34628963470459
2025-10-17 09:00:00,41.637380719184875
2025-10-17 09:30:00,57.410562336444855
2025-10-17 10:00:00,76.95172309875488
2025-10-17 10:30:00,57.11516618728638
2025-10-17 11:00:00,54.79317665100098
2025-10-17 11:30:00,45.55683746933937
2025-10-17 12:00:00,53.73161494731903
2025-10-17 12:30:00,42.077921479940414
2025-10-17 13:00:00,39.97831121087074
2025-10-17 13:30:00,47.58533835411072
2025-10-17 14:00:00,60.82028150558472
2025-10-17 14:30:00,76.32629692554474
2025-10-17 15:00:00,47.71410584449768
2025-10-17 15:30:00,50.47528088092804
2025-10-17 16:00:00,47.49612420797348
2025-10-17 16:30:00,54.358935952186584
2025-10-17 17:00:00,52.28640556335449
2025-10-17 17:30:00,26.6142737865448
2025-10-17 18:00:00,43.205695897340775
2025-10-17 18:30:00,73.71258437633514
2025-10-17 19:00:00,68.79778623580933
2025-10-17 19:30:00,68.07880401611328
2025-10-17 20:00:00,74.32235538959503
2025-10-17 20:30:00,81.79862141609192
2025-10-17 21:00:00,49.98615086078644
2025-10-17 21:30:00,73.78538846969604
2025-10-17 22:00:00,69.12639260292053
2025-10-17 22:30:00,44.72306087613106
2025-10-17 23:00:00,60.7642725110054
2025-10-17 23:30:00,36.916858553886414
2025-10-18 00:00:00,34.88253891468048
2025-10-18 00:30:00,33.137216567993164
2025-10-18 01:00:00,31.236915737390518
2025-10-18 01:30:00,33.05680274963379
2025-10-18 02:00:00,51.954161524772644
2025-10-18 02:30:00,47.93172776699066
2025-10-18 03:00:00,41.38283237814903
2025-10-18 03:30:00,29.605807662010193
2025-10-18 04:00:00,49.08021867275238
2025-10-18 04:30:00,43.181711584329605
2025-10-18 05:00:00,70.3033971786499
2025-10-18 05:30:00,64.82252061367035
2025-10-18 06:00:00,75.01546859741211
2025-10-18 06:30:00,57.40823686122894
2025-10-18 07:00:00,58.11721295118332
2025-10-18 07:30:00,64.19086277484894
2025-10-18 08:00:00,57.30955362319946
2025-10-18 08:30:00,57.41627216339111
2025-10-18 09:00:00,41.88960865139961
2025-10-18 09:30:00,64.02943730354309
2025-10-18 10:00:00,52.31678366661072
2025-10-18 10:30:00,55.880191922187805
2025-10-18 11:00:00,42.073822766542435
2025-10-18 11:30:00,46.97369024157524
2025-10-18 12:00:00,63.18969249725342
2025-10-18 12:30:00,38.53379845619202
2025-10-18 13:00:00,40.923307836055756
2025-10-18 13:30:00,58.78275990486145
2025-10-18 14:00:00,45.908191949129105
2025-10-18 14:30:00,48.75267118215561
2025-10-18 15:00:00,59.20120358467102
2025-10-18 15:30:00,58.07424485683441
2025-10-18 16:00:00,29.389756321907043
2025-10-18 16:30:00,61.24382197856903
2025-10-18 17:00:00,66.69303357601166
2025-10-18 17:30:00,50.40598273277283
2025-10-18 18:00:00,55.87211608886719
2025-10-18 18:30:00,39.77783143520355
2025-10-18 19:00:00,43.636694103479385
2025-10-18 19:30:00,40.37571161985397
2025-10-18 20:00:00,53.93493443727493
2025-10-18 20:30:00,34.30264949798584
2025-10-18 21:00:00,53.1399005651474
2025-10-18 21:30:00,48.10281991958618
2025-10-18 22:00:00,37.343808710575104
2025-10-18 22:30:00,34.678469598293304
2025-10-18 23:00:00,40.5463781952858
2025-10-18 23:30:00,48.611597418785095
2025-10-19 00:00:00,27.048919796943665
2025-10-19 00:30:00,41.401160061359406
2025-10-19 01:00:00,59.38081234693527
2025-10-19 01:30:00,77.35063076019287
2025-10-19 02:00:00,44.11849558353424
2025-10-19 02:30:00,78.94111394882202
2025-10-19 03:00:00,52.1745902299881
2025-10-19 03:30:00,41.77262559533119
2025-10-19 04:00:00,52.14038699865341
2025-10-19 04:30:00,54.185391664505005
2025-10-19 05:00:00,53.06804895401001
2025-10-19 05:30:00,40.255009829998016
2025-10-19 06:00:00,56.72296643257141
2025-10-19 06:30:00,38.325574696063995
2025-10-19 07:00:00,52.755746245384216
2025-10-19 07:30:00,70.62602519989014
2025-10-19 08:00:00,53.83726954460144
2025-10-19 08:30:00,67.98830807209015
2025-10-19 09:00:00,41.64440527558327
2025-10-19 09:30:00,67.47216403484344
2025-10-19 10:00:00,71.57861888408661
2025-10-19 10:30:00,46.67747840285301
2025-10-19 11:00:00,69.43552374839783
2025-10-19 11:30:00,37.272164821624756
2025-10-19 12:00:00,55.36723971366882
2025-10-19 12:30:00,53.869988322257996
2025-10-19 13:00:00,63.942771553993225
2025-10-19 13:30:00,56.33480966091156
2025-10-19 14:00:00,50.48944652080536
2025-10-19 14:30:00,46.39342084527016
2025-10-19 15:00:00,57.09917664527893
2025-10-19 15:30:00,49.397187530994415
2025-10-19 16:00:00,38.50421577692032
2025-10-19 16:30:00,53.39070737361908
2025-10-19 17:00:00,54.420345723629
2025-10-19 17:30:00,54.775373339653015
2025-10-19 18:00:00,49.02166128158569
2025-10-19 18:30:00,52.39083409309387
2025-10-19 19:00:00,34.73533734679222
2025-10-19 19:30:00,63.13814699649811
2025-10-19 20:00:00,43.258090019226074
2025-10-19 20:30:00,48.29486668109894
2025-10-19 21:00:00,52.46841073036194
2025-10-19 21:30:00,51.263713240623474
2025-10-19 22:00:00,34.533248990774155
2025-10-19 22:30:00,47.562174797058105
2025-10-19 23:00:00,42.62710854411125
2025-10-19 23:30:00,34.624076783657074
2025-10-20 00:00:00,71.03118479251862
2025-10-20 00:30:00,47.71648705005646
2025-10-20 01:00:00,39.0669909119606
2025-10-20 01:30:00,33.49187180399895
2025-10-20 02:00:00,49.76052403450012
2025-10-20 02:30:00,54.47715520858765
2025-10-20 03:00:00,53.37415546178818
2025-10-20 03:30:00,70.69723844528198
2025-10-20 04:00:00,50.23322373628616
2025-10-20 04:30:00,37.217470556497574
2025-10-20 05:00:00,60.04739284515381
2025-10-20 05:30:00,38.82966071367264
2025-10-20 06:00:00,28.466897308826447
2025-10-20 06:30:00,33.59157085418701
2025-10-20 07:00:00,25.554039478302002
2025-10-20 07:30:00,23.40884178876877
2025-10-20 08:00:00,47.62135028839111
2025-10-20 08:30:00,42.31230303645134
2025-10-20 09:00:00,32.91658267378807
2025-10-20 09:30:00,28.625244945287704
2025-10-20 10:00:00,38.56083780527115
2025-10-20 10:30:00,63.0632758140564
2025-10-20 11:00:00,49.82844412326813
2025-10-20 11:30:00,81.28894209861755
2025-10-20 12:00:00,43.6964750289917
2025-10-20 12:30:00,44.349601715803146
2025-10-20 13:00:00,48.38191241025925
2025-10-20 13:30:00,36.66446849703789
2025-10-20 14:00:00,46.104985922575
2025-10-20 14:30:00,52.7346396446228
2025-10-20 15:00:00,60.46289801597595
2025-10-20 15:30:00,61.96578323841095
2025-10-20 16:00:00,58.107759058475494
2025-10-20 16:30:00,28.72808262705803
2025-10-20 17:00:00,40.24296700954437
2025-10-20 17:30:00,46.19137302041054
2025-10-20 18:00:00,23.467869088053703
2025-10-20 18:30:00,49.104851484298706
2025-10-20 19:00:00,50.67321479320526
2025-10-20 19:30:00,64.77065086364746
2025-10-20 20:00:00,56.304046511650085
2025-10-20 20:30:00,73.78306806087494
2025-10-20 21:00:00,49.21411842107773
2025-10-20 21:30:00,72.40729868412018
2025-10-20 22:00:00,47.04760640859604
2025-10-20 22:30:00,48.124372363090515
2025-10-20 23:00:00,48.443403244018555
2025-10-20 23:30:00,41.12301245331764
2025-10-21 00:00:00,43.330764919519424
2025-10-21 00:30:00,40.14232560992241
2025-10-21 01:00:00,45.43971002101898
2025-10-21 01:30:00,48.204593658447266
2025-10-21 02:00:00,35.52692860364914
2025-10-21 02:30:00,52.77824103832245
2025-10-21 03:00:00,41.118409633636475
2025-10-21 03:30:00,58.53845834732056
2025-10-21 04:00:00,47.81017482280731
2025-10-21 04:30:00,63.18695664405823
2025-10-21 05:00:00,47.61858403682709
2025-10-21 05:30:00,77.85569965839386
2025-10-21 06:00:00,50.64789295196533
2025-10-21 06:30:00,72.16898560523987
2025-10-21 07:00:00,70.37446856498718
2025-10-21 07:30:00,46.886560916900635
2025-10-21 08:00:00,48.250951170921326
2025-10-21 08:30:00,46.37739837169647
2025-10-21 09:00:00,48.032437562942505
2025-10-21 09:30:00,68.03013622760773
2025-10-21 10:00:00,36.02694630622864
2025-10-21 10:30:00,47.83832371234894
2025-10-21 11:00:00,61.538453102111816
2025-10-21 11:30:00,52.45095193386078
2025-10-21 12:00:00,49.008387327194214
2025-10-21 12:30:00,75.56029856204987
2025-10-21 13:00:00,71.45059108734131
2025-10-21 13:30:00,37.9407262802124
2025-10-21 14:00:00,41.09970450401306
2025-10-21 14:30:00,46.75413802266121
2025-10-21 15:00:00,52.91419267654419
2025-10-21 15:30:00,47.66919732093811
2025-10-21 16:00:00,55.66556930541992
2025-10-21 16:30:00,28.52155864238739
2025-10-21 17:00:00,43.71488630771637
2025-10-21 17:30:00,27.946588695049286
2025-10-21 18:00:00,29.15834367275238
2025-10-21 18:30:00,65.63783526420593
2025-10-21 19:00:00,60.47911047935486
2025-10-21 19:30:00,72.24350214004517
2025-10-21 20:00:00,58.098411560058594
2025-10-21 20:30:00,61.042412519454956
2025-10-21 21:00:00,36.71433702111244
2025-10-21 21:30:00,45.8479018509388
2025-10-21 22:00:00,48.736712038517
2025-10-21 22:30:00,51.863513588905334
2025-10-21 23:00:00,38.09536278247833
2025-10-21 23:30:00,47.01992616057396
2025-10-22 00:00:00,42.528463304042816
2025-10-22 00:30:00,36.24305844306946
2025-10-22 01:00:00,63.06843340396881
2025-10-22 01:30:00,36.85822010040283
2025-10-22 02:00:00,37.71186202764511
2025-10-22 02:30:00,57.58792161941528
2025-10-22 03:00:00,50.41689068078995
2025-10-22 03:30:00,58.498778343200684
2025-10-22 04:00:00,51.517134308815
2025-10-22 04:30:00,81.13289713859558
2025-10-22 05:00:00,45.52048608660698
2025-10-22 05:30:00,52.59364187717438
2025-10-22 06:00:00,43.03359806537628
2025-10-22 06:30:00,28.5663303732872
2025-10-22 07:00:00,35.015389919281006
2025-10-22 07:30:00,62.279707193374634
2025-10-22 08:00:00,50.144110918045044
2025-10-22 08:30:00,48.61279308795929
2025-10-22 09:00:00,39.2017063498497
2025-10-22 09:30:00,46.45584389567375
2025-10-22 10:00:00,42.27848991751671
2025-10-22 10:30:00,45.085333436727524
2025-10-22 11:00:00,49.521450996398926
2025-10-22 11:30:00,50.12418985366821
2025-10-22 12:00:00,55.42645573616028
2025-10-22 12:30:00,33.03574174642563
2025-10-22 13:00:00,51.44387423992157
2025-10-22 13:30:00,54.67136025428772
2025-10-22 14:00:00,61.779988408088684
2025-10-22 14:30:00,53.39289605617523
2025-10-22 15:00:00,51.21166110038757
2025-10-22 15:30:00,53.68953347206116
2025-10-22 16:00:00,53.41141879558563
2025-10-22 16:30:00,41.246077716350555
2025-10-22 17:00:00,60.77456742525101
2025-10-22 17:30:00,59.78362113237381
2025-10-22 18:00:00,45.512481182813644
2025-10-22 18:30:00,39.97290790081024
2025-10-22 19:00:00,72.80945897102356
2025-10-22 19:30:00,47.101507782936096
2025-10-22 20:00:00,42.347372621297836
2025-10-22 20:30:00,57.66958683729172
2025-10-22 21:00:00,32.06148415803909
2025-10-22 21:30:00,35.695239305496216
2025-10-22 22:00:00,39.987352192401886
2025-10-22 22:30:00,46.34803608059883
2025-10-22 23:00:00,22.993131428956985
2025-10-22 23:30:00,51.69675827026367
2025-10-23 00:00:00,39.342668652534485
2025-10-23 00:30:00,59.856136441230774
2025-10-23 01:00:00,56.7684930562973
2025-10-23 01:30:00,48.22912514209747
2025-10-23 02:00:00,42.75532886385918
2025-10-23 02:30:00,58.09932351112366
2025-10-23 03:00:00,49.58252131938934
2025-10-23 03:30:00,54.245134592056274
2025-10-23 04:00:00,50.84431201219559
2025-10-23 04:30:00,53.39995861053467
2025-10-23 05:00:00,41.12265020608902
2025-10-23 05:30:00,50.03973305225372
2025-10-23 06:00:00,38.79459619522095
2025-10-23 06:30:00,51.315876841545105
2025-10-23 07:00:00,47.34739005565643
2025-10-23 07:30:00,65.72279870510101
2025-10-23 08:00:00,49.25790727138519
2025-10-23 08:30:00,60.323673486709595
2025-10-23 09:00:00,59.49726343154907
2025-10-23 09:30:00,51.274991035461426
2025-10-23 10:00:00,48.299922943115234
2025-10-23 10:30:00,54.23227608203888
2025-10-23 11:00:00,40.463385581970215
2025-10-23 11:30:00,60.23281276226044
2025-10-23 12:00:00,54.59154427051544
2025-10-23 12:30:00,63.23660731315613
2025-10-23 13:00:00,60.419063568115234
2025-10-23 13:30:00,20.177115201950073
2025-10-23 14:00:00,59.754230976104736
2025-10-23 14:30:00,48.62545907497406
2025-10-23 15:00:00,55.97461938858032
2025-10-23 15:30:00,53.057926297187805
2025-10-23 16:00:00,30.78214854001999
2025-10-23 16:30:00,53.877603113651276
2025-10-23 17:00:00,52.347668409347534
2025-10-23 17:30:00,67.64424920082092
2025-10-23 18:00:00,45.6200610101223
2025-10-23 18:30:00,57.60998070240021
2025-10-23 19:00:00,57.324854135513306
2025-10-23 19:30:00,33.366706520318985
2025-10-23 20:00:00,41.160187125205994
2025-10-23 20:30:00,67.75762498378754
2025-10-23 21:00:00,41.6391159594059
2025-10-23 21:30:00,40.65111577510834
2025-10-23 22:00:00,50.815094113349915
2025-10-23 22:30:00,57.20459818840027
2025-10-23 23:00:00,77.09730088710785
2025-10-23 23:30:00,41.26534014940262
2025-10-24 00:00:00,27.68418237566948
2025-10-24 00:30:00,31.359844207763672
2025-10-24 01:00:00,45.63477382063866
2025-10-24 01:30:00,75.76663255691528
2025-10-24 02:00:00,45.48221454024315
2025-10-24 02:30:00,56.4398917555809
2025-10-24 03:00:00,37.93155863881111
2025-10-24 03:30:00,33.03704634308815
2025-10-24 04:00:00,44.022165685892105
2025-10-24 04:30:00,40.94434097409248
2025-10-24 05:00:00,51.61414057016373
2025-10-24 05:30:00,53.67609232664108
2025-10-24 06:00:00,85.44032573699951
2025-10-24 06:30:00,60.14245867729187
2025-10-24 07:00:00,46.43335163593292
2025-10-24 07:30:00,49.57214534282684
2025-10-24 08:00:00,38.47031652927399
2025-10-24 08:30:00,51.04926288127899
2025-10-24 09:00:00,34.36233162879944
2025-10-24 09:30:00,45.579762905836105
2025-10-24 10:00:00,36.61728769540787
2025-10-24 10:30:00,59.36749279499054
2025-10-24 11:00:00,68.93143773078918
2025-10-24 11:30:00,40.7728511095047
2025-10-24 12:00:00,69.94269013404846
2025-10-24 12:30:00,38.31610560417175
2025-10-24 13:00:00,36.64499834179878
2025-10-24 13:30:00,56.62617802619934
2025-10-24 14:00:00,44.77892801165581
2025-10-24 14:30:00,84.0444427728653
2025-10-24 15:00:00,75.22113382816315
2025-10-24 15:30:00,52.02559769153595
2025-10-24 16:00:00,72.33412981033325
2025-10-24 16:30:00,57.389166951179504
2025-10-24 17:00:00,55.88673770427704
2025-10-24 17:30:00,54.299800992012024
2025-10-24 18:00:00,59.028024077415466
2025-10-24 18:30:00,51.14755094051361
2025-10-24 19:00:00,64.08927142620087
2025-10-24 19:30:00,61.797097623348236
2025-10-24 20:00:00,50.485687255859375
2025-10-24 20:30:00,54.17227476835251
2025-10-24 21:00:00,32.424010038375854
2025-10-24 21:30:00,48.93110454082489
2025-10-24 22:00:00,39.24486696720123
2025-10-24 22:30:00,64.63276386260986
2025-10-24 23:00:00,48.30292224884033
2025-10-24 23:30:00,66.54963433742523
2025-10-25 00:00:00,63.121458292007446
2025-10-25 00:30:00,34.84179496765137
2025-10-25 01:00:00,53.19960802793503
2025-10-25 01:30:00,38.25668692588806
2025-10-25 02:00:00,25.63263699412346
2025-10-25 02:30:00,47.04961523413658
2025-10-25 03:00:00,81.4138388633728
2025-10-25 03:30:00,52.14331030845642
2025-10-25 04:00:00,43.57531979680061
2025-10-25 04:30:00,35.6095615029335
2025-10-25 05:00:00,20.90181738138199
2025-10-25 05:30:00,53.4241658449173
2025-10-25 06:00:00,54.35890048742294
2025-10-25 06:30:00,79.60389971733093
2025-10-25 07:00:00,64.82756674289703
2025-10-25 07:30:00,38.72351974248886
2025-10-25 08:00:00,37.76749610900879
2025-10-25 08:30:00,40.23775115609169
2025-10-25 09:00:00,53.09776335954666
2025-10-25 09:30:00,53.91173541545868
2025-10-25 10:00:00,52.46496558189392
2025-10-25 10:30:00,65.1093190908432
2025-10-25 11:00:00,25.29603585600853
2025-10-25 11:30:00,42.624195367097855
2025-10-25 12:00:00,42.326970249414444
2025-10-25 12:30:00,49.36525911092758
2025-10-25 13:00:00,55.95792055130005
2025-10-25 13:30:00,54.85041677951813
2025-10-25 14:00:00,60.96640646457672
2025-10-25 14:30:00,44.80731248855591
2025-10-25 15:00:00,48.065622448921204
2025-10-25 15:30:00,52.87369191646576
2025-10-25 16:00:00,37.68122047185898
2025-10-25 16:30:00,67.76216447353363
2025-10-25 17:00:00,49.40431594848633
2025-10-25 17:30:00,69.47925686836243
2025-10-25 18:00:00,80.53023934364319
2025-10-25 18:30:00,61.49519622325897
2025-10-25 19:00:00,39.23847317695618
2025-10-25 19:30:00,37.18312293291092
2025-10-25 20:00:00,60.03663182258606
2025-10-25 20:30:00,42.16953709721565
2025-10-25 21:00:00,33.98122727870941
2025-10-25 21:30:00,46.74858778715134
2025-10-25 22:00:00,42.17468962073326
2025-10-25 22:30:00,69.16940629482269
2025-10-25 23:00:00,66.07167065143585
2025-10-25 23:30:00,64.67461228370667
2025-10-26 00:00:00,46.225834637880325
2025-10-26 00:30:00,38.403549045324326
2025-10-26 01:00:00,49.5218563079834
2025-10-26 01:30:00,53.055018186569214
2025-10-26 02:00:00,85.61407268047333
2025-10-26 02:30:00,44.19439271092415
2025-10-26 03:00:00,47.40065813064575
2025-10-26 03:30:00,55.12418448925018
2025-10-26 04:00:00,29.865731447935104
2025-10-26 04:30:00,61.809343099594116
2025-10-26 05:00:00,64.40085470676422
2025-10-26 05:30:00,53.08171808719635
2025-10-26 06:00:00,44.23194229602814
2025-10-26 06:30:00,56.35692447423935
2025-10-26 07:00:00,52.9307547211647
2025-10-26 07:30:00,31.28950744867325
2025-10-26 08:00:00,45.20256221294403
2025-10-26 08:30:00,63.0577027797699
2025-10-26 09:00:00,49.76897478103638
2025-10-26 09:30:00,45.18511861562729
2025-10-26 10:00:00,40.14442056417465
2025-10-26 10:30:00,56.06384873390198
2025-10-26 11:00:00,73.24012279510498
2025-10-26 11:30:00,67.75744259357452
2025-10-26 12:00:00,70.41407763957977
2025-10-26 12:30:00,43.967696875333786
2025-10-26 13:00:00,60.329580903053284
2025-10-26 13:30:00,56.893693804740906
2025-10-26 14:00:00,52.62348294258118
2025-10-26 14:30:00,50.65941393375397
2025-10-26 15:00:00,43.651743829250336
2025-10-26 15:30:00,44.86178383231163
2025-10-26 16:00:00,55.755036771297455
2025-10-26 16:30:00,37.00095057487488
2025-10-26 17:00:00,39.16372612118721
2025-10-26 17:30:00,56.4882555603981
2025-10-26 18:00:00,54.50053662061691
2025-10-26 18:30:00,51.74271047115326
2025-10-26 19:00:00,32.27975457906723
2025-10-26 19:30:00,38.2239605486393
2025-10-26 20:00:00,43.503366857767105
2025-10-26 20:30:00,44.57319438457489
2025-10-26 21:00:00,46.19894728064537
2025-10-26 21:30:00,49.20138657093048
2025-10-26 22:00:00,43.37167099118233
2025-10-26 22:30:00,58.877126574516296
2025-10-26 23:00:00,39.651495814323425
2025-10-26 23:30:00,36.916412711143494
2025-10-27 00:00:00,67.53573715686798
2025-10-27 00:30:00,57.24806785583496
2025-10-27 01:00:00,58.614545464515686
2025-10-27 01:30:00,51.75815284252167
2025-10-27 02:00:00,52.495976984500885
2025-10-27 02:30:00,65.17919480800629
2025-10-27 03:00:00,57.51740753650665
2025-10-27 03:30:00,72.53149628639221
2025-10-27 04:00:00,44.83381733298302
2025-10-27 04:30:00,37.74502411484718
2025-10-27 05:00:00,36.47129952907562
2025-10-27 05:30:00,40.1370869576931
2025-10-27 06:00:00,67.39669501781464
2025-10-27 06:30:00,69.48036134243011
2025-10-27 07:00:00,57.23427712917328
2025-10-27 07:30:00,57.32180416584015
2025-10-27 08:00:00,58.613086342811584
2025-10-27 08:30:00,49.30286645889282
2025-10-27 09:00:00,44.97821718454361
2025-10-27 09:30:00,44.91420581936836
2025-10-27 10:00:00,59.509767293930054
2025-10-27 10:30:00,41.592626720666885
2025-10-27 11:00:00,48.9313679933548
2025-10-27 11:30:00,21.346266865730286
2025-10-27 12:00:00,46.105345636606216
2025-10-27 12:30:00,93.33203613758087
2025-10-27 13:00:00,51.92324638366699
2025-10-27 13:30:00,32.27426767349243
2025-10-27 14:00:00,48.93432676792145
2025-10-27 14:30:00,36.80565372109413
2025-10-27 15:00:00,52.551372945308685
2025-10-27 15:30:00,50.08371949195862
2025-10-27 16:00:00,62.56267547607422
2025-10-27 16:30:00,53.491933941841125
2025-10-27 17:00:00,35.03880172967911
2025-10-27 17:30:00,62.96132981777191
2025-10-27 18:00:00,37.282875180244446
2025-10-27 18:30:00,63.516860008239746
2025-10-27 19:00:00,50.3022837638855
2025-10-27 19:30:00,33.691310435533524
2025-10-27 20:00:00,40.03678500652313
2025-10-27 20:30:00,43.24793189764023
2025-10-27 21:00:00,63.138015270233154
2025-10-27 21:30:00,51.98115527629852
2025-10-27 22:00:00,57.660067081451416
2025-10-27 22:30:00,58.20437014102936
2025-10-27 23:00:00,36.645454317331314
2025-10-27 23:30:00,24.180959090590477
2025-10-28 00:00:00,22.233336865901947
2025-10-28 00:30:00,44.431312531232834
2025-10-28 01:00:00,65.55764436721802
2025-10-28 01:30:00,44.98293653130531
2025-10-28 02:00:00,43.33355396986008
2025-10-28 02:30:00,54.10376191139221
2025-10-28 03:00:00,41.57935529947281
2025-10-28 03:30:00,43.44186082482338
2025-10-28 04:00:00,59.10507380962372
2025-10-28 04:30:00,43.2467083632946
2025-10-28 05:00:00,53.18900406360626
2025-10-28 05:30:00,68.81659269332886
2025-10-28 06:00:00,45.521347373723984
2025-10-28 06:30:00,52.81706988811493
2025-10-28 07:00:00,47.295272052288055
2025-10-28 07:30:00,60.621729493141174
2025-10-28 08:00:00,50.26647448539734
2025-10-28 08:30:00,53.57024013996124
2025-10-28 09:00:00,48.35075408220291
2025-10-28 09:30:00,60.72497755289078
2025-10-28 10:00:00,66.95026457309723
2025-10-28 10:30:00,39.036612808704376
2025-10-28 11:00:00,56.352384984493256
2025-10-28 11:30:00,52.091339230537415
2025-10-28 12:00:00,45.2503864467144
2025-10-28 12:30:00,34.86834034323692
2025-10-28 13:00:00,40.208368599414825
2025-10-28 13:30:00,27.606907188892365
2025-10-28 14:00:00,43.72725084424019
2025-10-28 14:30:00,35.7735201716423
2025-10-28 15:00:00,28.486286401748657
2025-10-28 15:30:00,72.43866980075836
2025-10-28 16:00:00,53.43054950237274
2025-10-28 16:30:00,70.5270379781723
2025-10-28 17:00:00,46.1801914870739
2025-10-28 17:30:00,41.444285213947296
2025-10-28 18:00:00,32.87600338459015
2025-10-28 18:30:00,54.54917907714844
2025-10-28 19:00:00,38.439203798770905
2025-10-28 19:30:00,30.699637234210968
2025-10-28 20:00:00,69.32027339935303
2025-10-28 20:30:00,43.276321440935135
2025-10-28 21:00:00,58.59807461500168
2025-10-28 21:30:00,44.13009002804756
2025-10-28 22:00:00,43.77558931708336
2025-10-28 22:30:00,37.1969997882843
2025-10-28 23:00:00,44.64640632271767
2025-10-28 23:30:00,52.72123396396637
2025-10-29 00:00:00,39.93550777435303
2025-10-29 00:30:00,58.56647551059723
2025-10-29 01:00:00,64.71130311489105
2025-10-29 01:30:00,37.484887540340424
2025-10-29 02:00:00,47.17728838324547
2025-10-29 02:30:00,48.93862307071686
2025-10-29 03:00:00,28.920456171035767
2025-10-29 03:30:00,31.25483810901642
2025-10-29 04:00:00,67.8666740655899
2025-10-29 04:30:00,75.96002697944641
2025-10-29 05:00:00,52.617899775505066
2025-10-29 05:30:00,75.67541718482971
2025-10-29 06:00:00,38.96578460931778
2025-10-29 06:30:00,54.90902483463287
2025-10-29 07:00:00,56.178197264671326
2025-10-29 07:30:00,51.15641713142395
2025-10-29 08:00:00,42.21945881843567
2025-10-29 08:30:00,39.533013105392456
2025-10-29 09:00:00,35.543217062950134
2025-10-29 09:30:00,39.479486644268036
2025-10-29 10:00:00,61.989960074424744
2025-10-29 10:30:00,45.696811825037
2025-10-29 11:00:00,49.329606890678406
2025-10-29 11:30:00,53.74612510204315
2025-10-29 12:00:00,89.1514903306961
2025-10-29 12:30:00,63.95034074783325
2025-10-29 13:00:00,50.81107646226883
2025-10-29 13:30:00,38.73711794614792
2025-10-29 14:00:00,52.67921328544617
2025-10-29 14:30:00,37.33015984296799
2025-10-29 15:00:00,40.88854476809502
2025-10-29 15:30:00,63.52741837501526
2025-10-29 16:00:00,69.35131013393402
2025-10-29 16:30:00,56.48840248584747
2025-10-29 17:00:00,62.5217542052269
2025-10-29 17:30:00,72.87401497364044
2025-10-29 18:00:00,66.8337881565094
2025-10-29 18:30:00,58.58211040496826
2025-10-29 19:00:00,54.1551148891449
2025-10-29 19:30:00,48.53829175233841
2025-10-29 20:00:00,48.33904564380646
2025-10-29 20:30:00,58.428547978401184
2025-10-29 21:00:00,80.49807786941528
2025-10-29 21:30:00,56.30893051624298
2025-10-29 22:00:00,37.09518298506737
2025-10-29 22:30:00,54.43203389644623
2025-10-29 23:00:00,58.53274345397949
2025-10-29 23:30:00,49.707539677619934
2025-10-30 00:00:00,58.63297700881958
2025-10-30 00:30:00,48.614768981933594
2025-10-30 01:00:00,44.35565605759621
2025-10-30 01:30:00,62.2289115190506
2025-10-30 02:00:00,55.05785524845123
2025-10-30 02:30:00,47.48687043786049
2025-10-30 03:00:00,57.3836749792099
2025-10-30 03:30:00,52.280569076538086
2025-10-30 04:00:00,40.398343205451965
2025-10-30 04:30:00,28.421000838279724
2025-10-30 05:00:00,53.71441960334778
2025-10-30 05:30:00,67.53679096698761
2025-10-30 06:00:00,59.224660992622375
2025-10-30 06:30:00,47.44710937142372
2025-10-30 07:00:00,53.37056338787079
2025-10-30 07:30:00,46.15064933896065
2025-10-30 08:00:00,44.325006902217865
2025-10-30 08:30:00,47.54974186420441
2025-10-30 09:00:00,46.4456832408905
2025-10-30 09:30:00,54.77602183818817
2025-10-30 10:00:00,55.77633589506149
2025-10-30 10:30:00,57.605441212654114
2025-10-30 11:00:00,48.887599408626556
2025-10-30 11:30:00,36.944333612918854
2025-10-30 12:00:00,57.82101631164551
2025-10-30 12:30:00,64.06166970729828
2025-10-30 13:00:00,90.4887044429779
2025-10-30 13:30:00,53.780110478401184
2025-10-30 14:00:00,42.28869363665581
2025-10-30 14:30:00,61.30209565162659
2025-10-30 15:00:00,54.68576908111572
2025-10-30 15:30:00,53.93436700105667
2025-10-30 16:00:00,63.990466594696045
2025-10-30 16:30:00,47.12456747889519
2025-10-30 17:00:00,61.698181331157684
2025-10-30 17:30:00,50.83724945783615
2025-10-30 18:00:00,61.90036594867706
2025-10-30 18:30:00,26.45185276865959
2025-10-30 19:00:00,51.83048069477081
2025-10-30 19:30:00,51.56666338443756
2025-10-30 20:00:00,48.55342000722885
2025-10-30 20:30:00,48.89990568161011
2025-10-30 21:00:00,42.12530493736267
2025-10-30 21:30:00,38.64176079630852
2025-10-30 22:00:00,24.58757273852825
2025-10-30 22:30:00,35.443497747182846
2025-10-30 23:00:00,39.606270641088486
2025-10-30 23:30:00,49.86732870340347
2025-10-31 00:00:00,45.541972666978836
2025-10-31 00:30:00,58.334718346595764
2025-10-31 01:00:00,49.13016319274902
2025-10-31 01:30:00,47.56560981273651
2025-10-31 02:00:00,45.3255033493042
2025-10-31 02:30:00,46.557718962430954
2025-10-31 03:00:00,60.86201846599579
2025-10-31 03:30:00,50.37903964519501
2025-10-31 04:00:00,50.17782270908356
2025-10-31 04:30:00,52.387003898620605
2025-10-31 05:00:00,38.94301623106003
2025-10-31 05:30:00,80.10711431503296
2025-10-31 06:00:00,60.67351818084717
2025-10-31 06:30:00,51.56879127025604
2025-10-31 07:00:00,33.74699264764786
2025-10-31 07:30:00,64.86819922924042
2025-10-31 08:00:00,44.87120732665062
2025-10-31 08:30:00,52.606287598609924
2025-10-31 09:00:00,40.4252102971077
2025-10-31 09:30:00,49.81915235519409
2025-10-31 10:00:00,50.75763612985611
2025-10-31 10:30:00,49.5266592502594
2025-10-31 11:00:00,48.043928146362305
2025-10-31 11:30:00,58.69161546230316
2025-10-31 12:00:00,49.1610985994339
2025-10-31 12:30:00,43.37166592478752
2025-10-31 13:00:00,48.69391620159149
2025-10-31 13:30:00,58.586933612823486
2025-10-31 14:00:00,52.06056594848633
2025-10-31 14:30:00,53.43510925769806
2025-10-31 15:00:00,42.420440167188644
2025-10-31 15:30:00,45.99844977259636
2025-10-31 16:00:00,51.21560275554657
2025-10-31 16:30:00,78.18893671035767
2025-10-31 17:00:00,52.92879402637482
2025-10-31 17:30:00,47.35646143555641
2025-10-31 18:00:00,35.729728788137436
2025-10-31 18:30:00,61.96021020412445
2025-10-31 19:00:00,47.29229301214218
2025-10-31 19:30:00,38.4633806347847
2025-10-31 20:00:00,44.575839042663574
2025-10-31 20:30:00,40.05376756191254
2025-10-31 21:00:00,63.07139217853546
2025-10-31 21:30:00,58.70539605617523
2025-10-31 22:00:00,44.49202314019203
2025-10-31 22:30:00,45.45093461871147
2025-10-31 23:00:00,64.072744846344
2025-10-31 23:30:00,55.876503586769104
2025-11-01 00:00:00,40.71663439273834
2025-11-01 00:30:00,41.69159114360809
2025-11-01 01:00:00,60.470781326293945
2025-11-01 01:30:00,53.48352372646332
2025-11-01 02:00:00,72.33831465244293
2025-11-01 02:30:00,52.56091296672821
2025-11-01 03:00:00,49.81913208961487
2025-11-01 03:30:00,57.41066873073578
2025-11-01 04:00:00,82.74202466011047
2025-11-01 04:30:00,74.8870861530304
2025-11-01 05:00:00,49.99861419200897
2025-11-01 05:30:00,62.476637959480286
2025-11-01 06:00:00,77.74767398834229
2025-11-01 06:30:00,75.19901394844055
2025-11-01 07:00:00,41.91333204507828
2025-11-01 07:30:00,51.95744961500168
2025-11-01 08:00:00,54.524515867233276
2025-11-01 08:30:00,44.363321512937546
2025-11-01 09:00:00,45.144554525613785
2025-11-01 09:30:00,46.43634080886841
2025-11-01 10:00:00,50.20724833011627
2025-11-01 10:30:00,44.361811727285385
2025-11-01 11:00:00,50.96141159534454
2025-11-01 11:30:00,44.65506985783577
2025-11-01 12:00:00,47.52160310745239
2025-11-01 12:30:00,66.1742651462555
2025-11-01 13:00:00,48.68118941783905
2025-11-01 13:30:00,70.51709771156311
2025-11-01 14:00:00,65.43386220932007
2025-11-01 14:30:00,42.75426745414734
2025-11-01 15:00:00,68.78924429416656
2025-11-01 15:30:00,65.39340198040009
2025-11-01 16:00:00,51.23519957065582
2025-11-01 16:30:00,61.53172492980957
2025-11-01 17:00:00,33.79996940493584
2025-11-01 17:30:00,51.60636365413666
2025-11-01 18:00:00,43.3950574696064
2025-11-01 18:30:00,58.555957674980164
2025-11-01 19:00:00,27.263653874397278
2025-11-01 19:30:00,22.844610065221786
2025-11-01 20:00:00,68.14841628074646
2025-11-01 20:30:00,67.77108132839203
2025-11-01 21:00:00,54.076109528541565
2025-11-01 21:30:00,76.9643485546112
2025-11-01 22:00:00,53.51432740688324
2025-11-01 22:30:00,48.451600670814514
2025-11-01 23:00:00,62.2077339887619
2025-11-01 23:30:00,36.97593778371811
2025-11-02 00:00:00,64.01489675045013
2025-11-02 00:30:00,54.06945735216141
2025-11-02 01:00:00,51.85830533504486
2025-11-02 01:30:00,37.15559720993042
2025-11-02 02:00:00,48.385940194129944
2025-11-02 02:30:00,50.22100865840912
2025-11-02 03:00:00,48.36907923221588
2025-11-02 03:30:00,41.92882254719734
2025-11-02 04:00:00,45.16505315899849
2025-11-02 04:30:00,24.779007732868195
2025-11-02 05:00:00,41.8352310359478
2025-11-02 05:30:00,21.354171708226204
2025-11-02 06:00:00,56.23054325580597
2025-11-02 06:30:00,54.12422001361847
2025-11-02 07:00:00,52.87615418434143
2025-11-02 07:30:00,85.7046902179718
2025-11-02 08:00:00,60.882020592689514
2025-11-02 08:30:00,61.57898426055908
2025-11-02 09:00:00,73.78456771373749
2025-11-02 09:30:00,71.20338141918182
2025-11-02 10:00:00,50.68694472312927
2025-11-02 10:30:00,35.04389852285385
2025-11-02 11:00:00,48.97423982620239
2025-11-02 11:30:00,77.95173823833466
2025-11-02 12:00:00,62.40409731864929
2025-11-02 12:30:00,49.78165090084076
2025-11-02 13:00:00,71.32516741752625
2025-11-02 13:30:00,64.63347315788269
2025-11-02 14:00:00,72.01695322990417
2025-11-02 14:30:00,67.2134131193161
2025-11-02 15:00:00,68.42718958854675
2025-11-02 15:30:00,68.32053184509277
2025-11-02 16:00:00,50.95954716205597
2025-11-02 16:30:00,84.8067831993103
2025-11-02 17:00:00,44.173346906900406
2025-11-02 17:30:00,42.3970764875412
2025-11-02 18:00:00,39.972360730171204
2025-11-02 18:30:00,31.854283809661865
2025-11-02 19:00:00,40.89566811919212
2025-11-02 19:30:00,39.83551234006882
2025-11-02 20:00:00,46.04026272892952
2025-11-02 20:30:00,45.84559664130211
2025-11-02 21:00:00,58.708760142326355
2025-11-02 21:30:00,34.905421286821365
2025-11-02 22:00:00,60.65060794353485
2025-11-02 22:30:00,45.2796296775341
2025-11-02 23:00:00,44.69808354973793
2025-11-02 23:30:00,61.48948132991791
2025-11-03 00:00:00,50.32117635011673
2025-11-03 00:30:00,68.49023580551147
2025-11-03 01:00:00,50.86801767349243
2025-11-03 01:30:00,33.3096918463707
2025-11-03 02:00:00,54.06515598297119
2025-11-03 02:30:00,58.31850588321686
2025-11-03 03:00:00,65.8077722787857
2025-11-03 03:30:00,49.22655642032623
2025-11-03 04:00:00,59.66811239719391
2025-11-03 04:30:00,42.67249330878258
2025-11-03 05:00:00,36.79629862308502
2025-11-03 05:30:00,17.964468598365784
2025-11-03 06:00:00,29.606952667236328
2025-11-03 06:30:00,66.88477635383606
2025-11-03 07:00:00,49.78345960378647
2025-11-03 07:30:00,41.56295791268349
2025-11-03 08:00:00,39.27031546831131
2025-11-03 08:30:00,27.454593628644943
2025-11-03 09:00:00,44.53844904899597
2025-11-03 09:30:00,53.00172984600067
2025-11-03 10:00:00,43.66896703839302
2025-11-03 10:30:00,46.62811905145645
2025-11-03 11:00:00,64.67017412185669
2025-11-03 11:30:00,60.101765394210815
2025-11-03 12:00:00,44.41671624779701
2025-11-03 12:30:00,57.20158874988556
2025-11-03 13:00:00,53.42644065618515
2025-11-03 13:30:00,57.05103576183319
2025-11-03 14:00:00,42.2223137319088
2025-11-03 14:30:00,71.01300656795502
2025-11-03 15:00:00,61.351726055145264
2025-11-03 15:30:00,56.020439863204956
2025-11-03 16:00:00,45.88173270225525
2025-11-03 16:30:00,43.609999269247055
2025-11-03 17:00:00,49.188750982284546
2025-11-03 17:30:00,47.15043902397156
2025-11-03 18:00:00,72.75565385818481
2025-11-03 18:30:00,39.282745867967606
2025-11-03 19:00:00,49.678762555122375
2025-11-03 19:30:00,46.42738342285156
2025-11-03 20:00:00,36.37485817074776
2025-11-03 20:30:00,49.14732813835144
2025-11-03 21:00:00,60.17114460468292
2025-11-03 21:30:00,48.240043222904205
2025-11-03 22:00:00,32.2750124335289
2025-11-03 22:30:00,39.15091574192047
2025-11-03 23:00:00,42.9456327855587
2025-11-03 23:30:00,32.97842815518379
2025-11-04 00:00:00,52.81120806932449
2025-11-04 00:30:00,60.01433968544006
2025-11-04 01:00:00,24.82697382569313
2025-11-04 01:30:00,61.699777245521545
2025-11-04 02:00:00,41.57021299004555
2025-11-04 02:30:00,58.120278120040894
2025-11-04 03:00:00,64.61404860019684
2025-11-04 03:30:00,49.04896914958954
2025-11-04 04:00:00,46.13175168633461
2025-11-04 04:30:00,60.29458224773407
2025-11-04 05:00:00,52.92704105377197
2025-11-04 05:30:00,53.27430188655853
2025-11-04 06:00:00,61.77153259515762
2025-11-04 06:30:00,48.16295802593231
2025-11-04 07:00:00,50.495901107788086
2025-11-04 07:30:00,48.97539496421814
2025-11-04 08:00:00,45.30623584985733
2025-11-04 08:30:00,54.80162739753723
2025-11-04 09:00:00,60.02039909362793
2025-11-04 09:30:00,42.11755082011223
2025-11-04 10:00:00,34.951264560222626
2025-11-04 10:30:00,27.68427610397339
2025-11-04 11:00:00,57.81819939613342
2025-11-04 11:30:00,35.48214927315712
2025-11-04 12:00:00,66.09629333019257
2025-11-04 12:30:00,63.037599325180054
2025-11-04 13:00:00,41.953916400671005
2025-11-04 13:30:00,60.51443338394165
2025-11-04 14:00:00,82.58747935295105
2025-11-04 14:30:00,48.61747443675995
2025-11-04 15:00:00,47.12934762239456
2025-11-04 15:30:00,38.83305013179779
2025-11-04 16:00:00,34.62998420000076
2025-11-04 16:30:00,60.470061898231506
2025-11-04 17:00:00,28.661107420921326
2025-11-04 17:30:00,65.16614377498627
2025-11-04 18:00:00,58.541346192359924
2025-11-04 18:30:00,77.30142593383789
2025-11-04 19:00:00,60.49061119556427
2025-11-04 19:30:00,69.07891035079956
2025-11-04 20:00:00,59.34562623500824
2025-11-04 20:30:00,53.75701278448105
2025-11-04 21:00:00,46.837064772844315
2025-11-04 21:30:00,54.48492705821991
2025-11-04 22:00:00,38.24334964156151
2025-11-04 22:30:00,46.72983959317207
2025-11-04 23:00:00,46.769124418497086
2025-11-04 23:30:00,45.34821346402168
2025-11-05 00:00:00,51.51089251041412
2025-11-05 00:30:00,58.84642422199249
2025-11-05 01:00:00,57.91330575942993
2025-11-05 01:30:00,63.818867802619934
2025-11-05 02:00:00,52.69878476858139
2025-11-05 02:30:00,65.96140563488007
2025-11-05 03:00:00,49.94953095912933
2025-11-05 03:30:00,45.592932999134064
2025-11-05 04:00:00,42.02201381325722
2025-11-05 04:30:00,62.1721476316452
2025-11-05 05:00:00,67.7448171377182
2025-11-05 05:30:00,52.07696080207825
2025-11-05 06:00:00,47.365545481443405
2025-11-05 06:30:00,62.12365210056305
2025-11-05 07:00:00,44.0741266310215
2025-11-05 07:30:00,52.6916766166687
2025-11-05 08:00:00,55.69045543670654
2025-11-05 08:30:00,71.50206565856934
2025-11-05 09:00:00,70.15215516090393
2025-11-05 09:30:00,82.37743675708771
2025-11-05 10:00:00,53.03963154554367
2025-11-05 10:30:00,44.512425512075424
2025-11-05 11:00:00,65.03767013549805
2025-11-05 11:30:00,60.21821141242981
2025-11-05 12:00:00,42.514708042144775
2025-11-05 12:30:00,48.7186199426651
2025-11-05 13:00:00,42.35144093632698
2025-11-05 13:30:00,32.848224341869354
2025-11-05 14:00:00,86.04171693325043
2025-11-05 14:30:00,45.52010104060173
2025-11-05 15:00:00,56.83380901813507
2025-11-05 15:30:00,54.83587622642517
2025-11-05 16:00:00,52.04172909259796
2025-11-05 16:30:00,52.87753224372864
2025-11-05 17:00:00,38.1545914709568
2025-11-05 17:30:00,46.77746117115021
2025-11-05 18:00:00,45.91213867068291
2025-11-05 18:30:00,68.33828449249268
2025-11-05 19:00:00,60.505364537239075
2025-11-05 19:30:00,50.72378247976303
2025-11-05 20:00:00,59.20274376869202
2025-11-05 20:30:00,72.01867580413818
2025-11-05 21:00:00,55.60546666383743
2025-11-05 21:30:00,52.58115828037262
2025-11-05 22:00:00,63.76117169857025
2025-11-05 22:30:00,48.341659903526306
2025-11-05 23:00:00,49.433913826942444
2025-11-05 23:30:00,59.09159719944
2025-11-06 00:00:00,61.627753376960754
2025-11-06 00:30:00,44.447048753499985
2025-11-06 01:00:00,47.940624356269836
2025-11-06 01:30:00,66.38234198093414
2025-11-06 02:00:00,46.467775255441666
2025-11-06 02:30:00,24.22021858394146
2025-11-06 03:00:00,78.05417060852051
2025-11-06 03:30:00,49.020496010780334
2025-11-06 04:00:00,89.87801134586334
2025-11-06 04:30:00,45.01222789287567
2025-11-06 05:00:00,56.20812952518463
2025-11-06 05:30:00,54.512371718883514
2025-11-06 06:00:00,55.97635209560394
2025-11-06 06:30:00,42.52299413084984
2025-11-06 07:00:00,33.139635771512985
2025-11-06 07:30:00,74.83705043792725
2025-11-06 08:00:00,55.17124116420746
2025-11-06 08:30:00,33.40423583984375
2025-11-06 09:00:00,57.921189069747925
2025-11-06 09:30:00,37.07762286067009
2025-11-06 10:00:00,74.54045355319977
2025-11-06 10:30:00,81.53485476970673
2025-11-06 11:00:00,67.28616654872894
2025-11-06 11:30:00,40.57023838162422
2025-11-06 12:00:00,44.99663859605789
2025-11-06 12:30:00,43.865667283535004
2025-11-06 13:00:00,44.050704687833786
2025-11-06 13:30:00,48.73506546020508
2025-11-06 14:00:00,34.635405242443085
2025-11-06 14:30:00,52.43760704994202
2025-11-06 15:00:00,41.79648831486702
2025-11-06 15:30:00,42.93644741177559
2025-11-06 16:00:00,64.95752990245819
2025-11-06 16:30:00,49.59926575422287
2025-11-06 17:00:00,69.14958655834198
2025-11-06 17:30:00,53.00879240036011
2025-11-06 18:00:00,47.03457564115524
2025-11-06 18:30:00,42.097224444150925
2025-11-06 19:00:00,80.28845071792603
2025-11-06 19:30:00,51.396716237068176
2025-11-06 20:00:00,38.52656111121178
2025-11-06 20:30:00,37.438471764326096
2025-11-06 21:00:00,41.52048885822296
2025-11-06 21:30:00,45.58884188532829
2025-11-06 22:00:00,76.48726642131805
2025-11-06 22:30:00,50.63331186771393
2025-11-06 23:00:00,34.8010890185833
2025-11-06 23:30:00,45.210455656051636
2025-11-07 00:00:00,47.6562374830246
2025-11-07 00:30:00,45.78181326389313
2025-11-07 01:00:00,68.51741194725037
2025-11-07 01:30:00,50.68292200565338
2025-11-07 02:00:00,46.745173037052155
2025-11-07 02:30:00,57.661840319633484
2025-11-07 03:00:00,42.611633241176605
2025-11-07 03:30:00,47.48375713825226
2025-11-07 04:00:00,74.39529120922089
2025-11-07 04:30:00,50.400733947753906
2025-11-07 05:00:00,43.88904616236687
2025-11-07 05:30:00,64.24023985862732
2025-11-07 06:00:00,52.170830965042114
2025-11-07 06:30:00,71.13938271999359
2025-11-07 07:00:00,37.30996772646904
2025-11-07 07:30:00,55.76129376888275
2025-11-07 08:00:00,71.01852893829346
2025-11-07 08:30:00,36.21752381324768
2025-11-07 09:00:00,56.293285489082336
2025-11-07 09:30:00,44.84823629260063
2025-11-07 10:00:00,46.961551159620285
2025-11-07 10:30:00,60.35951316356659
2025-11-07 11:00:00,55.80614149570465
2025-11-07 11:30:00,52.22765564918518
2025-11-07 12:00:00,37.04848349094391
2025-11-07 12:30:00,40.24047687649727
2025-11-07 13:00:00,52.09693253040314
2025-11-07 13:30:00,48.73413324356079
2025-11-07 14:00:00,61.16752713918686
2025-11-07 14:30:00,49.91186738014221
2025-11-07 15:00:00,46.32577687501907
2025-11-07 15:30:00,44.23369526863098
2025-11-07 16:00:00,47.12588980793953
2025-11-07 16:30:00,67.7888947725296
2025-11-07 17:00:00,57.68129527568817
2025-11-07 17:30:00,29.92133766412735
2025-11-07 18:00:00,50.94166278839111
2025-11-07 18:30:00,49.97160017490387
2025-11-07 19:00:00,38.40398222208023
2025-11-07 19:30:00,50.98770618438721
2025-11-07 20:00:00,55.56228578090668
2025-11-07 20:30:00,54.5111608505249
2025-11-07 21:00:00,55.95935940742493
2025-11-07 21:30:00,38.02309066057205
2025-11-07 22:00:00,56.223379373550415
2025-11-07 22:30:00,62.93860197067261
2025-11-07 23:00:00,49.48270320892334
2025-11-07 23:30:00,58.89349102973938
2025-11-08 00:00:00,35.44359400868416
2025-11-08 00:30:00,37.75920242071152
2025-11-08 01:00:00,41.93407133221626
2025-11-08 01:30:00,60.89436233043671
2025-11-08 02:00:00,31.7771378159523
2025-11-08 02:30:00,65.47034025192261
2025-11-08 03:00:00,38.880441188812256
2025-11-08 03:30:00,54.22863841056824
2025-11-08 04:00:00,48.30205589532852
2025-11-08 04:30:00,53.655163049697876
2025-11-08 05:00:00,34.26602452993393
2025-11-08 05:30:00,36.00506454706192
2025-11-08 06:00:00,31.363003104925156
2025-11-08 06:30:00,50.30190885066986
2025-11-08 07:00:00,56.315450966358185
2025-11-08 07:30:00,65.20869135856628
2025-11-08 08:00:00,74.55973625183105
2025-11-08 08:30:00,39.18250471353531
2025-11-08 09:00:00,50.15363574028015
2025-11-08 09:30:00,79.78699922561646
2025-11-08 10:00:00,62.82015472650528
2025-11-08 10:30:00,32.82658323645592
2025-11-08 11:00:00,42.83294603228569
2025-11-08 11:30:00,61.588762402534485
2025-11-08 12:00:00,59.94957089424133
2025-11-08 12:30:00,60.20309329032898
2025-11-08 13:00:00,46.29539117217064
2025-11-08 13:30:00,71.9729870557785
2025-11-08 14:00:00,35.28736412525177
2025-11-08 14:30:00,48.18278789520264
2025-11-08 15:00:00,46.96460619568825
2025-11-08 15:30:00,71.09047174453735
2025-11-08 16:00:00,54.892417192459106
2025-11-08 16:30:00,81.05552315711975
2025-11-08 17:00:00,46.27289637923241
2025-11-08 17:30:00,65.73770403862
2025-11-08 18:00:00,40.96537411212921
2025-11-08 18:30:00,59.6330326795578
2025-11-08 19:00:00,43.91013249754906
2025-11-08 19:30:00,53.887198865413666
2025-11-08 20:00:00,42.68509089946747
2025-11-08 20:30:00,61.99585735797882
2025-11-08 21:00:00,51.622723042964935
2025-11-08 21:30:00,42.28629723191261
2025-11-08 22:00:00,62.90742337703705
2025-11-08 22:30:00,68.4028708934784
2025-11-08 23:00:00,61.350165605545044
2025-11-08 23:30:00,73.91290962696075
2025-11-09 00:00:00,42.14559078216553
2025-11-09 00:30:00,43.57748061418533
2025-11-09 01:00:00,35.089273154735565
2025-11-09 01:30:00,62.09503710269928
2025-11-09 02:00:00,53.92310440540314
2025-11-09 02:30:00,46.120532155036926
2025-11-09 03:00:00,64.46785271167755
2025-11-09 03:30:00,43.80994960665703
2025-11-09 04:00:00,40.432455241680145
2025-11-09 04:30:00,38.74439835548401
2025-11-09 05:00:00,52.89314687252045
2025-11-09 05:30:00,46.211299151182175
2025-11-09 06:00:00,26.886035203933716
2025-11-09 06:30:00,55.34723252058029
2025-11-09 07:00:00,62.25539356470108
2025-11-09 07:30:00,56.577003598213196
2025-11-09 08:00:00,47.31317415833473
2025-11-09 08:30:00,82.18375861644745
2025-11-09 09:00:00,59.863426983356476
2025-11-09 09:30:00,52.51370429992676
2025-11-09 10:00:00,46.264379769563675
2025-11-09 10:30:00,41.766008883714676
2025-11-09 11:00:00,65.8392345905304
2025-11-09 11:30:00,57.20358490943909
2025-11-09 12:00:00,51.626041531562805
2025-11-09 12:30:00,37.00522407889366
2025-11-09 13:00:00,77.93825149536133
2025-11-09 13:30:00,84.61429059505463
2025-11-09 14:00:00,69.16132032871246
2025-11-09 14:30:00,53.62453669309616
2025-11-09 15:00:00,69.1826194524765
2025-11-09 15:30:00,51.49145781993866
2025-11-09 16:00:00,48.765676617622375
2025-11-09 16:30:00,61.0550582408905
2025-11-09 17:00:00,28.44639614224434
2025-11-09 17:30:00,48.079129457473755
2025-11-09 18:00:00,48.858715891838074
2025-11-09 18:30:00,32.62236952781677
2025-11-09 19:00:00,68.92798244953156
2025-11-09 19:30:00,53.254897594451904
2025-11-09 20:00:00,57.58097559213638
2025-11-09 20:30:00,37.70348221063614
2025-11-09 21:00:00,62.45490312576294
2025-11-09 21:30:00,41.60238966345787
2025-11-09 22:00:00,47.60699212551117
2025-11-09 22:30:00,43.28650236129761
2025-11-09 23:00:00,64.60622608661652
2025-11-09 23:30:00,50.10493755340576
2025-11-10 00:00:00,60.21319568157196
2025-11-10 00:30:00,33.62033784389496
2025-11-10 01:00:00,36.202532351017
2025-11-10 01:30:00,32.92903333902359
2025-11-10 02:00:00,47.919117510318756
2025-11-10 02:30:00,54.433189034461975
2025-11-10 03:00:00,49.66247916221619
2025-11-10 03:30:00,45.11662095785141
2025-11-10 04:00:00,59.70651566982269
2025-11-10 04:30:00,61.960240602493286
2025-11-10 05:00:00,41.706445813179016
2025-11-10 05:30:00,35.58053359389305
2025-11-10 06:00:00,77.71022319793701
2025-11-10 06:30:00,47.63594150543213
2025-11-10 07:00:00,49.75054323673248
2025-11-10 07:30:00,47.65819311141968
2025-11-10 08:00:00,68.38291943073273
2025-11-10 08:30:00,37.73652523756027
2025-11-10 09:00:00,49.40233498811722
2025-11-10 09:30:00,58.233532309532166
2025-11-10 10:00:00,50.98082095384598
2025-11-10 10:30:00,57.20913767814636
2025-11-10 11:00:00,60.28747409582138
2025-11-10 11:30:00,81.41566276550293
2025-11-10 12:00:00,59.10580337047577
2025-11-10 12:30:00,42.260514348745346
2025-11-10 13:00:00,55.248594880104065
2025-11-10 13:30:00,32.35573276877403
2025-11-10 14:00:00,34.372054040431976
2025-11-10 14:30:00,49.842214584350586
2025-11-10 15:00:00,56.7663449048996
2025-11-10 15:30:00,57.25340276956558
2025-11-10 16:00:00,39.711051285266876
2025-11-10 16:30:00,16.29542589187622
2025-11-10 17:00:00,41.57604694366455
2025-11-10 17:30:00,32.63267457485199
2025-11-10 18:00:00,31.751010417938232
2025-11-10 18:30:00,54.72971498966217
2025-11-10 19:00:00,26.897510588169098
2025-11-10 19:30:00,66.40581965446472
2025-11-10 20:00:00,48.3059823513031
2025-11-10 20:30:00,81.09377443790436
2025-11-10 21:00:00,46.50072202086449
2025-11-10 21:30:00,40.89063972234726
2025-11-10 22:00:00,59.329596161842346
2025-11-10 22:30:00,41.70001149177551
2025-11-10 23:00:00,57.4258679151535
2025-11-10 23:30:00,58.355976939201355
2025-11-11 00:00:00,26.53819426894188
2025-11-11 00:30:00,29.912157356739044
2025-11-11 01:00:00,51.02410316467285
2025-11-11 01:30:00,55.06996393203735
2025-11-11 02:00:00,54.240453243255615
2025-11-11 02:30:00,62.93120503425598
2025-11-11 03:00:00,39.233979284763336
2025-11-11 03:30:00,79.9428516626358
2025-11-11 04:00:00,40.735691636800766
2025-11-11 04:30:00,58.59330713748932
2025-11-11 05:00:00,76.99333846569061
2025-11-11 05:30:00,81.08358085155487
2025-11-11 06:00:00,62.25034236907959
2025-11-11 06:30:00,48.26666712760925
2025-11-11 07:00:00,66.33052289485931
2025-11-11 07:30:00,42.83676356077194
2025-11-11 08:00:00,40.72710409760475
2025-11-11 08:30:00,36.165243685245514
2025-11-11 09:00:00,49.125740230083466
2025-11-11 09:30:00,44.53604504466057
2025-11-11 10:00:00,57.30841875076294
2025-11-11 10:30:00,47.96992838382721
2025-11-11 11:00:00,63.071686029434204
2025-11-11 11:30:00,64.01244461536407
2025-11-11 12:00:00,37.11245432496071
2025-11-11 12:30:00,43.93268555402756
2025-11-11 13:00:00,42.38465115427971
2025-11-11 13:30:00,42.3614875972271
2025-11-11 14:00:00,66.75865352153778
2025-11-11 14:30:00,33.6337485909462
2025-11-11 15:00:00,53.14378648996353
2025-11-11 15:30:00,61.523375511169434
2025-11-11 16:00:00,35.39371281862259
2025-11-11 16:30:00,50.06399095058441
2025-11-11 17:00:00,48.95702928304672
2025-11-11 17:30:00,50.20699501037598
2025-11-11 18:00:00,43.54617536067963
2025-11-11 18:30:00,40.72064697742462
2025-11-11 19:00:00,59.24443006515503
2025-11-11 19:30:00,70.40258705615997
2025-11-11 20:00:00,71.50205552577972
2025-11-11 20:30:00,65.08442282676697
2025-11-11 21:00:00,33.86038362979889
2025-11-11 21:30:00,50.10715663433075
2025-11-11 22:00:00,51.62385284900665
2025-11-11 22:30:00,56.40929579734802
2025-11-11 23:00:00,53.03303003311157
2025-11-11 23:30:00,42.62710854411125
2025-11-12 00:00:00,45.49718827009201
2025-11-12 00:30:00,57.095407247543335
2025-11-12 01:00:00,34.81445923447609
2025-11-12 01:30:00,55.96803307533264
2025-11-12 02:00:00,32.21718966960907
2025-11-12 02:30:00,40.52598088979721
2025-11-12 03:00:00,37.64470189809799
2025-11-12 03:30:00,62.12049067020416
2025-11-12 04:00:00,48.621578216552734
2025-11-12 04:30:00,69.29439425468445
2025-11-12 05:00:00,67.88077890872955
2025-11-12 05:30:00,46.737489849328995
2025-11-12 06:00:00,47.67170011997223
2025-11-12 06:30:00,47.44326904416084
2025-11-12 07:00:00,55.99290907382965
2025-11-12 07:30:00,55.315866470336914
2025-11-12 08:00:00,49.490870237350464
2025-11-12 08:30:00,59.266276359558105
2025-11-12 09:00:00,67.02979683876038
2025-11-12 09:30:00,45.96460625529289
2025-11-12 10:00:00,64.01009380817413
2025-11-12 10:30:00,60.58417230844498
2025-11-12 11:00:00,51.410881876945496
2025-11-12 11:30:00,46.95549935102463
2025-11-12 12:00:00,65.43621301651001
2025-11-12 12:30:00,62.607315480709076
2025-11-12 13:00:00,33.586856573820114
2025-11-12 13:30:00,50.924943685531616
2025-11-12 14:00:00,53.748597502708435
2025-11-12 14:30:00,58.10312330722809
2025-11-12 15:00:00,39.20559734106064
2025-11-12 15:30:00,41.80159017443657
2025-11-12 16:00:00,42.478898763656616
2025-11-12 16:30:00,66.89770579338074
2025-11-12 17:00:00,47.215453535318375
2025-11-12 17:30:00,80.3320723772049
2025-11-12 18:00:00,45.47616273164749
2025-11-12 18:30:00,27.357620298862457
2025-11-12 19:00:00,41.3196924328804
2025-11-12 19:30:00,35.585807710886
2025-11-12 20:00:00,62.46533989906311
2025-11-12 20:30:00,47.50679910182953
2025-11-12 21:00:00,55.56425154209137
2025-11-12 21:30:00,62.09232658147812
2025-11-12 22:00:00,33.82244139909744
2025-11-12 22:30:00,81.55285060405731
2025-11-12 23:00:00,55.37864416837692
2025-11-12 23:30:00,38.119608014822006
2025-11-13 00:00:00,51.79447889328003
2025-11-13 00:30:00,40.44507563114166
2025-11-13 01:00:00,54.52317327260971
2025-11-13 01:30:00,42.37087309360504
2025-11-13 02:00:00,46.66219815611839
2025-11-13 02:30:00,54.00596022605896
2025-11-13 03:00:00,32.64256924390793
2025-11-13 03:30:00,36.778019070625305
2025-11-13 04:00:00,45.53092285990715
2025-11-13 04:30:00,41.40624925494194
2025-11-13 05:00:00,24.23432469367981
2025-11-13 05:30:00,40.75173944234848
2025-11-13 06:00:00,43.357632011175156
2025-11-13 06:30:00,53.269346952438354
2025-11-13 07:00:00,53.69501531124115
2025-11-13 07:30:00,52.06514596939087
2025-11-13 08:00:00,72.11578845977783
2025-11-13 08:30:00,42.20855847001076
2025-11-13 09:00:00,46.630583852529526
2025-11-13 09:30:00,57.5645250082016
2025-11-13 10:00:00,37.69319236278534
2025-11-13 10:30:00,45.19940331578255
2025-11-13 11:00:00,31.841465830802917
2025-11-13 11:30:00,34.70844492316246
2025-11-13 12:00:00,51.34988248348236
2025-11-13 12:30:00,48.07292819023132
2025-11-13 13:00:00,35.438352823257446
2025-11-13 13:30:00,41.7724584043026
2025-11-13 14:00:00,50.669952034950256
2025-11-13 14:30:00,60.499781370162964
2025-11-13 15:00:00,45.51829233765602
2025-11-13 15:30:00,51.769521832466125
2025-11-13 16:00:00,42.472132593393326
2025-11-13 16:30:00,71.11612796783447
2025-11-13 17:00:00,45.213498026132584
2025-11-13 17:30:00,72.2716611623764
2025-11-13 18:00:00,45.36921367049217
2025-11-13 18:30:00,68.88999462127686
2025-11-13 19:00:00,56.824679374694824
2025-11-13 19:30:00,69.34498727321625
2025-11-13 20:00:00,59.24129903316498
2025-11-13 20:30:00,54.877005219459534
2025-11-13 21:00:00,65.65772593021393
2025-11-13 21:30:00,40.490191876888275
2025-11-13 22:00:00,33.98432791233063
2025-11-13 22:30:00,68.04784834384918
2025-11-13 23:00:00,52.36002027988434
2025-11-13 23:30:00,48.48908185958862
2025-11-14 00:00:00,37.41196691989899
2025-11-14 00:30:00,53.113494515419006
2025-11-14 01:00:00,43.84844660758972
2025-11-14 01:30:00,42.97072157263756
2025-11-14 02:00:00,53.66556942462921
2025-11-14 02:30:00,46.811433881521225
2025-11-14 03:00:00,62.6794558763504
2025-11-14 03:30:00,47.716861963272095
2025-11-14 04:00:00,63.73596131801605
2025-11-14 04:30:00,60.34658372402191
2025-11-14 05:00:00,66.72847807407379
2025-11-14 05:30:00,42.66300395131111
2025-11-14 06:00:00,44.74431186914444
2025-11-14 06:30:00,26.0993330180645
2025-11-14 07:00:00,55.539740324020386
2025-11-14 07:30:00,51.08729124069214
2025-11-14 08:00:00,43.714701384305954
2025-11-14 08:30:00,34.75370556116104
2025-11-14 09:00:00,57.571810483932495
2025-11-14 09:30:00,63.138076066970825
2025-11-14 10:00:00,32.847993820905685
2025-11-14 10:30:00,39.08707156777382
2025-11-14 11:00:00,45.56653454899788
2025-11-14 11:30:00,51.311246156692505
2025-11-14 12:00:00,79.37282145023346
2025-11-14 12:30:00,59.17385011911392
2025-11-14 13:00:00,43.65302309393883
2025-11-14 13:30:00,29.04227763414383
2025-11-14 14:00:00,52.63795256614685
2025-11-14 14:30:00,47.46357008814812
2025-11-14 15:00:00,78.25458705425262
2025-11-14 15:30:00,46.47084295749664
2025-11-14 16:00:00,48.43350350856781
2025-11-14 16:30:00,38.55340287089348
2025-11-14 17:00:00,66.32199108600616
2025-11-14 17:30:00,67.13474214076996
2025-11-14 18:00:00,27.590745389461517
2025-11-14 18:30:00,21.896443143486977
2025-11-14 19:00:00,16.32544681429863
2025-11-14 19:30:00,46.89099654555321
2025-11-14 20:00:00,57.16978192329407
2025-11-14 20:30:00,57.40655481815338
2025-11-14 21:00:00,57.406078577041626
2025-11-14 21:30:00,35.29163256287575
2025-11-14 22:00:00,51.93929672241211
2025-11-14 22:30:00,49.29011940956116
2025-11-14 23:00:00,59.37865912914276
2025-11-14 23:30:00,59.67180073261261
2025-11-15 00:00:00,43.867453187704086
2025-11-15 00:30:00,59.24538254737854
2025-11-15 01:00:00,49.68488276004791
2025-11-15 01:30:00,44.237669855356216
2025-11-15 02:00:00,38.50953549146652
2025-11-15 02:30:00,43.03084954619408
2025-11-15 03:00:00,59.89906907081604
2025-11-15 03:30:00,54.32121157646179
2025-11-15 04:00:00,50.613937973976135
2025-11-15 04:30:00,39.52840268611908
2025-11-15 05:00:00,51.81722700595856
2025-11-15 05:30:00,47.873514890670776
2025-11-15 06:00:00,56.05243921279907
2025-11-15 06:30:00,45.62574803829193
2025-11-15 07:00:00,41.51807725429535
2025-11-15 07:30:00,36.52500584721565
2025-11-15 08:00:00,40.34893572330475
2025-11-15 08:30:00,47.092314809560776
2025-11-15 09:00:00,45.549706518650055
2025-11-15 09:30:00,66.45427465438843
2025-11-15 10:00:00,71.33257448673248
2025-11-15 10:30:00,52.030258774757385
2025-11-15 11:00:00,60.316813588142395
2025-11-15 11:30:00,47.41557613015175
2025-11-15 12:00:00,35.97468137741089
2025-11-15 12:30:00,48.45800459384918
2025-11-15 13:00:00,54.16970610618591
2025-11-15 13:30:00,49.95505332946777
2025-11-15 14:00:00,72.26015031337738
2025-11-15 14:30:00,66.75546169281006
2025-11-15 15:00:00,74.98077392578125
2025-11-15 15:30:00,54.438772201538086
2025-11-15 16:00:00,56.542349457740784
2025-11-15 16:30:00,40.39064735174179
2025-11-15 17:00:00,45.90563341975212
2025-11-15 17:30:00,47.24572777748108
2025-11-15 18:00:00,56.84022307395935
2025-11-15 18:30:00,59.162121415138245
2025-11-15 19:00:00,54.42745894193649
2025-11-15 19:30:00,63.24074149131775
2025-11-15 20:00:00,56.65516287088394
2025-11-15 20:30:00,48.810747265815735
2025-11-15 21:00:00,38.39082479476929
2025-11-15 21:30:00,47.89847195148468
2025-11-15 22:00:00,81.20298564434052
2025-11-15 22:30:00,42.54442751407623
2025-11-15 23:00:00,48.60860824584961
2025-11-15 23:30:00,68.76627326011658
2025-11-16 00:00:00,43.556943982839584
2025-11-16 00:30:00,55.154370069503784
2025-11-16 01:00:00,66.35936081409454
2025-11-16 01:30:00,59.202845096588135
2025-11-16 02:00:00,57.441056966781616
2025-11-16 02:30:00,39.06105309724808
2025-11-16 03:00:00,39.95056509971619
2025-11-16 03:30:00,69.80382025241852
2025-11-16 04:00:00,58.603044748306274
2025-11-16 04:30:00,53.60337436199188
2025-11-16 05:00:00,80.53186058998108
2025-11-16 05:30:00,38.41018095612526
2025-11-16 06:00:00,60.36462515592575
2025-11-16 06:30:00,73.52977871894836
2025-11-16 07:00:00,53.346224427223206
2025-11-16 07:30:00,53.54566305875778
2025-11-16 08:00:00,54.80001628398895
2025-11-16 08:30:00,70.32299399375916
2025-11-16 09:00:00,59.045224487781525
2025-11-16 09:30:00,73.83202970027924
2025-11-16 10:00:00,53.96006882190704
2025-11-16 10:30:00,50.4215669631958
2025-11-16 11:00:00,46.78343951702118
2025-11-16 11:30:00,60.76005220413208
2025-11-16 12:00:00,70.75536012649536
2025-11-16 12:30:00,53.80531072616577
2025-11-16 13:00:00,76.14391684532166
2025-11-16 13:30:00,62.563881278038025
2025-11-16 14:00:00,59.76406991481781
2025-11-16 14:30:00,52.80637472867966
2025-11-16 15:00:00,32.88494557142258
2025-11-16 15:30:00,57.66144007444382
2025-11-16 16:00:00,70.20809829235077
2025-11-16 16:30:00,73.35181653499603
2025-11-16 17:00:00,45.72857812047005
2025-11-16 17:30:00,58.10075223445892
2025-11-16 18:00:00,47.59919494390488
2025-11-16 18:30:00,59.863452315330505
2025-11-16 19:00:00,73.58395874500275
2025-11-16 19:30:00,39.15518671274185
2025-11-16 20:00:00,56.66540205478668
2025-11-16 20:30:00,66.60267949104309
2025-11-16 21:00:00,33.59792411327362
2025-11-16 21:30:00,53.54543000459671
2025-11-16 22:00:00,51.423375606536865
2025-11-16 22:30:00,57.57006764411926
2025-11-16 23:00:00,58.33336055278778
2025-11-16 23:30:00,68.71056318283081
2025-11-17 00:00:00,25.629076585173607
2025-11-17 00:30:00,40.06433606147766
2025-11-17 01:00:00,66.67031586170197
2025-11-17 01:30:00,48.09379160404205
2025-11-17 02:00:00,52.99395799636841
2025-11-17 02:30:00,51.47735297679901
2025-11-17 03:00:00,67.77190208435059
2025-11-17 03:30:00,47.42264375090599
2025-11-17 04:00:00,65.66110014915466
2025-11-17 04:30:00,40.820971727371216
2025-11-17 05:00:00,53.596722185611725
2025-11-17 05:30:00,38.82663607597351
2025-11-17 06:00:00,47.896263003349304
2025-11-17 06:30:00,50.73034346103668
2025-11-17 07:00:00,47.30147585272789
2025-11-17 07:30:00,53.932938277721405
2025-11-17 08:00:00,46.58299520611763
2025-11-17 08:30:00,30.115671902894974
2025-11-17 09:00:00,55.06882905960083
2025-11-17 09:30:00,58.10906112194061
2025-11-17 10:00:00,50.25588572025299
2025-11-17 10:30:00,32.09188252687454
2025-11-17 11:00:00,40.96290171146393
2025-11-17 11:30:00,60.023155212402344
2025-11-17 12:00:00,50.59823215007782
2025-11-17 12:30:00,38.60854551196098
2025-11-17 13:00:00,76.15202307701111
2025-11-17 13:30:00,53.65773171186447
2025-11-17 14:00:00,41.03592872619629
2025-11-17 14:30:00,45.813779681921005
2025-11-17 15:00:00,53.69707226753235
2025-11-17 15:30:00,46.365403681993484
2025-11-17 16:00:00,49.48665499687195
2025-11-17 16:30:00,72.34102010726929
2025-11-17 17:00:00,31.18115246295929
2025-11-17 17:30:00,50.920981764793396
2025-11-17 18:00:00,66.3233995437622
2025-11-17 18:30:00,53.04714500904083
2025-11-17 19:00:00,67.84004509449005
2025-11-17 19:30:00,65.6159383058548
2025-11-17 20:00:00,52.56614148616791
2025-11-17 20:30:00,55.58333158493042
2025-11-17 21:00:00,38.958653658628464
2025-11-17 21:30:00,33.74648600816727
2025-11-17 22:00:00,55.39251089096069
2025-11-17 22:30:00,52.37964242696762
2025-11-17 23:00:00,53.15556585788727
2025-11-17 23:30:00,56.465542912483215
2025-11-18 00:00:00,37.410515397787094
2025-11-18 00:30:00,46.937445253133774
2025-11-18 01:00:00,48.77597153186798
2025-11-18 01:30:00,31.73399493098259
2025-11-18 02:00:00,44.75895881652832
2025-11-18 02:30:00,45.24894252419472
2025-11-18 03:00:00,45.75896888971329
2025-11-18 03:30:00,51.614935994148254
2025-11-18 04:00:00,61.982603669166565
2025-11-18 04:30:00,57.643104791641235
2025-11-18 05:00:00,53.52744936943054
2025-11-18 05:30:00,62.795719504356384
2025-11-18 06:00:00,46.41272634267807
2025-11-18 06:30:00,86.21206939220428
2025-11-18 07:00:00,78.15868020057678
2025-11-18 07:30:00,42.97546625137329
2025-11-18 08:00:00,64.88759338855743
2025-11-18 08:30:00,62.289029359817505
2025-11-18 09:00:00,49.902899861335754
2025-11-18 09:30:00,66.80972278118134
2025-11-18 10:00:00,53.684026300907135
2025-11-18 10:30:00,59.78709161281586
2025-11-18 11:00:00,47.50182390213013
2025-11-18 11:30:00,44.60289612412453
2025-11-18 12:00:00,71.71079099178314
2025-11-18 12:30:00,84.42631721496582
2025-11-18 13:00:00,41.190398037433624
2025-11-18 13:30:00,52.28946566581726
2025-11-18 14:00:00,73.87241899967194
2025-11-18 14:30:00,51.00628972053528
2025-11-18 15:00:00,48.0816575884819
2025-11-18 15:30:00,49.04324412345886
2025-11-18 16:00:00,35.814717561006546
2025-11-18 16:30:00,42.3172453045845
2025-11-18 17:00:00,47.977487444877625
2025-11-18 17:30:00,45.73876664042473
2025-11-18 18:00:00,52.79611527919769
2025-11-18 18:30:00,55.100382566452026
2025-11-18 19:00:00,50.879862904548645
2025-11-18 19:30:00,68.25451672077179
2025-11-18 20:00:00,51.48193299770355
2025-11-18 20:30:00,42.78548404574394
2025-11-18 21:00:00,44.68544289469719
2025-11-18 21:30:00,41.886979192495346
2025-11-18 22:00:00,46.82635948061943
2025-11-18 22:30:00,18.721146062016487
2025-11-18 23:00:00,43.05286556482315
2025-11-18 23:30:00,46.17372676730156
2025-11-19 00:00:00,47.8844228386879
2025-11-19 00:30:00,29.970666617155075
2025-11-19 01:00:00,35.5803208053112
2025-11-19 01:30:00,37.553164809942245
2025-11-19 02:00:00,45.96088498830795
2025-11-19 02:30:00,41.281200498342514
2025-11-19 03:00:00,43.57820764183998
2025-11-19 03:30:00,50.903350710868835
2025-11-19 04:00:00,49.46807146072388
2025-11-19 04:30:00,68.11928451061249
2025-11-19 05:00:00,51.412330865859985
2025-11-19 05:30:00,40.58334767818451
2025-11-19 06:00:00,31.43329679965973
2025-11-19 06:30:00,47.003759294748306
2025-11-19 07:00:00,64.0649425983429
2025-11-19 07:30:00,62.73507475852966
2025-11-19 08:00:00,71.1417943239212
2025-11-19 08:30:00,33.90307813882828
2025-11-19 09:00:00,35.21156072616577
2025-11-19 09:30:00,41.31320998072624
2025-11-19 10:00:00,35.76792687177658
2025-11-19 10:30:00,53.28227639198303
2025-11-19 11:00:00,64.31170642375946
2025-11-19 11:30:00,26.311728954315186
2025-11-19 12:00:00,34.00480628013611
2025-11-19 12:30:00,59.10450637340546
2025-11-19 13:00:00,47.40557253360748
2025-11-19 13:30:00,59.520006477832794
2025-11-19 14:00:00,63.03973734378815
2025-11-19 14:30:00,70.90895295143127
2025-11-19 15:00:00,42.49546334147453
2025-11-19 15:30:00,50.51042139530182
2025-11-19 16:00:00,46.98998376727104
2025-11-19 16:30:00,44.90853399038315
2025-11-19 17:00:00,42.41976633667946
2025-11-19 17:30:00,41.39368459582329
2025-11-19 18:00:00,54.8567396402359
2025-11-19 18:30:00,46.825908571481705
2025-11-19 19:00:00,70.26971578598022
2025-11-19 19:30:00,70.79888045787811
2025-11-19 20:00:00,45.44284865260124
2025-11-19 20:30:00,83.40917766094208
2025-11-19 21:00:00,60.97315490245819
2025-11-19 21:30:00,30.623220801353455
2025-11-19 22:00:00,30.424911975860596
2025-11-19 22:30:00,62.36875921487808
2025-11-19 23:00:00,45.38222670555115
2025-11-19 23:30:00,51.528386771678925
2025-11-20 00:00:00,61.168013513088226
2025-11-20 00:30:00,38.514905869960785
2025-11-20 01:00:00,34.221574515104294
2025-11-20 01:30:00,59.91306245326996
2025-11-20 02:00:00,56.838014125823975
2025-11-20 02:30:00,47.58819580078125
2025-11-20 03:00:00,59.67780441045761
2025-11-20 03:30:00,60.62601059675217
2025-11-20 04:00:00,33.4734833240509
2025-11-20 04:30:00,57.46613562107086
2025-11-20 05:00:00,45.65845414996147
2025-11-20 05:30:00,19.85189825296402
2025-11-20 06:00:00,38.604687452316284
2025-11-20 06:30:00,61.794995069503784
2025-11-20 07:00:00,66.32927656173706
2025-11-20 07:30:00,74.57959651947021
2025-11-20 08:00:00,57.66010761260986
2025-11-20 08:30:00,73.03892612457275
2025-11-20 09:00:00,62.08985924720764
2025-11-20 09:30:00,75.99326252937317
2025-11-20 10:00:00,51.910651326179504
2025-11-20 10:30:00,62.73633122444153
2025-11-20 11:00:00,38.33664730191231
2025-11-20 11:30:00,60.62571167945862
2025-11-20 12:00:00,66.47700250148773
2025-11-20 12:30:00,49.06773507595062
2025-11-20 13:00:00,50.23118197917938
2025-11-20 13:30:00,51.39997899532318
2025-11-20 14:00:00,66.54957354068756
2025-11-20 14:30:00,51.621907353401184
2025-11-20 15:00:00,62.84656584262848
2025-11-20 15:30:00,62.08851158618927
2025-11-20 16:00:00,52.59380906820297
2025-11-20 16:30:00,53.30348938703537
2025-11-20 17:00:00,70.96414625644684
2025-11-20 17:30:00,51.97227895259857
2025-11-20 18:00:00,52.044029235839844
2025-11-20 18:30:00,41.825262904167175
2025-11-20 19:00:00,41.78473174571991
2025-11-20 19:30:00,54.587207436561584
2025-11-20 20:00:00,56.906906962394714
2025-11-20 20:30:00,61.97901666164398
2025-11-20 21:00:00,56.705279648303986
2025-11-20 21:30:00,63.5240238904953
2025-11-20 22:00:00,35.765880048274994
2025-11-20 22:30:00,44.02444303035736
2025-11-20 23:00:00,59.7199821472168
2025-11-20 23:30:00,66.61481857299805
2025-11-21 00:00:00,44.18417125940323
2025-11-21 00:30:00,51.58586502075195
2025-11-21 01:00:00,47.76699900627136
2025-11-21 01:30:00,67.30930984020233
2025-11-21 02:00:00,75.43070018291473
2025-11-21 02:30:00,48.249603509902954
2025-11-21 03:00:00,50.00689774751663
2025-11-21 03:30:00,35.286913216114044
2025-11-21 04:00:00,43.08901682496071
2025-11-21 04:30:00,64.86796617507935
2025-11-21 05:00:00,55.448524951934814
2025-11-21 05:30:00,68.20810854434967
2025-11-21 06:00:00,84.32050049304962
2025-11-21 06:30:00,44.60240975022316
2025-11-21 07:00:00,47.926636040210724
2025-11-21 07:30:00,32.75609701871872
2025-11-21 08:00:00,56.80662274360657
2025-11-21 08:30:00,50.7886677980423
2025-11-21 09:00:00,44.0423122048378
2025-11-21 09:30:00,44.52854171395302
2025-11-21 10:00:00,45.25652691721916
2025-11-21 10:30:00,62.07443714141846
2025-11-21 11:00:00,50.41955053806305
2025-11-21 11:30:00,65.28337001800537
2025-11-21 12:00:00,59.844311475753784
2025-11-21 12:30:00,74.24028992652893
2025-11-21 13:00:00,56.85646593570709
2025-11-21 13:30:00,79.92031633853912
2025-11-21 14:00:00,63.83489787578583
2025-11-21 14:30:00,58.988637924194336
2025-11-21 15:00:00,58.99040102958679
2025-11-21 15:30:00,78.11258614063263
2025-11-21 16:00:00,37.222093641757965
2025-11-21 16:30:00,49.93807077407837
2025-11-21 17:00:00,69.62073087692261
2025-11-21 17:30:00,65.3501045703888
2025-11-21 18:00:00,45.790112018585205
2025-11-21 18:30:00,43.752674013376236
2025-11-21 19:00:00,52.056259512901306
2025-11-21 19:30:00,38.14740478992462
2025-11-21 20:00:00,56.42185032367706
2025-11-21 20:30:00,25.373155251145363
2025-11-21 21:00:00,52.39883899688721
2025-11-21 21:30:00,56.97561740875244
2025-11-21 22:00:00,41.09734356403351
2025-11-21 22:30:00,56.0660982131958
2025-11-21 23:00:00,29.370909333229065
2025-11-21 23:30:00,50.49359083175659
2025-11-22 00:00:00,59.4766229391098
2025-11-22 00:30:00,54.413602352142334
2025-11-22 01:00:00,56.020206809043884
2025-11-22 01:30:00,61.5046501159668
2025-11-22 02:00:00,66.0050880908966
2025-11-22 02:30:00,69.55670177936554
2025-11-22 03:00:00,47.777729630470276
2025-11-22 03:30:00,63.247804045677185
2025-11-22 04:00:00,47.22204238176346
2025-11-22 04:30:00,59.06169533729553
2025-11-22 05:00:00,32.575979083776474
2025-11-22 05:30:00,49.82254683971405
2025-11-22 06:00:00,34.27880197763443
2025-11-22 06:30:00,37.45047152042389
2025-11-22 07:00:00,41.58119440078735
2025-11-22 07:30:00,62.57831037044525
2025-11-22 08:00:00,38.34700807929039
2025-11-22 08:30:00,50.22677928209305
2025-11-22 09:00:00,40.443284660577774
2025-11-22 09:30:00,47.20489263534546
2025-11-22 10:00:00,50.0418558716774
2025-11-22 10:30:00,46.31380498409271
2025-11-22 11:00:00,57.39243984222412
2025-11-22 11:30:00,61.39207482337952
2025-11-22 12:00:00,58.32581162452698
2025-11-22 12:30:00,17.13665261864662
2025-11-22 13:00:00,51.461201310157776
2025-11-22 13:30:00,35.23412138223648
2025-11-22 14:00:00,44.06087547540665
2025-11-22 14:30:00,55.83683371543884
2025-11-22 15:00:00,38.61634016036987
2025-11-22 15:30:00,34.9030527472496
2025-11-22 16:00:00,60.463414788246155
2025-11-22 16:30:00,46.764458268880844
2025-11-22 17:00:00,38.891683518886566
2025-11-22 17:30:00,44.913711845874786
2025-11-22 18:00:00,42.39007726311684
2025-11-22 18:30:00,45.92087313532829
2025-11-22 19:00:00,51.179043650627136
2025-11-22 19:30:00,32.60417103767395
2025-11-22 20:00:00,50.762819051742554
2025-11-22 20:30:00,52.76470363140106
2025-11-22 21:00:00,50.39971053600311
2025-11-22 21:30:00,54.65537071228027
2025-11-22 22:00:00,44.87445995211601
2025-11-22 22:30:00,54.428558349609375
2025-11-22 23:00:00,80.4519635438919
2025-11-22 23:30:00,53.277964890003204
2025-11-23 00:00:00,36.60286620259285
2025-11-23 00:30:00,59.7332763671875
2025-11-23 01:00:00,42.66101285815239
2025-11-23 01:30:00,54.75627303123474
2025-11-23 02:00:00,35.3073713183403
2025-11-23 02:30:00,67.06935524940491
2025-11-23 03:00:00,49.920753836631775
2025-11-23 03:30:00,43.82404938340187
2025-11-23 04:00:00,57.28095889091492
2025-11-23 04:30:00,70.51867842674255
2025-11-23 05:00:00,53.83439689874649
2025-11-23 05:30:00,60.60195028781891
2025-11-23 06:00:00,54.41572517156601
2025-11-23 06:30:00,42.00580641627312
2025-11-23 07:00:00,46.41868695616722
2025-11-23 07:30:00,35.47185182571411
2025-11-23 08:00:00,47.29023605585098
2025-11-23 08:30:00,42.360388189554214
2025-11-23 09:00:00,41.181873828172684
2025-11-23 09:30:00,69.42643463611603
2025-11-23 10:00:00,41.05072766542435
2025-11-23 10:30:00,46.14099279046059
2025-11-23 11:00:00,58.61887216567993
2025-11-23 11:30:00,49.357527792453766
2025-11-23 12:00:00,64.3690276145935
2025-11-23 12:30:00,46.89975634217262
2025-11-23 13:00:00,40.56967347860336
2025-11-23 13:30:00,47.876686453819275
2025-11-23 14:00:00,52.1239972114563
2025-11-23 14:30:00,42.02361732721329
2025-11-23 15:00:00,31.08368769288063
2025-11-23 15:30:00,42.22919896245003
2025-11-23 16:00:00,58.64275008440018
2025-11-23 16:30:00,55.01399040222168
2025-11-23 17:00:00,49.53666031360626
2025-11-23 17:30:00,41.99113413691521
2025-11-23 18:00:00,37.373436987400055
2025-11-23 18:30:00,29.712072759866714
2025-11-23 19:00:00,43.928584307432175
2025-11-23 19:30:00,47.54127085208893
2025-11-23 20:00:00,51.783722937107086
2025-11-23 20:30:00,51.640440225601196
2025-11-23 21:00:00,49.58038330078125
2025-11-23 21:30:00,56.005407869815826
2025-11-23 22:00:00,29.24818605184555
2025-11-23 22:30:00,47.65930265188217
2025-11-23 23:00:00,41.81134298443794
2025-11-23 23:30:00,35.33927947282791
2025-11-24 00:00:00,44.19209763407707
2025-11-24 00:30:00,44.78940784931183
2025-11-24 01:00:00,35.382845401763916
2025-11-24 01:30:00,42.92302146553993
2025-11-24 02:00:00,58.9682811498642
2025-11-24 02:30:00,47.42803692817688
2025-11-24 03:00:00,61.026291251182556
2025-11-24 03:30:00,52.526572942733765
2025-11-24 04:00:00,51.839752197265625
2025-11-24 04:30:00,34.29006204009056
2025-11-24 05:00:00,52.202962040901184
2025-11-24 05:30:00,52.705761194229126
2025-11-24 06:00:00,42.57990747690201
2025-11-24 06:30:00,53.153144121170044
2025-11-24 07:00:00,33.11569705605507
2025-11-24 07:30:00,68.43058407306671
2025-11-24 08:00:00,43.90741690993309
2025-11-24 08:30:00,47.53719747066498
2025-11-24 09:00:00,57.23990082740784
2025-11-24 09:30:00,60.37497580051422
2025-11-24 10:00:00,34.02892738580704
2025-11-24 10:30:00,50.97967088222504
2025-11-24 11:00:00,49.47827011346817
2025-11-24 11:30:00,47.5709193944931
2025-11-24 12:00:00,44.79760020971298
2025-11-24 12:30:00,57.39835739135742
2025-11-24 13:00:00,63.442657589912415
2025-11-24 13:30:00,73.72610151767731
2025-11-24 14:00:00,52.53546953201294
2025-11-24 14:30:00,46.118353605270386
2025-11-24 15:00:00,47.9201865196228
2025-11-24 15:30:00,54.21933650970459
2025-11-24 16:00:00,46.02898493409157
2025-11-24 16:30:00,70.3019380569458
2025-11-24 17:00:00,34.41599488258362
2025-11-24 17:30:00,43.79905179142952
2025-11-24 18:00:00,86.84739530086517
2025-11-24 18:30:00,63.96010875701904
2025-11-24 19:00:00,57.240164279937744
2025-11-24 19:30:00,70.10035634040833
2025-11-24 20:00:00,44.720477014780045
2025-11-24 20:30:00,71.62916123867035
2025-11-24 21:00:00,40.68106830120087
2025-11-24 21:30:00,54.8169481754303
2025-11-24 22:00:00,39.5339959859848
2025-11-24 22:30:00,46.50018498301506
2025-11-24 23:00:00,41.040564477443695
2025-11-24 23:30:00,37.37470105290413
2025-11-25 00:00:00,27.782604694366455
2025-11-25 00:30:00,58.447192311286926
2025-11-25 01:00:00,41.85638830065727
2025-11-25 01:30:00,23.526577204465866
2025-11-25 02:00:00,50.66940486431122
2025-11-25 02:30:00,39.644884169101715
2025-11-25 03:00:00,50.79499065876007
2025-11-25 03:30:00,51.68777048587799
2025-11-25 04:00:00,58.14247399568558
2025-11-25 04:30:00,63.80349636077881
2025-11-25 05:00:00,50.61680555343628
2025-11-25 05:30:00,42.55801051855087
2025-11-25 06:00:00,58.10113728046417
2025-11-25 06:30:00,62.78315484523773
2025-11-25 07:00:00,42.60023385286331
2025-11-25 07:30:00,57.78198480606079
2025-11-25 08:00:00,58.30901652574539
2025-11-25 08:30:00,40.6524583697319
2025-11-25 09:00:00,79.3821132183075
2025-11-25 09:30:00,48.95053416490555
2025-11-25 10:00:00,43.76802772283554
2025-11-25 10:30:00,40.34917131066322
2025-11-25 11:00:00,50.94877600669861
2025-11-25 11:30:00,24.816249534487724
2025-11-25 12:00:00,58.80212366580963
2025-11-25 12:30:00,55.16889035701752
2025-11-25 13:00:00,81.60630106925964
2025-11-25 13:30:00,35.67909777164459
2025-11-25 14:00:00,49.41482365131378
2025-11-25 14:30:00,29.714319705963135
2025-11-25 15:00:00,67.37446367740631
2025-11-25 15:30:00,36.315249502658844
2025-11-25 16:00:00,58.027623891830444
2025-11-25 16:30:00,78.77254486083984
2025-11-25 17:00:00,52.71962285041809
2025-11-25 17:30:00,50.53659439086914
2025-11-25 18:00:00,33.916676342487335
2025-11-25 18:30:00,48.84679973125458
2025-11-25 19:00:00,58.585869669914246
2025-11-25 19:30:00,51.67293608188629
2025-11-25 20:00:00,58.98606926202774
2025-11-25 20:30:00,45.69643944501877
2025-11-25 21:00:00,91.96556866168976
2025-11-25 21:30:00,51.14735335111618
2025-11-25 22:00:00,70.985546708107
2025-11-25 22:30:00,46.30380645394325
2025-11-25 23:00:00,25.629597157239914
2025-11-25 23:30:00,47.24468410015106
2025-11-26 00:00:00,60.237544775009155
2025-11-26 00:30:00,61.248928904533386
2025-11-26 01:00:00,51.67812407016754
2025-11-26 01:30:00,30.76959654688835
2025-11-26 02:00:00,49.46597397327423
2025-11-26 02:30:00,38.452890664339066
2025-11-26 03:00:00,40.83405315876007
2025-11-26 03:30:00,58.020034432411194
2025-11-26 04:00:00,45.37351503968239
2025-11-26 04:30:00,51.400728821754456
2025-11-26 05:00:00,45.17515808343887
2025-11-26 05:30:00,43.08117151260376
2025-11-26 06:00:00,67.76695728302002
2025-11-26 06:30:00,36.94416642189026
2025-11-26 07:00:00,53.66399884223938
2025-11-26 07:30:00,44.111724346876144
2025-11-26 08:00:00,32.43548035621643
2025-11-26 08:30:00,52.0850670337677
2025-11-26 09:00:00,39.35089394450188
2025-11-26 09:30:00,25.934015288949013
2025-11-26 10:00:00,56.826548874378204
2025-11-26 10:30:00,84.45020020008087
2025-11-26 11:00:00,78.2867181301117
2025-11-26 11:30:00,48.25215697288513
2025-11-26 12:00:00,57.224711775779724
2025-11-26 12:30:00,50.49809992313385
2025-11-26 13:00:00,33.133203983306885
2025-11-26 13:30:00,50.30157446861267
2025-11-26 14:00:00,48.76660883426666
2025-11-26 14:30:00,51.484096348285675
2025-11-26 15:00:00,59.1305273771286
2025-11-26 15:30:00,42.23952680826187
2025-11-26 16:00:00,54.541974663734436
2025-11-26 16:30:00,50.08005142211914
2025-11-26 17:00:00,32.75962829589844
2025-11-26 17:30:00,55.155606269836426
2025-11-26 18:00:00,57.06599175930023
2025-11-26 18:30:00,61.72635555267334
2025-11-26 19:00:00,44.899166226387024
2025-11-26 19:30:00,36.757155656814575
2025-11-26 20:00:00,40.323010981082916
2025-11-26 20:30:00,57.95687675476074
2025-11-26 21:00:00,54.1991925239563
2025-11-26 21:30:00,48.82096618413925
2025-11-26 22:00:00,56.827871203422546
2025-11-26 22:30:00,50.13495087623596
2025-11-26 23:00:00,53.65299463272095
2025-11-26 23:30:00,49.14559543132782
2025-11-27 00:00:00,54.488970041275024
2025-11-27 00:30:00,45.179953426122665
2025-11-27 01:00:00,60.36624640226364
2025-11-27 01:30:00,75.12486219406128
2025-11-27 02:00:00,76.73448622226715
2025-11-27 02:30:00,34.283316135406494
2025-11-27 03:00:00,36.042601466178894
2025-11-27 03:30:00,59.530691504478455
2025-11-27 04:00:00,68.57287883758545
2025-11-27 04:30:00,45.887267738580704
2025-11-27 05:00:00,32.94762194156647
2025-11-27 05:30:00,38.94661337137222
2025-11-27 06:00:00,82.26767838001251
2025-11-27 06:30:00,62.16221243143082
2025-11-27 07:00:00,57.26481735706329
2025-11-27 07:30:00,60.19859939813614
2025-11-27 08:00:00,60.87567746639252
2025-11-27 08:30:00,59.204354882240295
2025-11-27 09:00:00,39.33063343167305
2025-11-27 09:30:00,38.50906431674957
2025-11-27 10:00:00,55.44716715812683
2025-11-27 10:30:00,39.72462922334671
2025-11-27 11:00:00,48.71567636728287
2025-11-27 11:30:00,52.05646216869354
2025-11-27 12:00:00,71.685631275177
2025-11-27 12:30:00,46.77326366305351
2025-11-27 13:00:00,59.39636617898941
2025-11-27 13:30:00,60.31700611114502
2025-11-27 14:00:00,28.724140971899033
2025-11-27 14:30:00,25.09914055466652
2025-11-27 15:00:00,65.88394045829773
2025-11-27 15:30:00,63.8491952419281
2025-11-27 16:00:00,45.25270938873291
2025-11-27 16:30:00,68.13675343990326
2025-11-27 17:00:00,39.54838201403618
2025-11-27 17:30:00,53.93811106681824
2025-11-27 18:00:00,39.97289016842842
2025-11-27 18:30:00,47.64806538820267
2025-11-27 19:00:00,44.25705388188362
2025-11-27 19:30:00,59.977081418037415
2025-11-27 20:00:00,76.6107851266861
2025-11-27 20:30:00,38.2525172829628
2025-11-27 21:00:00,40.85150942206383
2025-11-27 21:30:00,56.9403350353241
2025-11-27 22:00:00,43.24608013033867
2025-11-27 22:30:00,38.371547162532806
2025-11-27 23:00:00,64.30122911930084
2025-11-27 23:30:00,69.45969045162201
2025-11-28 00:00:00,42.85634770989418
2025-11-28 00:30:00,51.14853382110596
2025-11-28 01:00:00,49.278395771980286
2025-11-28 01:30:00,64.90234673023224
2025-11-28 02:00:00,48.09853374958038
2025-11-28 02:30:00,38.73201861977577
2025-11-28 03:00:00,51.8429034948349
2025-11-28 03:30:00,40.19431695342064
2025-11-28 04:00:00,67.50206589698792
2025-11-28 04:30:00,61.218272149562836
2025-11-28 05:00:00,69.01599586009979
2025-11-28 05:30:00,66.32096767425537
2025-11-28 06:00:00,50.492410361766815
2025-11-28 06:30:00,43.72701779007912
2025-11-28 07:00:00,74.54455733299255
2025-11-28 07:30:00,65.13087153434753
2025-11-28 08:00:00,58.79451394081116
2025-11-28 08:30:00,52.29745030403137
2025-11-28 09:00:00,69.12323117256165
2025-11-28 09:30:00,47.62512981891632
2025-11-28 10:00:00,46.236296743154526
2025-11-28 10:30:00,48.14359933137894
2025-11-28 11:00:00,47.226326018571854
2025-11-28 11:30:00,32.11488649249077
2025-11-28 12:00:00,46.75856351852417
2025-11-28 12:30:00,42.58975401520729
2025-11-28 13:00:00,58.49148780107498
2025-11-28 13:30:00,61.704620718955994
2025-11-28 14:00:00,71.86403930187225
2025-11-28 14:30:00,41.682519763708115
2025-11-28 15:00:00,55.05398452281952
2025-11-28 15:30:00,49.7761994600296
2025-11-28 16:00:00,42.31616362929344
2025-11-28 16:30:00,59.136850237846375
2025-11-28 17:00:00,66.7188823223114
2025-11-28 17:30:00,62.56871461868286
2025-11-28 18:00:00,47.62178599834442
2025-11-28 18:30:00,67.507284283638
2025-11-28 19:00:00,37.19627022743225
2025-11-28 19:30:00,40.255840718746185
2025-11-28 20:00:00,37.300873547792435
2025-11-28 20:30:00,39.63399142026901
2025-11-28 21:00:00,33.90040561556816
2025-11-28 21:30:00,51.19682163000107
2025-11-28 22:00:00,53.369367718696594
2025-11-28 22:30:00,49.23904001712799
2025-11-28 23:00:00,49.37480926513672
2025-11-28 23:30:00,30.028111934661865
2025-11-29 00:00:00,40.80151677131653
2025-11-29 00:30:00,56.577560901641846
2025-11-29 01:00:00,43.16502794623375
2025-11-29 01:30:00,57.27148473262787
2025-11-29 02:00:00,50.690582394599915
2025-11-29 02:30:00,41.383047699928284
2025-11-29 03:00:00,36.72738045454025
2025-11-29 03:30:00,47.177929282188416
2025-11-29 04:00:00,41.02949693799019
2025-11-29 04:30:00,38.32989379763603
2025-11-29 05:00:00,50.60455501079559
2025-11-29 05:30:00,22.375294715166092
2025-11-29 06:00:00,43.670043647289276
2025-11-29 06:30:00,29.72447782754898
2025-11-29 07:00:00,46.61113142967224
2025-11-29 07:30:00,45.5001799762249
2025-11-29 08:00:00,19.630928710103035
2025-11-29 08:30:00,64.04648065567017
2025-11-29 09:00:00,41.15782871842384
2025-11-29 09:30:00,35.32293528318405
2025-11-29 10:00:00,28.94585907459259
2025-11-29 10:30:00,59.67023015022278
2025-11-29 11:00:00,51.80344641208649
2025-11-29 11:30:00,58.03747296333313
2025-11-29 12:00:00,47.99443960189819
2025-11-29 12:30:00,40.77240526676178
2025-11-29 13:00:00,47.423454374074936
2025-11-29 13:30:00,51.37224555015564
2025-11-29 14:00:00,52.78281092643738
2025-11-29 14:30:00,39.780947268009186
2025-11-29 15:00:00,61.16414785385132
2025-11-29 15:30:00,61.70399248600006
2025-11-29 16:00:00,61.57207369804382
2025-11-29 16:30:00,49.94330942630768
2025-11-29 17:00:00,65.36706686019897
2025-11-29 17:30:00,44.236904829740524
2025-11-29 18:00:00,49.174524545669556
2025-11-29 18:30:00,51.122300028800964
2025-11-29 19:00:00,43.34650367498398
2025-11-29 19:30:00,57.084311842918396
2025-11-29 20:00:00,47.531442046165466
2025-11-29 20:30:00,39.806578159332275
2025-11-29 21:00:00,47.979184687137604
2025-11-29 21:30:00,59.759418964385986
2025-11-29 22:00:00,40.522854924201965
2025-11-29 22:30:00,62.33857870101929
2025-11-29 23:00:00,59.69795346260071
2025-11-29 23:30:00,60.59282571077347
2025-11-30 00:00:00,27.84711003303528
2025-11-30 00:30:00,56.77477538585663
2025-11-30 01:00:00,54.24479007720947
2025-11-30 01:30:00,41.561937034130096
2025-11-30 02:00:00,45.38462057709694
2025-11-30 02:30:00,46.92951127886772
2025-11-30 03:00:00,39.31774199008942
2025-11-30 03:30:00,22.032038867473602
2025-11-30 04:00:00,52.05761730670929
2025-11-30 04:30:00,32.01684921979904
2025-11-30 05:00:00,28.788506984710693
2025-11-30 05:30:00,44.65211108326912
2025-11-30 06:00:00,63.376774191856384
2025-11-30 06:30:00,78.63477945327759
2025-11-30 07:00:00,74.22408759593964
2025-11-30 07:30:00,74.27256286144257
2025-11-30 08:00:00,61.24149143695831
2025-11-30 08:30:00,73.9200633764267
2025-11-30 09:00:00,90.88395416736603
2025-11-30 09:30:00,55.92597186565399
2025-11-30 10:00:00,32.06319659948349
2025-11-30 10:30:00,43.84039357304573
2025-11-30 11:00:00,46.957700699567795
2025-11-30 11:30:00,29.87775906920433
2025-11-30 12:00:00,50.56435823440552
2025-11-30 12:30:00,37.46472328901291
2025-11-30 13:00:00,62.05048322677612
2025-11-30 13:30:00,45.12710586190224
2025-11-30 14:00:00,47.7882120013237
2025-11-30 14:30:00,53.96320998668671
2025-11-30 15:00:00,67.27298378944397
2025-11-30 15:30:00,77.69369661808014
2025-11-30 16:00:00,76.38747870922089
2025-11-30 16:30:00,52.19235807657242
2025-11-30 17:00:00,45.22715702652931
2025-11-30 17:30:00,47.81499803066254
2025-11-30 18:00:00,62.13245749473572
2025-11-30 18:30:00,54.238548278808594
2025-11-30 19:00:00,50.359675884246826
2025-11-30 19:30:00,64.20267760753632
2025-11-30 20:00:00,63.48690748214722
2025-11-30 20:30:00,60.85135370492935
2025-11-30 21:00:00,65.13970732688904
2025-11-30 21:30:00,54.320330023765564
2025-11-30 22:00:00,51.387753784656525
2025-11-30 22:30:00,40.11183351278305
2025-11-30 23:00:00,45.98585471510887
2025-11-30 23:30:00,46.24804571270943
2025-12-01 00:00:00,66.75038516521454
2025-12-01 00:30:00,27.126886546611786
2025-12-01 01:00:00,91.52899742126465
2025-12-01 01:30:00,43.5432393848896
2025-12-01 02:00:00,43.459684401750565
2025-12-01 02:30:00,45.899693071842194
2025-12-01 03:00:00,51.06275975704193
2025-12-01 03:30:00,49.014193415641785
2025-12-01 04:00:00,43.240015655756
2025-12-01 04:30:00,55.81306219100952
2025-12-01 05:00:00,59.16531831026077
2025-12-01 05:30:00,49.22006130218506
2025-12-01 06:00:00,63.63625466823578
2025-12-01 06:30:00,50.236613154411316
2025-12-01 07:00:00,49.81059014797211
2025-12-01 07:30:00,64.09003138542175
2025-12-01 08:00:00,52.290610671043396
2025-12-01 08:30:00,34.595127403736115
2025-12-01 09:00:00,50.70072025060654
2025-12-01 09:30:00,55.69341421127319
2025-12-01 10:00:00,67.13694095611572
2025-12-01 10:30:00,59.6971732378006
2025-12-01 11:00:00,35.07555589079857
2025-12-01 11:30:00,71.28598392009735
2025-12-01 12:00:00,62.26523756980896
2025-12-01 12:30:00,37.34697267413139
2025-12-01 13:00:00,59.881630539894104
2025-12-01 13:30:00,82.05326855182648
2025-12-01 14:00:00,71.13596796989441
2025-12-01 14:30:00,57.862054109573364
2025-12-01 15:00:00,51.32317751646042
2025-12-01 15:30:00,44.31194067001343
2025-12-01 16:00:00,35.9603713452816
2025-12-01 16:30:00,53.53334665298462
2025-12-01 17:00:00,51.64613485336304
2025-12-01 17:30:00,55.08258938789368
2025-12-01 18:00:00,59.411529898643494
2025-12-01 18:30:00,56.02708697319031
2025-12-01 19:00:00,21.76436349749565
2025-12-01 19:30:00,22.32962243258953
2025-12-01 20:00:00,54.10569727420807
2025-12-01 20:30:00,62.20023065805435
2025-12-01 21:00:00,27.972143590450287
2025-12-01 21:30:00,53.3512806892395
2025-12-01 22:00:00,55.50167143344879
2025-12-01 22:30:00,53.86770844459534
2025-12-01 23:00:00,39.5941036939621
2025-12-01 23:30:00,55.1222288608551
2025-12-02 00:00:00,38.55957627296448
2025-12-02 00:30:00,31.68736383318901
2025-12-02 01:00:00,43.72834771871567
2025-12-02 01:30:00,36.923789381980896
2025-12-02 02:00:00,58.330756425857544
2025-12-02 02:30:00,44.31485891342163
2025-12-02 03:00:00,51.22013717889786
2025-12-02 03:30:00,41.583973318338394
2025-12-02 04:00:00,65.17652988433838
2025-12-02 04:30:00,37.6457354426384
2025-12-02 05:00:00,56.26669704914093
2025-12-02 05:30:00,53.164817094802856
2025-12-02 06:00:00,53.932294845581055
2025-12-02 06:30:00,50.66796600818634
2025-12-02 07:00:00,71.04127705097198
2025-12-02 07:30:00,28.974590599536896
2025-12-02 08:00:00,58.625448346138
2025-12-02 08:30:00,71.8223124742508
2025-12-02 09:00:00,60.87208032608032
2025-12-02 09:30:00,71.8039721250534
2025-12-02 10:00:00,54.67873692512512
2025-12-02 10:30:00,34.25753831863403
2025-12-02 11:00:00,61.4905047416687
2025-12-02 11:30:00,52.08983451128006
2025-12-02 12:00:00,44.778238981962204
2025-12-02 12:30:00,44.84346881508827
2025-12-02 13:00:00,67.3616760969162
2025-12-02 13:30:00,69.49790120124817
2025-12-02 14:00:00,52.071256041526794
2025-12-02 14:30:00,52.73451805114746
2025-12-02 15:00:00,64.04555857181549
2025-12-02 15:30:00,51.7154735326767
2025-12-02 16:00:00,56.75387144088745
2025-12-02 16:30:00,50.1795756816864
2025-12-02 17:00:00,42.087388038635254
2025-12-02 17:30:00,37.00107216835022
2025-12-02 18:00:00,32.201620638370514
2025-12-02 18:30:00,62.394744753837585
2025-12-02 19:00:00,47.3296956717968
2025-12-02 19:30:00,61.327528953552246
2025-12-02 20:00:00,43.25198248028755
2025-12-02 20:30:00,46.37991636991501
2025-12-02 21:00:00,55.10650277137756
2025-12-02 21:30:00,59.66224044561386
2025-12-02 22:00:00,60.43689727783203
2025-12-02 22:30:00,53.585702776908875
2025-12-02 23:00:00,50.49838364124298
2025-12-02 23:30:00,33.185263723134995
2025-12-03 00:00:00,61.793657541275024
2025-12-03 00:30:00,44.118173867464066
2025-12-03 01:00:00,46.02394387125969
2025-12-03 01:30:00,50.99655210971832
2025-12-03 02:00:00,37.768694311380386
2025-12-03 02:30:00,62.75000035762787
2025-12-03 03:00:00,52.754175662994385
2025-12-03 03:30:00,49.286147356033325
2025-12-03 04:00:00,46.1500945687294
2025-12-03 04:30:00,28.939845263957977
2025-12-03 05:00:00,42.65389457345009
2025-12-03 05:30:00,61.03947401046753
2025-12-03 06:00:00,50.81082820892334
2025-12-03 06:30:00,52.938962280750275
2025-12-03 07:00:00,31.64332166314125
2025-12-03 07:30:00,40.2167484164238
2025-12-03 08:00:00,47.28773579001427
2025-12-03 08:30:00,39.42691013216972
2025-12-03 09:00:00,37.807462364435196
2025-12-03 09:30:00,48.036176562309265
2025-12-03 10:00:00,44.506733417510986
2025-12-03 10:30:00,34.38147246837616
2025-12-03 11:00:00,51.521587669849396
2025-12-03 11:30:00,30.78834980726242
2025-12-03 12:00:00,49.94579195976257
2025-12-03 12:30:00,49.47613716125488
2025-12-03 13:00:00,69.80231046676636
2025-12-03 13:30:00,82.13180780410767
2025-12-03 14:00:00,53.7041449546814
2025-12-03 14:30:00,49.21575486660004
2025-12-03 15:00:00,57.74539530277252
2025-12-03 15:30:00,35.7474510371685
2025-12-03 16:00:00,39.998232275247574
2025-12-03 16:30:00,33.92378702759743
2025-12-03 17:00:00,55.534542202949524
2025-12-03 17:30:00,43.377791196107864
2025-12-03 18:00:00,51.64761424064636
2025-12-03 18:30:00,50.19380211830139
2025-12-03 19:00:00,47.416713535785675
2025-12-03 19:30:00,40.37815362215042
2025-12-03 20:00:00,34.051067531108856
2025-12-03 20:30:00,53.959795236587524
2025-12-03 21:00:00,64.34500277042389
2025-12-03 21:30:00,52.78834342956543
2025-12-03 22:00:00,56.60771608352661
2025-12-03 22:30:00,48.98906409740448
2025-12-03 23:00:00,73.15485537052155
2025-12-03 23:30:00,40.57938829064369
2025-12-04 00:00:00,35.7319301366806
2025-12-04 00:30:00,70.90770661830902
2025-12-04 01:00:00,65.4881739616394
2025-12-04 01:30:00,38.169952780008316
2025-12-04 02:00:00,70.41259825229645
2025-12-04 02:30:00,57.61596918106079
2025-12-04 03:00:00,77.15612173080444
2025-12-04 03:30:00,60.4252952337265
2025-12-04 04:00:00,53.65676909685135
2025-12-04 04:30:00,59.61521923542023
2025-12-04 05:00:00,34.686889946460724
2025-12-04 05:30:00,41.6996593773365
2025-12-04 06:00:00,23.956962376832962
2025-12-04 06:30:00,37.04925864934921
2025-12-04 07:00:00,25.879530012607574
2025-12-04 07:30:00,53.31625163555145
2025-12-04 08:00:00,37.15967059135437
2025-12-04 08:30:00,52.30478644371033
2025-12-04 09:00:00,57.987604439258575
2025-12-04 09:30:00,66.03983342647552
2025-12-04 10:00:00,62.52889782190323
2025-12-04 10:30:00,42.60619193315506
2025-12-04 11:00:00,65.2445513010025
2025-12-04 11:30:00,48.36743265390396
2025-12-04 12:00:00,55.588935017585754
2025-12-04 12:30:00,42.71532714366913
2025-12-04 13:00:00,85.8826220035553
2025-12-04 13:30:00,64.37835991382599
2025-12-04 14:00:00,68.60055148601532
2025-12-04 14:30:00,39.53515112400055
2025-12-04 15:00:00,36.516912281513214
2025-12-04 15:30:00,33.26504170894623
2025-12-04 16:00:00,27.186715602874756
2025-12-04 16:30:00,31.951320469379425
2025-12-04 17:00:00,62.44820028543472
2025-12-04 17:30:00,50.63902676105499
2025-12-04 18:00:00,57.30679750442505
2025-12-04 18:30:00,57.64747202396393
2025-12-04 19:00:00,64.60558772087097
2025-12-04 19:30:00,78.10779333114624
2025-12-04 20:00:00,54.848947525024414
2025-12-04 20:30:00,52.84626245498657
2025-12-04 21:00:00,42.837949097156525
2025-12-04 21:30:00,52.03208267688751
2025-12-04 22:00:00,53.26701641082764
2025-12-04 22:30:00,57.89858281612396
2025-12-04 23:00:00,36.48043677210808
2025-12-04 23:30:00,34.772737473249435
2025-12-05 00:00:00,47.91282504796982
2025-12-05 00:30:00,53.671497106552124
2025-12-05 01:00:00,42.61127099394798
2025-12-05 01:30:00,40.074587911367416
2025-12-05 02:00:00,50.93729555606842
2025-12-05 02:30:00,42.6433539390564
2025-12-05 03:00:00,48.619212210178375
2025-12-05 03:30:00,52.42261052131653
2025-12-05 04:00:00,69.43049788475037
2025-12-05 04:30:00,38.610939383506775
2025-12-05 05:00:00,34.80183631181717
2025-12-05 05:30:00,26.894268095493317
2025-12-05 06:00:00,26.97862610220909
2025-12-05 06:30:00,80.33665239810944
2025-12-05 07:00:00,64.38607096672058
2025-12-05 07:30:00,62.14703857898712
2025-12-05 08:00:00,45.159424394369125
2025-12-05 08:30:00,42.99958989024162
2025-12-05 09:00:00,41.614802330732346
2025-12-05 09:30:00,45.00871181488037
2025-12-05 10:00:00,55.85449516773224
2025-12-05 10:30:00,37.37761169672012
2025-12-05 11:00:00,61.38544797897339
2025-12-05 11:30:00,55.3414112329483
2025-12-05 12:00:00,52.211777567863464
2025-12-05 12:30:00,38.16752344369888
2025-12-05 13:00:00,48.251483142375946
2025-12-05 13:30:00,58.46703231334686
2025-12-05 14:00:00,31.614547073841095
2025-12-05 14:30:00,76.87239348888397
2025-12-05 15:00:00,61.923468708992004
2025-12-05 15:30:00,74.78796720504761
2025-12-05 16:00:00,52.40916430950165
2025-12-05 16:30:00,43.7774258852005
2025-12-05 17:00:00,34.684447944164276
2025-12-05 17:30:00,54.831412732601166
2025-12-05 18:00:00,47.24800765514374
2025-12-05 18:30:00,44.433714002370834
2025-12-05 19:00:00,58.23723077774048
2025-12-05 19:30:00,32.74641007184982
2025-12-05 20:00:00,56.118565797805786
2025-12-05 20:30:00,46.94888010621071
2025-12-05 21:00:00,22.730141207575798
2025-12-05 21:30:00,51.21762931346893
2025-12-05 22:00:00,55.119280219078064
2025-12-05 22:30:00,58.57960760593414
2025-12-05 23:00:00,46.66174978017807
2025-12-05 23:30:00,45.53279235959053
2025-12-06 00:00:00,27.776492089033127
2025-12-06 00:30:00,43.559953421354294
2025-12-06 01:00:00,62.249318957328796
2025-12-06 01:30:00,43.42337608337402
2025-12-06 02:00:00,33.98547291755676
2025-12-06 02:30:00,53.94463658332825
2025-12-06 03:00:00,47.929458022117615
2025-12-06 03:30:00,56.9058632850647
2025-12-06 04:00:00,53.89047175645828
2025-12-06 04:30:00,49.047895073890686
2025-12-06 05:00:00,56.787583231925964
2025-12-06 05:30:00,46.28268465399742
2025-12-06 06:00:00,50.18039643764496
2025-12-06 06:30:00,50.90757608413696
2025-12-06 07:00:00,68.59301269054413
2025-12-06 07:30:00,53.108742237091064
2025-12-06 08:00:00,61.27294361591339
2025-12-06 08:30:00,39.198674112558365
2025-12-06 09:00:00,62.030359506607056
2025-12-06 09:30:00,50.84944427013397
2025-12-06 10:00:00,52.451995611190796
2025-12-06 10:30:00,59.55857694149017
2025-12-06 11:00:00,53.707093596458435
2025-12-06 11:30:00,38.600786328315735
2025-12-06 12:00:00,53.971397280693054
2025-12-06 12:30:00,64.19797599315643
2025-12-06 13:00:00,55.90482473373413
2025-12-06 13:30:00,65.46705722808838
2025-12-06 14:00:00,36.01880460977554
2025-12-06 14:30:00,38.80228191614151
2025-12-06 15:00:00,44.29383084177971
2025-12-06 15:30:00,50.0932240486145
2025-12-06 16:00:00,44.20882433652878
2025-12-06 16:30:00,42.925321608781815
2025-12-06 17:00:00,58.481208086013794
2025-12-06 17:30:00,58.86676073074341
2025-12-06 18:00:00,44.407543540000916
2025-12-06 18:30:00,34.779159128665924
2025-12-06 19:00:00,54.21414852142334
2025-12-06 19:30:00,64.72596526145935
2025-12-06 20:00:00,70.27498483657837
2025-12-06 20:30:00,66.30640685558319
2025-12-06 21:00:00,34.17963996529579
2025-12-06 21:30:00,78.22265863418579
2025-12-06 22:00:00,58.93358647823334
2025-12-06 22:30:00,44.853333085775375
2025-12-06 23:00:00,59.13123667240143
2025-12-06 23:30:00,33.19052770733833
2025-12-07 00:00:00,46.674608290195465
2025-12-07 00:30:00,30.10887786746025
2025-12-07 01:00:00,70.32523334026337
2025-12-07 01:30:00,60.6858092546463
2025-12-07 02:00:00,60.07809519767761
2025-12-07 02:30:00,36.46068796515465
2025-12-07 03:00:00,50.894595980644226
2025-12-07 03:30:00,72.45015025138855
2025-12-07 04:00:00,49.99559462070465
2025-12-07 04:30:00,45.88213041424751
2025-12-07 05:00:00,40.29541939496994
2025-12-07 05:30:00,50.10713130235672
2025-12-07 06:00:00,54.12729024887085
2025-12-07 06:30:00,19.59092825651169
2025-12-07 07:00:00,30.277244299650192
2025-12-07 07:30:00,38.36727365851402
2025-12-07 08:00:00,60.29028594493866
2025-12-07 08:30:00,60.832988023757935
2025-12-07 09:00:00,39.4471275806427
2025-12-07 09:30:00,45.81036493182182
2025-12-07 10:00:00,43.37515413761139
2025-12-07 10:30:00,59.82517570257187
2025-12-07 11:00:00,44.979825764894485
2025-12-07 11:30:00,58.72927904129028
2025-12-07 12:00:00,40.84121957421303
2025-12-07 12:30:00,52.903907895088196
2025-12-07 13:00:00,78.20339620113373
2025-12-07 13:30:00,58.697310090065
2025-12-07 14:00:00,46.29096820950508
2025-12-07 14:30:00,50.783611536026
2025-12-07 15:00:00,73.66862833499908
2025-12-07 15:30:00,56.82490736246109
2025-12-07 16:00:00,41.06982037425041
2025-12-07 16:30:00,29.499046057462692
2025-12-07 17:00:00,44.82134133577347
2025-12-07 17:30:00,42.96236455440521
2025-12-07 18:00:00,40.703585892915726
2025-12-07 18:30:00,41.62254884839058
2025-12-07 19:00:00,36.539756655693054
2025-12-07 19:30:00,56.44856035709381
2025-12-07 20:00:00,44.29424121975899
2025-12-07 20:30:00,50.772303342819214
2025-12-07 21:00:00,60.74667692184448
2025-12-07 21:30:00,60.74085056781769
2025-12-07 22:00:00,52.52357870340347
2025-12-07 22:30:00,31.530424654483795
2025-12-07 23:00:00,36.617748737335205
2025-12-07 23:30:00,42.97064051032066
2025-12-08 00:00:00,60.91870129108429
2025-12-08 00:30:00,55.680312514305115
2025-12-08 01:00:00,61.06559634208679
2025-12-08 01:30:00,67.79245138168335
2025-12-08 02:00:00,59.557756185531616
2025-12-08 02:30:00,57.76865005493164
2025-12-08 03:00:00,46.786522418260574
2025-12-08 03:30:00,53.890953063964844
2025-12-08 04:00:00,36.96181520819664
2025-12-08 04:30:00,33.55337277054787
2025-12-08 05:00:00,51.274535059928894
2025-12-08 05:30:00,39.11546617746353
2025-12-08 06:00:00,37.96783655881882
2025-12-08 06:30:00,61.28687620162964
2025-12-08 07:00:00,60.2380108833313
2025-12-08 07:30:00,41.41850486397743
2025-12-08 08:00:00,66.70640885829926
2025-12-08 08:30:00,55.125755071640015
2025-12-08 09:00:00,58.60596805810928
2025-12-08 09:30:00,55.5002224445343
2025-12-08 10:00:00,46.31504878401756
2025-12-08 10:30:00,56.87603235244751
2025-12-08 11:00:00,51.12305998802185
2025-12-08 11:30:00,67.49912738800049
2025-12-08 12:00:00,47.49569609761238
2025-12-08 12:30:00,45.03267586231232
2025-12-08 13:00:00,68.16668570041656
2025-12-08 13:30:00,54.1561433672905
2025-12-08 14:00:00,49.06098663806915
2025-12-08 14:30:00,50.02784729003906
2025-12-08 15:00:00,44.3627692759037
2025-12-08 15:30:00,58.65035980939865
2025-12-08 16:00:00,50.85880696773529
2025-12-08 16:30:00,27.413066923618317
2025-12-08 17:00:00,58.44884395599365
2025-12-08 17:30:00,44.22636166214943
2025-12-08 18:00:00,31.078694760799408
2025-12-08 18:30:00,46.1332868039608
2025-12-08 19:00:00,69.25056993961334
2025-12-08 19:30:00,76.84623062610626
2025-12-08 20:00:00,58.73284578323364
2025-12-08 20:30:00,45.32538175582886
2025-12-08 21:00:00,38.62072005867958
2025-12-08 21:30:00,39.618404656648636
2025-12-08 22:00:00,55.1387757062912
2025-12-08 22:30:00,51.25202000141144
2025-12-08 23:00:00,44.929916709661484
2025-12-08 23:30:00,45.09044796228409
2025-12-09 00:00:00,47.431112229824066
2025-12-09 00:30:00,64.64344382286072
2025-12-09 01:00:00,44.277261197566986
2025-12-09 01:30:00,43.048744052648544
2025-12-09 02:00:00,35.12730658054352
2025-12-09 02:30:00,50.895538330078125
2025-12-09 03:00:00,56.58774435520172
2025-12-09 03:30:00,60.550881028175354
2025-12-09 04:00:00,52.28584825992584
2025-12-09 04:30:00,80.45883357524872
2025-12-09 05:00:00,52.98918545246124
2025-12-09 05:30:00,42.906841933727264
2025-12-09 06:00:00,51.87704086303711
2025-12-09 06:30:00,53.815534710884094
2025-12-09 07:00:00,50.77852487564087
2025-12-09 07:30:00,37.03047752380371
2025-12-09 08:00:00,48.02015662193298
2025-12-09 08:30:00,38.415280282497406
2025-12-09 09:00:00,50.868037939071655
2025-12-09 09:30:00,32.22423195838928
2025-12-09 10:00:00,44.37939718365669
2025-12-09 10:30:00,51.56503200531006
2025-12-09 11:00:00,24.097415506839752
2025-12-09 11:30:00,46.653762608766556
2025-12-09 12:00:00,48.9820522069931
2025-12-09 12:30:00,48.68625581264496
2025-12-09 13:00:00,40.608735382556915
2025-12-09 13:30:00,45.90128645300865
2025-12-09 14:00:00,48.78435641527176
2025-12-09 14:30:00,83.20006728172302
2025-12-09 15:00:00,46.072973906993866
2025-12-09 15:30:00,36.47767812013626
2025-12-09 16:00:00,38.41300040483475
2025-12-09 16:30:00,47.369780987501144
2025-12-09 17:00:00,62.9946768283844
2025-12-09 17:30:00,57.55236059427261
2025-12-09 18:00:00,45.28478980064392
2025-12-09 18:30:00,70.22788763046265
2025-12-09 19:00:00,55.592278838157654
2025-12-09 19:30:00,42.660014778375626
2025-12-09 20:00:00,42.934942692518234
2025-12-09 20:30:00,43.89056354761124
2025-12-09 21:00:00,38.59452426433563
2025-12-09 21:30:00,47.360519617795944
2025-12-09 22:00:00,65.48477947711945
2025-12-09 22:30:00,27.712799906730652
2025-12-09 23:00:00,47.429338991642
2025-12-09 23:30:00,82.50753164291382
2025-12-10 00:00:00,44.773747622966766
2025-12-10 00:30:00,49.219792783260345
2025-12-10 01:00:00,51.464160084724426
2025-12-10 01:30:00,35.94985097646713
2025-12-10 02:00:00,38.28597575426102
2025-12-10 02:30:00,43.55942904949188
2025-12-10 03:00:00,46.821749061346054
2025-12-10 03:30:00,78.35242927074432
2025-12-10 04:00:00,66.3358223438263
2025-12-10 04:30:00,69.03746724128723
2025-12-10 05:00:00,49.46031987667084
2025-12-10 05:30:00,80.5594927072525
2025-12-10 06:00:00,85.96791982650757
2025-12-10 06:30:00,57.506200671195984
2025-12-10 07:00:00,39.2757922410965
2025-12-10 07:30:00,55.47823429107666
2025-12-10 08:00:00,43.86843353509903
2025-12-10 08:30:00,42.85099506378174
2025-12-10 09:00:00,38.562251329422
2025-12-10 09:30:00,38.60263556241989
2025-12-10 10:00:00,58.19147616624832
2025-12-10 10:30:00,47.98822820186615
2025-12-10 11:00:00,40.13639539480209
2025-12-10 11:30:00,61.79325222969055
2025-12-10 12:00:00,46.73768237233162
2025-12-10 12:30:00,40.411163717508316
2025-12-10 13:00:00,39.71528172492981
2025-12-10 13:30:00,64.21826183795929
2025-12-10 14:00:00,53.16775560379028
2025-12-10 14:30:00,48.50462555885315
2025-12-10 15:00:00,39.88519847393036
2025-12-10 15:30:00,44.765479266643524
2025-12-10 16:00:00,50.09341657161713
2025-12-10 16:30:00,30.099626630544662
2025-12-10 17:00:00,47.52269238233566
2025-12-10 17:30:00,36.355048567056656
2025-12-10 18:00:00,55.22345542907715
2025-12-10 18:30:00,50.07093697786331
2025-12-10 19:00:00,52.22413957118988
2025-12-10 19:30:00,66.81484997272491
2025-12-10 20:00:00,52.1305125951767
2025-12-10 20:30:00,27.312093675136566
2025-12-10 21:00:00,62.7705192565918
2025-12-10 21:30:00,54.036662578582764
2025-12-10 22:00:00,47.812819480895996
2025-12-10 22:30:00,56.0953414440155
2025-12-10 23:00:00,67.46517241001129
2025-12-10 23:30:00,62.66378045082092
2025-12-11 00:00:00,44.340613931417465
2025-12-11 00:30:00,33.303731232881546
2025-12-11 01:00:00,26.47315949201584
2025-12-11 01:30:00,43.940269947052
2025-12-11 02:00:00,51.64465546607971
2025-12-11 02:30:00,55.61150074005127
2025-12-11 03:00:00,40.70445731282234
2025-12-11 03:30:00,63.82234334945679
2025-12-11 04:00:00,50.4095596075058
2025-12-11 04:30:00,41.88041567802429
2025-12-11 05:00:00,74.56470131874084
2025-12-11 05:30:00,34.692746698856354
2025-12-11 06:00:00,54.2273211479187
2025-12-11 06:30:00,56.54523730278015
2025-12-11 07:00:00,47.32427462935448
2025-12-11 07:30:00,51.6128334403038
2025-12-11 08:00:00,76.66285753250122
2025-12-11 08:30:00,55.17440766096115
2025-12-11 09:00:00,54.2303204536438
2025-12-11 09:30:00,52.78894126415253
2025-12-11 10:00:00,43.72464418411255
2025-12-11 10:30:00,56.22229516506195
2025-12-11 11:00:00,51.91148221492767
2025-12-11 11:30:00,57.319554686546326
2025-12-11 12:00:00,51.73591136932373
2025-12-11 12:30:00,45.03557130694389
2025-12-11 13:00:00,35.59748575091362
2025-12-11 13:30:00,54.05810356140137
2025-12-11 14:00:00,50.39633631706238
2025-12-11 14:30:00,58.745658695697784
2025-12-11 15:00:00,20.72671264410019
2025-12-11 15:30:00,65.11733412742615
2025-12-11 16:00:00,56.56689614057541
2025-12-11 16:30:00,80.88713645935059
2025-12-11 17:00:00,51.70394241809845
2025-12-11 17:30:00,41.36216655373573
2025-12-11 18:00:00,50.07665693759918
2025-12-11 18:30:00,58.22366803884506
2025-12-11 19:00:00,46.525332033634186
2025-12-11 19:30:00,57.705857157707214
2025-12-11 20:00:00,54.911932945251465
2025-12-11 20:30:00,56.86539798974991
2025-12-11 21:00:00,53.03858280181885
2025-12-11 21:30:00,65.24957716464996
2025-12-11 22:00:00,34.32316079735756
2025-12-11 22:30:00,36.275384575128555
2025-12-11 23:00:00,50.3267240524292
2025-12-11 23:30:00,52.73118942975998
2025-12-12 00:00:00,44.32394549250603
2025-12-12 00:30:00,52.06521689891815
2025-12-12 01:00:00,38.213506042957306
2025-12-12 01:30:00,64.51232552528381
2025-12-12 02:00:00,43.714574724435806
2025-12-12 02:30:00,57.55890130996704
2025-12-12 03:00:00,39.643658101558685
2025-12-12 03:30:00,70.7718563079834
2025-12-12 04:00:00,65.02752721309662
2025-12-12 04:30:00,66.57296001911163
2025-12-12 05:00:00,50.35885512828827
2025-12-12 05:30:00,51.24953746795654
2025-12-12 06:00:00,56.1217474937439
2025-12-12 06:30:00,62.924304604530334
2025-12-12 07:00:00,49.44088518619537
2025-12-12 07:30:00,55.63268840312958
2025-12-12 08:00:00,45.27484953403473
2025-12-12 08:30:00,48.553799986839294
2025-12-12 09:00:00,50.924274921417236
2025-12-12 09:30:00,54.6951824426651
2025-12-12 10:00:00,51.644219756126404
2025-12-12 10:30:00,63.73561680316925
2025-12-12 11:00:00,54.57257568836212
2025-12-12 11:30:00,35.36932319402695
2025-12-12 12:00:00,65.43846249580383
2025-12-12 12:30:00,63.81277799606323
2025-12-12 13:00:00,52.7311235666275
2025-12-12 13:30:00,45.93855232000351
2025-12-12 14:00:00,48.496681451797485
2025-12-12 14:30:00,35.27050569653511
2025-12-12 15:00:00,32.985908687114716
2025-12-12 15:30:00,55.906217992305756
2025-12-12 16:00:00,50.07509648799896
2025-12-12 16:30:00,70.84967613220215
2025-12-12 17:00:00,45.544389337301254
2025-12-12 17:30:00,58.41049134731293
2025-12-12 18:00:00,48.9601856470108
2025-12-12 18:30:00,77.94236540794373
2025-12-12 19:00:00,49.68308925628662
2025-12-12 19:30:00,32.377138286828995
2025-12-12 20:00:00,41.68065533041954
2025-12-12 20:30:00,44.74272355437279
2025-12-12 21:00:00,43.975671380758286
2025-12-12 21:30:00,39.839712381362915
2025-12-12 22:00:00,59.58626985549927
2025-12-12 22:30:00,37.28448882699013
2025-12-12 23:00:00,34.412835985422134
2025-12-12 23:30:00,34.85615819692612
2025-12-13 00:00:00,30.217529237270355
2025-12-13 00:30:00,40.07168233394623
2025-12-13 01:00:00,42.10189566016197
2025-12-13 01:30:00,44.12653088569641
2025-12-13 02:00:00,43.260689079761505
2025-12-13 02:30:00,29.704115986824036
2025-12-13 03:00:00,73.86403918266296
2025-12-13 03:30:00,60.83479166030884
2025-12-13 04:00:00,66.84971690177917
2025-12-13 04:30:00,53.09354305267334
2025-12-13 05:00:00,46.88055723905563
2025-12-13 05:30:00,45.04151165485382
2025-12-13 06:00:00,45.25172397494316
2025-12-13 06:30:00,52.928226590156555
2025-12-13 07:00:00,56.095908880233765
2025-12-13 07:30:00,62.197368144989014
2025-12-13 08:00:00,30.67405194044113
2025-12-13 08:30:00,54.793561697006226
2025-12-13 09:00:00,43.26794162392616
2025-12-13 09:30:00,41.258632242679596
2025-12-13 10:00:00,56.290154457092285
2025-12-13 10:30:00,54.837147891521454
2025-12-13 11:00:00,57.39921361207962
2025-12-13 11:30:00,37.92153477668762
2025-12-13 12:00:00,37.168541848659515
2025-12-13 12:30:00,52.72788107395172
2025-12-13 13:00:00,59.62219059467316
2025-12-13 13:30:00,53.608248233795166
2025-12-13 14:00:00,37.174808979034424
2025-12-13 14:30:00,66.43720090389252
2025-12-13 15:00:00,45.18648147583008
2025-12-13 15:30:00,48.708598613739014
2025-12-13 16:00:00,52.506884932518005
2025-12-13 16:30:00,34.911217242479324
2025-12-13 17:00:00,17.216488867998123
2025-12-13 17:30:00,36.027792394161224
2025-12-13 18:00:00,46.81470677256584
2025-12-13 18:30:00,62.29963839054108
2025-12-13 19:00:00,64.33267116546631
2025-12-13 19:30:00,43.62391918897629
2025-12-13 20:00:00,59.24907594919205
2025-12-13 20:30:00,61.95804178714752
2025-12-13 21:00:00,36.99135735630989
2025-12-13 21:30:00,54.396923780441284
2025-12-13 22:00:00,71.34212970733643
2025-12-13 22:30:00,50.65535068511963
2025-12-13 23:00:00,35.473493337631226
2025-12-13 23:30:00,56.967936754226685
2025-12-14 00:00:00,24.722327440977097
2025-12-14 00:30:00,54.006720185279846
2025-12-14 01:00:00,30.66416233778
2025-12-14 01:30:00,52.521607875823975
2025-12-14 02:00:00,44.6693317592144
2025-12-14 02:30:00,36.40343263745308
2025-12-14 03:00:00,62.17061758041382
2025-12-14 03:30:00,60.49478590488434
2025-12-14 04:00:00,45.072789043188095
2025-12-14 04:30:00,50.03649055957794
2025-12-14 05:00:00,44.9957038462162
2025-12-14 05:30:00,70.08679866790771
2025-12-14 06:00:00,45.71962580084801
2025-12-14 06:30:00,55.11462926864624
2025-12-14 07:00:00,52.061670422554016
2025-12-14 07:30:00,52.71767735481262
2025-12-14 08:00:00,44.646431654691696
2025-12-14 08:30:00,44.643455147743225
2025-12-14 09:00:00,47.113347947597504
2025-12-14 09:30:00,63.73749136924744
2025-12-14 10:00:00,71.18686497211456
2025-12-14 10:30:00,72.58779406547546
2025-12-14 11:00:00,58.1374329328537
2025-12-14 11:30:00,53.330538868904114
2025-12-14 12:00:00,61.58789098262787
2025-12-14 12:30:00,52.18504726886749
2025-12-14 13:00:00,59.24631476402283
2025-12-14 13:30:00,32.66910955309868
2025-12-14 14:00:00,48.79276156425476
2025-12-14 14:30:00,44.43912744522095
2025-12-14 15:00:00,63.035258650779724
2025-12-14 15:30:00,54.42118167877197
2025-12-14 16:00:00,40.714106261730194
2025-12-14 16:30:00,48.63624036312103
2025-12-14 17:00:00,43.18841949105263
2025-12-14 17:30:00,50.465938448905945
2025-12-14 18:00:00,38.497979044914246
2025-12-14 18:30:00,43.78949657082558
2025-12-14 19:00:00,54.50183868408203
2025-12-14 19:30:00,49.87848997116089
2025-12-14 20:00:00,61.81388258934021
2025-12-14 20:30:00,53.47192168235779
2025-12-14 21:00:00,51.897093653678894
2025-12-14 21:30:00,51.44461393356323
2025-12-14 22:00:00,60.06492257118225
2025-12-14 22:30:00,42.786781042814255
2025-12-14 23:00:00,49.88782227039337
2025-12-14 23:30:00,33.413064032793045
2025-12-15 00:00:00,30.612948685884476
2025-12-15 00:30:00,29.71354454755783
2025-12-15 01:00:00,56.18163228034973
2025-12-15 01:30:00,48.62959325313568
2025-12-15 02:00:00,50.709044337272644
2025-12-15 02:30:00,28.715621829032898
2025-12-15 03:00:00,53.35349977016449
2025-12-15 03:30:00,50.37974387407303
2025-12-15 04:00:00,53.78135681152344
2025-12-15 04:30:00,59.12755846977234
2025-12-15 05:00:00,41.914332658052444
2025-12-15 05:30:00,59.01155322790146
2025-12-15 06:00:00,47.25822910666466
2025-12-15 06:30:00,51.05607211589813
2025-12-15 07:00:00,53.96589517593384
2025-12-15 07:30:00,46.53167515993118
2025-12-15 08:00:00,38.83345544338226
2025-12-15 08:30:00,57.17642396688461
2025-12-15 09:00:00,60.73669612407684
2025-12-15 09:30:00,53.48266750574112
2025-12-15 10:00:00,56.09303116798401
2025-12-15 10:30:00,74.30630505084991
2025-12-15 11:00:00,49.43691313266754
2025-12-15 11:30:00,74.04638886451721
2025-12-15 12:00:00,48.93500566482544
2025-12-15 12:30:00,82.17258214950562
2025-12-15 13:00:00,59.264209270477295
2025-12-15 13:30:00,61.893465518951416
2025-12-15 14:00:00,48.373841643333435
2025-12-15 14:30:00,50.50496995449066
2025-12-15 15:00:00,68.5953837633133
2025-12-15 15:30:00,54.198108315467834
2025-12-15 16:00:00,38.39862197637558
2025-12-15 16:30:00,69.27139282226562
2025-12-15 17:00:00,45.44476628303528
2025-12-15 17:30:00,52.14643120765686
2025-12-15 18:00:00,60.64172148704529
2025-12-15 18:30:00,63.61460089683533
2025-12-15 19:00:00,43.420272916555405
2025-12-15 19:30:00,43.99683624505997
2025-12-15 20:00:00,19.38225232064724
2025-12-15 20:30:00,58.239054679870605
2025-12-15 21:00:00,54.66392278671265
2025-12-15 21:30:00,55.024457573890686
2025-12-15 22:00:00,52.51755475997925
2025-12-15 22:30:00,41.281897127628326
2025-12-15 23:00:00,45.08278504014015
2025-12-15 23:30:00,60.67235291004181
2025-12-16 00:00:00,58.601175248622894
2025-12-16 00:30:00,67.51595795154572
2025-12-16 01:00:00,68.77715587615967
2025-12-16 01:30:00,57.17797935009003
2025-12-16 02:00:00,54.79778707027435
2025-12-16 02:30:00,36.34869530797005
2025-12-16 03:00:00,59.90856856107712
2025-12-16 03:30:00,59.25792694091797
2025-12-16 04:00:00,43.71839478611946
2025-12-16 04:30:00,60.22979825735092
2025-12-16 05:00:00,44.80082497000694
2025-12-16 05:30:00,47.80849277973175
2025-12-16 06:00:00,68.7554007768631
2025-12-16 06:30:00,68.21792721748352
2025-12-16 07:00:00,51.21899724006653
2025-12-16 07:30:00,64.22285199165344
2025-12-16 08:00:00,57.11608827114105
2025-12-16 08:30:00,56.02257788181305
2025-12-16 09:00:00,55.63048452138901
2025-12-16 09:30:00,28.938188552856445
2025-12-16 10:00:00,36.55988037586212
2025-12-16 10:30:00,39.80720639228821
2025-12-16 11:00:00,53.31858217716217
2025-12-16 11:30:00,42.77655452489853
2025-12-16 12:00:00,54.527104794979095
2025-12-16 12:30:00,62.81482994556427
2025-12-16 13:00:00,51.26715838909149
2025-12-16 13:30:00,69.99534010887146
2025-12-16 14:00:00,65.7916408777237
2025-12-16 14:30:00,50.653263330459595
2025-12-16 15:00:00,54.43298637866974
2025-12-16 15:30:00,67.35957860946655
2025-12-16 16:00:00,48.21805000305176
2025-12-16 16:30:00,49.246143102645874
2025-12-16 17:00:00,33.44529137015343
2025-12-16 17:30:00,61.08244717121124
2025-12-16 18:00:00,58.02431046962738
2025-12-16 18:30:00,50.122244358062744
2025-12-16 19:00:00,54.19657826423645
2025-12-16 19:30:00,64.64019119739532
2025-12-16 20:00:00,39.489553570747375
2025-12-16 20:30:00,55.071509182453156
2025-12-16 21:00:00,78.96509826183319
2025-12-16 21:30:00,51.01811468601227
2025-12-16 22:00:00,43.155807107687
2025-12-16 22:30:00,42.27415814995766
2025-12-16 23:00:00,39.991810619831085
2025-12-16 23:30:00,45.07581114768982
2025-12-17 00:00:00,31.286135762929916
2025-12-17 00:30:00,60.119730830192566
2025-12-17 01:00:00,63.246750235557556
2025-12-17 01:30:00,55.307719707489014
2025-12-17 02:00:00,58.24369549751282
2025-12-17 02:30:00,48.91926944255829
2025-12-17 03:00:00,78.72442424297333
2025-12-17 03:30:00,55.01939117908478
2025-12-17 04:00:00,68.33760559558868
2025-12-17 04:30:00,46.29571795463562
2025-12-17 05:00:00,25.88807702064514
2025-12-17 05:30:00,49.166935086250305
2025-12-17 06:00:00,49.75787937641144
2025-12-17 06:30:00,40.149970799684525
2025-12-17 07:00:00,51.04641556739807
2025-12-17 07:30:00,42.37081229686737
2025-12-17 08:00:00,47.658714950084686
2025-12-17 08:30:00,26.82705730199814
2025-12-17 09:00:00,45.856149941682816
2025-12-17 09:30:00,43.93154814839363
2025-12-17 10:00:00,59.62221086025238
2025-12-17 10:30:00,56.88327729701996
2025-12-17 11:00:00,37.50383585691452
2025-12-17 11:30:00,44.59437444806099
2025-12-17 12:00:00,69.24484491348267
2025-12-17 12:30:00,53.6938551068306
2025-12-17 13:00:00,46.59699872136116
2025-12-17 13:30:00,54.949338138103485
2025-12-17 14:00:00,47.06629380583763
2025-12-17 14:30:00,56.075207591056824
2025-12-17 15:00:00,48.151462376117706
2025-12-17 15:30:00,43.84281277656555
2025-12-17 16:00:00,30.103221237659454
2025-12-17 16:30:00,62.58316904306412
2025-12-17 17:00:00,65.27674317359924
2025-12-17 17:30:00,45.82205310463905
2025-12-17 18:00:00,44.690780341625214
2025-12-17 18:30:00,46.252418011426926
2025-12-17 19:00:00,72.12029755115509
2025-12-17 19:30:00,67.64818072319031
2025-12-17 20:00:00,61.702563762664795
2025-12-17 20:30:00,52.35677778720856
2025-12-17 21:00:00,63.12375843524933
2025-12-17 21:30:00,65.338613986969
2025-12-17 22:00:00,53.91279935836792
2025-12-17 22:30:00,55.84217369556427
2025-12-17 23:00:00,63.25486660003662
2025-12-17 23:30:00,42.7402563393116
2025-12-18 00:00:00,44.50560614466667
2025-12-18 00:30:00,59.16443169116974
2025-12-18 01:00:00,43.939200937747955
2025-12-18 01:30:00,49.98233079910278
2025-12-18 02:00:00,62.46144384145737
2025-12-18 02:30:00,47.56501704454422
2025-12-18 03:00:00,41.963940262794495
2025-12-18 03:30:00,50.05111217498779
2025-12-18 04:00:00,56.706146001815796
2025-12-18 04:30:00,58.424474596977234
2025-12-18 05:00:00,51.19578301906586
2025-12-18 05:30:00,50.085492730140686
2025-12-18 06:00:00,38.37445020675659
2025-12-18 06:30:00,53.85382652282715
2025-12-18 07:00:00,67.10780918598175
2025-12-18 07:30:00,66.07524752616882
2025-12-18 08:00:00,47.376281172037125
2025-12-18 08:30:00,55.93580573797226
2025-12-18 09:00:00,46.907209008932114
2025-12-18 09:30:00,48.143675327301025
2025-12-18 10:00:00,35.963530242443085
2025-12-18 10:30:00,29.772150069475174
2025-12-18 11:00:00,70.04849672317505
2025-12-18 11:30:00,46.1556676030159
2025-12-18 12:00:00,67.57524490356445
2025-12-18 12:30:00,46.20610103011131
2025-12-18 13:00:00,69.4358378648758
2025-12-18 13:30:00,56.23462677001953
2025-12-18 14:00:00,47.01246336102486
2025-12-18 14:30:00,62.74051606655121
2025-12-18 15:00:00,38.410983979701996
2025-12-18 15:30:00,52.63469994068146
2025-12-18 16:00:00,56.85594916343689
2025-12-18 16:30:00,38.83636862039566
2025-12-18 17:00:00,56.82801812887192
2025-12-18 17:30:00,56.77075266838074
2025-12-18 18:00:00,54.21522259712219
2025-12-18 18:30:00,53.25617432594299
2025-12-18 19:00:00,53.22526931762695
2025-12-18 19:30:00,65.26297271251678
2025-12-18 20:00:00,49.402709901332855
2025-12-18 20:30:00,49.024620056152344
2025-12-18 21:00:00,49.51147019863129
2025-12-18 21:30:00,71.11020028591156
2025-12-18 22:00:00,50.73481202125549
2025-12-18 22:30:00,48.09806764125824
2025-12-18 23:00:00,57.00797140598297
2025-12-18 23:30:00,52.95901000499725
2025-12-19 00:00:00,37.12787136435509
2025-12-19 00:30:00,47.285744696855545
2025-12-19 01:00:00,43.074359744787216
2025-12-19 01:30:00,31.916975378990173
2025-12-19 02:00:00,54.35317039489746
2025-12-19 02:30:00,50.47111630439758
2025-12-19 03:00:00,56.697543263435364
2025-12-19 03:30:00,46.195041090250015
2025-12-19 04:00:00,30.85348591208458
2025-12-19 04:30:00,30.32611981034279
2025-12-19 05:00:00,36.11324980854988
2025-12-19 05:30:00,95.7340544462204
2025-12-19 06:00:00,47.197376638650894
2025-12-19 06:30:00,47.54395604133606
2025-12-19 07:00:00,57.04840123653412
2025-12-19 07:30:00,39.85231503844261
2025-12-19 08:00:00,61.51515781879425
2025-12-19 08:30:00,70.6095290184021
2025-12-19 09:00:00,48.93847107887268
2025-12-19 09:30:00,66.5328848361969
2025-12-19 10:00:00,67.97932028770447
2025-12-19 10:30:00,65.6048834323883
2025-12-19 11:00:00,77.80348539352417
2025-12-19 11:30:00,49.25946772098541
2025-12-19 12:00:00,34.06286969780922
2025-12-19 12:30:00,56.290093660354614
2025-12-19 13:00:00,64.30465400218964
2025-12-19 13:30:00,57.247530817985535
2025-12-19 14:00:00,44.348846822977066
2025-12-19 14:30:00,43.72169300913811
2025-12-19 15:00:00,60.66776782274246
2025-12-19 15:30:00,34.61296871304512
2025-12-19 16:00:00,56.19484543800354
2025-12-19 16:30:00,42.56037399172783
2025-12-19 17:00:00,45.16711011528969
2025-12-19 17:30:00,53.81193250417709
2025-12-19 18:00:00,58.509721755981445
2025-12-19 18:30:00,59.95782911777496
2025-12-19 19:00:00,55.75831979513168
2025-12-19 19:30:00,47.45739921927452
2025-12-19 20:00:00,43.00758972764015
2025-12-19 20:30:00,52.325700521469116
2025-12-19 21:00:00,29.391980469226837
2025-12-19 21:30:00,39.91077363491058
2025-12-19 22:00:00,47.27180704474449
2025-12-19 22:30:00,54.35657501220703
2025-12-19 23:00:00,38.02222937345505
2025-12-19 23:30:00,63.05254518985748
2025-12-20 00:00:00,40.23794114589691
2025-12-20 00:30:00,58.331212401390076
2025-12-20 01:00:00,50.516531467437744
2025-12-20 01:30:00,64.89475727081299
2025-12-20 02:00:00,56.994768381118774
2025-12-20 02:30:00,43.13761115074158
2025-12-20 03:00:00,45.82497641444206
2025-12-20 03:30:00,60.195088386535645
2025-12-20 04:00:00,49.87057626247406
2025-12-20 04:30:00,28.0230051279068
2025-12-20 05:00:00,38.89543265104294
2025-12-20 05:30:00,48.28616261482239
2025-12-20 06:00:00,42.20998212695122
2025-12-20 06:30:00,41.54432624578476
2025-12-20 07:00:00,29.542936235666275
2025-12-20 07:30:00,43.19884106516838
2025-12-20 08:00:00,49.323836266994476
2025-12-20 08:30:00,78.69689345359802
2025-12-20 09:00:00,78.05267095565796
2025-12-20 09:30:00,50.7163804769516
2025-12-20 10:00:00,31.312443017959595
2025-12-20 10:30:00,36.86987787485123
2025-12-20 11:00:00,35.975106954574585
2025-12-20 11:30:00,46.17398515343666
2025-12-20 12:00:00,55.30928015708923
2025-12-20 12:30:00,78.27693998813629
2025-12-20 13:00:00,54.39416766166687
2025-12-20 13:30:00,37.58558213710785
2025-12-20 14:00:00,34.424617886543274
2025-12-20 14:30:00,24.778475761413574
2025-12-20 15:00:00,55.82550525665283
2025-12-20 15:30:00,87.41032242774963
2025-12-20 16:00:00,44.09049615263939
2025-12-20 16:30:00,43.90138030052185
2025-12-20 17:00:00,72.39242374897003
2025-12-20 17:30:00,67.31731474399567
2025-12-20 18:00:00,56.067010164260864
2025-12-20 18:30:00,62.683711647987366
2025-12-20 19:00:00,42.92308986186981
2025-12-20 19:30:00,36.40922859311104
2025-12-20 20:00:00,45.04899725317955
2025-12-20 20:30:00,48.00663948059082
2025-12-20 21:00:00,44.3230639398098
2025-12-20 21:30:00,43.63347187638283
2025-12-20 22:00:00,44.7544826567173
2025-12-20 22:30:00,46.29924163222313
2025-12-20 23:00:00,32.88454785943031
2025-12-20 23:30:00,66.34072661399841
2025-12-21 00:00:00,55.036616921424866
2025-12-21 00:30:00,63.147063851356506
2025-12-21 01:00:00,64.35797274112701
2025-12-21 01:30:00,55.49715220928192
2025-12-21 02:00:00,40.088933408260345
2025-12-21 02:30:00,39.03564512729645
2025-12-21 03:00:00,38.52040797472
2025-12-21 03:30:00,60.840070843696594
2025-12-21 04:00:00,64.29092407226562
2025-12-21 04:30:00,45.41265293955803
2025-12-21 05:00:00,58.57475399971008
2025-12-21 05:30:00,76.72999739646912
2025-12-21 06:00:00,40.07615089416504
2025-12-21 06:30:00,78.68286967277527
2025-12-21 07:00:00,61.47745877504349
2025-12-21 07:30:00,50.15960395336151
2025-12-21 08:00:00,44.570222944021225
2025-12-21 08:30:00,32.35669285058975
2025-12-21 09:00:00,55.87297737598419
2025-12-21 09:30:00,56.18362843990326
2025-12-21 10:00:00,53.11603784561157
2025-12-21 10:30:00,54.65122640132904
2025-12-21 11:00:00,57.13123679161072
2025-12-21 11:30:00,66.01078271865845
2025-12-21 12:00:00,49.710731506347656
2025-12-21 12:30:00,49.93316650390625
2025-12-21 13:00:00,32.18400478363037
2025-12-21 13:30:00,69.85471725463867
2025-12-21 14:00:00,57.10704982280731
2025-12-21 14:30:00,61.47613137960434
2025-12-21 15:00:00,37.82389014959335
2025-12-21 15:30:00,33.11945125460625
2025-12-21 16:00:00,43.76932471990585
2025-12-21 16:30:00,48.035457134246826
2025-12-21 17:00:00,54.24739420413971
2025-12-21 17:30:00,39.99942287802696
2025-12-21 18:00:00,62.6304030418396
2025-12-21 18:30:00,52.51295447349548
2025-12-21 19:00:00,51.21316075325012
2025-12-21 19:30:00,33.99651512503624
2025-12-21 20:00:00,26.1602184176445
2025-12-21 20:30:00,52.23358333110809
2025-12-21 21:00:00,34.99191224575043
2025-12-21 21:30:00,83.68821442127228
2025-12-21 22:00:00,69.58699882030487
2025-12-21 22:30:00,72.99087643623352
2025-12-21 23:00:00,61.1113965511322
2025-12-21 23:30:00,59.464483857154846
2025-12-22 00:00:00,47.30082228779793
2025-12-22 00:30:00,49.184849858284
2025-12-22 01:00:00,53.216018080711365
2025-12-22 01:30:00,70.90809166431427
2025-12-22 02:00:00,60.790764689445496
2025-12-22 02:30:00,53.69570940732956
2025-12-22 03:00:00,50.96027672290802
2025-12-22 03:30:00,71.13710284233093
2025-12-22 04:00:00,61.61458075046539
2025-12-22 04:30:00,50.526076555252075
2025-12-22 05:00:00,69.29327964782715
2025-12-22 05:30:00,40.752172619104385
2025-12-22 06:00:00,50.60710847377777
2025-12-22 06:30:00,75.78771889209747
2025-12-22 07:00:00,59.109299182891846
2025-12-22 07:30:00,76.4510315656662
2025-12-22 08:00:00,56.09022945165634
2025-12-22 08:30:00,69.05447006225586
2025-12-22 09:00:00,32.16447129845619
2025-12-22 09:30:00,58.29776406288147
2025-12-22 10:00:00,55.598915815353394
2025-12-22 10:30:00,44.24919083714485
2025-12-22 11:00:00,56.229367852211
2025-12-22 11:30:00,46.42446011304855
2025-12-22 12:00:00,43.671327978372574
2025-12-22 12:30:00,48.13571095466614
2025-12-22 13:00:00,45.046464055776596
2025-12-22 13:30:00,51.55001521110535
2025-12-22 14:00:00,33.60300064086914
2025-12-22 14:30:00,39.49467822909355
2025-12-22 15:00:00,41.299510449171066
2025-12-22 15:30:00,28.77227932214737
2025-12-22 16:00:00,53.82620453834534
2025-12-22 16:30:00,52.2781777381897
2025-12-22 17:00:00,47.23973169922829
2025-12-22 17:30:00,56.73973619937897
2025-12-22 18:00:00,36.40305772423744
2025-12-22 18:30:00,36.70937702059746
2025-12-22 19:00:00,38.92941549420357
2025-12-22 19:30:00,62.542572021484375
2025-12-22 20:00:00,56.12309515476227
2025-12-22 20:30:00,48.73704135417938
2025-12-22 21:00:00,52.68954873085022
2025-12-22 21:30:00,49.98215854167938
2025-12-22 22:00:00,38.5081422328949
2025-12-22 22:30:00,70.49408614635468
2025-12-22 23:00:00,36.44196003675461
2025-12-22 23:30:00,50.86655855178833
2025-12-23 00:00:00,49.93803024291992
2025-12-23 00:30:00,38.05576637387276
2025-12-23 01:00:00,31.37232020497322
2025-12-23 01:30:00,58.24859976768494
2025-12-23 02:00:00,55.229636430740356
2025-12-23 02:30:00,71.84073388576508
2025-12-23 03:00:00,47.28931397199631
2025-12-23 03:30:00,56.494046449661255
2025-12-23 04:00:00,45.21000728011131
2025-12-23 04:30:00,58.784350752830505
2025-12-23 05:00:00,46.73825994133949
2025-12-23 05:30:00,62.48540282249451
2025-12-23 06:00:00,82.67393231391907
2025-12-23 06:30:00,50.39084434509277
2025-12-23 07:00:00,36.44313544034958
2025-12-23 07:30:00,25.869197100400925
2025-12-23 08:00:00,47.777729630470276
2025-12-23 08:30:00,54.90678548812866
2025-12-23 09:00:00,75.93467473983765
2025-12-23 09:30:00,53.17571997642517
2025-12-23 10:00:00,70.08522808551788
2025-12-23 10:30:00,38.233366310596466
2025-12-23 11:00:00,54.653090834617615
2025-12-23 11:30:00,45.68264111876488
2025-12-23 12:00:00,76.92070662975311
2025-12-23 12:30:00,75.72160243988037
2025-12-23 13:00:00,58.22047621011734
2025-12-23 13:30:00,48.901516795158386
2025-12-23 14:00:00,44.42805990576744
2025-12-23 14:30:00,50.901111364364624
2025-12-23 15:00:00,45.0865975022316
2025-12-23 15:30:00,47.93786823749542
2025-12-23 16:00:00,64.10452127456665
2025-12-23 16:30:00,61.25281482934952
2025-12-23 17:00:00,82.89704620838165
2025-12-23 17:30:00,66.17045521736145
2025-12-23 18:00:00,58.35415303707123
2025-12-23 18:30:00,67.20110177993774
2025-12-23 19:00:00,45.169344395399094
2025-12-23 19:30:00,50.45094192028046
2025-12-23 20:00:00,60.13431191444397
2025-12-23 20:30:00,54.39218670129776
2025-12-23 21:00:00,54.24036204814911
2025-12-23 21:30:00,21.8902887403965
2025-12-23 22:00:00,51.39606773853302
2025-12-23 22:30:00,53.264240026474
2025-12-23 23:00:00,58.019700050354004
2025-12-23 23:30:00,72.4664032459259
2025-12-24 00:00:00,46.529653668403625
2025-12-24 00:30:00,44.47126105427742
2025-12-24 01:00:00,50.10667026042938
2025-12-24 01:30:00,57.841981053352356
2025-12-24 02:00:00,50.56937396526337
2025-12-24 02:30:00,49.08579170703888
2025-12-24 03:00:00,44.62933763861656
2025-12-24 03:30:00,55.95106065273285
2025-12-24 04:00:00,50.512903928756714
2025-12-24 04:30:00,62.48786002397537
2025-12-24 05:00:00,63.070186376571655
2025-12-24 05:30:00,43.89511063694954
2025-12-24 06:00:00,47.95510917901993
2025-12-24 06:30:00,47.828606367111206
2025-12-24 07:00:00,43.94069045782089
2025-12-24 07:30:00,81.57704770565033
2025-12-24 08:00:00,77.90288805961609
2025-12-24 08:30:00,52.353028655052185
2025-12-24 09:00:00,62.59357035160065
2025-12-24 09:30:00,54.465431571006775
2025-12-24 10:00:00,46.929394751787186
2025-12-24 10:30:00,58.66074085235596
2025-12-24 11:00:00,69.12823677062988
2025-12-24 11:30:00,64.562047123909
2025-12-24 12:00:00,41.85257077217102
2025-12-24 12:30:00,38.35011124610901
2025-12-24 13:00:00,68.24775815010071
2025-12-24 13:30:00,73.87287497520447
2025-12-24 14:00:00,51.328593492507935
2025-12-24 14:30:00,42.31017008423805
2025-12-24 15:00:00,60.54529786109924
2025-12-24 15:30:00,70.60087561607361
2025-12-24 16:00:00,66.03455424308777
2025-12-24 16:30:00,58.2379350066185
2025-12-24 17:00:00,59.899707436561584
2025-12-24 17:30:00,67.48892366886139
2025-12-24 18:00:00,52.778479158878326
2025-12-24 18:30:00,50.87095111608505
2025-12-24 19:00:00,57.225664258003235
2025-12-24 19:30:00,30.372175872325897
2025-12-24 20:00:00,85.29750406742096
2025-12-24 20:30:00,41.51190131902695
2025-12-24 21:00:00,22.81973786652088
2025-12-24 21:30:00,59.72892940044403
2025-12-24 22:00:00,52.911092042922974
2025-12-24 22:30:00,37.23470389842987
2025-12-24 23:00:00,60.209699869155884
2025-12-24 23:30:00,58.32519352436066
2025-12-25 00:00:00,47.483197301626205
2025-12-25 00:30:00,52.60435223579407
2025-12-25 01:00:00,46.52228459715843
2025-12-25 01:30:00,49.62779462337494
2025-12-25 02:00:00,47.63554632663727
2025-12-25 02:30:00,55.34135043621063
2025-12-25 03:00:00,44.92771789431572
2025-12-25 03:30:00,37.51302629709244
2025-12-25 04:00:00,22.39386811852455
2025-12-25 04:30:00,51.526132225990295
2025-12-25 05:00:00,47.554858922958374
2025-12-25 05:30:00,61.0250449180603
2025-12-25 06:00:00,58.57692241668701
2025-12-25 06:30:00,61.20996832847595
2025-12-25 07:00:00,39.89320084452629
2025-12-25 07:30:00,34.83330622315407
2025-12-25 08:00:00,44.215261191129684
2025-12-25 08:30:00,42.177395075559616
2025-12-25 09:00:00,36.40811651945114
2025-12-25 09:30:00,65.03302931785583
2025-12-25 10:00:00,48.41672360897064
2025-12-25 10:30:00,63.86910617351532
2025-12-25 11:00:00,46.6456538438797
2025-12-25 11:30:00,56.6201388835907
2025-12-25 12:00:00,45.538970828056335
2025-12-25 12:30:00,30.873434841632843
2025-12-25 13:00:00,51.62903070449829
2025-12-25 13:30:00,58.33785951137543
2025-12-25 14:00:00,74.8095703125
2025-12-25 14:30:00,75.08486807346344
2025-12-25 15:00:00,64.79552686214447
2025-12-25 15:30:00,40.678742825984955
2025-12-25 16:00:00,61.72763228416443
2025-12-25 16:30:00,52.491098046302795
2025-12-25 17:00:00,50.96012473106384
2025-12-25 17:30:00,66.81444466114044
2025-12-25 18:00:00,53.339800238609314
2025-12-25 18:30:00,44.079053699970245
2025-12-25 19:00:00,53.18677484989166
2025-12-25 19:30:00,40.3553269803524
2025-12-25 20:00:00,40.904622972011566
2025-12-25 20:30:00,59.13293391466141
2025-12-25 21:00:00,85.35754084587097
2025-12-25 21:30:00,63.54545474052429
2025-12-25 22:00:00,37.985259890556335
2025-12-25 22:30:00,38.316090404987335
2025-12-25 23:00:00,51.29375696182251
2025-12-25 23:30:00,39.61191713809967
2025-12-26 00:00:00,28.39048594236374
2025-12-26 00:30:00,46.38897255063057
2025-12-26 01:00:00,35.192166566848755
2025-12-26 01:30:00,41.91175892949104
2025-12-26 02:00:00,40.19527703523636
2025-12-26 02:30:00,59.15746033191681
2025-12-26 03:00:00,67.1977174282074
2025-12-26 03:30:00,68.17969620227814
2025-12-26 04:00:00,68.0789053440094
2025-12-26 04:30:00,77.75982320308685
2025-12-26 05:00:00,49.98685508966446
2025-12-26 05:30:00,55.2429661154747
2025-12-26 06:00:00,30.583262145519257
2025-12-26 06:30:00,42.51975163817406
2025-12-26 07:00:00,36.97478264570236
2025-12-26 07:30:00,45.46485707163811
2025-12-26 08:00:00,54.162633419036865
2025-12-26 08:30:00,42.63207361102104
2025-12-26 09:00:00,34.27565574645996
2025-12-26 09:30:00,37.24792465567589
2025-12-26 10:00:00,56.9670045375824
2025-12-26 10:30:00,54.45590674877167
2025-12-26 11:00:00,47.57542848587036
2025-12-26 11:30:00,64.73611831665039
2025-12-26 12:00:00,53.111863136291504
2025-12-26 12:30:00,50.560634434223175
2025-12-26 13:00:00,53.828869462013245
2025-12-26 13:30:00,59.28141474723816
2025-12-26 14:00:00,33.57743561267853
2025-12-26 14:30:00,60.251624286174774
2025-12-26 15:00:00,48.05779993534088
2025-12-26 15:30:00,72.17768967151642
2025-12-26 16:00:00,51.388123631477356
2025-12-26 16:30:00,61.52030527591705
2025-12-26 17:00:00,55.45417904853821
2025-12-26 17:30:00,52.90813326835632
2025-12-26 18:00:00,30.812392383813858
2025-12-26 18:30:00,46.71641364693642
2025-12-26 19:00:00,61.30473017692566
2025-12-26 19:30:00,54.93660628795624
2025-12-26 20:00:00,47.5922691822052
2025-12-26 20:30:00,35.88594347238541
2025-12-26 21:00:00,42.077931612730026
2025-12-26 21:30:00,37.28528171777725
2025-12-26 22:00:00,43.67206767201424
2025-12-26 22:30:00,35.47597587108612
2025-12-26 23:00:00,47.7397620677948
2025-12-26 23:30:00,42.62319728732109
2025-12-27 00:00:00,57.93559789657593
2025-12-27 00:30:00,30.673530101776123
2025-12-27 01:00:00,45.309541672468185
2025-12-27 01:30:00,67.13035464286804
2025-12-27 02:00:00,55.40101230144501
2025-12-27 02:30:00,57.64714777469635
2025-12-27 03:00:00,61.60319149494171
2025-12-27 03:30:00,58.21932107210159
2025-12-27 04:00:00,45.39850249886513
2025-12-27 04:30:00,64.97500896453857
2025-12-27 05:00:00,40.20399883389473
2025-12-27 05:30:00,40.69855749607086
2025-12-27 06:00:00,53.23151111602783
2025-12-27 06:30:00,35.88872492313385
2025-12-27 07:00:00,33.772261291742325
2025-12-27 07:30:00,45.205108076334
2025-12-27 08:00:00,40.127769857645035
2025-12-27 08:30:00,70.35288572311401
2025-12-27 09:00:00,40.47406554222107
2025-12-27 09:30:00,55.62268227338791
2025-12-27 10:00:00,51.39791190624237
2025-12-27 10:30:00,47.74277150630951
2025-12-27 11:00:00,57.9366010427475
2025-12-27 11:30:00,60.127928256988525
2025-12-27 12:00:00,44.804232120513916
2025-12-27 12:30:00,54.81234788894653
2025-12-27 13:00:00,66.83308899402618
2025-12-27 13:30:00,62.84751832485199
2025-12-27 14:00:00,65.29021978378296
2025-12-27 14:30:00,38.445448130369186
2025-12-27 15:00:00,54.514970779418945
2025-12-27 15:30:00,43.72595638036728
2025-12-27 16:00:00,27.537695169448853
2025-12-27 16:30:00,35.810378193855286
2025-12-27 17:00:00,48.91989767551422
2025-12-27 17:30:00,62.0544958114624
2025-12-27 18:00:00,45.61382681131363
2025-12-27 18:30:00,57.918514013290405
2025-12-27 19:00:00,47.564034163951874
2025-12-27 19:30:00,55.41062831878662
2025-12-27 20:00:00,74.24997687339783
2025-12-27 20:30:00,25.404542833566666
2025-12-27 21:00:00,50.23135423660278
2025-12-27 21:30:00,32.26966232061386
2025-12-27 22:00:00,67.52578675746918
2025-12-27 22:30:00,53.55291306972504
2025-12-27 23:00:00,54.063960313797
2025-12-27 23:30:00,67.5589919090271
2025-12-28 00:00:00,76.32057189941406
2025-12-28 00:30:00,55.80050766468048
2025-12-28 01:00:00,53.94124209880829
2025-12-28 01:30:00,49.13159191608429
2025-12-28 02:00:00,68.9190149307251
2025-12-28 02:30:00,63.070905804634094
2025-12-28 03:00:00,31.01134717464447
2025-12-28 03:30:00,87.36751139163971
2025-12-28 04:00:00,49.24272835254669
2025-12-28 04:30:00,54.239895939826965
2025-12-28 05:00:00,56.263657212257385
2025-12-28 05:30:00,45.844598561525345
2025-12-28 06:00:00,59.11473035812378
2025-12-28 06:30:00,54.13185000419617
2025-12-28 07:00:00,49.840370416641235
2025-12-28 07:30:00,50.47046780586243
2025-12-28 08:00:00,61.24899983406067
2025-12-28 08:30:00,55.698551535606384
2025-12-28 09:00:00,57.49671131372452
2025-12-28 09:30:00,64.71047222614288
2025-12-28 10:00:00,71.34466290473938
2025-12-28 10:30:00,59.806435108184814
2025-12-28 11:00:00,43.663867712020874
2025-12-28 11:30:00,53.02591681480408
2025-12-28 12:00:00,36.77780628204346
2025-12-28 12:30:00,67.75117039680481
2025-12-28 13:00:00,35.807926058769226
2025-12-28 13:30:00,52.830049991607666
2025-12-28 14:00:00,64.66542184352875
2025-12-28 14:30:00,56.36776149272919
2025-12-28 15:00:00,73.45981180667877
2025-12-28 15:30:00,32.960500717163086
2025-12-28 16:00:00,41.61066308617592
2025-12-28 16:30:00,32.727520018815994
2025-12-28 17:00:00,54.98194545507431
2025-12-28 17:30:00,75.22271454334259
2025-12-28 18:00:00,39.173180013895035
2025-12-28 18:30:00,46.97955459356308
2025-12-28 19:00:00,67.2332227230072
2025-12-28 19:30:00,61.44610285758972
2025-12-28 20:00:00,64.5960021018982
2025-12-28 20:30:00,32.89526581764221
2025-12-28 21:00:00,41.355755031108856
2025-12-28 21:30:00,56.520655155181885
2025-12-28 22:00:00,46.91526457667351
2025-12-28 22:30:00,58.39325547218323
2025-12-28 23:00:00,34.069785326719284
2025-12-28 23:30:00,43.81118327379227
2025-12-29 00:00:00,42.32848510146141
2025-12-29 00:30:00,32.45398536324501
2025-12-29 01:00:00,47.74144411087036
2025-12-29 01:30:00,57.371931076049805
2025-12-29 02:00:00,53.96898567676544
2025-12-29 02:30:00,41.59253552556038
2025-12-29 03:00:00,56.45964056253433
2025-12-29 03:30:00,48.77354979515076
2025-12-29 04:00:00,45.478060096502304
2025-12-29 04:30:00,34.084191620349884
2025-12-29 05:00:00,52.40437150001526
2025-12-29 05:30:00,47.89227068424225
2025-12-29 06:00:00,71.3651716709137
2025-12-29 06:30:00,32.48327165842056
2025-12-29 07:00:00,23.438140749931335
2025-12-29 07:30:00,35.33419281244278
2025-12-29 08:00:00,36.70129105448723
2025-12-29 08:30:00,45.96758276224136
2025-12-29 09:00:00,70.454061627388
2025-12-29 09:30:00,45.890125185251236
2025-12-29 10:00:00,78.91137421131134
2025-12-29 10:30:00,62.530747056007385
2025-12-29 11:00:00,58.86005789041519
2025-12-29 11:30:00,47.666268944740295
2025-12-29 12:00:00,62.638570070266724
2025-12-29 12:30:00,60.812904834747314
2025-12-29 13:00:00,50.82344859838486
2025-12-29 13:30:00,39.66767534613609
2025-12-29 14:00:00,73.30030143260956
2025-12-29 14:30:00,46.27561703324318
2025-12-29 15:00:00,81.95678412914276
2025-12-29 15:30:00,44.206747114658356
2025-12-29 16:00:00,50.90749502182007
2025-12-29 16:30:00,61.8413120508194
2025-12-29 17:00:00,41.42523303627968
2025-12-29 17:30:00,45.51244571805
2025-12-29 18:00:00,34.8787796497345
2025-12-29 18:30:00,61.347095370292664
2025-12-29 19:00:00,55.4130095243454
2025-12-29 19:30:00,28.197821080684662
2025-12-29 20:00:00,50.45733571052551
2025-12-29 20:30:00,47.36806854605675
2025-12-29 21:00:00,57.4613681435585
2025-12-29 21:30:00,56.88659071922302
2025-12-29 22:00:00,51.295793652534485
2025-12-29 22:30:00,26.331234574317932
2025-12-29 23:00:00,49.44149315357208
2025-12-29 23:30:00,58.69160532951355
2025-12-30 00:00:00,51.93655073642731
2025-12-30 00:30:00,68.59138131141663
2025-12-30 01:00:00,31.211819350719452
2025-12-30 01:30:00,32.78236627578735
2025-12-30 02:00:00,38.66110682487488
2025-12-30 02:30:00,36.14468678832054
2025-12-30 03:00:00,53.5050305724144
2025-12-30 03:30:00,57.07673251628876
2025-12-30 04:00:00,25.689094364643097
2025-12-30 04:30:00,46.22619688510895
2025-12-30 05:00:00,29.391565024852753
2025-12-30 05:30:00,40.833310931921005
2025-12-30 06:00:00,43.73829811811447
2025-12-30 06:30:00,51.65333926677704
2025-12-30 07:00:00,62.34796166419983
2025-12-30 07:30:00,45.755424946546555
2025-12-30 08:00:00,60.01141130924225
2025-12-30 08:30:00,58.362477123737335
2025-12-30 09:00:00,34.372292160987854
2025-12-30 09:30:00,58.30009460449219
2025-12-30 10:00:00,43.28120797872543
2025-12-30 10:30:00,60.38774311542511
2025-12-30 11:00:00,66.51217341423035
2025-12-30 11:30:00,43.902532905340195
2025-12-30 12:00:00,34.5733368396759
2025-12-30 12:30:00,45.015249997377396
2025-12-30 13:00:00,62.89427101612091
2025-12-30 13:30:00,46.9445838034153
2025-12-30 14:00:00,44.24740746617317
2025-12-30 14:30:00,44.821047484874725
2025-12-30 15:00:00,38.002521097660065
2025-12-30 15:30:00,43.94706651568413
2025-12-30 16:00:00,51.58072769641876
2025-12-30 16:30:00,64.67085301876068
2025-12-30 17:00:00,64.16507482528687
2025-12-30 17:30:00,50.247100591659546
2025-12-30 18:00:00,52.03543663024902
2025-12-30 18:30:00,48.49955916404724
2025-12-30 19:00:00,59.29301679134369
2025-12-30 19:30:00,37.838091254234314
2025-12-30 20:00:00,52.32375502586365
2025-12-30 20:30:00,44.76298660039902
2025-12-30 21:00:00,54.71678555011749
2025-12-30 21:30:00,57.00958251953125
2025-12-30 22:00:00,62.74293780326843
2025-12-30 22:30:00,31.770394444465637
2025-12-30 23:00:00,30.470737516880035
2025-12-30 23:30:00,31.09823077917099
2025-12-31 00:00:00,45.73990657925606
2025-12-31 00:30:00,75.84907293319702
2025-12-31 01:00:00,40.096872448921204
2025-12-31 01:30:00,36.969726383686066
2025-12-31 02:00:00,32.423006892204285
2025-12-31 02:30:00,42.70420894026756
2025-12-31 03:00:00,46.462810188531876
2025-12-31 03:30:00,39.23967897891998
2025-12-31 04:00:00,49.993547797203064
2025-12-31 04:30:00,59.767282009124756
2025-12-31 05:00:00,91.02856934070587
2025-12-31 05:30:00,53.528771698474884
2025-12-31 06:00:00,52.32110023498535
2025-12-31 06:30:00,54.206255078315735
2025-12-31 07:00:00,77.28720963001251
2025-12-31 07:30:00,41.99063256382942
2025-12-31 08:00:00,57.28794038295746
2025-12-31 08:30:00,56.687562465667725
2025-12-31 09:00:00,57.212440967559814
2025-12-31 09:30:00,59.32653099298477
2025-12-31 10:00:00,60.499396324157715
2025-12-31 10:30:00,51.51861369609833
2025-12-31 11:00:00,59.698379039764404
2025-12-31 11:30:00,45.69621905684471
2025-12-31 12:00:00,65.40424406528473
2025-12-31 12:30:00,45.681189596652985
2025-12-31 13:00:00,57.56062388420105
2025-12-31 13:30:00,36.57376229763031
2025-12-31 14:00:00,53.77656400203705
2025-12-31 14:30:00,62.52556413412094
2025-12-31 15:00:00,57.20845878124237
2025-12-31 15:30:00,51.18556410074234
2025-12-31 16:00:00,43.48560407757759
2025-12-31 16:30:00,45.176609605550766
2025-12-31 17:00:00,48.172401785850525
2025-12-31 17:30:00,41.95381760597229
2025-12-31 18:00:00,87.72178411483765
2025-12-31 18:30:00,55.882223546504974
2025-12-31 19:00:00,81.53339564800262
2025-12-31 19:30:00,27.333256006240845
2025-12-31 20:00:00,42.483357191085815
2025-12-31 20:30:00,74.86721575260162
2025-12-31 21:00:00,46.56671181321144
2025-12-31 21:30:00,52.8726989030838
2025-12-31 22:00:00,74.80350077152252
2025-12-31 22:30:00,45.49608126282692
2025-12-31 23:00:00,49.74139332771301
2025-12-31 23:30:00,38.17377284169197
