datetime,cpu
2025-01-01 00:00:00,14.941702723503113
2025-01-01 00:30:00,27.38702094554901
2025-01-01 01:00:00,46.6541633605957
2025-01-01 01:30:00,35.577303528785706
2025-01-01 02:00:00,25.736459970474243
2025-01-01 02:30:00,21.30914318561554
2025-01-01 03:00:00,21.819039702415466
2025-01-01 03:30:00,40.249109387397766
2025-01-01 04:00:00,33.358264088630676
2025-01-01 04:30:00,27.223997354507446
2025-01-01 05:00:00,33.61198818683624
2025-01-01 05:30:00,20.062978148460388
2025-01-01 06:00:00,33.92361330986023
2025-01-01 06:30:00,31.98814594745636
2025-01-01 07:00:00,29.76861083507538
2025-01-01 07:30:00,15.733709335327148
2025-01-01 08:00:00,18.9442058801651
2025-01-01 08:30:00,24.222546815872192
2025-01-01 09:00:00,45.6406888961792
2025-01-01 09:30:00,25.303457736968994
2025-01-01 10:00:00,39.339731097221375
2025-01-01 10:30:00,39.54014790058136
2025-01-01 11:00:00,31.622970700263977
2025-01-01 11:30:00,16.38739711046219
2025-01-01 12:00:00,37.8006237745285
2025-01-01 12:30:00,33.070623993873596
2025-01-01 13:00:00,35.90497040748596
2025-01-01 13:30:00,40.79734539985657
2025-01-01 14:00:00,36.45863378047943
2025-01-01 14:30:00,32.19517922401428
2025-01-01 15:00:00,37.66223108768463
2025-01-01 15:30:00,37.83653497695923
2025-01-01 16:00:00,49.48396110534668
2025-01-01 16:30:00,29.52442467212677
2025-01-01 17:00:00,19.627026915550232
2025-01-01 17:30:00,26.368599772453308
2025-01-01 18:00:00,40.87570917606354
2025-01-01 18:30:00,41.54396045207977
2025-01-01 19:00:00,29.002284049987793
2025-01-01 19:30:00,32.647870659828186
2025-01-01 20:00:00,23.538741946220398
2025-01-01 20:30:00,44.2951465845108
2025-01-01 21:00:00,24.25157868862152
2025-01-01 21:30:00,42.14008891582489
2025-01-01 22:00:00,32.35047483444214
2025-01-01 22:30:00,17.714465618133545
2025-01-01 23:00:00,16.452917218208313
2025-01-01 23:30:00,13.277213484048843
2025-01-02 00:00:00,22.486955523490906
2025-01-02 00:30:00,21.70091700553894
2025-01-02 01:00:00,19.898024439811707
2025-01-02 01:30:00,33.036670446395874
2025-01-02 02:00:00,26.757877707481384
2025-01-02 02:30:00,42.21483778953552
2025-01-02 03:00:00,37.71969401836395
2025-01-02 03:30:00,30.072628140449524
2025-01-02 04:00:00,28.673065066337585
2025-01-02 04:30:00,23.621807098388672
2025-01-02 05:00:00,34.574538588523865
2025-01-02 05:30:00,26.38031315803528
2025-01-02 06:00:00,26.071632027626038
2025-01-02 06:30:00,43.08284246921539
2025-01-02 07:00:00,25.38547646999359
2025-01-02 07:30:00,20.240904450416565
2025-01-02 08:00:00,29.09105694293976
2025-01-02 08:30:00,35.76176619529724
2025-01-02 09:00:00,20.194218635559082
2025-01-02 09:30:00,29.379160165786743
2025-01-02 10:00:00,40.67925274372101
2025-01-02 10:30:00,20.29361093044281
2025-01-02 11:00:00,23.35299003124237
2025-01-02 11:30:00,23.30318248271942
2025-01-02 12:00:00,29.33499777317047
2025-01-02 12:30:00,30.601510405540466
2025-01-02 13:00:00,33.97688055038452
2025-01-02 13:30:00,38.07083773612976
2025-01-02 14:00:00,36.10039293766022
2025-01-02 14:30:00,44.21562123298645
2025-01-02 15:00:00,50.734602212905884
2025-01-02 15:30:00,49.94786024093628
2025-01-02 16:00:00,38.71904933452606
2025-01-02 16:30:00,32.35721147060394
2025-01-02 17:00:00,15.698058485984802
2025-01-02 17:30:00,21.322869300842285
2025-01-02 18:00:00,28.569151639938354
2025-01-02 18:30:00,29.551526427268982
2025-01-02 19:00:00,26.158685088157654
2025-01-02 19:30:00,25.507336735725403
2025-01-02 20:00:00,33.31091487407684
2025-01-02 20:30:00,27.62984025478363
2025-01-02 21:00:00,35.52113234996796
2025-01-02 21:30:00,49.09237003326416
2025-01-02 22:00:00,31.772168040275574
2025-01-02 22:30:00,41.55381882190704
2025-01-02 23:00:00,42.836228013038635
2025-01-02 23:30:00,29.394601106643677
2025-01-03 00:00:00,12.10891592502594
2025-01-03 00:30:00,15.534679412841797
2025-01-03 01:00:00,15.613704085350037
2025-01-03 01:30:00,18.771604299545288
2025-01-03 02:00:00,24.091078519821167
2025-01-03 02:30:00,30.432083129882812
2025-01-03 03:00:00,25.104267597198486
2025-01-03 03:30:00,28.8749338388443
2025-01-03 04:00:00,24.67318546772003
2025-01-03 04:30:00,36.6298109292984
2025-01-03 05:00:00,20.390342116355896
2025-01-03 05:30:00,24.717140078544617
2025-01-03 06:00:00,37.37148177623749
2025-01-03 06:30:00,44.559064507484436
2025-01-03 07:00:00,33.1152069568634
2025-01-03 07:30:00,27.309165358543396
2025-01-03 08:00:00,19.358745574951172
2025-01-03 08:30:00,18.136778354644775
2025-01-03 09:00:00,24.831657886505127
2025-01-03 09:30:00,40.19591224193573
2025-01-03 10:00:00,43.090587973594666
2025-01-03 10:30:00,43.28573262691498
2025-01-03 11:00:00,28.899281859397888
2025-01-03 11:30:00,33.45905327796936
2025-01-03 12:00:00,48.906808376312256
2025-01-03 12:30:00,24.849447011947632
2025-01-03 13:00:00,35.86506378650665
2025-01-03 13:30:00,26.31840419769287
2025-01-03 14:00:00,26.47840118408203
2025-01-03 14:30:00,32.09961211681366
2025-01-03 15:00:00,42.853160977363586
2025-01-03 15:30:00,42.31006443500519
2025-01-03 16:00:00,36.05911695957184
2025-01-03 16:30:00,33.487619519233704
2025-01-03 17:00:00,43.629886865615845
2025-01-03 17:30:00,37.523335218429565
2025-01-03 18:00:00,20.634087681770325
2025-01-03 18:30:00,26.97362780570984
2025-01-03 19:00:00,30.61712658405304
2025-01-03 19:30:00,19.49194371700287
2025-01-03 20:00:00,37.53461802005768
2025-01-03 20:30:00,26.853387236595154
2025-01-03 21:00:00,30.565406441688538
2025-01-03 21:30:00,22.51680099964142
2025-01-03 22:00:00,26.76382327079773
2025-01-03 22:30:00,14.940710127353668
2025-01-03 23:00:00,43.89643585681915
2025-01-03 23:30:00,38.54745662212372
2025-01-04 00:00:00,-0.4929627478122713
2025-01-04 00:30:00,26.478321075439453
2025-01-04 01:00:00,22.03514528274536
2025-01-04 01:30:00,26.403644800186157
2025-01-04 02:00:00,26.812699556350708
2025-01-04 02:30:00,40.52422749996185
2025-01-04 03:00:00,39.17860758304596
2025-01-04 03:30:00,44.16633689403534
2025-01-04 04:00:00,44.77700757980347
2025-01-04 04:30:00,48.6957471370697
2025-01-04 05:00:00,34.822752714157104
2025-01-04 05:30:00,25.937432527542114
2025-01-04 06:00:00,25.856632947921753
2025-01-04 06:30:00,34.77898585796356
2025-01-04 07:00:00,34.08727276325226
2025-01-04 07:30:00,22.68634343147278
2025-01-04 08:00:00,22.383490204811096
2025-01-04 08:30:00,31.958145260810852
2025-01-04 09:00:00,35.919347405433655
2025-01-04 09:30:00,26.265857934951782
2025-01-04 10:00:00,41.63257813453674
2025-01-04 10:30:00,43.11404728889465
2025-01-04 11:00:00,35.969295144081116
2025-01-04 11:30:00,25.196277379989624
2025-01-04 12:00:00,40.48736250400543
2025-01-04 12:30:00,37.59787881374359
2025-01-04 13:00:00,41.13291549682617
2025-01-04 13:30:00,26.691014528274536
2025-01-04 14:00:00,46.9820830821991
2025-01-04 14:30:00,25.262484669685364
2025-01-04 15:00:00,27.47651731967926
2025-01-04 15:30:00,28.136404752731323
2025-01-04 16:00:00,28.05670917034149
2025-01-04 16:30:00,27.88442051410675
2025-01-04 17:00:00,28.528614163398743
2025-01-04 17:30:00,27.83871352672577
2025-01-04 18:00:00,30.877289414405823
2025-01-04 18:30:00,35.551483511924744
2025-01-04 19:00:00,28.64401066303253
2025-01-04 19:30:00,30.53589642047882
2025-01-04 20:00:00,46.5157356262207
2025-01-04 20:30:00,50.88984775543213
2025-01-04 21:00:00,38.77924597263336
2025-01-04 21:30:00,32.04385149478912
2025-01-04 22:00:00,12.53083062171936
2025-01-04 22:30:00,17.94210934638977
2025-01-04 23:00:00,20.529971480369568
2025-01-04 23:30:00,23.781819105148315
2025-01-05 00:00:00,11.42265209555626
2025-01-05 00:30:00,17.357714295387268
2025-01-05 01:00:00,39.286206007003784
2025-01-05 01:30:00,35.71972167491913
2025-01-05 02:00:00,37.74182403087616
2025-01-05 02:30:00,32.90246593952179
2025-01-05 03:00:00,31.072389006614685
2025-01-05 03:30:00,36.98028123378754
2025-01-05 04:00:00,25.74334681034088
2025-01-05 04:30:00,25.41044282913208
2025-01-05 05:00:00,17.06760334968567
2025-01-05 05:30:00,20.9529025554657
2025-01-05 06:00:00,28.315765500068665
2025-01-05 06:30:00,26.43654441833496
2025-01-05 07:00:00,45.40188002586365
2025-01-05 07:30:00,40.91963875293732
2025-01-05 08:00:00,28.181763768196106
2025-01-05 08:30:00,31.625303864479065
2025-01-05 09:00:00,35.790687918663025
2025-01-05 09:30:00,14.830464363098145
2025-01-05 10:00:00,27.399603009223938
2025-01-05 10:30:00,31.19528317451477
2025-01-05 11:00:00,37.53043735027313
2025-01-05 11:30:00,39.41436731815338
2025-01-05 12:00:00,28.736178159713745
2025-01-05 12:30:00,28.23995018005371
2025-01-05 13:00:00,35.03515076637268
2025-01-05 13:30:00,24.74141550064087
2025-01-05 14:00:00,34.78767013549805
2025-01-05 14:30:00,37.28818380832672
2025-01-05 15:00:00,32.822672724723816
2025-01-05 15:30:00,28.404776215553284
2025-01-05 16:00:00,31.281567692756653
2025-01-05 16:30:00,18.131571292877197
2025-01-05 17:00:00,23.297041654586792
2025-01-05 17:30:00,24.795854330062866
2025-01-05 18:00:00,26.916272521018982
2025-01-05 18:30:00,42.67827880382538
2025-01-05 19:00:00,29.989981055259705
2025-01-05 19:30:00,27.18254864215851
2025-01-05 20:00:00,33.362677574157715
2025-01-05 20:30:00,45.31353521347046
2025-01-05 21:00:00,20.42978310585022
2025-01-05 21:30:00,20.830649256706238
2025-01-05 22:00:00,30.846395015716553
2025-01-05 22:30:00,21.34728240966797
2025-01-05 23:00:00,32.657939314842224
2025-01-05 23:30:00,29.661690831184387
2025-01-06 00:00:00,20.26076638698578
2025-01-06 00:30:00,15.962241768836975
2025-01-06 01:00:00,18.80918025970459
2025-01-06 01:30:00,37.0880423784256
2025-01-06 02:00:00,28.13832986354828
2025-01-06 02:30:00,34.577057003974915
2025-01-06 03:00:00,36.126147866249084
2025-01-06 03:30:00,43.25974988937378
2025-01-06 04:00:00,28.339427590370178
2025-01-06 04:30:00,38.866103768348694
2025-01-06 05:00:00,30.764989614486694
2025-01-06 05:30:00,31.34015715122223
2025-01-06 06:00:00,31.626180052757263
2025-01-06 06:30:00,40.31275820732117
2025-01-06 07:00:00,37.01140344142914
2025-01-06 07:30:00,40.2748042345047
2025-01-06 08:00:00,39.74977719783783
2025-01-06 08:30:00,43.63164925575256
2025-01-06 09:00:00,24.0246684551239
2025-01-06 09:30:00,27.416130423545837
2025-01-06 10:00:00,20.823289275169373
2025-01-06 10:30:00,15.477792263031006
2025-01-06 11:00:00,10.451032519340515
2025-01-06 11:30:00,24.333444714546204
2025-01-06 12:00:00,27.04880726337433
2025-01-06 12:30:00,25.346726417541504
2025-01-06 13:00:00,25.653287172317505
2025-01-06 13:30:00,31.947911381721497
2025-01-06 14:00:00,28.83228349685669
2025-01-06 14:30:00,26.58415961265564
2025-01-06 15:00:00,27.544329285621643
2025-01-06 15:30:00,15.017241418361664
2025-01-06 16:00:00,7.950724124908447
2025-01-06 16:30:00,9.939379870891571
2025-01-06 17:00:00,21.072056651115417
2025-01-06 17:30:00,34.35548651218414
2025-01-06 18:00:00,36.21082270145416
2025-01-06 18:30:00,39.86983251571655
2025-01-06 19:00:00,48.43214964866638
2025-01-06 19:30:00,38.85629045963287
2025-01-06 20:00:00,30.19950520992279
2025-01-06 20:30:00,19.498945713043213
2025-01-06 21:00:00,19.46529257297516
2025-01-06 21:30:00,24.084489583969116
2025-01-06 22:00:00,24.335207104682922
2025-01-06 22:30:00,34.866552114486694
2025-01-06 23:00:00,27.47453463077545
2025-01-06 23:30:00,20.936415195465088
2025-01-07 00:00:00,20.52140235900879
2025-01-07 00:30:00,37.590558886528015
2025-01-07 01:00:00,24.531155347824097
2025-01-07 01:30:00,37.7695916891098
2025-01-07 02:00:00,31.458950757980347
2025-01-07 02:30:00,34.56208670139313
2025-01-07 03:00:00,27.427480816841125
2025-01-07 03:30:00,23.707215428352356
2025-01-07 04:00:00,41.148666858673096
2025-01-07 04:30:00,46.01835608482361
2025-01-07 05:00:00,23.825498342514038
2025-01-07 05:30:00,30.062436819076538
2025-01-07 06:00:00,33.02548277378082
2025-01-07 06:30:00,31.38386642932892
2025-01-07 07:00:00,26.97770583629608
2025-01-07 07:30:00,32.68270289897919
2025-01-07 08:00:00,32.33325898647308
2025-01-07 08:30:00,17.299755692481995
2025-01-07 09:00:00,27.68831956386566
2025-01-07 09:30:00,27.15290343761444
2025-01-07 10:00:00,36.01112687587738
2025-01-07 10:30:00,45.7471182346344
2025-01-07 11:00:00,30.954734444618225
2025-01-07 11:30:00,51.62940073013306
2025-01-07 12:00:00,52.64840769767761
2025-01-07 12:30:00,36.20952343940735
2025-01-07 13:00:00,26.873910069465637
2025-01-07 13:30:00,33.22647786140442
2025-01-07 14:00:00,29.64375901222229
2025-01-07 14:30:00,35.53917181491852
2025-01-07 15:00:00,16.314537048339844
2025-01-07 15:30:00,29.21384847164154
2025-01-07 16:00:00,28.578922390937805
2025-01-07 16:30:00,37.377209544181824
2025-01-07 17:00:00,25.389612078666687
2025-01-07 17:30:00,31.018338203430176
2025-01-07 18:00:00,26.556787490844727
2025-01-07 18:30:00,32.2761265039444
2025-01-07 19:00:00,28.11848294734955
2025-01-07 19:30:00,32.77972447872162
2025-01-07 20:00:00,33.9515061378479
2025-01-07 20:30:00,34.020524740219116
2025-01-07 21:00:00,33.464247822761536
2025-01-07 21:30:00,33.03047454357147
2025-01-07 22:00:00,25.17575705051422
2025-01-07 22:30:00,20.01671040058136
2025-01-07 23:00:00,17.90042531490326
2025-01-07 23:30:00,24.75613796710968
2025-01-08 00:00:00,24.331492066383362
2025-01-08 00:30:00,32.350507378578186
2025-01-08 01:00:00,48.95898914337158
2025-01-08 01:30:00,26.238693594932556
2025-01-08 02:00:00,33.68340003490448
2025-01-08 02:30:00,47.25509333610535
2025-01-08 03:00:00,38.65849220752716
2025-01-08 03:30:00,35.404624342918396
2025-01-08 04:00:00,35.837669134140015
2025-01-08 04:30:00,37.601999402046204
2025-01-08 05:00:00,32.369327902793884
2025-01-08 05:30:00,31.833310961723328
2025-01-08 06:00:00,35.61462414264679
2025-01-08 06:30:00,30.442830204963684
2025-01-08 07:00:00,32.92440068721771
2025-01-08 07:30:00,28.5510470867157
2025-01-08 08:00:00,30.12330186367035
2025-01-08 08:30:00,28.324467301368713
2025-01-08 09:00:00,23.468451619148254
2025-01-08 09:30:00,24.961416363716125
2025-01-08 10:00:00,32.58252203464508
2025-01-08 10:30:00,24.070613265037537
2025-01-08 11:00:00,27.37477684020996
2025-01-08 11:30:00,28.516417622566223
2025-01-08 12:00:00,23.25093913078308
2025-01-08 12:30:00,25.725935697555542
2025-01-08 13:00:00,27.605464696884155
2025-01-08 13:30:00,23.183905720710754
2025-01-08 14:00:00,23.13460886478424
2025-01-08 14:30:00,17.438669085502625
2025-01-08 15:00:00,21.14353859424591
2025-01-08 15:30:00,38.98129999637604
2025-01-08 16:00:00,36.97370231151581
2025-01-08 16:30:00,40.78162157535553
2025-01-08 17:00:00,48.65917253494263
2025-01-08 17:30:00,41.93237221240997
2025-01-08 18:00:00,44.4810186624527
2025-01-08 18:30:00,43.543752551078796
2025-01-08 19:00:00,39.673338532447815
2025-01-08 19:30:00,30.79338562488556
2025-01-08 20:00:00,24.397664308547974
2025-01-08 20:30:00,26.93362855911255
2025-01-08 21:00:00,43.133275866508484
2025-01-08 21:30:00,37.310038447380066
2025-01-08 22:00:00,38.62847900390625
2025-01-08 22:30:00,34.48357021808624
2025-01-08 23:00:00,32.88408100605011
2025-01-08 23:30:00,43.43357813358307
2025-01-09 00:00:00,10.247498989105225
2025-01-09 00:30:00,18.48904860019684
2025-01-09 01:00:00,16.988440990447998
2025-01-09 01:30:00,24.46739137172699
2025-01-09 02:00:00,45.02966022491455
2025-01-09 02:30:00,26.905240058898926
2025-01-09 03:00:00,34.99149405956268
2025-01-09 03:30:00,23.067750692367554
2025-01-09 04:00:00,40.73314583301544
2025-01-09 04:30:00,30.098042607307434
2025-01-09 05:00:00,32.61080539226532
2025-01-09 05:30:00,35.06090819835663
2025-01-09 06:00:00,35.81679832935333
2025-01-09 06:30:00,54.482054471969604
2025-01-09 07:00:00,50.67205238342285
2025-01-09 07:30:00,32.824219822883606
2025-01-09 08:00:00,40.78832566738129
2025-01-09 08:30:00,46.351022243499756
2025-01-09 09:00:00,38.781559109687805
2025-01-09 09:30:00,36.961440682411194
2025-01-09 10:00:00,24.5185307264328
2025-01-09 10:30:00,23.854047060012817
2025-01-09 11:00:00,17.291574597358704
2025-01-09 11:30:00,46.1875855922699
2025-01-09 12:00:00,29.689663767814636
2025-01-09 12:30:00,29.062212824821472
2025-01-09 13:00:00,38.85476338863373
2025-01-09 13:30:00,29.183727622032166
2025-01-09 14:00:00,38.1163569688797
2025-01-09 14:30:00,43.0200172662735
2025-01-09 15:00:00,31.590666890144348
2025-01-09 15:30:00,22.528406739234924
2025-01-09 16:00:00,24.001732349395752
2025-01-09 16:30:00,44.79525983333588
2025-01-09 17:00:00,43.52720010280609
2025-01-09 17:30:00,55.93309736251831
2025-01-09 18:00:00,53.7969753742218
2025-01-09 18:30:00,32.18150818347931
2025-01-09 19:00:00,38.66851079463959
2025-01-09 19:30:00,39.04791283607483
2025-01-09 20:00:00,27.097721099853516
2025-01-09 20:30:00,39.37441313266754
2025-01-09 21:00:00,36.968705534935
2025-01-09 21:30:00,34.2281037569046
2025-01-09 22:00:00,31.21070158481598
2025-01-09 22:30:00,26.36153018474579
2025-01-09 23:00:00,26.230126976966858
2025-01-09 23:30:00,18.957128405570984
2025-01-10 00:00:00,35.850759387016296
2025-01-10 00:30:00,38.92543172836304
2025-01-10 01:00:00,35.91110622882843
2025-01-10 01:30:00,33.09438371658325
2025-01-10 02:00:00,30.37151849269867
2025-01-10 02:30:00,45.61495399475098
2025-01-10 03:00:00,31.556215167045593
2025-01-10 03:30:00,40.55830121040344
2025-01-10 04:00:00,36.03270363807678
2025-01-10 04:30:00,33.9854496717453
2025-01-10 05:00:00,41.283514738082886
2025-01-10 05:30:00,34.875882267951965
2025-01-10 06:00:00,57.075857162475586
2025-01-10 06:30:00,31.77710473537445
2025-01-10 07:00:00,32.461352705955505
2025-01-10 07:30:00,31.749665021896362
2025-01-10 08:00:00,42.45781481266022
2025-01-10 08:30:00,30.25952661037445
2025-01-10 09:00:00,18.431670784950256
2025-01-10 09:30:00,36.41351759433746
2025-01-10 10:00:00,29.33588397502899
2025-01-10 10:30:00,38.19084548950195
2025-01-10 11:00:00,43.284746289253235
2025-01-10 11:30:00,34.22380542755127
2025-01-10 12:00:00,35.44820845127106
2025-01-10 12:30:00,39.40339994430542
2025-01-10 13:00:00,41.183266282081604
2025-01-10 13:30:00,35.36003136634827
2025-01-10 14:00:00,40.119964241981506
2025-01-10 14:30:00,41.11870872974396
2025-01-10 15:00:00,31.479751467704773
2025-01-10 15:30:00,23.8188818693161
2025-01-10 16:00:00,27.385443806648254
2025-01-10 16:30:00,34.94587218761444
2025-01-10 17:00:00,27.216667413711548
2025-01-10 17:30:00,44.100016951560974
2025-01-10 18:00:00,28.495829701423645
2025-01-10 18:30:00,31.396936655044556
2025-01-10 19:00:00,23.699825406074524
2025-01-10 19:30:00,30.860246300697327
2025-01-10 20:00:00,29.79142677783966
2025-01-10 20:30:00,34.341357350349426
2025-01-10 21:00:00,30.006388306617737
2025-01-10 21:30:00,41.90407383441925
2025-01-10 22:00:00,34.89623486995697
2025-01-10 22:30:00,28.208044409751892
2025-01-10 23:00:00,38.2699853181839
2025-01-10 23:30:00,46.10243010520935
2025-01-11 00:00:00,19.163703560829163
2025-01-11 00:30:00,20.886334776878357
2025-01-11 01:00:00,39.98472332954407
2025-01-11 01:30:00,29.282589197158813
2025-01-11 02:00:00,26.385813117027283
2025-01-11 02:30:00,33.932520389556885
2025-01-11 03:00:00,39.57377851009369
2025-01-11 03:30:00,39.548882246017456
2025-01-11 04:00:00,32.220961689949036
2025-01-11 04:30:00,42.06464910507202
2025-01-11 05:00:00,24.532296895980835
2025-01-11 05:30:00,12.163264006376266
2025-01-11 06:00:00,31.06127393245697
2025-01-11 06:30:00,20.312776923179626
2025-01-11 07:00:00,21.84512507915497
2025-01-11 07:30:00,25.981269478797913
2025-01-11 08:00:00,29.100790143013
2025-01-11 08:30:00,33.74018204212189
2025-01-11 09:00:00,35.34306585788727
2025-01-11 09:30:00,35.95726132392883
2025-01-11 10:00:00,33.56268382072449
2025-01-11 10:30:00,19.60482430458069
2025-01-11 11:00:00,24.18192172050476
2025-01-11 11:30:00,18.49091362953186
2025-01-11 12:00:00,35.8516731262207
2025-01-11 12:30:00,43.33198285102844
2025-01-11 13:00:00,45.534424781799316
2025-01-11 13:30:00,41.66434872150421
2025-01-11 14:00:00,37.3225679397583
2025-01-11 14:30:00,45.46274256706238
2025-01-11 15:00:00,31.257580161094666
2025-01-11 15:30:00,33.35568308830261
2025-01-11 16:00:00,34.918750405311584
2025-01-11 16:30:00,35.446205735206604
2025-01-11 17:00:00,35.50358855724335
2025-01-11 17:30:00,25.921969056129456
2025-01-11 18:00:00,33.523605823516846
2025-01-11 18:30:00,37.62267243862152
2025-01-11 19:00:00,34.69257366657257
2025-01-11 19:30:00,22.525059700012207
2025-01-11 20:00:00,38.50479876995087
2025-01-11 20:30:00,22.90893030166626
2025-01-11 21:00:00,30.79731595516205
2025-01-11 21:30:00,46.177536964416504
2025-01-11 22:00:00,49.76193809509277
2025-01-11 22:30:00,35.997230529785156
2025-01-11 23:00:00,47.273212909698486
2025-01-11 23:30:00,45.596343755722046
2025-01-12 00:00:00,18.0849130153656
2025-01-12 00:30:00,25.04523754119873
2025-01-12 01:00:00,19.82829236984253
2025-01-12 01:30:00,21.64009952545166
2025-01-12 02:00:00,18.149783492088318
2025-01-12 02:30:00,38.83099615573883
2025-01-12 03:00:00,39.874348640441895
2025-01-12 03:30:00,27.668359994888306
2025-01-12 04:00:00,47.703070878982544
2025-01-12 04:30:00,26.523802757263184
2025-01-12 05:00:00,31.41767728328705
2025-01-12 05:30:00,29.21331524848938
2025-01-12 06:00:00,35.796435713768005
2025-01-12 06:30:00,31.986103177070618
2025-01-12 07:00:00,35.29185390472412
2025-01-12 07:30:00,36.40361166000366
2025-01-12 08:00:00,31.284238815307617
2025-01-12 08:30:00,26.486499667167664
2025-01-12 09:00:00,36.03764533996582
2025-01-12 09:30:00,24.64440393447876
2025-01-12 10:00:00,50.30705738067627
2025-01-12 10:30:00,34.76487421989441
2025-01-12 11:00:00,40.84162795543671
2025-01-12 11:30:00,51.291462421417236
2025-01-12 12:00:00,43.650001645088196
2025-01-12 12:30:00,31.74820303916931
2025-01-12 13:00:00,12.908980339765549
2025-01-12 13:30:00,35.2552592754364
2025-01-12 14:00:00,19.78109586238861
2025-01-12 14:30:00,17.51909065246582
2025-01-12 15:00:00,33.938621163368225
2025-01-12 15:30:00,35.14733040332794
2025-01-12 16:00:00,44.11979877948761
2025-01-12 16:30:00,46.738723039627075
2025-01-12 17:00:00,49.054829120635986
2025-01-12 17:30:00,24.683857440948486
2025-01-12 18:00:00,12.387314110994339
2025-01-12 18:30:00,12.309762060642242
2025-01-12 19:00:00,35.007105231285095
2025-01-12 19:30:00,25.191195487976074
2025-01-12 20:00:00,37.23223292827606
2025-01-12 20:30:00,39.341363310813904
2025-01-12 21:00:00,21.3155118227005
2025-01-12 21:30:00,30.875882506370544
2025-01-12 22:00:00,36.60346519947052
2025-01-12 22:30:00,26.155110239982605
2025-01-12 23:00:00,33.45215392112732
2025-01-12 23:30:00,43.11385202407837
2025-01-13 00:00:00,22.598897337913513
2025-01-13 00:30:00,26.609942078590393
2025-01-13 01:00:00,24.67392647266388
2025-01-13 01:30:00,27.04090905189514
2025-01-13 02:00:00,32.312763690948486
2025-01-13 02:30:00,47.72691822052002
2025-01-13 03:00:00,31.661142468452454
2025-01-13 03:30:00,32.3829288482666
2025-01-13 04:00:00,21.2059006690979
2025-01-13 04:30:00,53.39843988418579
2025-01-13 05:00:00,47.05537748336792
2025-01-13 05:30:00,39.90393126010895
2025-01-13 06:00:00,37.032607197761536
2025-01-13 06:30:00,43.25060498714447
2025-01-13 07:00:00,29.484310269355774
2025-01-13 07:30:00,36.16921377182007
2025-01-13 08:00:00,39.94538748264313
2025-01-13 08:30:00,30.21695387363434
2025-01-13 09:00:00,32.086864829063416
2025-01-13 09:30:00,34.42123067378998
2025-01-13 10:00:00,25.49277698993683
2025-01-13 10:30:00,36.88369524478912
2025-01-13 11:00:00,22.134695291519165
2025-01-13 11:30:00,33.384820103645325
2025-01-13 12:00:00,25.429350972175598
2025-01-13 12:30:00,37.24803686141968
2025-01-13 13:00:00,16.843281626701355
2025-01-13 13:30:00,21.35064446926117
2025-01-13 14:00:00,15.704584836959839
2025-01-13 14:30:00,33.46209239959717
2025-01-13 15:00:00,31.18042552471161
2025-01-13 15:30:00,16.623215675354004
2025-01-13 16:00:00,25.95461082458496
2025-01-13 16:30:00,32.886797189712524
2025-01-13 17:00:00,26.14338183403015
2025-01-13 17:30:00,33.67862856388092
2025-01-13 18:00:00,16.82841646671295
2025-01-13 18:30:00,21.404893040657043
2025-01-13 19:00:00,21.0046226978302
2025-01-13 19:30:00,25.952114939689636
2025-01-13 20:00:00,33.920591711997986
2025-01-13 20:30:00,16.262261152267456
2025-01-13 21:00:00,17.348556876182556
2025-01-13 21:30:00,23.21492028236389
2025-01-13 22:00:00,41.31668221950531
2025-01-13 22:30:00,12.350802093744278
2025-01-13 23:00:00,34.758227705955505
2025-01-13 23:30:00,30.531012296676636
2025-01-14 00:00:00,31.763285994529724
2025-01-14 00:30:00,35.485761880874634
2025-01-14 01:00:00,34.36765801906586
2025-01-14 01:30:00,27.17760443687439
2025-01-14 02:00:00,32.824610352516174
2025-01-14 02:30:00,38.299275040626526
2025-01-14 03:00:00,39.64794909954071
2025-01-14 03:30:00,47.626877546310425
2025-01-14 04:00:00,31.953043341636658
2025-01-14 04:30:00,24.92767560482025
2025-01-14 05:00:00,30.937010407447815
2025-01-14 05:30:00,40.74232828617096
2025-01-14 06:00:00,28.05179500579834
2025-01-14 06:30:00,25.70166027545929
2025-01-14 07:00:00,32.02655053138733
2025-01-14 07:30:00,31.956297755241394
2025-01-14 08:00:00,24.793781518936157
2025-01-14 08:30:00,42.318180441856384
2025-01-14 09:00:00,30.999585270881653
2025-01-14 09:30:00,37.50779414176941
2025-01-14 10:00:00,48.782039165496826
2025-01-14 10:30:00,41.64937341213226
2025-01-14 11:00:00,41.47504198551178
2025-01-14 11:30:00,37.39444541931152
2025-01-14 12:00:00,53.710808515548706
2025-01-14 12:30:00,42.249279499053955
2025-01-14 13:00:00,37.47033083438873
2025-01-14 13:30:00,59.73821783065796
2025-01-14 14:00:00,29.398962020874023
2025-01-14 14:30:00,44.06212556362152
2025-01-14 15:00:00,22.196479082107544
2025-01-14 15:30:00,39.17246675491333
2025-01-14 16:00:00,39.417438983917236
2025-01-14 16:30:00,53.201908349990845
2025-01-14 17:00:00,52.72423553466797
2025-01-14 17:30:00,30.58729612827301
2025-01-14 18:00:00,38.241631865501404
2025-01-14 18:30:00,29.77361762523651
2025-01-14 19:00:00,26.957308173179626
2025-01-14 19:30:00,36.58806931972504
2025-01-14 20:00:00,14.253271579742432
2025-01-14 20:30:00,29.000731945037842
2025-01-14 21:00:00,28.99704945087433
2025-01-14 21:30:00,36.10099375247955
2025-01-14 22:00:00,47.55557584762573
2025-01-14 22:30:00,36.36109149456024
2025-01-14 23:00:00,36.034265756607056
2025-01-14 23:30:00,46.996257305145264
2025-01-15 00:00:00,28.71807360649109
2025-01-15 00:30:00,39.21657407283783
2025-01-15 01:00:00,40.059587359428406
2025-01-15 01:30:00,34.48466670513153
2025-01-15 02:00:00,33.59828960895538
2025-01-15 02:30:00,49.949081897735596
2025-01-15 03:00:00,27.294528007507324
2025-01-15 03:30:00,18.301629424095154
2025-01-15 04:00:00,29.17521107196808
2025-01-15 04:30:00,28.519344091415405
2025-01-15 05:00:00,34.672088384628296
2025-01-15 05:30:00,31.216749787330627
2025-01-15 06:00:00,41.49620318412781
2025-01-15 06:30:00,25.969643712043762
2025-01-15 07:00:00,35.71535074710846
2025-01-15 07:30:00,33.00257921218872
2025-01-15 08:00:00,29.828922629356384
2025-01-15 08:30:00,26.9701806306839
2025-01-15 09:00:00,34.431599736213684
2025-01-15 09:30:00,18.672179460525513
2025-01-15 10:00:00,30.061100006103516
2025-01-15 10:30:00,44.71453535556793
2025-01-15 11:00:00,27.40835988521576
2025-01-15 11:30:00,40.62051808834076
2025-01-15 12:00:00,26.4168301820755
2025-01-15 12:30:00,31.98933506011963
2025-01-15 13:00:00,24.767816305160522
2025-01-15 13:30:00,28.53867280483246
2025-01-15 14:00:00,31.912147879600525
2025-01-15 14:30:00,21.927539348602295
2025-01-15 15:00:00,34.77876555919647
2025-01-15 15:30:00,26.420252323150635
2025-01-15 16:00:00,35.28713500499725
2025-01-15 16:30:00,21.821553111076355
2025-01-15 17:00:00,35.00468695163727
2025-01-15 17:30:00,30.689279437065125
2025-01-15 18:00:00,46.669909715652466
2025-01-15 18:30:00,36.90524446964264
2025-01-15 19:00:00,47.558499813079834
2025-01-15 19:30:00,35.048471331596375
2025-01-15 20:00:00,17.078735947608948
2025-01-15 20:30:00,33.9844833612442
2025-01-15 21:00:00,25.705928564071655
2025-01-15 21:30:00,23.18424367904663
2025-01-15 22:00:00,29.491525053977966
2025-01-15 22:30:00,27.71009910106659
2025-01-15 23:00:00,22.58708381652832
2025-01-15 23:30:00,25.848454356193542
2025-01-16 00:00:00,16.966734051704407
2025-01-16 00:30:00,17.412027955055237
2025-01-16 01:00:00,27.748260855674744
2025-01-16 01:30:00,28.591174006462097
2025-01-16 02:00:00,15.98617422580719
2025-01-16 02:30:00,31.042283177375793
2025-01-16 03:00:00,22.67061460018158
2025-01-16 03:30:00,25.604711294174194
2025-01-16 04:00:00,40.19312846660614
2025-01-16 04:30:00,26.8178790807724
2025-01-16 05:00:00,23.449405789375305
2025-01-16 05:30:00,17.65213108062744
2025-01-16 06:00:00,37.844027638435364
2025-01-16 06:30:00,18.95378887653351
2025-01-16 07:00:00,30.068076968193054
2025-01-16 07:30:00,34.27143752574921
2025-01-16 08:00:00,42.00731384754181
2025-01-16 08:30:00,35.80899775028229
2025-01-16 09:00:00,35.837536454200745
2025-01-16 09:30:00,36.51331293582916
2025-01-16 10:00:00,24.961756825447083
2025-01-16 10:30:00,32.56069242954254
2025-01-16 11:00:00,36.08224833011627
2025-01-16 11:30:00,48.559231996536255
2025-01-16 12:00:00,31.981582045555115
2025-01-16 12:30:00,46.965540647506714
2025-01-16 13:00:00,34.13178813457489
2025-01-16 13:30:00,36.29084622859955
2025-01-16 14:00:00,46.754053831100464
2025-01-16 14:30:00,38.2853786945343
2025-01-16 15:00:00,30.27578866481781
2025-01-16 15:30:00,25.90032970905304
2025-01-16 16:00:00,38.11002337932587
2025-01-16 16:30:00,34.57572519779205
2025-01-16 17:00:00,42.30683255195618
2025-01-16 17:30:00,45.18346881866455
2025-01-16 18:00:00,44.91916286945343
2025-01-16 18:30:00,57.98622179031372
2025-01-16 19:00:00,43.4120614528656
2025-01-16 19:30:00,25.686712503433228
2025-01-16 20:00:00,31.210245966911316
2025-01-16 20:30:00,25.99044942855835
2025-01-16 21:00:00,42.35324800014496
2025-01-16 21:30:00,41.0177618265152
2025-01-16 22:00:00,27.275039076805115
2025-01-16 22:30:00,50.91929268836975
2025-01-16 23:00:00,51.64846658706665
2025-01-16 23:30:00,58.04709434509277
2025-01-17 00:00:00,28.710843801498413
2025-01-17 00:30:00,25.116426587104797
2025-01-17 01:00:00,39.35667908191681
2025-01-17 01:30:00,21.865445137023926
2025-01-17 02:00:00,19.393002033233643
2025-01-17 02:30:00,33.52062928676605
2025-01-17 03:00:00,18.514315366744995
2025-01-17 03:30:00,18.2920264005661
2025-01-17 04:00:00,31.514974236488342
2025-01-17 04:30:00,45.59272885322571
2025-01-17 05:00:00,31.452852487564087
2025-01-17 05:30:00,46.078267335891724
2025-01-17 06:00:00,27.91014540195465
2025-01-17 06:30:00,37.10881054401398
2025-01-17 07:00:00,28.87842857837677
2025-01-17 07:30:00,26.50490713119507
2025-01-17 08:00:00,28.02236008644104
2025-01-17 08:30:00,22.009387850761414
2025-01-17 09:00:00,26.05488431453705
2025-01-17 09:30:00,29.627116441726685
2025-01-17 10:00:00,35.3226056098938
2025-01-17 10:30:00,40.29229295253754
2025-01-17 11:00:00,30.41501748561859
2025-01-17 11:30:00,13.36236771941185
2025-01-17 12:00:00,28.62402856349945
2025-01-17 12:30:00,38.06536281108856
2025-01-17 13:00:00,35.563074231147766
2025-01-17 13:30:00,21.09682273864746
2025-01-17 14:00:00,31.842673659324646
2025-01-17 14:30:00,38.132904410362244
2025-01-17 15:00:00,33.575668931007385
2025-01-17 15:30:00,40.62172973155975
2025-01-17 16:00:00,42.30446183681488
2025-01-17 16:30:00,46.09809422492981
2025-01-17 17:00:00,31.92321789264679
2025-01-17 17:30:00,31.607932806015015
2025-01-17 18:00:00,47.907883644104004
2025-01-17 18:30:00,45.79261493682861
2025-01-17 19:00:00,24.240065574645996
2025-01-17 19:30:00,31.163492560386658
2025-01-17 20:00:00,14.89337968826294
2025-01-17 20:30:00,18.76039409637451
2025-01-17 21:00:00,31.216572046279907
2025-01-17 21:30:00,36.13297712802887
2025-01-17 22:00:00,45.41034150123596
2025-01-17 22:30:00,23.13518714904785
2025-01-17 23:00:00,29.33794677257538
2025-01-17 23:30:00,23.517240285873413
2025-01-18 00:00:00,19.292653441429138
2025-01-18 00:30:00,21.883704900741577
2025-01-18 01:00:00,37.739908933639526
2025-01-18 01:30:00,35.56449115276337
2025-01-18 02:00:00,37.316792607307434
2025-01-18 02:30:00,32.74057137966156
2025-01-18 03:00:00,41.8948312997818
2025-01-18 03:30:00,33.07179057598114
2025-01-18 04:00:00,32.744096159935
2025-01-18 04:30:00,33.353137135505676
2025-01-18 05:00:00,46.684809923172
2025-01-18 05:30:00,54.321712017059326
2025-01-18 06:00:00,40.71909177303314
2025-01-18 06:30:00,39.55654513835907
2025-01-18 07:00:00,36.938642263412476
2025-01-18 07:30:00,37.468753695487976
2025-01-18 08:00:00,40.83346688747406
2025-01-18 08:30:00,37.51066553592682
2025-01-18 09:00:00,26.676324605941772
2025-01-18 09:30:00,37.183977484703064
2025-01-18 10:00:00,23.357160687446594
2025-01-18 10:30:00,39.30995070934296
2025-01-18 11:00:00,36.593278884887695
2025-01-18 11:30:00,46.35152792930603
2025-01-18 12:00:00,27.982248187065125
2025-01-18 12:30:00,31.477017760276794
2025-01-18 13:00:00,52.465224266052246
2025-01-18 13:30:00,27.989951133728027
2025-01-18 14:00:00,50.22864103317261
2025-01-18 14:30:00,43.60534608364105
2025-01-18 15:00:00,41.982630372047424
2025-01-18 15:30:00,50.14185333251953
2025-01-18 16:00:00,44.7372111082077
2025-01-18 16:30:00,25.506295323371887
2025-01-18 17:00:00,31.041950225830078
2025-01-18 17:30:00,29.097235321998596
2025-01-18 18:00:00,26.2736234664917
2025-01-18 18:30:00,39.440242409706116
2025-01-18 19:00:00,43.12675702571869
2025-01-18 19:30:00,36.77862024307251
2025-01-18 20:00:00,33.562723875045776
2025-01-18 20:30:00,42.03702414035797
2025-01-18 21:00:00,46.55782771110535
2025-01-18 21:30:00,26.56687366962433
2025-01-18 22:00:00,31.73560094833374
2025-01-18 22:30:00,35.47117209434509
2025-01-18 23:00:00,30.52355968952179
2025-01-18 23:30:00,42.398319125175476
2025-01-19 00:00:00,24.97058629989624
2025-01-19 00:30:00,34.35657298564911
2025-01-19 01:00:00,25.41021752357483
2025-01-19 01:30:00,9.005646049976349
2025-01-19 02:00:00,32.11149072647095
2025-01-19 02:30:00,27.434552907943726
2025-01-19 03:00:00,22.21470880508423
2025-01-19 03:30:00,27.796486258506775
2025-01-19 04:00:00,28.976789474487305
2025-01-19 04:30:00,24.11191427707672
2025-01-19 05:00:00,31.53772509098053
2025-01-19 05:30:00,24.966107726097107
2025-01-19 06:00:00,15.466832399368286
2025-01-19 06:30:00,19.02384388446808
2025-01-19 07:00:00,26.710355758666992
2025-01-19 07:30:00,24.11049735546112
2025-01-19 08:00:00,27.915082097053528
2025-01-19 08:30:00,23.840008020401
2025-01-19 09:00:00,21.47174620628357
2025-01-19 09:30:00,38.64147663116455
2025-01-19 10:00:00,30.22726535797119
2025-01-19 10:30:00,40.69292879104614
2025-01-19 11:00:00,38.02120792865753
2025-01-19 11:30:00,47.57880234718323
2025-01-19 12:00:00,43.52742540836334
2025-01-19 12:30:00,36.46644937992096
2025-01-19 13:00:00,38.86234366893768
2025-01-19 13:30:00,30.82158887386322
2025-01-19 14:00:00,30.52691924571991
2025-01-19 14:30:00,48.140864610672
2025-01-19 15:00:00,30.3326758146286
2025-01-19 15:30:00,18.37201988697052
2025-01-19 16:00:00,18.951728582382202
2025-01-19 16:30:00,34.44014382362366
2025-01-19 17:00:00,25.002567172050476
2025-01-19 17:30:00,49.34845733642578
2025-01-19 18:00:00,35.69852793216705
2025-01-19 18:30:00,42.47295033931732
2025-01-19 19:00:00,51.974268436431885
2025-01-19 19:30:00,45.21041536331177
2025-01-19 20:00:00,24.47429323196411
2025-01-19 20:30:00,26.766023755073547
2025-01-19 21:00:00,31.812169790267944
2025-01-19 21:30:00,32.97203528881073
2025-01-19 22:00:00,32.427762150764465
2025-01-19 22:30:00,29.67359447479248
2025-01-19 23:00:00,19.462195873260498
2025-01-19 23:30:00,28.285930037498474
2025-01-20 00:00:00,25.2785564661026
2025-01-20 00:30:00,29.48972511291504
2025-01-20 01:00:00,24.528889775276184
2025-01-20 01:30:00,33.58748245239258
2025-01-20 02:00:00,29.25366997718811
2025-01-20 02:30:00,32.507455229759216
2025-01-20 03:00:00,22.541396856307983
2025-01-20 03:30:00,10.95805138349533
2025-01-20 04:00:00,24.482431769371033
2025-01-20 04:30:00,31.23156988620758
2025-01-20 05:00:00,29.16293442249298
2025-01-20 05:30:00,38.733023285865784
2025-01-20 06:00:00,22.468027353286743
2025-01-20 06:30:00,40.19585716724396
2025-01-20 07:00:00,39.75451111793518
2025-01-20 07:30:00,56.67959976196289
2025-01-20 08:00:00,49.71132445335388
2025-01-20 08:30:00,46.25914764404297
2025-01-20 09:00:00,56.426321268081665
2025-01-20 09:30:00,41.73239600658417
2025-01-20 10:00:00,49.753461599349976
2025-01-20 10:30:00,50.22351408004761
2025-01-20 11:00:00,36.19006955623627
2025-01-20 11:30:00,40.754244446754456
2025-01-20 12:00:00,37.47116446495056
2025-01-20 12:30:00,32.06704294681549
2025-01-20 13:00:00,45.9300262928009
2025-01-20 13:30:00,31.938678860664368
2025-01-20 14:00:00,28.540330052375793
2025-01-20 14:30:00,46.34749746322632
2025-01-20 15:00:00,33.25609803199768
2025-01-20 15:30:00,42.39820396900177
2025-01-20 16:00:00,25.900452375411987
2025-01-20 16:30:00,29.59452974796295
2025-01-20 17:00:00,33.955486536026
2025-01-20 17:30:00,25.36526906490326
2025-01-20 18:00:00,30.090930461883545
2025-01-20 18:30:00,29.036497950553894
2025-01-20 19:00:00,24.58561420440674
2025-01-20 19:30:00,24.18125081062317
2025-01-20 20:00:00,21.44080674648285
2025-01-20 20:30:00,12.507871359586716
2025-01-20 21:00:00,27.08518660068512
2025-01-20 21:30:00,24.069636940956116
2025-01-20 22:00:00,30.234753012657166
2025-01-20 22:30:00,22.619998455047607
2025-01-20 23:00:00,28.10487699508667
2025-01-20 23:30:00,27.295506834983826
2025-01-21 00:00:00,18.640158534049988
2025-01-21 00:30:00,25.69087815284729
2025-01-21 01:00:00,24.58085525035858
2025-01-21 01:30:00,30.031957983970642
2025-01-21 02:00:00,26.501542568206787
2025-01-21 02:30:00,28.31945550441742
2025-01-21 03:00:00,44.84014070034027
2025-01-21 03:30:00,37.00636661052704
2025-01-21 04:00:00,34.24270856380463
2025-01-21 04:30:00,31.484580516815186
2025-01-21 05:00:00,31.214056134223938
2025-01-21 05:30:00,30.113956689834595
2025-01-21 06:00:00,5.165316268801689
2025-01-21 06:30:00,18.0383198261261
2025-01-21 07:00:00,25.03750455379486
2025-01-21 07:30:00,29.7976952791214
2025-01-21 08:00:00,38.18505263328552
2025-01-21 08:30:00,35.53241264820099
2025-01-21 09:00:00,20.406909584999084
2025-01-21 09:30:00,46.710960388183594
2025-01-21 10:00:00,32.61835062503815
2025-01-21 10:30:00,31.331560492515564
2025-01-21 11:00:00,22.77081048488617
2025-01-21 11:30:00,27.883814692497253
2025-01-21 12:00:00,15.872462511062622
2025-01-21 12:30:00,18.074508905410767
2025-01-21 13:00:00,8.344101369380951
2025-01-21 13:30:00,17.075093507766724
2025-01-21 14:00:00,16.142338514328003
2025-01-21 14:30:00,26.088622570037842
2025-01-21 15:00:00,30.118950963020325
2025-01-21 15:30:00,44.62627565860748
2025-01-21 16:00:00,32.41593611240387
2025-01-21 16:30:00,21.13247859477997
2025-01-21 17:00:00,30.765823245048523
2025-01-21 17:30:00,30.99068319797516
2025-01-21 18:00:00,13.561633586883545
2025-01-21 18:30:00,28.12423074245453
2025-01-21 19:00:00,13.494729727506638
2025-01-21 19:30:00,1.8237028419971466
2025-01-21 20:00:00,17.897268533706665
2025-01-21 20:30:00,30.5776104927063
2025-01-21 21:00:00,28.67012858390808
2025-01-21 21:30:00,16.659539937973022
2025-01-21 22:00:00,10.811953246593475
2025-01-21 22:30:00,19.94136071205139
2025-01-21 23:00:00,31.5210599899292
2025-01-21 23:30:00,17.31670868396759
2025-01-22 00:00:00,25.342000007629395
2025-01-22 00:30:00,36.68245232105255
2025-01-22 01:00:00,34.3293160200119
2025-01-22 01:30:00,45.479565382003784
2025-01-22 02:00:00,42.15574264526367
2025-01-22 02:30:00,52.51452112197876
2025-01-22 03:00:00,31.68437397480011
2025-01-22 03:30:00,28.693072199821472
2025-01-22 04:00:00,25.766393065452576
2025-01-22 04:30:00,27.577749609947205
2025-01-22 05:00:00,30.40325903892517
2025-01-22 05:30:00,29.989507913589478
2025-01-22 06:00:00,39.95087492465973
2025-01-22 06:30:00,30.521419286727905
2025-01-22 07:00:00,33.31261217594147
2025-01-22 07:30:00,47.73951029777527
2025-01-22 08:00:00,28.362806797027588
2025-01-22 08:30:00,55.59630060195923
2025-01-22 09:00:00,36.78806555271149
2025-01-22 09:30:00,42.96419656276703
2025-01-22 10:00:00,47.051372051239014
2025-01-22 10:30:00,29.583720088005066
2025-01-22 11:00:00,33.91719710826874
2025-01-22 11:30:00,27.898927688598633
2025-01-22 12:00:00,45.39025926589966
2025-01-22 12:30:00,40.97251045703888
2025-01-22 13:00:00,37.772700905799866
2025-01-22 13:30:00,31.946053862571716
2025-01-22 14:00:00,15.436610162258148
2025-01-22 14:30:00,23.384162306785583
2025-01-22 15:00:00,31.255635023117065
2025-01-22 15:30:00,35.04680156707764
2025-01-22 16:00:00,39.96188485622406
2025-01-22 16:30:00,42.227577567100525
2025-01-22 17:00:00,38.45301854610443
2025-01-22 17:30:00,45.530970096588135
2025-01-22 18:00:00,32.79873526096344
2025-01-22 18:30:00,40.25508999824524
2025-01-22 19:00:00,32.112236738204956
2025-01-22 19:30:00,32.38571512699127
2025-01-22 20:00:00,22.413002729415894
2025-01-22 20:30:00,18.611061573028564
2025-01-22 21:00:00,21.753856301307678
2025-01-22 21:30:00,48.15719175338745
2025-01-22 22:00:00,25.927636742591858
2025-01-22 22:30:00,42.991451025009155
2025-01-22 23:00:00,40.259185552597046
2025-01-22 23:30:00,42.51166534423828
2025-01-23 00:00:00,16.954980611801147
2025-01-23 00:30:00,23.67845892906189
2025-01-23 01:00:00,37.94981110095978
2025-01-23 01:30:00,33.6318701505661
2025-01-23 02:00:00,39.52807652950287
2025-01-23 02:30:00,43.640003085136414
2025-01-23 03:00:00,25.28315770626068
2025-01-23 03:30:00,33.37784564495087
2025-01-23 04:00:00,55.98190355300903
2025-01-23 04:30:00,39.131601333618164
2025-01-23 05:00:00,45.62163805961609
2025-01-23 05:30:00,31.147580981254578
2025-01-23 06:00:00,22.60295033454895
2025-01-23 06:30:00,25.429869174957275
2025-01-23 07:00:00,39.08014404773712
2025-01-23 07:30:00,32.37385904788971
2025-01-23 08:00:00,43.66260373592377
2025-01-23 08:30:00,31.879698872566223
2025-01-23 09:00:00,55.23815989494324
2025-01-23 09:30:00,43.83900046348572
2025-01-23 10:00:00,30.658435106277466
2025-01-23 10:30:00,18.657459497451782
2025-01-23 11:00:00,32.85463106632233
2025-01-23 11:30:00,35.41585457324982
2025-01-23 12:00:00,37.30643355846405
2025-01-23 12:30:00,37.14662182331085
2025-01-23 13:00:00,43.462604999542236
2025-01-23 13:30:00,33.711713433265686
2025-01-23 14:00:00,31.656033039093018
2025-01-23 14:30:00,26.110151767730713
2025-01-23 15:00:00,34.845115542411804
2025-01-23 15:30:00,19.310863137245178
2025-01-23 16:00:00,26.42897665500641
2025-01-23 16:30:00,31.440563321113586
2025-01-23 17:00:00,40.40272772312164
2025-01-23 17:30:00,36.09283769130707
2025-01-23 18:00:00,41.31385338306427
2025-01-23 18:30:00,26.61001968383789
2025-01-23 19:00:00,33.88520622253418
2025-01-23 19:30:00,36.72310745716095
2025-01-23 20:00:00,30.5745187997818
2025-01-23 20:30:00,24.782356023788452
2025-01-23 21:00:00,17.829656839370728
2025-01-23 21:30:00,43.6184538602829
2025-01-23 22:00:00,26.10987138748169
2025-01-23 22:30:00,45.85543513298035
2025-01-23 23:00:00,33.68371546268463
2025-01-23 23:30:00,46.82255673408508
2025-01-24 00:00:00,13.706995725631714
2025-01-24 00:30:00,10.731660604476929
2025-01-24 01:00:00,22.46469783782959
2025-01-24 01:30:00,21.9398535490036
2025-01-24 02:00:00,17.662232279777527
2025-01-24 02:30:00,28.699365735054016
2025-01-24 03:00:00,19.477081060409546
2025-01-24 03:30:00,22.086292147636414
2025-01-24 04:00:00,45.67025399208069
2025-01-24 04:30:00,33.96561777591705
2025-01-24 05:00:00,23.22711682319641
2025-01-24 05:30:00,27.51350247859955
2025-01-24 06:00:00,20.157724142074585
2025-01-24 06:30:00,39.545470118522644
2025-01-24 07:00:00,41.923635363578796
2025-01-24 07:30:00,39.41790461540222
2025-01-24 08:00:00,20.46527874469757
2025-01-24 08:30:00,35.55238473415375
2025-01-24 09:00:00,61.31895661354065
2025-01-24 09:30:00,55.09001898765564
2025-01-24 10:00:00,34.7667692899704
2025-01-24 10:30:00,32.14962995052338
2025-01-24 11:00:00,35.63825869560242
2025-01-24 11:30:00,15.415988445281982
2025-01-24 12:00:00,20.848413348197937
2025-01-24 12:30:00,30.5693017244339
2025-01-24 13:00:00,38.41103661060333
2025-01-24 13:30:00,16.09451115131378
2025-01-24 14:00:00,33.21275174617767
2025-01-24 14:30:00,25.69661843776703
2025-01-24 15:00:00,37.617828369140625
2025-01-24 15:30:00,30.08048129081726
2025-01-24 16:00:00,35.22987985610962
2025-01-24 16:30:00,29.825750827789307
2025-01-24 17:00:00,30.740779280662537
2025-01-24 17:30:00,43.09543454647064
2025-01-24 18:00:00,21.453033328056335
2025-01-24 18:30:00,41.91510879993439
2025-01-24 19:00:00,26.888126850128174
2025-01-24 19:30:00,24.284656047821045
2025-01-24 20:00:00,27.326266050338745
2025-01-24 20:30:00,31.630931496620178
2025-01-24 21:00:00,26.57518744468689
2025-01-24 21:30:00,34.22385048866272
2025-01-24 22:00:00,22.352728486061096
2025-01-24 22:30:00,25.138882040977478
2025-01-24 23:00:00,36.43950283527374
2025-01-24 23:30:00,27.57736909389496
2025-01-25 00:00:00,19.477646827697754
2025-01-25 00:30:00,13.07238945364952
2025-01-25 01:00:00,37.202938199043274
2025-01-25 01:30:00,41.00929033756256
2025-01-25 02:00:00,30.29068636894226
2025-01-25 02:30:00,42.657009959220886
2025-01-25 03:00:00,41.152910113334656
2025-01-25 03:30:00,29.339604020118713
2025-01-25 04:00:00,42.061930418014526
2025-01-25 04:30:00,41.97640943527222
2025-01-25 05:00:00,28.632182121276855
2025-01-25 05:30:00,17.82308042049408
2025-01-25 06:00:00,29.127025723457336
2025-01-25 06:30:00,23.607535243034363
2025-01-25 07:00:00,33.83543121814728
2025-01-25 07:30:00,40.47745406627655
2025-01-25 08:00:00,34.97773540019989
2025-01-25 08:30:00,50.90957450866699
2025-01-25 09:00:00,50.241708755493164
2025-01-25 09:30:00,57.979702949523926
2025-01-25 10:00:00,36.94307577610016
2025-01-25 10:30:00,21.807196140289307
2025-01-25 11:00:00,19.530060410499573
2025-01-25 11:30:00,31.23416841030121
2025-01-25 12:00:00,39.04522919654846
2025-01-25 12:30:00,52.842931509017944
2025-01-25 13:00:00,44.54603183269501
2025-01-25 13:30:00,46.697437047958374
2025-01-25 14:00:00,32.30321824550629
2025-01-25 14:30:00,32.227500557899475
2025-01-25 15:00:00,42.83358693122864
2025-01-25 15:30:00,42.15596294403076
2025-01-25 16:00:00,20.781392455101013
2025-01-25 16:30:00,21.574257731437683
2025-01-25 17:00:00,30.0168399810791
2025-01-25 17:30:00,38.86622142791748
2025-01-25 18:00:00,39.18115854263306
2025-01-25 18:30:00,40.37810683250427
2025-01-25 19:00:00,46.10066270828247
2025-01-25 19:30:00,41.8773375749588
2025-01-25 20:00:00,23.7930668592453
2025-01-25 20:30:00,41.2005797624588
2025-01-25 21:00:00,30.208357214927673
2025-01-25 21:30:00,25.93365490436554
2025-01-25 22:00:00,15.173978984355927
2025-01-25 22:30:00,17.363875150680542
2025-01-25 23:00:00,33.467780113220215
2025-01-25 23:30:00,36.73728668689728
2025-01-26 00:00:00,44.665924429893494
2025-01-26 00:30:00,33.04075348377228
2025-01-26 01:00:00,42.11334264278412
2025-01-26 01:30:00,39.86539649963379
2025-01-26 02:00:00,27.78784954547882
2025-01-26 02:30:00,53.30109786987305
2025-01-26 03:00:00,38.17581260204315
2025-01-26 03:30:00,22.82668125629425
2025-01-26 04:00:00,29.446073412895203
2025-01-26 04:30:00,26.757822632789612
2025-01-26 05:00:00,31.057443737983704
2025-01-26 05:30:00,23.93070101737976
2025-01-26 06:00:00,36.278364300727844
2025-01-26 06:30:00,34.84956157207489
2025-01-26 07:00:00,33.90340340137482
2025-01-26 07:30:00,41.450844168663025
2025-01-26 08:00:00,29.35705268383026
2025-01-26 08:30:00,28.99864912033081
2025-01-26 09:00:00,29.41596758365631
2025-01-26 09:30:00,33.43632996082306
2025-01-26 10:00:00,45.87904715538025
2025-01-26 10:30:00,42.5635632276535
2025-01-26 11:00:00,39.54849922657013
2025-01-26 11:30:00,41.76810443401337
2025-01-26 12:00:00,45.361069679260254
2025-01-26 12:30:00,36.48498451709747
2025-01-26 13:00:00,34.63839018344879
2025-01-26 13:30:00,46.34784293174744
2025-01-26 14:00:00,22.29903817176819
2025-01-26 14:30:00,19.971516609191895
2025-01-26 15:00:00,24.63286828994751
2025-01-26 15:30:00,30.82048237323761
2025-01-26 16:00:00,22.612513303756714
2025-01-26 16:30:00,40.79121458530426
2025-01-26 17:00:00,31.05606186389923
2025-01-26 17:30:00,34.73353171348572
2025-01-26 18:00:00,28.673232793807983
2025-01-26 18:30:00,25.073846340179443
2025-01-26 19:00:00,27.43461549282074
2025-01-26 19:30:00,21.50401496887207
2025-01-26 20:00:00,20.30399751663208
2025-01-26 20:30:00,34.60930824279785
2025-01-26 21:00:00,38.266785979270935
2025-01-26 21:30:00,20.70376968383789
2025-01-26 22:00:00,25.719174027442932
2025-01-26 22:30:00,27.369667410850525
2025-01-26 23:00:00,29.067314743995667
2025-01-26 23:30:00,26.37479817867279
2025-01-27 00:00:00,19.20174264907837
2025-01-27 00:30:00,27.217526078224182
2025-01-27 01:00:00,28.623177409172058
2025-01-27 01:30:00,39.907591223716736
2025-01-27 02:00:00,31.73272454738617
2025-01-27 02:30:00,43.0947060585022
2025-01-27 03:00:00,33.28494465351105
2025-01-27 03:30:00,24.852293372154236
2025-01-27 04:00:00,28.34778392314911
2025-01-27 04:30:00,21.321096897125244
2025-01-27 05:00:00,30.551477551460266
2025-01-27 05:30:00,27.011188745498657
2025-01-27 06:00:00,29.07130765914917
2025-01-27 06:30:00,32.243184328079224
2025-01-27 07:00:00,20.598191499710083
2025-01-27 07:30:00,28.683176279067993
2025-01-27 08:00:00,40.147003412246704
2025-01-27 08:30:00,36.247382283210754
2025-01-27 09:00:00,28.043956875801086
2025-01-27 09:30:00,41.78366303443909
2025-01-27 10:00:00,48.03016448020935
2025-01-27 10:30:00,33.087151408195496
2025-01-27 11:00:00,34.73357427120209
2025-01-27 11:30:00,25.073107838630676
2025-01-27 12:00:00,30.399521470069885
2025-01-27 12:30:00,32.243807673454285
2025-01-27 13:00:00,31.565943360328674
2025-01-27 13:30:00,32.25770401954651
2025-01-27 14:00:00,32.31021273136139
2025-01-27 14:30:00,18.43769645690918
2025-01-27 15:00:00,25.592609882354736
2025-01-27 15:30:00,35.50186371803284
2025-01-27 16:00:00,23.89838969707489
2025-01-27 16:30:00,25.040736436843872
2025-01-27 17:00:00,31.494922041893005
2025-01-27 17:30:00,33.43190395832062
2025-01-27 18:00:00,36.64548718929291
2025-01-27 18:30:00,40.538647055625916
2025-01-27 19:00:00,26.597309947013855
2025-01-27 19:30:00,34.014814496040344
2025-01-27 20:00:00,24.54461109638214
2025-01-27 20:30:00,24.436211585998535
2025-01-27 21:00:00,23.351072430610657
2025-01-27 21:30:00,23.45790982246399
2025-01-27 22:00:00,26.76011824607849
2025-01-27 22:30:00,30.17104411125183
2025-01-27 23:00:00,32.563446164131165
2025-01-27 23:30:00,26.695017457008362
2025-01-28 00:00:00,15.580544114112854
2025-01-28 00:30:00,28.84125816822052
2025-01-28 01:00:00,20.931636214256287
2025-01-28 01:30:00,17.52285075187683
2025-01-28 02:00:00,28.4278324842453
2025-01-28 02:30:00,37.51505649089813
2025-01-28 03:00:00,30.46849000453949
2025-01-28 03:30:00,30.907164931297302
2025-01-28 04:00:00,30.143048644065857
2025-01-28 04:30:00,27.30578076839447
2025-01-28 05:00:00,33.180357813835144
2025-01-28 05:30:00,28.72687804698944
2025-01-28 06:00:00,28.90679705142975
2025-01-28 06:30:00,15.836974382400513
2025-01-28 07:00:00,29.28420388698578
2025-01-28 07:30:00,36.33060014247894
2025-01-28 08:00:00,39.74712860584259
2025-01-28 08:30:00,41.29450964927673
2025-01-28 09:00:00,38.483880400657654
2025-01-28 09:30:00,46.26599192619324
2025-01-28 10:00:00,38.884583830833435
2025-01-28 10:30:00,21.915392875671387
2025-01-28 11:00:00,27.913822889328003
2025-01-28 11:30:00,27.981316924095154
2025-01-28 12:00:00,30.24498438835144
2025-01-28 12:30:00,33.954660415649414
2025-01-28 13:00:00,31.512293100357056
2025-01-28 13:30:00,31.675106406211853
2025-01-28 14:00:00,32.12449586391449
2025-01-28 14:30:00,28.034857034683228
2025-01-28 15:00:00,36.448880553245544
2025-01-28 15:30:00,42.883649826049805
2025-01-28 16:00:00,22.87714970111847
2025-01-28 16:30:00,22.97762095928192
2025-01-28 17:00:00,35.35465407371521
2025-01-28 17:30:00,28.477131843566895
2025-01-28 18:00:00,49.65612459182739
2025-01-28 18:30:00,33.304343461990356
2025-01-28 19:00:00,39.78690755367279
2025-01-28 19:30:00,28.84828519821167
2025-01-28 20:00:00,32.808483481407166
2025-01-28 20:30:00,33.71141302585602
2025-01-28 21:00:00,23.841054439544678
2025-01-28 21:30:00,33.54436147212982
2025-01-28 22:00:00,38.87956702709198
2025-01-28 22:30:00,46.10573959350586
2025-01-28 23:00:00,46.775407791137695
2025-01-28 23:30:00,39.48489797115326
2025-01-29 00:00:00,17.717519760131836
2025-01-29 00:30:00,28.878085613250732
2025-01-29 01:00:00,34.30313801765442
2025-01-29 01:30:00,19.868797302246094
2025-01-29 02:00:00,18.945237278938293
2025-01-29 02:30:00,27.00718331336975
2025-01-29 03:00:00,29.33437192440033
2025-01-29 03:30:00,50.53123140335083
2025-01-29 04:00:00,38.67319464683533
2025-01-29 04:30:00,22.128814816474915
2025-01-29 05:00:00,24.168383359909058
2025-01-29 05:30:00,32.163373589515686
2025-01-29 06:00:00,27.78382658958435
2025-01-29 06:30:00,36.01806628704071
2025-01-29 07:00:00,32.770431876182556
2025-01-29 07:30:00,29.621896862983704
2025-01-29 08:00:00,37.656628489494324
2025-01-29 08:30:00,46.14013123512268
2025-01-29 09:00:00,37.157111048698425
2025-01-29 09:30:00,42.526437878608704
2025-01-29 10:00:00,34.18273973464966
2025-01-29 10:30:00,41.20239722728729
2025-01-29 11:00:00,35.73898780345917
2025-01-29 11:30:00,38.64027750492096
2025-01-29 12:00:00,48.0728874206543
2025-01-29 12:30:00,37.151408314704895
2025-01-29 13:00:00,44.10171175003052
2025-01-29 13:30:00,37.25283336639404
2025-01-29 14:00:00,26.479169726371765
2025-01-29 14:30:00,27.674716114997864
2025-01-29 15:00:00,31.535892605781555
2025-01-29 15:30:00,32.9976224899292
2025-01-29 16:00:00,36.5786190032959
2025-01-29 16:30:00,35.44127655029297
2025-01-29 17:00:00,32.750314593315125
2025-01-29 17:30:00,41.59969103336334
2025-01-29 18:00:00,52.01308608055115
2025-01-29 18:30:00,42.37809669971466
2025-01-29 19:00:00,47.988943576812744
2025-01-29 19:30:00,35.93613517284393
2025-01-29 20:00:00,31.685936093330383
2025-01-29 20:30:00,36.54738914966583
2025-01-29 21:00:00,20.688501477241516
2025-01-29 21:30:00,10.606240510940552
2025-01-29 22:00:00,25.612857341766357
2025-01-29 22:30:00,8.547305077314377
2025-01-29 23:00:00,28.854638814926147
2025-01-29 23:30:00,41.963802337646484
2025-01-30 00:00:00,33.623531341552734
2025-01-30 00:30:00,14.781018555164337
2025-01-30 01:00:00,37.14178276062012
2025-01-30 01:30:00,21.087084531784058
2025-01-30 02:00:00,36.387752652168274
2025-01-30 02:30:00,34.94543159008026
2025-01-30 03:00:00,29.6310693025589
2025-01-30 03:30:00,35.923983693122864
2025-01-30 04:00:00,44.29499137401581
2025-01-30 04:30:00,31.030482172966003
2025-01-30 05:00:00,46.59991478919983
2025-01-30 05:30:00,42.901904582977295
2025-01-30 06:00:00,21.887024402618408
2025-01-30 06:30:00,20.732951760292053
2025-01-30 07:00:00,30.258667945861816
2025-01-30 07:30:00,36.487863421440125
2025-01-30 08:00:00,48.24771451950073
2025-01-30 08:30:00,45.52755546569824
2025-01-30 09:00:00,21.699072003364563
2025-01-30 09:30:00,17.413076877593994
2025-01-30 10:00:00,26.086159229278564
2025-01-30 10:30:00,20.26607608795166
2025-01-30 11:00:00,45.63263297080994
2025-01-30 11:30:00,27.979727268218994
2025-01-30 12:00:00,35.73078167438507
2025-01-30 12:30:00,31.243801474571228
2025-01-30 13:00:00,28.738003134727478
2025-01-30 13:30:00,25.010958552360535
2025-01-30 14:00:00,43.662548661231995
2025-01-30 14:30:00,28.96328866481781
2025-01-30 15:00:00,36.34959590435028
2025-01-30 15:30:00,30.134386897087097
2025-01-30 16:00:00,25.37247633934021
2025-01-30 16:30:00,36.406410455703735
2025-01-30 17:00:00,34.60853469371796
2025-01-30 17:30:00,30.28661835193634
2025-01-30 18:00:00,34.39895045757294
2025-01-30 18:30:00,41.1474426984787
2025-01-30 19:00:00,33.19274461269379
2025-01-30 19:30:00,36.46092188358307
2025-01-30 20:00:00,19.590917944908142
2025-01-30 20:30:00,18.173195242881775
2025-01-30 21:00:00,24.12256622314453
2025-01-30 21:30:00,29.23421609401703
2025-01-30 22:00:00,30.86595904827118
2025-01-30 22:30:00,31.078667521476746
2025-01-30 23:00:00,49.319528102874756
2025-01-30 23:30:00,35.1869215965271
2025-01-31 00:00:00,22.871254205703735
2025-01-31 00:30:00,39.13728904724121
2025-01-31 01:00:00,27.80945634841919
2025-01-31 01:30:00,33.19418156147003
2025-01-31 02:00:00,32.86203110218048
2025-01-31 02:30:00,47.81965398788452
2025-01-31 03:00:00,38.643171429634094
2025-01-31 03:30:00,35.21976363658905
2025-01-31 04:00:00,35.774505972862244
2025-01-31 04:30:00,28.714611411094666
2025-01-31 05:00:00,25.02344799041748
2025-01-31 05:30:00,40.523754358291626
2025-01-31 06:00:00,25.277172088623047
2025-01-31 06:30:00,27.957071542739868
2025-01-31 07:00:00,26.92386281490326
2025-01-31 07:30:00,34.67784869670868
2025-01-31 08:00:00,34.379231214523315
2025-01-31 08:30:00,38.22617840766907
2025-01-31 09:00:00,23.621233820915222
2025-01-31 09:30:00,22.592756509780884
2025-01-31 10:00:00,24.756343245506287
2025-01-31 10:30:00,17.680429458618164
2025-01-31 11:00:00,26.754167675971985
2025-01-31 11:30:00,32.60527789592743
2025-01-31 12:00:00,32.27932333946228
2025-01-31 12:30:00,42.118724942207336
2025-01-31 13:00:00,37.56251084804535
2025-01-31 13:30:00,36.979915738105774
2025-01-31 14:00:00,39.34458518028259
2025-01-31 14:30:00,55.3545126914978
2025-01-31 15:00:00,30.488975286483765
2025-01-31 15:30:00,49.2458381652832
2025-01-31 16:00:00,28.703396201133728
2025-01-31 16:30:00,20.938400387763977
2025-01-31 17:00:00,19.222418189048767
2025-01-31 17:30:00,15.27357530593872
2025-01-31 18:00:00,26.54565989971161
2025-01-31 18:30:00,40.97601771354675
2025-01-31 19:00:00,48.881654262542725
2025-01-31 19:30:00,39.02705705165863
2025-01-31 20:00:00,28.147427201271057
2025-01-31 20:30:00,18.803465008735657
2025-01-31 21:00:00,6.689651057124138
2025-01-31 21:30:00,14.743229806423187
2025-01-31 22:00:00,23.11246633529663
2025-01-31 22:30:00,22.39226460456848
2025-01-31 23:00:00,25.989993810653687
2025-01-31 23:30:00,42.08143436908722
2025-02-01 00:00:00,1.8586126863956451
2025-02-01 00:30:00,-1.6449131369590761
2025-02-01 01:00:00,22.488988280296326
2025-02-01 01:30:00,22.774580597877502
2025-02-01 02:00:00,22.54274618625641
2025-02-01 02:30:00,29.133947610855103
2025-02-01 03:00:00,19.975880026817322
2025-02-01 03:30:00,21.055962324142456
2025-02-01 04:00:00,18.450050711631775
2025-02-01 04:30:00,27.376792073249817
2025-02-01 05:00:00,32.63895356655121
2025-02-01 05:30:00,35.344019651412964
2025-02-01 06:00:00,33.05363845825195
2025-02-01 06:30:00,37.05137515068054
2025-02-01 07:00:00,39.85762846469879
2025-02-01 07:30:00,36.05038261413574
2025-02-01 08:00:00,37.39379703998566
2025-02-01 08:30:00,27.86877429485321
2025-02-01 09:00:00,32.87726926803589
2025-02-01 09:30:00,29.053175568580627
2025-02-01 10:00:00,21.61379885673523
2025-02-01 10:30:00,28.680124640464783
2025-02-01 11:00:00,29.848113656044006
2025-02-01 11:30:00,17.822226762771606
2025-02-01 12:00:00,43.746610164642334
2025-02-01 12:30:00,52.02312469482422
2025-02-01 13:00:00,36.63108766078949
2025-02-01 13:30:00,28.60926353931427
2025-02-01 14:00:00,36.701608300209045
2025-02-01 14:30:00,19.31577730178833
2025-02-01 15:00:00,17.75281512737274
2025-02-01 15:30:00,25.217308402061462
2025-02-01 16:00:00,33.2104686498642
2025-02-01 16:30:00,23.857211351394653
2025-02-01 17:00:00,19.57671868801117
2025-02-01 17:30:00,10.924686759710312
2025-02-01 18:00:00,26.312363505363464
2025-02-01 18:30:00,32.24954545497894
2025-02-01 19:00:00,26.18890607357025
2025-02-01 19:30:00,23.125666737556458
2025-02-01 20:00:00,34.46021604537964
2025-02-01 20:30:00,18.27505588531494
2025-02-01 21:00:00,26.646158695220947
2025-02-01 21:30:00,27.19090747833252
2025-02-01 22:00:00,42.590755105018616
2025-02-01 22:30:00,33.077067732810974
2025-02-01 23:00:00,42.52045226097107
2025-02-01 23:30:00,44.53193020820618
2025-02-02 00:00:00,27.127734303474426
2025-02-02 00:30:00,29.260571837425232
2025-02-02 01:00:00,28.944658398628235
2025-02-02 01:30:00,30.097196459770203
2025-02-02 02:00:00,27.94930100440979
2025-02-02 02:30:00,26.893261313438416
2025-02-02 03:00:00,30.618345737457275
2025-02-02 03:30:00,16.784534454345703
2025-02-02 04:00:00,15.155913233757019
2025-02-02 04:30:00,14.949943900108337
2025-02-02 05:00:00,17.066001176834106
2025-02-02 05:30:00,36.035680174827576
2025-02-02 06:00:00,17.03614568710327
2025-02-02 06:30:00,26.569589853286743
2025-02-02 07:00:00,25.976953625679016
2025-02-02 07:30:00,45.998939752578735
2025-02-02 08:00:00,53.70122051239014
2025-02-02 08:30:00,44.342846274375916
2025-02-02 09:00:00,41.68954288959503
2025-02-02 09:30:00,47.46876811981201
2025-02-02 10:00:00,46.347312211990356
2025-02-02 10:30:00,25.65375280380249
2025-02-02 11:00:00,38.618595600128174
2025-02-02 11:30:00,18.999510884284973
2025-02-02 12:00:00,20.07894480228424
2025-02-02 12:30:00,25.75333535671234
2025-02-02 13:00:00,17.84708797931671
2025-02-02 13:30:00,26.419736623764038
2025-02-02 14:00:00,28.156752347946167
2025-02-02 14:30:00,10.10861188173294
2025-02-02 15:00:00,16.572799801826477
2025-02-02 15:30:00,27.191453218460083
2025-02-02 16:00:00,40.45052254199982
2025-02-02 16:30:00,38.34897243976593
2025-02-02 17:00:00,41.01552379131317
2025-02-02 17:30:00,42.73789966106415
2025-02-02 18:00:00,47.914387464523315
2025-02-02 18:30:00,39.2212028503418
2025-02-02 19:00:00,37.444443225860596
2025-02-02 19:30:00,27.529666900634766
2025-02-02 20:00:00,18.851490139961243
2025-02-02 20:30:00,32.147106528282166
2025-02-02 21:00:00,12.920998513698578
2025-02-02 21:30:00,29.032422423362732
2025-02-02 22:00:00,30.59498155117035
2025-02-02 22:30:00,29.13357710838318
2025-02-02 23:00:00,23.47545862197876
2025-02-02 23:30:00,20.317398190498352
2025-02-03 00:00:00,6.686626955866814
2025-02-03 00:30:00,15.734342694282532
2025-02-03 01:00:00,21.781363606452942
2025-02-03 01:30:00,28.491378664970398
2025-02-03 02:00:00,22.333897948265076
2025-02-03 02:30:00,18.842520475387573
2025-02-03 03:00:00,19.458611011505127
2025-02-03 03:30:00,34.30398166179657
2025-02-03 04:00:00,35.64804196357727
2025-02-03 04:30:00,36.00551426410675
2025-02-03 05:00:00,31.27285587787628
2025-02-03 05:30:00,41.351754784584045
2025-02-03 06:00:00,38.81888973712921
2025-02-03 06:30:00,35.023192048072815
2025-02-03 07:00:00,39.79911160469055
2025-02-03 07:30:00,34.97884941101074
2025-02-03 08:00:00,34.612863063812256
2025-02-03 08:30:00,35.716307044029236
2025-02-03 09:00:00,33.9103227853775
2025-02-03 09:30:00,30.85380756855011
2025-02-03 10:00:00,2.5094644278287888
2025-02-03 10:30:00,-2.254094302654267
2025-02-03 11:00:00,6.451879531145096
2025-02-03 11:30:00,3.2045768201351166
2025-02-03 12:00:00,26.454413652420044
2025-02-03 12:30:00,29.295767068862915
2025-02-03 13:00:00,24.22810935974121
2025-02-03 13:30:00,22.980632543563843
2025-02-03 14:00:00,37.2724449634552
2025-02-03 14:30:00,34.49519598484039
2025-02-03 15:00:00,46.98719501495361
2025-02-03 15:30:00,24.156096696853638
2025-02-03 16:00:00,33.60507881641388
2025-02-03 16:30:00,44.66781198978424
2025-02-03 17:00:00,21.110909342765808
2025-02-03 17:30:00,32.542625427246094
2025-02-03 18:00:00,31.442280650138855
2025-02-03 18:30:00,31.426929831504822
2025-02-03 19:00:00,36.18611419200897
2025-02-03 19:30:00,33.08664071559906
2025-02-03 20:00:00,32.08448910713196
2025-02-03 20:30:00,24.77969241142273
2025-02-03 21:00:00,17.673930644989014
2025-02-03 21:30:00,34.10323441028595
2025-02-03 22:00:00,23.72770321369171
2025-02-03 22:30:00,23.76296353340149
2025-02-03 23:00:00,38.29486656188965
2025-02-03 23:30:00,43.28069078922272
2025-02-04 00:00:00,22.89572238922119
2025-02-04 00:30:00,27.953917264938354
2025-02-04 01:00:00,42.130385756492615
2025-02-04 01:30:00,25.748591423034668
2025-02-04 02:00:00,38.56554365158081
2025-02-04 02:30:00,37.55129563808441
2025-02-04 03:00:00,40.05930197238922
2025-02-04 03:30:00,22.25113570690155
2025-02-04 04:00:00,33.43627989292145
2025-02-04 04:30:00,19.744428634643555
2025-02-04 05:00:00,19.94020164012909
2025-02-04 05:30:00,35.14113199710846
2025-02-04 06:00:00,22.91033971309662
2025-02-04 06:30:00,32.54676103591919
2025-02-04 07:00:00,28.643537521362305
2025-02-04 07:30:00,25.745079159736633
2025-02-04 08:00:00,27.475155472755432
2025-02-04 08:30:00,23.449198007583618
2025-02-04 09:00:00,21.15847134590149
2025-02-04 09:30:00,26.620701670646667
2025-02-04 10:00:00,23.74250829219818
2025-02-04 10:30:00,18.96554982662201
2025-02-04 11:00:00,43.510682702064514
2025-02-04 11:30:00,33.81413233280182
2025-02-04 12:00:00,38.26123344898224
2025-02-04 12:30:00,23.854307413101196
2025-02-04 13:00:00,13.930293560028076
2025-02-04 13:30:00,38.909510135650635
2025-02-04 14:00:00,18.257607221603394
2025-02-04 14:30:00,15.751987874507904
2025-02-04 15:00:00,18.064124822616577
2025-02-04 15:30:00,21.8366836309433
2025-02-04 16:00:00,23.534806609153748
2025-02-04 16:30:00,30.452503323554993
2025-02-04 17:00:00,37.32818305492401
2025-02-04 17:30:00,29.57180893421173
2025-02-04 18:00:00,40.018388986587524
2025-02-04 18:30:00,25.331703543663025
2025-02-04 19:00:00,37.63744246959686
2025-02-04 19:30:00,22.08583152294159
2025-02-04 20:00:00,18.676480293273926
2025-02-04 20:30:00,28.417631149291992
2025-02-04 21:00:00,29.627684712409973
2025-02-04 21:30:00,24.22324025630951
2025-02-04 22:00:00,22.71149754524231
2025-02-04 22:30:00,28.21669113636017
2025-02-04 23:00:00,13.259821146726608
2025-02-04 23:30:00,19.038058161735535
2025-02-05 00:00:00,24.006608963012695
2025-02-05 00:30:00,40.31365692615509
2025-02-05 01:00:00,47.009119749069214
2025-02-05 01:30:00,47.71634387969971
2025-02-05 02:00:00,21.261598706245422
2025-02-05 02:30:00,31.914761424064636
2025-02-05 03:00:00,15.680296897888184
2025-02-05 03:30:00,19.593436360359192
2025-02-05 04:00:00,23.772671699523926
2025-02-05 04:30:00,20.761853456497192
2025-02-05 05:00:00,11.474749624729156
2025-02-05 05:30:00,17.629217505455017
2025-02-05 06:00:00,20.98889136314392
2025-02-05 06:30:00,33.305577635765076
2025-02-05 07:00:00,41.09853136539459
2025-02-05 07:30:00,31.876341819763184
2025-02-05 08:00:00,40.657981395721436
2025-02-05 08:30:00,35.46454560756683
2025-02-05 09:00:00,44.13598573207855
2025-02-05 09:30:00,32.49262011051178
2025-02-05 10:00:00,33.650450348854065
2025-02-05 10:30:00,22.07747519016266
2025-02-05 11:00:00,29.711525917053223
2025-02-05 11:30:00,40.02153825759888
2025-02-05 12:00:00,33.159324288368225
2025-02-05 12:30:00,25.715298771858215
2025-02-05 13:00:00,25.091512799263
2025-02-05 13:30:00,30.01564085483551
2025-02-05 14:00:00,21.526760816574097
2025-02-05 14:30:00,38.50761258602142
2025-02-05 15:00:00,25.771862983703613
2025-02-05 15:30:00,29.283931016921997
2025-02-05 16:00:00,29.12942898273468
2025-02-05 16:30:00,12.1395862698555
2025-02-05 17:00:00,24.469704508781433
2025-02-05 17:30:00,22.550869703292847
2025-02-05 18:00:00,29.430582404136658
2025-02-05 18:30:00,25.534123063087463
2025-02-05 19:00:00,34.99890160560608
2025-02-05 19:30:00,17.805699348449707
2025-02-05 20:00:00,16.741268277168274
2025-02-05 20:30:00,25.831063270568848
2025-02-05 21:00:00,31.47801911830902
2025-02-05 21:30:00,15.465449273586273
2025-02-05 22:00:00,25.246435403823853
2025-02-05 22:30:00,34.864206433296204
2025-02-05 23:00:00,27.757518410682678
2025-02-05 23:30:00,20.30082070827484
2025-02-06 00:00:00,18.321168422698975
2025-02-06 00:30:00,9.393865674734116
2025-02-06 01:00:00,22.33877456188202
2025-02-06 01:30:00,7.829602360725403
2025-02-06 02:00:00,28.64246356487274
2025-02-06 02:30:00,35.44618570804596
2025-02-06 03:00:00,37.56719720363617
2025-02-06 03:30:00,35.014179825782776
2025-02-06 04:00:00,31.022591471672058
2025-02-06 04:30:00,31.909859776496887
2025-02-06 05:00:00,17.833877563476562
2025-02-06 05:30:00,31.14025104045868
2025-02-06 06:00:00,33.85345816612244
2025-02-06 06:30:00,33.766873240470886
2025-02-06 07:00:00,21.963265299797058
2025-02-06 07:30:00,25.224525690078735
2025-02-06 08:00:00,14.403340101242065
2025-02-06 08:30:00,18.23134410381317
2025-02-06 09:00:00,13.168036043643951
2025-02-06 09:30:00,16.11210000514984
2025-02-06 10:00:00,7.389612212777138
2025-02-06 10:30:00,20.350470542907715
2025-02-06 11:00:00,24.687041759490967
2025-02-06 11:30:00,13.770762205123901
2025-02-06 12:00:00,32.95412600040436
2025-02-06 12:30:00,25.676085591316223
2025-02-06 13:00:00,51.7345232963562
2025-02-06 13:30:00,43.92912518978119
2025-02-06 14:00:00,41.74061715602875
2025-02-06 14:30:00,30.490384697914124
2025-02-06 15:00:00,22.40397799015045
2025-02-06 15:30:00,20.38324749469757
2025-02-06 16:00:00,42.76045024394989
2025-02-06 16:30:00,26.08326280117035
2025-02-06 17:00:00,27.418283343315125
2025-02-06 17:30:00,36.75492060184479
2025-02-06 18:00:00,24.87988579273224
2025-02-06 18:30:00,34.34184551239014
2025-02-06 19:00:00,40.19736671447754
2025-02-06 19:30:00,36.82896602153778
2025-02-06 20:00:00,43.08188617229462
2025-02-06 20:30:00,36.17151439189911
2025-02-06 21:00:00,32.67084181308746
2025-02-06 21:30:00,41.40816628932953
2025-02-06 22:00:00,40.18252909183502
2025-02-06 22:30:00,36.37315535545349
2025-02-06 23:00:00,36.475096106529236
2025-02-06 23:30:00,45.15985178947449
2025-02-07 00:00:00,12.841923773288727
2025-02-07 00:30:00,14.251303911209106
2025-02-07 01:00:00,17.246025323867798
2025-02-07 01:30:00,28.71892476081848
2025-02-07 02:00:00,20.609874844551086
2025-02-07 02:30:00,21.662795305252075
2025-02-07 03:00:00,28.390897393226624
2025-02-07 03:30:00,17.1380113363266
2025-02-07 04:00:00,45.36477470397949
2025-02-07 04:30:00,35.93394219875336
2025-02-07 05:00:00,42.476149678230286
2025-02-07 05:30:00,21.37778878211975
2025-02-07 06:00:00,43.384321331977844
2025-02-07 06:30:00,35.65215504169464
2025-02-07 07:00:00,44.84937822818756
2025-02-07 07:30:00,44.39173758029938
2025-02-07 08:00:00,50.39063572883606
2025-02-07 08:30:00,28.8536274433136
2025-02-07 09:00:00,33.0036506652832
2025-02-07 09:30:00,38.561325430870056
2025-02-07 10:00:00,37.643415570259094
2025-02-07 10:30:00,41.56330418586731
2025-02-07 11:00:00,35.922531723976135
2025-02-07 11:30:00,26.752009749412537
2025-02-07 12:00:00,28.567346692085266
2025-02-07 12:30:00,40.78887641429901
2025-02-07 13:00:00,35.19601893424988
2025-02-07 13:30:00,30.282267451286316
2025-02-07 14:00:00,43.51747190952301
2025-02-07 14:30:00,28.652156710624695
2025-02-07 15:00:00,27.94770634174347
2025-02-07 15:30:00,19.4982773065567
2025-02-07 16:00:00,34.47948217391968
2025-02-07 16:30:00,35.13649320602417
2025-02-07 17:00:00,50.56731033325195
2025-02-07 17:30:00,43.79393684864044
2025-02-07 18:00:00,36.598753809928894
2025-02-07 18:30:00,35.161975264549255
2025-02-07 19:00:00,38.113237738609314
2025-02-07 19:30:00,27.21282970905304
2025-02-07 20:00:00,28.663291811943054
2025-02-07 20:30:00,28.321160316467285
2025-02-07 21:00:00,30.263003826141357
2025-02-07 21:30:00,25.795071959495544
2025-02-07 22:00:00,21.364375591278076
2025-02-07 22:30:00,27.311728835105896
2025-02-07 23:00:00,19.53239607810974
2025-02-07 23:30:00,14.338618576526642
2025-02-08 00:00:00,25.074284434318542
2025-02-08 00:30:00,24.70225989818573
2025-02-08 01:00:00,38.056225419044495
2025-02-08 01:30:00,26.2478209733963
2025-02-08 02:00:00,41.13603973388672
2025-02-08 02:30:00,26.643505096435547
2025-02-08 03:00:00,49.06562376022339
2025-02-08 03:30:00,43.64592111110687
2025-02-08 04:00:00,30.890700101852417
2025-02-08 04:30:00,29.11320948600769
2025-02-08 05:00:00,33.12518298625946
2025-02-08 05:30:00,35.20995032787323
2025-02-08 06:00:00,23.703883409500122
2025-02-08 06:30:00,19.92893636226654
2025-02-08 07:00:00,20.151012539863586
2025-02-08 07:30:00,39.064380168914795
2025-02-08 08:00:00,29.03227472305298
2025-02-08 08:30:00,31.428231596946716
2025-02-08 09:00:00,38.58516776561737
2025-02-08 09:30:00,40.16117262840271
2025-02-08 10:00:00,25.8761043548584
2025-02-08 10:30:00,32.14746451377869
2025-02-08 11:00:00,52.91747260093689
2025-02-08 11:30:00,51.15155267715454
2025-02-08 12:00:00,35.55849802494049
2025-02-08 12:30:00,37.760228991508484
2025-02-08 13:00:00,24.30549931526184
2025-02-08 13:30:00,27.10132598876953
2025-02-08 14:00:00,31.010853052139282
2025-02-08 14:30:00,30.248101115226746
2025-02-08 15:00:00,14.244669914245605
2025-02-08 15:30:00,21.576310515403748
2025-02-08 16:00:00,25.72433602809906
2025-02-08 16:30:00,32.436686754226685
2025-02-08 17:00:00,48.91146969795227
2025-02-08 17:30:00,28.147677540779114
2025-02-08 18:00:00,25.61446452140808
2025-02-08 18:30:00,37.63918483257294
2025-02-08 19:00:00,36.59271311759949
2025-02-08 19:30:00,30.554954767227173
2025-02-08 20:00:00,27.68052899837494
2025-02-08 20:30:00,19.0096195936203
2025-02-08 21:00:00,32.04742634296417
2025-02-08 21:30:00,38.42640745639801
2025-02-08 22:00:00,25.169095516204834
2025-02-08 22:30:00,18.92091679573059
2025-02-08 23:00:00,21.24279820919037
2025-02-08 23:30:00,37.343759179115295
2025-02-09 00:00:00,-1.5946030318737032
2025-02-09 00:30:00,3.6751462519168854
2025-02-09 01:00:00,23.062498569488525
2025-02-09 01:30:00,21.360360145568848
2025-02-09 02:00:00,28.831174492836
2025-02-09 02:30:00,34.98603665828705
2025-02-09 03:00:00,30.756763458251953
2025-02-09 03:30:00,18.8251394033432
2025-02-09 04:00:00,49.65425205230713
2025-02-09 04:30:00,41.073442339897156
2025-02-09 05:00:00,33.51463866233826
2025-02-09 05:30:00,41.778788924217224
2025-02-09 06:00:00,20.615227103233337
2025-02-09 06:30:00,25.527003407478333
2025-02-09 07:00:00,25.90736174583435
2025-02-09 07:30:00,26.71918523311615
2025-02-09 08:00:00,32.114840269088745
2025-02-09 08:30:00,21.011579632759094
2025-02-09 09:00:00,22.751524329185486
2025-02-09 09:30:00,28.413370370864868
2025-02-09 10:00:00,35.29574167728424
2025-02-09 10:30:00,31.165860772132874
2025-02-09 11:00:00,29.78400421142578
2025-02-09 11:30:00,31.5914204120636
2025-02-09 12:00:00,32.65685284137726
2025-02-09 12:30:00,32.05550229549408
2025-02-09 13:00:00,37.20963227748871
2025-02-09 13:30:00,38.85235512256622
2025-02-09 14:00:00,29.14666986465454
2025-02-09 14:30:00,26.125990748405457
2025-02-09 15:00:00,34.23807728290558
2025-02-09 15:30:00,42.39779341220856
2025-02-09 16:00:00,33.44260847568512
2025-02-09 16:30:00,33.73648703098297
2025-02-09 17:00:00,32.719815731048584
2025-02-09 17:30:00,22.901738047599792
2025-02-09 18:00:00,26.444212317466736
2025-02-09 18:30:00,30.521995067596436
2025-02-09 19:00:00,34.369237661361694
2025-02-09 19:30:00,25.840245723724365
2025-02-09 20:00:00,25.901068210601807
2025-02-09 20:30:00,21.818689227104187
2025-02-09 21:00:00,18.84090828895569
2025-02-09 21:30:00,34.68899881839752
2025-02-09 22:00:00,15.746426582336426
2025-02-09 22:30:00,37.270564913749695
2025-02-09 23:00:00,17.509337425231934
2025-02-09 23:30:00,17.35758912563324
2025-02-10 00:00:00,19.672563672065735
2025-02-10 00:30:00,40.2244108915329
2025-02-10 01:00:00,13.547589540481567
2025-02-10 01:30:00,32.960704922676086
2025-02-10 02:00:00,28.97742533683777
2025-02-10 02:30:00,31.545605778694153
2025-02-10 03:00:00,23.18216836452484
2025-02-10 03:30:00,25.563730716705322
2025-02-10 04:00:00,15.738656044006348
2025-02-10 04:30:00,29.670647978782654
2025-02-10 05:00:00,32.673275113105774
2025-02-10 05:30:00,37.264156222343445
2025-02-10 06:00:00,22.416550040245056
2025-02-10 06:30:00,23.292818427085876
2025-02-10 07:00:00,19.283005356788635
2025-02-10 07:30:00,18.162721037864685
2025-02-10 08:00:00,26.469393968582153
2025-02-10 08:30:00,28.712092995643616
2025-02-10 09:00:00,31.97647261619568
2025-02-10 09:30:00,25.986281275749207
2025-02-10 10:00:00,23.294923782348633
2025-02-10 10:30:00,16.046979188919067
2025-02-10 11:00:00,27.434247493743896
2025-02-10 11:30:00,34.83586800098419
2025-02-10 12:00:00,19.816193461418152
2025-02-10 12:30:00,16.01697599887848
2025-02-10 13:00:00,19.015515089035034
2025-02-10 13:30:00,28.713026762008667
2025-02-10 14:00:00,45.59781575202942
2025-02-10 14:30:00,22.50053894519806
2025-02-10 15:00:00,29.194161772727966
2025-02-10 15:30:00,26.79560387134552
2025-02-10 16:00:00,41.25578463077545
2025-02-10 16:30:00,38.75639998912811
2025-02-10 17:00:00,37.80965602397919
2025-02-10 17:30:00,37.35985600948334
2025-02-10 18:00:00,33.723779797554016
2025-02-10 18:30:00,43.125417709350586
2025-02-10 19:00:00,54.35369539260864
2025-02-10 19:30:00,26.99493420124054
2025-02-10 20:00:00,16.616899609565735
2025-02-10 20:30:00,28.141278862953186
2025-02-10 21:00:00,42.9306560754776
2025-02-10 21:30:00,27.44218075275421
2025-02-10 22:00:00,29.966349005699158
2025-02-10 22:30:00,12.045559376478195
2025-02-10 23:00:00,14.790958285331726
2025-02-10 23:30:00,11.623098939657211
2025-02-11 00:00:00,30.435360074043274
2025-02-11 00:30:00,21.082308053970337
2025-02-11 01:00:00,23.93865931034088
2025-02-11 01:30:00,41.3632253408432
2025-02-11 02:00:00,29.326346039772034
2025-02-11 02:30:00,25.88658857345581
2025-02-11 03:00:00,37.067124009132385
2025-02-11 03:30:00,25.7947039604187
2025-02-11 04:00:00,28.676289439201355
2025-02-11 04:30:00,23.255728125572205
2025-02-11 05:00:00,40.47116553783417
2025-02-11 05:30:00,30.76929795742035
2025-02-11 06:00:00,28.528661727905273
2025-02-11 06:30:00,45.23261547088623
2025-02-11 07:00:00,32.670761704444885
2025-02-11 07:30:00,33.212448835372925
2025-02-11 08:00:00,57.5325665473938
2025-02-11 08:30:00,31.6972314119339
2025-02-11 09:00:00,55.00382709503174
2025-02-11 09:30:00,36.33325374126434
2025-02-11 10:00:00,40.19702124595642
2025-02-11 10:30:00,54.07647442817688
2025-02-11 11:00:00,45.4186577796936
2025-02-11 11:30:00,32.77994978427887
2025-02-11 12:00:00,27.255895614624023
2025-02-11 12:30:00,31.868448615074158
2025-02-11 13:00:00,37.911651849746704
2025-02-11 13:30:00,41.783835768699646
2025-02-11 14:00:00,35.95328342914581
2025-02-11 14:30:00,32.47163665294647
2025-02-11 15:00:00,22.6130690574646
2025-02-11 15:30:00,22.653754234313965
2025-02-11 16:00:00,20.603140711784363
2025-02-11 16:30:00,36.90607559680939
2025-02-11 17:00:00,29.390973687171936
2025-02-11 17:30:00,27.935129284858704
2025-02-11 18:00:00,57.0357027053833
2025-02-11 18:30:00,52.1378653049469
2025-02-11 19:00:00,38.70051419734955
2025-02-11 19:30:00,35.143990874290466
2025-02-11 20:00:00,29.151846885681152
2025-02-11 20:30:00,44.519856333732605
2025-02-11 21:00:00,25.501736640930176
2025-02-11 21:30:00,13.044081062078476
2025-02-11 22:00:00,22.592488646507263
2025-02-11 22:30:00,20.588167905807495
2025-02-11 23:00:00,33.69586193561554
2025-02-11 23:30:00,29.52867043018341
2025-02-12 00:00:00,10.701738148927689
2025-02-12 00:30:00,30.48812162876129
2025-02-12 01:00:00,21.955905318260193
2025-02-12 01:30:00,39.973660826683044
2025-02-12 02:00:00,38.967095732688904
2025-02-12 02:30:00,39.08549630641937
2025-02-12 03:00:00,27.70926797389984
2025-02-12 03:30:00,24.082814812660217
2025-02-12 04:00:00,30.087363123893738
2025-02-12 04:30:00,29.131391644477844
2025-02-12 05:00:00,38.82175362110138
2025-02-12 05:30:00,40.84815180301666
2025-02-12 06:00:00,33.46249794960022
2025-02-12 06:30:00,37.087008476257324
2025-02-12 07:00:00,40.05036985874176
2025-02-12 07:30:00,42.33987486362457
2025-02-12 08:00:00,34.94798004627228
2025-02-12 08:30:00,44.87672531604767
2025-02-12 09:00:00,28.12838637828827
2025-02-12 09:30:00,23.407143473625183
2025-02-12 10:00:00,18.072078108787537
2025-02-12 10:30:00,18.937516808509827
2025-02-12 11:00:00,22.56184709072113
2025-02-12 11:30:00,23.39197540283203
2025-02-12 12:00:00,28.93969166278839
2025-02-12 12:30:00,36.96970188617706
2025-02-12 13:00:00,39.73104429244995
2025-02-12 13:30:00,29.304826855659485
2025-02-12 14:00:00,24.11451530456543
2025-02-12 14:30:00,32.64949285984039
2025-02-12 15:00:00,30.31092631816864
2025-02-12 15:30:00,30.485347867012024
2025-02-12 16:00:00,42.2061585187912
2025-02-12 16:30:00,51.270503997802734
2025-02-12 17:00:00,46.5295844078064
2025-02-12 17:30:00,39.10697543621063
2025-02-12 18:00:00,31.30347239971161
2025-02-12 18:30:00,48.36278057098389
2025-02-12 19:00:00,31.22109317779541
2025-02-12 19:30:00,42.97550189495087
2025-02-12 20:00:00,26.567036390304565
2025-02-12 20:30:00,20.928887486457825
2025-02-12 21:00:00,42.3954952955246
2025-02-12 21:30:00,31.24324071407318
2025-02-12 22:00:00,29.099578499794006
2025-02-12 22:30:00,17.703495740890503
2025-02-12 23:00:00,32.73596012592316
2025-02-12 23:30:00,26.56590235233307
2025-02-13 00:00:00,9.334421932697296
2025-02-13 00:30:00,38.77729332447052
2025-02-13 01:00:00,36.73013699054718
2025-02-13 01:30:00,39.65359175205231
2025-02-13 02:00:00,25.943185329437256
2025-02-13 02:30:00,25.698150515556335
2025-02-13 03:00:00,29.734001398086548
2025-02-13 03:30:00,27.929887175559998
2025-02-13 04:00:00,41.83352816104889
2025-02-13 04:30:00,42.17384719848633
2025-02-13 05:00:00,39.51381969451904
2025-02-13 05:30:00,19.123764395713806
2025-02-13 06:00:00,9.731400936841965
2025-02-13 06:30:00,18.060364723205566
2025-02-13 07:00:00,27.365987420082092
2025-02-13 07:30:00,32.000014543533325
2025-02-13 08:00:00,17.991098284721375
2025-02-13 08:30:00,26.360421180725098
2025-02-13 09:00:00,35.260488867759705
2025-02-13 09:30:00,30.43914520740509
2025-02-13 10:00:00,23.866952061653137
2025-02-13 10:30:00,23.36285090446472
2025-02-13 11:00:00,19.131945490837097
2025-02-13 11:30:00,36.58736336231232
2025-02-13 12:00:00,24.08914339542389
2025-02-13 12:30:00,16.802406191825867
2025-02-13 13:00:00,33.26687014102936
2025-02-13 13:30:00,43.541752338409424
2025-02-13 14:00:00,25.23585605621338
2025-02-13 14:30:00,44.078402638435364
2025-02-13 15:00:00,39.716614723205566
2025-02-13 15:30:00,44.03997552394867
2025-02-13 16:00:00,32.154438972473145
2025-02-13 16:30:00,29.548312067985535
2025-02-13 17:00:00,25.802847504615784
2025-02-13 17:30:00,32.976781725883484
2025-02-13 18:00:00,21.025501012802124
2025-02-13 18:30:00,23.148064613342285
2025-02-13 19:00:00,44.364848613739014
2025-02-13 19:30:00,33.31863534450531
2025-02-13 20:00:00,37.542521238327026
2025-02-13 20:30:00,37.96834874153137
2025-02-13 21:00:00,38.449193358421326
2025-02-13 21:30:00,17.82909607887268
2025-02-13 22:00:00,13.376428037881851
2025-02-13 22:30:00,26.78468906879425
2025-02-13 23:00:00,23.421525478363037
2025-02-13 23:30:00,14.463063597679138
2025-02-14 00:00:00,24.263179421424866
2025-02-14 00:30:00,22.592596292495728
2025-02-14 01:00:00,25.61233913898468
2025-02-14 01:30:00,42.20629870891571
2025-02-14 02:00:00,44.6534149646759
2025-02-14 02:30:00,40.22588038444519
2025-02-14 03:00:00,36.47733914852142
2025-02-14 03:30:00,37.15846037864685
2025-02-14 04:00:00,34.82753670215607
2025-02-14 04:30:00,19.268958806991577
2025-02-14 05:00:00,25.769006609916687
2025-02-14 05:30:00,26.71459650993347
2025-02-14 06:00:00,35.75853431224823
2025-02-14 06:30:00,20.272139310836792
2025-02-14 07:00:00,23.881979942321777
2025-02-14 07:30:00,20.669080138206482
2025-02-14 08:00:00,30.859758138656616
2025-02-14 08:30:00,38.034173011779785
2025-02-14 09:00:00,46.499959230422974
2025-02-14 09:30:00,39.4198522567749
2025-02-14 10:00:00,17.18543565273285
2025-02-14 10:30:00,23.975186347961426
2025-02-14 11:00:00,27.74851620197296
2025-02-14 11:30:00,20.731812715530396
2025-02-14 12:00:00,23.9672931432724
2025-02-14 12:30:00,24.328470468521118
2025-02-14 13:00:00,29.136305809020996
2025-02-14 13:30:00,38.79367804527283
2025-02-14 14:00:00,32.4201318025589
2025-02-14 14:30:00,19.55890202522278
2025-02-14 15:00:00,22.563339114189148
2025-02-14 15:30:00,33.192386627197266
2025-02-14 16:00:00,19.44425404071808
2025-02-14 16:30:00,33.46837592124939
2025-02-14 17:00:00,28.982624888420105
2025-02-14 17:30:00,31.587777972221375
2025-02-14 18:00:00,22.438154339790344
2025-02-14 18:30:00,30.53960645198822
2025-02-14 19:00:00,43.3345513343811
2025-02-14 19:30:00,36.422499775886536
2025-02-14 20:00:00,26.104106068611145
2025-02-14 20:30:00,39.24415647983551
2025-02-14 21:00:00,38.24625313282013
2025-02-14 21:30:00,44.70055890083313
2025-02-14 22:00:00,59.37199115753174
2025-02-14 22:30:00,36.97737729549408
2025-02-14 23:00:00,21.549651861190796
2025-02-14 23:30:00,24.114330053329468
2025-02-15 00:00:00,22.709264516830444
2025-02-15 00:30:00,29.05094003677368
2025-02-15 01:00:00,32.92267084121704
2025-02-15 01:30:00,33.546459317207336
2025-02-15 02:00:00,39.12791883945465
2025-02-15 02:30:00,30.25611698627472
2025-02-15 03:00:00,28.403849959373474
2025-02-15 03:30:00,29.620492458343506
2025-02-15 04:00:00,27.816545963287354
2025-02-15 04:30:00,32.4022775888443
2025-02-15 05:00:00,31.7667156457901
2025-02-15 05:30:00,26.304012179374695
2025-02-15 06:00:00,22.676249742507935
2025-02-15 06:30:00,25.026174187660217
2025-02-15 07:00:00,40.62078094482422
2025-02-15 07:30:00,30.397784113883972
2025-02-15 08:00:00,38.82918870449066
2025-02-15 08:30:00,29.24721872806549
2025-02-15 09:00:00,30.543661952018738
2025-02-15 09:30:00,31.3888281583786
2025-02-15 10:00:00,29.08938467502594
2025-02-15 10:30:00,34.45555222034454
2025-02-15 11:00:00,31.340327382087708
2025-02-15 11:30:00,41.992623925209045
2025-02-15 12:00:00,32.38127410411835
2025-02-15 12:30:00,27.19037675857544
2025-02-15 13:00:00,35.46014213562012
2025-02-15 13:30:00,48.04023814201355
2025-02-15 14:00:00,49.18302297592163
2025-02-15 14:30:00,37.017271399497986
2025-02-15 15:00:00,32.10932528972626
2025-02-15 15:30:00,36.817850947380066
2025-02-15 16:00:00,47.28921961784363
2025-02-15 16:30:00,48.046406507492065
2025-02-15 17:00:00,42.400442004203796
2025-02-15 17:30:00,29.839877486228943
2025-02-15 18:00:00,20.989039063453674
2025-02-15 18:30:00,27.91368019580841
2025-02-15 19:00:00,24.108892679214478
2025-02-15 19:30:00,26.977445483207703
2025-02-15 20:00:00,22.854003310203552
2025-02-15 20:30:00,19.11542558670044
2025-02-15 21:00:00,35.96959054470062
2025-02-15 21:30:00,50.74965763092041
2025-02-15 22:00:00,37.07952082157135
2025-02-15 22:30:00,36.1357684135437
2025-02-15 23:00:00,45.479655504226685
2025-02-15 23:30:00,38.72731304168701
2025-02-16 00:00:00,15.439923405647278
2025-02-16 00:30:00,14.17136800289154
2025-02-16 01:00:00,22.417463779449463
2025-02-16 01:30:00,22.82447075843811
2025-02-16 02:00:00,41.58883881568909
2025-02-16 02:30:00,44.19308316707611
2025-02-16 03:00:00,39.131779074668884
2025-02-16 03:30:00,28.09175670146942
2025-02-16 04:00:00,26.425699710845947
2025-02-16 04:30:00,29.702861666679382
2025-02-16 05:00:00,42.506375670433044
2025-02-16 05:30:00,36.965418577194214
2025-02-16 06:00:00,21.132944226264954
2025-02-16 06:30:00,37.99107205867767
2025-02-16 07:00:00,9.175880670547485
2025-02-16 07:30:00,19.40258753299713
2025-02-16 08:00:00,37.3002051115036
2025-02-16 08:30:00,13.546783447265625
2025-02-16 09:00:00,28.74534809589386
2025-02-16 09:30:00,36.434160590171814
2025-02-16 10:00:00,35.97567629814148
2025-02-16 10:30:00,29.32411551475525
2025-02-16 11:00:00,22.615201950073242
2025-02-16 11:30:00,17.68522596359253
2025-02-16 12:00:00,32.54781496524811
2025-02-16 12:30:00,21.051313519477844
2025-02-16 13:00:00,18.333224773406982
2025-02-16 13:30:00,22.109506130218506
2025-02-16 14:00:00,25.894036173820496
2025-02-16 14:30:00,26.521459579467773
2025-02-16 15:00:00,37.535489201545715
2025-02-16 15:30:00,20.68993091583252
2025-02-16 16:00:00,20.565439581871033
2025-02-16 16:30:00,25.58838415145874
2025-02-16 17:00:00,21.1361585855484
2025-02-16 17:30:00,18.93253254890442
2025-02-16 18:00:00,35.37187993526459
2025-02-16 18:30:00,34.59029996395111
2025-02-16 19:00:00,31.748170495033264
2025-02-16 19:30:00,34.3644837141037
2025-02-16 20:00:00,35.628305196762085
2025-02-16 20:30:00,45.577558279037476
2025-02-16 21:00:00,34.26066291332245
2025-02-16 21:30:00,36.93206334114075
2025-02-16 22:00:00,27.193418383598328
2025-02-16 22:30:00,22.833595633506775
2025-02-16 23:00:00,37.45732820034027
2025-02-16 23:30:00,20.950636982917786
2025-02-17 00:00:00,15.750504612922668
2025-02-17 00:30:00,24.12715995311737
2025-02-17 01:00:00,36.358362793922424
2025-02-17 01:30:00,49.08741331100464
2025-02-17 02:00:00,28.828633546829224
2025-02-17 02:30:00,23.61729097366333
2025-02-17 03:00:00,18.245816230773926
2025-02-17 03:30:00,17.816696763038635
2025-02-17 04:00:00,39.6530259847641
2025-02-17 04:30:00,43.09785532951355
2025-02-17 05:00:00,36.02777695655823
2025-02-17 05:30:00,26.98331844806671
2025-02-17 06:00:00,35.00049126148224
2025-02-17 06:30:00,22.48166584968567
2025-02-17 07:00:00,42.64174926280975
2025-02-17 07:30:00,51.919464111328125
2025-02-17 08:00:00,20.674229621887207
2025-02-17 08:30:00,33.88388192653656
2025-02-17 09:00:00,14.556129813194275
2025-02-17 09:30:00,25.740760803222656
2025-02-17 10:00:00,18.589084267616272
2025-02-17 10:30:00,26.35507893562317
2025-02-17 11:00:00,42.24550187587738
2025-02-17 11:30:00,30.086767315864563
2025-02-17 12:00:00,38.959893465042114
2025-02-17 12:30:00,34.71483135223389
2025-02-17 13:00:00,34.812744140625
2025-02-17 13:30:00,12.622265875339508
2025-02-17 14:00:00,21.196322679519653
2025-02-17 14:30:00,26.50641918182373
2025-02-17 15:00:00,21.436999082565308
2025-02-17 15:30:00,21.22123146057129
2025-02-17 16:00:00,25.347179532051086
2025-02-17 16:30:00,22.170551419258118
2025-02-17 17:00:00,25.975892186164856
2025-02-17 17:30:00,25.505707025527954
2025-02-17 18:00:00,21.531752586364746
2025-02-17 18:30:00,41.81299531459808
2025-02-17 19:00:00,31.817033886909485
2025-02-17 19:30:00,41.37293350696564
2025-02-17 20:00:00,27.791799902915955
2025-02-17 20:30:00,18.449975609779358
2025-02-17 21:00:00,29.70532250404358
2025-02-17 21:30:00,34.42645025253296
2025-02-17 22:00:00,31.16902506351471
2025-02-17 22:30:00,40.023478388786316
2025-02-17 23:00:00,39.270522236824036
2025-02-17 23:30:00,29.077285766601562
2025-02-18 00:00:00,24.982184529304504
2025-02-18 00:30:00,27.604666113853455
2025-02-18 01:00:00,19.825658798217773
2025-02-18 01:30:00,23.030820608139038
2025-02-18 02:00:00,24.84307837486267
2025-02-18 02:30:00,19.668853640556335
2025-02-18 03:00:00,33.88900637626648
2025-02-18 03:30:00,26.896613359451294
2025-02-18 04:00:00,36.87709379196167
2025-02-18 04:30:00,27.17044973373413
2025-02-18 05:00:00,31.65462362766266
2025-02-18 05:30:00,32.36149728298187
2025-02-18 06:00:00,26.70632779598236
2025-02-18 06:30:00,30.51366627216339
2025-02-18 07:00:00,60.659907817840576
2025-02-18 07:30:00,63.041642904281616
2025-02-18 08:00:00,49.2084174156189
2025-02-18 08:30:00,49.1700553894043
2025-02-18 09:00:00,45.79382658004761
2025-02-18 09:30:00,41.06695103645325
2025-02-18 10:00:00,31.26675009727478
2025-02-18 10:30:00,37.5062495470047
2025-02-18 11:00:00,46.02163052558899
2025-02-18 11:30:00,38.87599217891693
2025-02-18 12:00:00,43.14765787124634
2025-02-18 12:30:00,32.72885048389435
2025-02-18 13:00:00,32.78728973865509
2025-02-18 13:30:00,28.634602904319763
2025-02-18 14:00:00,42.876712918281555
2025-02-18 14:30:00,42.0066579580307
2025-02-18 15:00:00,39.77784526348114
2025-02-18 15:30:00,29.067607641220093
2025-02-18 16:00:00,49.08064413070679
2025-02-18 16:30:00,45.55202865600586
2025-02-18 17:00:00,24.34036910533905
2025-02-18 17:30:00,18.127893805503845
2025-02-18 18:00:00,18.673951864242554
2025-02-18 18:30:00,26.584056973457336
2025-02-18 19:00:00,15.4912029504776
2025-02-18 19:30:00,28.553097367286682
2025-02-18 20:00:00,22.168731451034546
2025-02-18 20:30:00,25.337846875190735
2025-02-18 21:00:00,21.330074071884155
2025-02-18 21:30:00,14.242689728736877
2025-02-18 22:00:00,16.883621335029602
2025-02-18 22:30:00,38.68637001514435
2025-02-18 23:00:00,31.11608576774597
2025-02-18 23:30:00,28.842870354652405
2025-02-19 00:00:00,29.04615354537964
2025-02-19 00:30:00,32.684998512268066
2025-02-19 01:00:00,40.683573603630066
2025-02-19 01:30:00,29.251404404640198
2025-02-19 02:00:00,30.39486014842987
2025-02-19 02:30:00,44.82856750488281
2025-02-19 03:00:00,42.85303330421448
2025-02-19 03:30:00,27.831764101982117
2025-02-19 04:00:00,31.2640939950943
2025-02-19 04:30:00,16.32650327682495
2025-02-19 05:00:00,30.778330206871033
2025-02-19 05:30:00,16.882872819900513
2025-02-19 06:00:00,41.15119278430939
2025-02-19 06:30:00,39.19718027114868
2025-02-19 07:00:00,31.581411838531494
2025-02-19 07:30:00,31.163357377052307
2025-02-19 08:00:00,32.39857757091522
2025-02-19 08:30:00,27.482848405838013
2025-02-19 09:00:00,41.55379629135132
2025-02-19 09:30:00,45.42540693283081
2025-02-19 10:00:00,57.76898717880249
2025-02-19 10:30:00,35.15885603427887
2025-02-19 11:00:00,14.50262725353241
2025-02-19 11:30:00,9.09046483039856
2025-02-19 12:00:00,27.537129521369934
2025-02-19 12:30:00,22.795624136924744
2025-02-19 13:00:00,28.893356323242188
2025-02-19 13:30:00,25.165475606918335
2025-02-19 14:00:00,36.386696219444275
2025-02-19 14:30:00,33.314637422561646
2025-02-19 15:00:00,25.413854956626892
2025-02-19 15:30:00,24.882111310958862
2025-02-19 16:00:00,24.224764823913574
2025-02-19 16:30:00,26.244666695594788
2025-02-19 17:00:00,29.818713784217834
2025-02-19 17:30:00,24.117819786071777
2025-02-19 18:00:00,27.929256319999695
2025-02-19 18:30:00,47.87819838523865
2025-02-19 19:00:00,32.905980706214905
2025-02-19 19:30:00,42.80456256866455
2025-02-19 20:00:00,27.77901005744934
2025-02-19 20:30:00,23.943485856056213
2025-02-19 21:00:00,14.485824465751648
2025-02-19 21:30:00,29.784820318222046
2025-02-19 22:00:00,20.06572687625885
2025-02-19 22:30:00,8.995212525129318
2025-02-19 23:00:00,29.9958815574646
2025-02-19 23:30:00,44.55151426792145
2025-02-20 00:00:00,21.59126329421997
2025-02-20 00:30:00,27.21738088130951
2025-02-20 01:00:00,20.109994411468506
2025-02-20 01:30:00,20.95498037338257
2025-02-20 02:00:00,40.506120443344116
2025-02-20 02:30:00,29.975659132003784
2025-02-20 03:00:00,44.82821202278137
2025-02-20 03:30:00,44.55589771270752
2025-02-20 04:00:00,31.134453177452087
2025-02-20 04:30:00,34.3261992931366
2025-02-20 05:00:00,37.32558453083038
2025-02-20 05:30:00,47.64864206314087
2025-02-20 06:00:00,19.83245551586151
2025-02-20 06:30:00,25.75580370426178
2025-02-20 07:00:00,23.0906742811203
2025-02-20 07:30:00,31.27780508995056
2025-02-20 08:00:00,28.0738023519516
2025-02-20 08:30:00,18.23274850845337
2025-02-20 09:00:00,29.6269211769104
2025-02-20 09:30:00,27.935755133628845
2025-02-20 10:00:00,35.984538316726685
2025-02-20 10:30:00,26.552056074142456
2025-02-20 11:00:00,23.61826980113983
2025-02-20 11:30:00,21.188679814338684
2025-02-20 12:00:00,30.47919201850891
2025-02-20 12:30:00,22.077763080596924
2025-02-20 13:00:00,31.58165717124939
2025-02-20 13:30:00,27.891562700271606
2025-02-20 14:00:00,34.5920273065567
2025-02-20 14:30:00,33.742995858192444
2025-02-20 15:00:00,35.04400026798248
2025-02-20 15:30:00,46.795875549316406
2025-02-20 16:00:00,40.919280767440796
2025-02-20 16:30:00,38.58286964893341
2025-02-20 17:00:00,38.485607743263245
2025-02-20 17:30:00,24.06063222885132
2025-02-20 18:00:00,33.12376356124878
2025-02-20 18:30:00,19.78648316860199
2025-02-20 19:00:00,22.600799918174744
2025-02-20 19:30:00,34.42235219478607
2025-02-20 20:00:00,19.74405312538147
2025-02-20 20:30:00,19.995967268943787
2025-02-20 21:00:00,37.729342103004456
2025-02-20 21:30:00,44.407458901405334
2025-02-20 22:00:00,26.53934633731842
2025-02-20 22:30:00,37.09031045436859
2025-02-20 23:00:00,37.38740336894989
2025-02-20 23:30:00,41.94256854057312
2025-02-21 00:00:00,25.293346524238586
2025-02-21 00:30:00,26.831061959266663
2025-02-21 01:00:00,23.23891031742096
2025-02-21 01:30:00,17.092722415924072
2025-02-21 02:00:00,28.68430531024933
2025-02-21 02:30:00,32.7741494178772
2025-02-21 03:00:00,37.37219524383545
2025-02-21 03:30:00,37.99950098991394
2025-02-21 04:00:00,37.09268367290497
2025-02-21 04:30:00,38.94885849952698
2025-02-21 05:00:00,39.148661971092224
2025-02-21 05:30:00,35.68940055370331
2025-02-21 06:00:00,52.800989627838135
2025-02-21 06:30:00,52.60787272453308
2025-02-21 07:00:00,33.86519658565521
2025-02-21 07:30:00,33.42222833633423
2025-02-21 08:00:00,35.293991804122925
2025-02-21 08:30:00,26.387452840805054
2025-02-21 09:00:00,28.418034195899963
2025-02-21 09:30:00,49.52434587478638
2025-02-21 10:00:00,45.78668689727783
2025-02-21 10:30:00,44.46228325366974
2025-02-21 11:00:00,32.132251381874084
2025-02-21 11:30:00,28.191669702529907
2025-02-21 12:00:00,40.768563866615295
2025-02-21 12:30:00,23.67289137840271
2025-02-21 13:00:00,31.415899872779846
2025-02-21 13:30:00,43.4708536863327
2025-02-21 14:00:00,37.55093264579773
2025-02-21 14:30:00,41.981749176979065
2025-02-21 15:00:00,32.4984405040741
2025-02-21 15:30:00,36.470542430877686
2025-02-21 16:00:00,15.636563837528229
2025-02-21 16:30:00,37.01392185688019
2025-02-21 17:00:00,28.43198812007904
2025-02-21 17:30:00,36.86043620109558
2025-02-21 18:00:00,39.72365176677704
2025-02-21 18:30:00,52.65353965759277
2025-02-21 19:00:00,39.85903787612915
2025-02-21 19:30:00,42.757290959358215
2025-02-21 20:00:00,25.986526608467102
2025-02-21 20:30:00,19.338768482208252
2025-02-21 21:00:00,31.6581609249115
2025-02-21 21:30:00,21.852011919021606
2025-02-21 22:00:00,42.1435661315918
2025-02-21 22:30:00,35.65351939201355
2025-02-21 23:00:00,41.07550013065338
2025-02-21 23:30:00,30.54318380355835
2025-02-22 00:00:00,13.227019160985947
2025-02-22 00:30:00,19.407556772232056
2025-02-22 01:00:00,24.758095622062683
2025-02-22 01:30:00,32.51716339588165
2025-02-22 02:00:00,19.53146481513977
2025-02-22 02:30:00,12.92392560839653
2025-02-22 03:00:00,33.969072461128235
2025-02-22 03:30:00,29.932090044021606
2025-02-22 04:00:00,18.666098713874817
2025-02-22 04:30:00,16.863251209259033
2025-02-22 05:00:00,30.60922086238861
2025-02-22 05:30:00,25.659417986869812
2025-02-22 06:00:00,37.71281719207764
2025-02-22 06:30:00,25.53242325782776
2025-02-22 07:00:00,7.410298392176628
2025-02-22 07:30:00,25.769517302513123
2025-02-22 08:00:00,25.279057145118713
2025-02-22 08:30:00,34.68840801715851
2025-02-22 09:00:00,25.05633008480072
2025-02-22 09:30:00,27.15081810951233
2025-02-22 10:00:00,25.312119483947754
2025-02-22 10:30:00,19.87311065196991
2025-02-22 11:00:00,22.046883702278137
2025-02-22 11:30:00,20.13861572742462
2025-02-22 12:00:00,27.899508476257324
2025-02-22 12:30:00,39.61656904220581
2025-02-22 13:00:00,27.19343590736389
2025-02-22 13:30:00,40.99253511428833
2025-02-22 14:00:00,41.12568819522858
2025-02-22 14:30:00,34.33977270126343
2025-02-22 15:00:00,59.87417721748352
2025-02-22 15:30:00,48.87110996246338
2025-02-22 16:00:00,31.0421279668808
2025-02-22 16:30:00,30.490204453468323
2025-02-22 17:00:00,20.262043118476868
2025-02-22 17:30:00,32.898380398750305
2025-02-22 18:00:00,20.821719646453857
2025-02-22 18:30:00,37.17066192626953
2025-02-22 19:00:00,30.98852026462555
2025-02-22 19:30:00,26.725959420204163
2025-02-22 20:00:00,24.881507992744446
2025-02-22 20:30:00,21.304937481880188
2025-02-22 21:00:00,29.751898169517517
2025-02-22 21:30:00,27.123218178749084
2025-02-22 22:00:00,25.094764709472656
2025-02-22 22:30:00,27.031155824661255
2025-02-22 23:00:00,33.61136984825134
2025-02-22 23:30:00,31.907323837280273
2025-02-23 00:00:00,17.664828300476074
2025-02-23 00:30:00,25.39294409751892
2025-02-23 01:00:00,33.90265989303589
2025-02-23 01:30:00,28.484654545783997
2025-02-23 02:00:00,38.52673602104187
2025-02-23 02:30:00,28.23423993587494
2025-02-23 03:00:00,37.391974568367004
2025-02-23 03:30:00,33.22160875797272
2025-02-23 04:00:00,20.286023139953613
2025-02-23 04:30:00,32.26240539550781
2025-02-23 05:00:00,31.776286125183105
2025-02-23 05:30:00,17.656226634979248
2025-02-23 06:00:00,14.387350916862488
2025-02-23 06:30:00,27.558733820915222
2025-02-23 07:00:00,36.098658084869385
2025-02-23 07:30:00,33.77673661708832
2025-02-23 08:00:00,39.946834444999695
2025-02-23 08:30:00,33.34284317493439
2025-02-23 09:00:00,32.39617681503296
2025-02-23 09:30:00,34.533743262290955
2025-02-23 10:00:00,32.178664326667786
2025-02-23 10:30:00,38.48663914203644
2025-02-23 11:00:00,15.539893984794617
2025-02-23 11:30:00,14.959163904190063
2025-02-23 12:00:00,31.443567395210266
2025-02-23 12:30:00,19.500948429107666
2025-02-23 13:00:00,18.870498418807983
2025-02-23 13:30:00,27.974635362625122
2025-02-23 14:00:00,25.28589642047882
2025-02-23 14:30:00,24.44140613079071
2025-02-23 15:00:00,26.341495513916016
2025-02-23 15:30:00,32.50676929950714
2025-02-23 16:00:00,32.582276701927185
2025-02-23 16:30:00,40.05072033405304
2025-02-23 17:00:00,30.997657656669617
2025-02-23 17:30:00,33.14345026016235
2025-02-23 18:00:00,46.86372756958008
2025-02-23 18:30:00,36.60252892971039
2025-02-23 19:00:00,32.626822113990784
2025-02-23 19:30:00,22.445619463920593
2025-02-23 20:00:00,40.98149013519287
2025-02-23 20:30:00,37.799835205078125
2025-02-23 21:00:00,28.940685510635376
2025-02-23 21:30:00,19.15714716911316
2025-02-23 22:00:00,43.053727984428406
2025-02-23 22:30:00,38.468154072761536
2025-02-23 23:00:00,28.541749477386475
2025-02-23 23:30:00,42.54715096950531
2025-02-24 00:00:00,17.99170410633087
2025-02-24 00:30:00,21.27400803565979
2025-02-24 01:00:00,23.240933060646057
2025-02-24 01:30:00,12.767221838235855
2025-02-24 02:00:00,26.333194255828857
2025-02-24 02:30:00,27.7441828250885
2025-02-24 03:00:00,33.00130498409271
2025-02-24 03:30:00,28.728269934654236
2025-02-24 04:00:00,38.82125794887543
2025-02-24 04:30:00,50.938493728637695
2025-02-24 05:00:00,28.706245064735413
2025-02-24 05:30:00,33.22733151912689
2025-02-24 06:00:00,34.14133107662201
2025-02-24 06:30:00,36.11787164211273
2025-02-24 07:00:00,32.480053067207336
2025-02-24 07:30:00,34.98397636413574
2025-02-24 08:00:00,26.128984808921814
2025-02-24 08:30:00,17.949031233787537
2025-02-24 09:00:00,28.325140714645386
2025-02-24 09:30:00,32.85799562931061
2025-02-24 10:00:00,35.443562150001526
2025-02-24 10:30:00,35.545387744903564
2025-02-24 11:00:00,35.591264963150024
2025-02-24 11:30:00,46.618860483169556
2025-02-24 12:00:00,37.585429430007935
2025-02-24 12:30:00,23.150971055030823
2025-02-24 13:00:00,31.64274001121521
2025-02-24 13:30:00,32.912299275398254
2025-02-24 14:00:00,29.372305870056152
2025-02-24 14:30:00,34.378692984580994
2025-02-24 15:00:00,40.0475310087204
2025-02-24 15:30:00,40.370919585227966
2025-02-24 16:00:00,28.230647563934326
2025-02-24 16:30:00,27.84460151195526
2025-02-24 17:00:00,21.676794290542603
2025-02-24 17:30:00,30.068642735481262
2025-02-24 18:00:00,40.53219830989838
2025-02-24 18:30:00,26.345743775367737
2025-02-24 19:00:00,31.515257120132446
2025-02-24 19:30:00,38.620986342430115
2025-02-24 20:00:00,37.22191894054413
2025-02-24 20:30:00,23.306169033050537
2025-02-24 21:00:00,32.447611570358276
2025-02-24 21:30:00,31.496594309806824
2025-02-24 22:00:00,24.43009078502655
2025-02-24 22:30:00,33.143592953681946
2025-02-24 23:00:00,42.03890669345856
2025-02-24 23:30:00,23.44973123073578
2025-02-25 00:00:00,16.82253348827362
2025-02-25 00:30:00,18.643057465553284
2025-02-25 01:00:00,31.747719883918762
2025-02-25 01:30:00,35.49424588680267
2025-02-25 02:00:00,13.908949613571167
2025-02-25 02:30:00,30.562707781791687
2025-02-25 03:00:00,21.760129809379578
2025-02-25 03:30:00,25.783814191818237
2025-02-25 04:00:00,24.671020030975342
2025-02-25 04:30:00,37.83000361919403
2025-02-25 05:00:00,43.8307968378067
2025-02-25 05:30:00,28.271885991096497
2025-02-25 06:00:00,42.76522672176361
2025-02-25 06:30:00,34.96833264827728
2025-02-25 07:00:00,35.36739635467529
2025-02-25 07:30:00,46.23497486114502
2025-02-25 08:00:00,37.79066026210785
2025-02-25 08:30:00,52.177714347839355
2025-02-25 09:00:00,34.14636790752411
2025-02-25 09:30:00,33.032387137413025
2025-02-25 10:00:00,30.979916095733643
2025-02-25 10:30:00,32.13254928588867
2025-02-25 11:00:00,31.786139488220215
2025-02-25 11:30:00,37.64654982089996
2025-02-25 12:00:00,39.98429274559021
2025-02-25 12:30:00,33.490538477897644
2025-02-25 13:00:00,37.448946833610535
2025-02-25 13:30:00,36.06076419353485
2025-02-25 14:00:00,37.53368425369263
2025-02-25 14:30:00,37.14846682548523
2025-02-25 15:00:00,25.626152873039246
2025-02-25 15:30:00,21.623549580574036
2025-02-25 16:00:00,20.396360278129578
2025-02-25 16:30:00,17.036105632781982
2025-02-25 17:00:00,31.270480155944824
2025-02-25 17:30:00,37.761335492134094
2025-02-25 18:00:00,37.991655349731445
2025-02-25 18:30:00,36.338736176490784
2025-02-25 19:00:00,36.707085728645325
2025-02-25 19:30:00,41.195645570755005
2025-02-25 20:00:00,25.530192732810974
2025-02-25 20:30:00,23.782157063484192
2025-02-25 21:00:00,33.606475710868835
2025-02-25 21:30:00,22.552940011024475
2025-02-25 22:00:00,39.292391896247864
2025-02-25 22:30:00,34.14344644546509
2025-02-25 23:00:00,26.594078063964844
2025-02-25 23:30:00,34.004921078681946
2025-02-26 00:00:00,12.355445891618729
2025-02-26 00:30:00,27.976643085479736
2025-02-26 01:00:00,34.32836472988129
2025-02-26 01:30:00,28.837648272514343
2025-02-26 02:00:00,16.44865894317627
2025-02-26 02:30:00,31.830464601516724
2025-02-26 03:00:00,27.04315960407257
2025-02-26 03:30:00,38.54013168811798
2025-02-26 04:00:00,34.41850697994232
2025-02-26 04:30:00,52.92755126953125
2025-02-26 05:00:00,28.031785368919373
2025-02-26 05:30:00,32.52165949344635
2025-02-26 06:00:00,32.40816307067871
2025-02-26 06:30:00,34.42098534107208
2025-02-26 07:00:00,31.697692036628723
2025-02-26 07:30:00,29.599892020225525
2025-02-26 08:00:00,30.45059072971344
2025-02-26 08:30:00,24.36087942123413
2025-02-26 09:00:00,19.704594612121582
2025-02-26 09:30:00,21.083932757377625
2025-02-26 10:00:00,38.721753001213074
2025-02-26 10:30:00,35.76093506813049
2025-02-26 11:00:00,44.152087569236755
2025-02-26 11:30:00,33.66599893569946
2025-02-26 12:00:00,30.455289602279663
2025-02-26 12:30:00,28.020978212356567
2025-02-26 13:00:00,34.13046383857727
2025-02-26 13:30:00,40.92076277732849
2025-02-26 14:00:00,40.343332171440125
2025-02-26 14:30:00,43.38943326473236
2025-02-26 15:00:00,31.157038807868958
2025-02-26 15:30:00,29.810482621192932
2025-02-26 16:00:00,31.780979990959167
2025-02-26 16:30:00,22.534585118293762
2025-02-26 17:00:00,34.11141049861908
2025-02-26 17:30:00,29.545568346977234
2025-02-26 18:00:00,37.51350939273834
2025-02-26 18:30:00,31.45313036441803
2025-02-26 19:00:00,22.53938913345337
2025-02-26 19:30:00,23.31382942199707
2025-02-26 20:00:00,27.430479884147644
2025-02-26 20:30:00,28.305786967277527
2025-02-26 21:00:00,35.23172736167908
2025-02-26 21:30:00,45.55180835723877
2025-02-26 22:00:00,39.1356543302536
2025-02-26 22:30:00,30.263204097747803
2025-02-26 23:00:00,42.44873249530792
2025-02-26 23:30:00,26.347190737724304
2025-02-27 00:00:00,34.97845637798309
2025-02-27 00:30:00,28.602131366729736
2025-02-27 01:00:00,30.3525527715683
2025-02-27 01:30:00,29.470040917396545
2025-02-27 02:00:00,28.168638467788696
2025-02-27 02:30:00,41.84654080867767
2025-02-27 03:00:00,63.523040771484375
2025-02-27 03:30:00,36.46575844287872
2025-02-27 04:00:00,30.792474389076233
2025-02-27 04:30:00,26.441999316215515
2025-02-27 05:00:00,31.684837102890015
2025-02-27 05:30:00,27.24041712284088
2025-02-27 06:00:00,28.347859025001526
2025-02-27 06:30:00,36.553980588912964
2025-02-27 07:00:00,41.02976059913635
2025-02-27 07:30:00,28.2832989692688
2025-02-27 08:00:00,30.007985472679138
2025-02-27 08:30:00,40.251452565193176
2025-02-27 09:00:00,34.867711186409
2025-02-27 09:30:00,40.67642641067505
2025-02-27 10:00:00,38.44164311885834
2025-02-27 10:30:00,44.1651828289032
2025-02-27 11:00:00,48.22506880760193
2025-02-27 11:30:00,42.83258306980133
2025-02-27 12:00:00,28.534682393074036
2025-02-27 12:30:00,37.017536759376526
2025-02-27 13:00:00,30.296812176704407
2025-02-27 13:30:00,47.104163646698
2025-02-27 14:00:00,39.19491469860077
2025-02-27 14:30:00,31.848005890846252
2025-02-27 15:00:00,45.329381704330444
2025-02-27 15:30:00,42.24929702281952
2025-02-27 16:00:00,32.61301839351654
2025-02-27 16:30:00,31.62735164165497
2025-02-27 17:00:00,39.72077536582947
2025-02-27 17:30:00,33.50515580177307
2025-02-27 18:00:00,31.54046130180359
2025-02-27 18:30:00,32.29774081707001
2025-02-27 19:00:00,56.07582092285156
2025-02-27 19:30:00,32.52643346786499
2025-02-27 20:00:00,32.93396866321564
2025-02-27 20:30:00,34.98844492435455
2025-02-27 21:00:00,39.51588249206543
2025-02-27 21:30:00,31.405901312828064
2025-02-27 22:00:00,48.516714334487915
2025-02-27 22:30:00,23.240925550460815
2025-02-27 23:00:00,32.5366348028183
2025-02-27 23:30:00,22.763145089149475
2025-02-28 00:00:00,17.38866376876831
2025-02-28 00:30:00,12.357163846492767
2025-02-28 01:00:00,13.971937537193298
2025-02-28 01:30:00,31.736209273338318
2025-02-28 02:00:00,38.93946826457977
2025-02-28 02:30:00,38.21077501773834
2025-02-28 03:00:00,41.745508790016174
2025-02-28 03:30:00,17.6483234167099
2025-02-28 04:00:00,36.645822644233704
2025-02-28 04:30:00,35.09909749031067
2025-02-28 05:00:00,44.696961522102356
2025-02-28 05:30:00,27.91783583164215
2025-02-28 06:00:00,46.1274790763855
2025-02-28 06:30:00,26.137619018554688
2025-02-28 07:00:00,36.54942190647125
2025-02-28 07:30:00,45.34815716743469
2025-02-28 08:00:00,32.68527138233185
2025-02-28 08:30:00,40.292633414268494
2025-02-28 09:00:00,36.072918176651
2025-02-28 09:30:00,27.373868107795715
2025-02-28 10:00:00,19.3834490776062
2025-02-28 10:30:00,27.526029467582703
2025-02-28 11:00:00,23.56681501865387
2025-02-28 11:30:00,26.973169684410095
2025-02-28 12:00:00,35.38970160484314
2025-02-28 12:30:00,40.663856863975525
2025-02-28 13:00:00,39.17901813983917
2025-02-28 13:30:00,28.02965497970581
2025-02-28 14:00:00,34.972140312194824
2025-02-28 14:30:00,37.60758697986603
2025-02-28 15:00:00,25.46245837211609
2025-02-28 15:30:00,26.81130015850067
2025-02-28 16:00:00,56.85536313056946
2025-02-28 16:30:00,44.95450580120087
2025-02-28 17:00:00,44.90696883201599
2025-02-28 17:30:00,46.39691948890686
2025-02-28 18:00:00,34.41324484348297
2025-02-28 18:30:00,41.97033369541168
2025-02-28 19:00:00,32.18576645851135
2025-02-28 19:30:00,34.03606581687927
2025-02-28 20:00:00,18.860957980155945
2025-02-28 20:30:00,37.83997964859009
2025-02-28 21:00:00,32.00215744972229
2025-02-28 21:30:00,18.452401399612427
2025-02-28 22:00:00,31.408645033836365
2025-02-28 22:30:00,28.800963521003723
2025-02-28 23:00:00,39.98288834095001
2025-02-28 23:30:00,32.16600966453552
2025-03-01 00:00:00,19.958536505699158
2025-03-01 00:30:00,22.568418502807617
2025-03-01 01:00:00,21.05558931827545
2025-03-01 01:30:00,25.834445357322693
2025-03-01 02:00:00,26.797759294509888
2025-03-01 02:30:00,30.826435446739197
2025-03-01 03:00:00,48.561665296554565
2025-03-01 03:30:00,35.809335708618164
2025-03-01 04:00:00,53.82312083244324
2025-03-01 04:30:00,30.716786742210388
2025-03-01 05:00:00,45.37909412384033
2025-03-01 05:30:00,35.54965102672577
2025-03-01 06:00:00,38.37672007083893
2025-03-01 06:30:00,30.20869767665863
2025-03-01 07:00:00,32.92358958721161
2025-03-01 07:30:00,40.6703907251358
2025-03-01 08:00:00,41.3679918050766
2025-03-01 08:30:00,40.60283410549164
2025-03-01 09:00:00,16.112695813179016
2025-03-01 09:30:00,20.508074283599854
2025-03-01 10:00:00,40.76412785053253
2025-03-01 10:30:00,26.4583740234375
2025-03-01 11:00:00,31.16567051410675
2025-03-01 11:30:00,36.850860714912415
2025-03-01 12:00:00,23.18264901638031
2025-03-01 12:30:00,31.30144214630127
2025-03-01 13:00:00,13.113592833280563
2025-03-01 13:30:00,31.56128704547882
2025-03-01 14:00:00,20.294644832611084
2025-03-01 14:30:00,40.841660499572754
2025-03-01 15:00:00,27.83221971988678
2025-03-01 15:30:00,27.25154221057892
2025-03-01 16:00:00,20.629902005195618
2025-03-01 16:30:00,24.514808177947998
2025-03-01 17:00:00,34.90246331691742
2025-03-01 17:30:00,37.48933160305023
2025-03-01 18:00:00,40.52253019809723
2025-03-01 18:30:00,44.787654519081116
2025-03-01 19:00:00,40.87066733837128
2025-03-01 19:30:00,49.09449291229248
2025-03-01 20:00:00,31.049089908599854
2025-03-01 20:30:00,23.27966809272766
2025-03-01 21:00:00,12.919161647558212
2025-03-01 21:30:00,24.718844890594482
2025-03-01 22:00:00,30.13373851776123
2025-03-01 22:30:00,34.04843008518219
2025-03-01 23:00:00,22.298499941825867
2025-03-01 23:30:00,21.91585099697113
2025-03-02 00:00:00,4.795403189957142
2025-03-02 00:30:00,17.574846267700195
2025-03-02 01:00:00,27.986989617347717
2025-03-02 01:30:00,34.57563257217407
2025-03-02 02:00:00,39.9623304605484
2025-03-02 02:30:00,25.60142433643341
2025-03-02 03:00:00,30.74516522884369
2025-03-02 03:30:00,32.75793492794037
2025-03-02 04:00:00,23.646831035614014
2025-03-02 04:30:00,13.508714318275452
2025-03-02 05:00:00,38.96676027774811
2025-03-02 05:30:00,32.6928516626358
2025-03-02 06:00:00,46.57645297050476
2025-03-02 06:30:00,31.614203810691833
2025-03-02 07:00:00,40.891560673713684
2025-03-02 07:30:00,32.464804887771606
2025-03-02 08:00:00,18.5728497505188
2025-03-02 08:30:00,34.09646773338318
2025-03-02 09:00:00,44.87510311603546
2025-03-02 09:30:00,30.71145451068878
2025-03-02 10:00:00,38.31007719039917
2025-03-02 10:30:00,41.54806351661682
2025-03-02 11:00:00,30.78676164150238
2025-03-02 11:30:00,28.66380751132965
2025-03-02 12:00:00,19.683936595916748
2025-03-02 12:30:00,16.307387351989746
2025-03-02 13:00:00,24.535996913909912
2025-03-02 13:30:00,18.484046816825867
2025-03-02 14:00:00,41.22598421573639
2025-03-02 14:30:00,34.35727393627167
2025-03-02 15:00:00,32.83043324947357
2025-03-02 15:30:00,42.37531793117523
2025-03-02 16:00:00,27.290560126304626
2025-03-02 16:30:00,25.805333375930786
2025-03-02 17:00:00,30.90923273563385
2025-03-02 17:30:00,30.686350464820862
2025-03-02 18:00:00,45.94845128059387
2025-03-02 18:30:00,50.45114278793335
2025-03-02 19:00:00,43.28154194355011
2025-03-02 19:30:00,30.0673109292984
2025-03-02 20:00:00,48.15483355522156
2025-03-02 20:30:00,63.03068804740906
2025-03-02 21:00:00,46.22915697097778
2025-03-02 21:30:00,39.92325747013092
2025-03-02 22:00:00,43.928228974342346
2025-03-02 22:30:00,34.95842921733856
2025-03-02 23:00:00,37.85719549655914
2025-03-02 23:30:00,36.337639689445496
2025-03-03 00:00:00,12.001081556081772
2025-03-03 00:30:00,14.828141212463379
2025-03-03 01:00:00,14.686684370040894
2025-03-03 01:30:00,28.07036018371582
2025-03-03 02:00:00,25.04983377456665
2025-03-03 02:30:00,26.530559420585632
2025-03-03 03:00:00,38.90499651432037
2025-03-03 03:30:00,32.20303237438202
2025-03-03 04:00:00,27.787233710289
2025-03-03 04:30:00,17.006825923919678
2025-03-03 05:00:00,21.74865424633026
2025-03-03 05:30:00,19.939380526542664
2025-03-03 06:00:00,25.743139028549194
2025-03-03 06:30:00,22.481435537338257
2025-03-03 07:00:00,43.824798703193665
2025-03-03 07:30:00,24.689998269081116
2025-03-03 08:00:00,39.871747612953186
2025-03-03 08:30:00,29.435433983802795
2025-03-03 09:00:00,33.89546012878418
2025-03-03 09:30:00,47.987446546554565
2025-03-03 10:00:00,60.33216333389282
2025-03-03 10:30:00,34.80368936061859
2025-03-03 11:00:00,37.92935836315155
2025-03-03 11:30:00,52.242907762527466
2025-03-03 12:00:00,19.801896572113037
2025-03-03 12:30:00,43.93088757991791
2025-03-03 13:00:00,27.288424730300903
2025-03-03 13:30:00,31.494291186332703
2025-03-03 14:00:00,19.928741097450256
2025-03-03 14:30:00,33.64856779575348
2025-03-03 15:00:00,28.05121672153473
2025-03-03 15:30:00,23.46962821483612
2025-03-03 16:00:00,23.73066222667694
2025-03-03 16:30:00,23.49958634376526
2025-03-03 17:00:00,34.44824731349945
2025-03-03 17:30:00,41.04155659675598
2025-03-03 18:00:00,38.631908655166626
2025-03-03 18:30:00,33.5408992767334
2025-03-03 19:00:00,23.41415297985077
2025-03-03 19:30:00,19.629502773284912
2025-03-03 20:00:00,35.098111152648926
2025-03-03 20:30:00,19.829428911209106
2025-03-03 21:00:00,44.95316398143768
2025-03-03 21:30:00,34.697500348091125
2025-03-03 22:00:00,43.121474862098694
2025-03-03 22:30:00,35.32799291610718
2025-03-03 23:00:00,31.713213086128235
2025-03-03 23:30:00,35.57745373249054
2025-03-04 00:00:00,27.572084426879883
2025-03-04 00:30:00,27.99169099330902
2025-03-04 01:00:00,26.995167016983032
2025-03-04 01:30:00,21.60500693321228
2025-03-04 02:00:00,17.37950885295868
2025-03-04 02:30:00,0.6294144093990325
2025-03-04 03:00:00,11.088185369968414
2025-03-04 03:30:00,18.141327023506165
2025-03-04 04:00:00,11.245665192604065
2025-03-04 04:30:00,22.15319287776947
2025-03-04 05:00:00,23.577389359474182
2025-03-04 05:30:00,44.37455677986145
2025-03-04 06:00:00,37.786354422569275
2025-03-04 06:30:00,35.420265555381775
2025-03-04 07:00:00,36.31687653064728
2025-03-04 07:30:00,27.312820315361023
2025-03-04 08:00:00,38.89206898212433
2025-03-04 08:30:00,38.055747270584106
2025-03-04 09:00:00,26.858303904533386
2025-03-04 09:30:00,48.063114166259766
2025-03-04 10:00:00,30.40661108493805
2025-03-04 10:30:00,35.58725452423096
2025-03-04 11:00:00,51.03209066390991
2025-03-04 11:30:00,42.219932198524475
2025-03-04 12:00:00,30.318869590759277
2025-03-04 12:30:00,33.618587136268616
2025-03-04 13:00:00,37.389283418655396
2025-03-04 13:30:00,39.56827354431152
2025-03-04 14:00:00,23.65455150604248
2025-03-04 14:30:00,32.321733355522156
2025-03-04 15:00:00,30.817666053771973
2025-03-04 15:30:00,31.112157940864563
2025-03-04 16:00:00,34.27948343753815
2025-03-04 16:30:00,43.96160423755646
2025-03-04 17:00:00,33.97449231147766
2025-03-04 17:30:00,26.42620289325714
2025-03-04 18:00:00,27.652889013290405
2025-03-04 18:30:00,26.632410049438477
2025-03-04 19:00:00,37.15069234371185
2025-03-04 19:30:00,24.859620809555054
2025-03-04 20:00:00,24.26567780971527
2025-03-04 20:30:00,29.862923741340637
2025-03-04 21:00:00,29.244860529899597
2025-03-04 21:30:00,40.84863746166229
2025-03-04 22:00:00,43.183318734169006
2025-03-04 22:30:00,24.715758204460144
2025-03-04 23:00:00,39.41895353794098
2025-03-04 23:30:00,37.27616250514984
2025-03-05 00:00:00,38.287068486213684
2025-03-05 00:30:00,30.73788034915924
2025-03-05 01:00:00,36.13226616382599
2025-03-05 01:30:00,31.585121870040894
2025-03-05 02:00:00,35.94289934635162
2025-03-05 02:30:00,36.794862270355225
2025-03-05 03:00:00,34.379403948783875
2025-03-05 03:30:00,37.766327261924744
2025-03-05 04:00:00,38.19427013397217
2025-03-05 04:30:00,31.909509301185608
2025-03-05 05:00:00,22.926146149635315
2025-03-05 05:30:00,30.909660816192627
2025-03-05 06:00:00,36.931605219841
2025-03-05 06:30:00,24.39552891254425
2025-03-05 07:00:00,24.892169952392578
2025-03-05 07:30:00,26.522531032562256
2025-03-05 08:00:00,30.600173592567444
2025-03-05 08:30:00,30.939223408699036
2025-03-05 09:00:00,25.925856828689575
2025-03-05 09:30:00,40.8508905172348
2025-03-05 10:00:00,38.37040150165558
2025-03-05 10:30:00,31.012763142585754
2025-03-05 11:00:00,18.39310097694397
2025-03-05 11:30:00,12.994966328144073
2025-03-05 12:00:00,21.991949200630188
2025-03-05 12:30:00,26.78096652030945
2025-03-05 13:00:00,37.85851228237152
2025-03-05 13:30:00,31.716627717018127
2025-03-05 14:00:00,36.09107029438019
2025-03-05 14:30:00,31.955812096595764
2025-03-05 15:00:00,23.33672297000885
2025-03-05 15:30:00,23.58771586418152
2025-03-05 16:00:00,29.799753069877625
2025-03-05 16:30:00,37.81241476535797
2025-03-05 17:00:00,31.28442907333374
2025-03-05 17:30:00,34.295735478401184
2025-03-05 18:00:00,28.40533447265625
2025-03-05 18:30:00,16.82809853553772
2025-03-05 19:00:00,26.099815249443054
2025-03-05 19:30:00,29.486538290977478
2025-03-05 20:00:00,27.245206117630005
2025-03-05 20:30:00,24.144848942756653
2025-03-05 21:00:00,30.487257957458496
2025-03-05 21:30:00,24.307955145835876
2025-03-05 22:00:00,24.95375096797943
2025-03-05 22:30:00,12.77440533041954
2025-03-05 23:00:00,25.010340213775635
2025-03-05 23:30:00,30.479865431785583
2025-03-06 00:00:00,8.690812826156616
2025-03-06 00:30:00,25.32015287876129
2025-03-06 01:00:00,46.1885769367218
2025-03-06 01:30:00,41.608365297317505
2025-03-06 02:00:00,52.51637363433838
2025-03-06 02:30:00,38.0681916475296
2025-03-06 03:00:00,28.351964592933655
2025-03-06 03:30:00,37.40813148021698
2025-03-06 04:00:00,44.54925620555878
2025-03-06 04:30:00,31.22528886795044
2025-03-06 05:00:00,49.75994038581848
2025-03-06 05:30:00,43.58036720752716
2025-03-06 06:00:00,33.882662773132324
2025-03-06 06:30:00,26.680652976036072
2025-03-06 07:00:00,25.2754647731781
2025-03-06 07:30:00,22.652790427207947
2025-03-06 08:00:00,19.344218373298645
2025-03-06 08:30:00,14.494571328163147
2025-03-06 09:00:00,29.78028666973114
2025-03-06 09:30:00,19.10601282119751
2025-03-06 10:00:00,28.198150992393494
2025-03-06 10:30:00,42.49405646324158
2025-03-06 11:00:00,21.594242334365845
2025-03-06 11:30:00,27.29252028465271
2025-03-06 12:00:00,27.09403109550476
2025-03-06 12:30:00,30.37381660938263
2025-03-06 13:00:00,18.224727630615234
2025-03-06 13:30:00,24.4646075963974
2025-03-06 14:00:00,14.239027261734009
2025-03-06 14:30:00,36.28315079212189
2025-03-06 15:00:00,24.309004068374634
2025-03-06 15:30:00,39.39486837387085
2025-03-06 16:00:00,30.62619388103485
2025-03-06 16:30:00,41.41709089279175
2025-03-06 17:00:00,43.69151544570923
2025-03-06 17:30:00,43.964337944984436
2025-03-06 18:00:00,27.28421652317047
2025-03-06 18:30:00,40.521361112594604
2025-03-06 19:00:00,25.371885538101196
2025-03-06 19:30:00,30.82636535167694
2025-03-06 20:00:00,34.85084331035614
2025-03-06 20:30:00,25.787198781967163
2025-03-06 21:00:00,25.183422446250916
2025-03-06 21:30:00,19.08055830001831
2025-03-06 22:00:00,31.15948462486267
2025-03-06 22:30:00,27.35125744342804
2025-03-06 23:00:00,20.400197982788086
2025-03-06 23:30:00,24.41383123397827
2025-03-07 00:00:00,25.009997248649597
2025-03-07 00:30:00,28.06590163707733
2025-03-07 01:00:00,38.60495960712433
2025-03-07 01:30:00,27.582556128501892
2025-03-07 02:00:00,25.43290078639984
2025-03-07 02:30:00,39.58123862743378
2025-03-07 03:00:00,41.6266325712204
2025-03-07 03:30:00,23.863284587860107
2025-03-07 04:00:00,23.80163848400116
2025-03-07 04:30:00,7.815407797694206
2025-03-07 05:00:00,16.452227532863617
2025-03-07 05:30:00,29.11944544315338
2025-03-07 06:00:00,22.460752487182617
2025-03-07 06:30:00,40.87047207355499
2025-03-07 07:00:00,35.494423627853394
2025-03-07 07:30:00,34.99978280067444
2025-03-07 08:00:00,35.91534197330475
2025-03-07 08:30:00,32.74348032474518
2025-03-07 09:00:00,30.68045747280121
2025-03-07 09:30:00,43.35606300830841
2025-03-07 10:00:00,32.301966547966
2025-03-07 10:30:00,47.38899493217468
2025-03-07 11:00:00,29.010062098503113
2025-03-07 11:30:00,32.36074876785278
2025-03-07 12:00:00,41.9329354763031
2025-03-07 12:30:00,28.311039090156555
2025-03-07 13:00:00,30.773338437080383
2025-03-07 13:30:00,24.134950518608093
2025-03-07 14:00:00,24.11663067340851
2025-03-07 14:30:00,13.263484239578247
2025-03-07 15:00:00,16.70129907131195
2025-03-07 15:30:00,29.132463097572327
2025-03-07 16:00:00,39.61907744407654
2025-03-07 16:30:00,30.77266252040863
2025-03-07 17:00:00,35.50898087024689
2025-03-07 17:30:00,30.238145112991333
2025-03-07 18:00:00,28.42539417743683
2025-03-07 18:30:00,28.89004933834076
2025-03-07 19:00:00,27.485599637031555
2025-03-07 19:30:00,42.92971479892731
2025-03-07 20:00:00,21.58967113494873
2025-03-07 20:30:00,38.265674471855164
2025-03-07 21:00:00,35.92255675792694
2025-03-07 21:30:00,33.12318027019501
2025-03-07 22:00:00,15.317247033119202
2025-03-07 22:30:00,22.889824390411377
2025-03-07 23:00:00,29.076955318450928
2025-03-07 23:30:00,38.37558603286743
2025-03-08 00:00:00,13.771414339542389
2025-03-08 00:30:00,10.680093169212341
2025-03-08 01:00:00,36.899126172065735
2025-03-08 01:30:00,29.51098144054413
2025-03-08 02:00:00,41.113078594207764
2025-03-08 02:30:00,37.79400980472565
2025-03-08 03:00:00,12.214470952749252
2025-03-08 03:30:00,24.83316743373871
2025-03-08 04:00:00,23.03378713130951
2025-03-08 04:30:00,28.164818286895752
2025-03-08 05:00:00,22.25803256034851
2025-03-08 05:30:00,40.170387625694275
2025-03-08 06:00:00,45.55817198753357
2025-03-08 06:30:00,30.225517988204956
2025-03-08 07:00:00,29.401320219039917
2025-03-08 07:30:00,42.3270800113678
2025-03-08 08:00:00,36.628504157066345
2025-03-08 08:30:00,34.259105801582336
2025-03-08 09:00:00,45.88566613197327
2025-03-08 09:30:00,34.71643602848053
2025-03-08 10:00:00,21.285558700561523
2025-03-08 10:30:00,25.924349784851074
2025-03-08 11:00:00,15.489424288272858
2025-03-08 11:30:00,32.18128037452698
2025-03-08 12:00:00,24.456774473190308
2025-03-08 12:30:00,30.34584867954254
2025-03-08 13:00:00,50.03581953048706
2025-03-08 13:30:00,37.10565626621246
2025-03-08 14:00:00,38.13632905483246
2025-03-08 14:30:00,23.578408241271973
2025-03-08 15:00:00,30.58547866344452
2025-03-08 15:30:00,35.45149290561676
2025-03-08 16:00:00,42.11729300022125
2025-03-08 16:30:00,42.498825430870056
2025-03-08 17:00:00,34.37690556049347
2025-03-08 17:30:00,44.37222611904144
2025-03-08 18:00:00,30.994323134422302
2025-03-08 18:30:00,46.28597402572632
2025-03-08 19:00:00,53.176278591156006
2025-03-08 19:30:00,42.82112753391266
2025-03-08 20:00:00,38.643091320991516
2025-03-08 20:30:00,52.387123346328735
2025-03-08 21:00:00,46.70494222640991
2025-03-08 21:30:00,52.89054608345032
2025-03-08 22:00:00,34.03805601596832
2025-03-08 22:30:00,40.82998216152191
2025-03-08 23:00:00,27.033015847206116
2025-03-08 23:30:00,40.182238698005676
2025-03-09 00:00:00,17.752609848976135
2025-03-09 00:30:00,23.404927968978882
2025-03-09 01:00:00,37.42202532291412
2025-03-09 01:30:00,28.17351758480072
2025-03-09 02:00:00,28.404423236846924
2025-03-09 02:30:00,35.12410891056061
2025-03-09 03:00:00,26.265692710876465
2025-03-09 03:30:00,24.04079031944275
2025-03-09 04:00:00,29.54219377040863
2025-03-09 04:30:00,28.12998104095459
2025-03-09 05:00:00,32.745635747909546
2025-03-09 05:30:00,23.7453396320343
2025-03-09 06:00:00,33.19990682601929
2025-03-09 06:30:00,29.667028069496155
2025-03-09 07:00:00,32.55373799800873
2025-03-09 07:30:00,29.014347910881042
2025-03-09 08:00:00,44.46497440338135
2025-03-09 08:30:00,30.903735280036926
2025-03-09 09:00:00,25.21128523349762
2025-03-09 09:30:00,19.05646812915802
2025-03-09 10:00:00,8.442462265491486
2025-03-09 10:30:00,14.439303874969482
2025-03-09 11:00:00,9.433541357517242
2025-03-09 11:30:00,15.835964262485504
2025-03-09 12:00:00,22.998499274253845
2025-03-09 12:30:00,31.61238384246826
2025-03-09 13:00:00,45.464234590530396
2025-03-09 13:30:00,31.4794260263443
2025-03-09 14:00:00,25.725898146629333
2025-03-09 14:30:00,18.651531457901
2025-03-09 15:00:00,21.321795344352722
2025-03-09 15:30:00,36.28520858287811
2025-03-09 16:00:00,60.15411186218262
2025-03-09 16:30:00,47.961281061172485
2025-03-09 17:00:00,51.988763093948364
2025-03-09 17:30:00,58.87465167045593
2025-03-09 18:00:00,45.75184965133667
2025-03-09 18:30:00,46.32270383834839
2025-03-09 19:00:00,29.699214220046997
2025-03-09 19:30:00,45.18563175201416
2025-03-09 20:00:00,49.53679275512695
2025-03-09 20:30:00,46.29981780052185
2025-03-09 21:00:00,56.20863103866577
2025-03-09 21:30:00,45.407167196273804
2025-03-09 22:00:00,46.78213691711426
2025-03-09 22:30:00,48.88181447982788
2025-03-09 23:00:00,22.336498975753784
2025-03-09 23:30:00,29.85422194004059
2025-03-10 00:00:00,26.496240377426147
2025-03-10 00:30:00,25.66697323322296
2025-03-10 01:00:00,30.535906434059143
2025-03-10 01:30:00,38.68845534324646
2025-03-10 02:00:00,31.65768027305603
2025-03-10 02:30:00,36.80331873893738
2025-03-10 03:00:00,29.361493706703186
2025-03-10 03:30:00,22.192145705223083
2025-03-10 04:00:00,40.010650992393494
2025-03-10 04:30:00,30.92744743824005
2025-03-10 05:00:00,30.024002194404602
2025-03-10 05:30:00,27.0504469871521
2025-03-10 06:00:00,42.43535935878754
2025-03-10 06:30:00,36.43561005592346
2025-03-10 07:00:00,44.019222378730774
2025-03-10 07:30:00,32.80532920360565
2025-03-10 08:00:00,38.14773952960968
2025-03-10 08:30:00,43.009878516197205
2025-03-10 09:00:00,37.37419545650482
2025-03-10 09:30:00,30.99445331096649
2025-03-10 10:00:00,31.403197646141052
2025-03-10 10:30:00,33.58648109436035
2025-03-10 11:00:00,36.165751576423645
2025-03-10 11:30:00,32.28280806541443
2025-03-10 12:00:00,32.6572083234787
2025-03-10 12:30:00,26.88873016834259
2025-03-10 13:00:00,22.601077795028687
2025-03-10 13:30:00,21.93388295173645
2025-03-10 14:00:00,15.774238049983978
2025-03-10 14:30:00,26.19154715538025
2025-03-10 15:00:00,33.58749997615814
2025-03-10 15:30:00,40.01050078868866
2025-03-10 16:00:00,45.98418474197388
2025-03-10 16:30:00,26.22403371334076
2025-03-10 17:00:00,25.157429695129395
2025-03-10 17:30:00,31.296017289161682
2025-03-10 18:00:00,38.3062219619751
2025-03-10 18:30:00,42.214191913604736
2025-03-10 19:00:00,26.669300079345703
2025-03-10 19:30:00,21.01244080066681
2025-03-10 20:00:00,14.563101768493652
2025-03-10 20:30:00,12.013024628162384
2025-03-10 21:00:00,22.40967571735382
2025-03-10 21:30:00,28.65059459209442
2025-03-10 22:00:00,35.87317478656769
2025-03-10 22:30:00,29.688502192497253
2025-03-10 23:00:00,24.644944667816162
2025-03-10 23:30:00,18.434306859970093
2025-03-11 00:00:00,16.98956000804901
2025-03-11 00:30:00,24.436925053596497
2025-03-11 01:00:00,27.664702534675598
2025-03-11 01:30:00,31.22047483921051
2025-03-11 02:00:00,32.394607186317444
2025-03-11 02:30:00,23.514509081840515
2025-03-11 03:00:00,28.0100759267807
2025-03-11 03:30:00,31.000423908233643
2025-03-11 04:00:00,24.312854290008545
2025-03-11 04:30:00,48.19147324562073
2025-03-11 05:00:00,30.479655146598816
2025-03-11 05:30:00,30.879036784172058
2025-03-11 06:00:00,30.57407820224762
2025-03-11 06:30:00,25.923063039779663
2025-03-11 07:00:00,40.77188837528229
2025-03-11 07:30:00,39.295398473739624
2025-03-11 08:00:00,36.779433846473694
2025-03-11 08:30:00,22.076231002807617
2025-03-11 09:00:00,36.36880946159363
2025-03-11 09:30:00,20.92259395122528
2025-03-11 10:00:00,38.28068482875824
2025-03-11 10:30:00,29.46033775806427
2025-03-11 11:00:00,40.15869176387787
2025-03-11 11:30:00,37.544503927230835
2025-03-11 12:00:00,21.631149888038635
2025-03-11 12:30:00,36.50290381908417
2025-03-11 13:00:00,46.201454401016235
2025-03-11 13:30:00,45.37267541885376
2025-03-11 14:00:00,34.2569078207016
2025-03-11 14:30:00,32.77956926822662
2025-03-11 15:00:00,47.4322235584259
2025-03-11 15:30:00,34.16573417186737
2025-03-11 16:00:00,39.64251923561096
2025-03-11 16:30:00,44.40938901901245
2025-03-11 17:00:00,39.42111897468567
2025-03-11 17:30:00,55.2839469909668
2025-03-11 18:00:00,35.698275089263916
2025-03-11 18:30:00,59.13041353225708
2025-03-11 19:00:00,40.294533491134644
2025-03-11 19:30:00,27.11470663547516
2025-03-11 20:00:00,24.647705912590027
2025-03-11 20:30:00,32.623552680015564
2025-03-11 21:00:00,32.34450423717499
2025-03-11 21:30:00,45.73115658760071
2025-03-11 22:00:00,42.08466875553131
2025-03-11 22:30:00,30.791470527648926
2025-03-11 23:00:00,32.684950947761536
2025-03-11 23:30:00,26.798555374145508
2025-03-12 00:00:00,26.821749329566956
2025-03-12 00:30:00,23.16744089126587
2025-03-12 01:00:00,13.54464054107666
2025-03-12 01:30:00,37.873910665512085
2025-03-12 02:00:00,21.836535930633545
2025-03-12 02:30:00,17.302409291267395
2025-03-12 03:00:00,32.875929951667786
2025-03-12 03:30:00,22.476038217544556
2025-03-12 04:00:00,21.69900691509247
2025-03-12 04:30:00,47.84456777572632
2025-03-12 05:00:00,28.41612410545349
2025-03-12 05:30:00,24.06245720386505
2025-03-12 06:00:00,16.66434895992279
2025-03-12 06:30:00,23.739832162857056
2025-03-12 07:00:00,42.50286090373993
2025-03-12 07:30:00,61.269124031066895
2025-03-12 08:00:00,44.82620930671692
2025-03-12 08:30:00,39.610493302345276
2025-03-12 09:00:00,24.95317769050598
2025-03-12 09:30:00,33.418458223342896
2025-03-12 10:00:00,33.438172459602356
2025-03-12 10:30:00,19.466524243354797
2025-03-12 11:00:00,40.77825450897217
2025-03-12 11:30:00,32.673720717430115
2025-03-12 12:00:00,40.943546175956726
2025-03-12 12:30:00,45.45447134971619
2025-03-12 13:00:00,43.09620559215546
2025-03-12 13:30:00,41.33936047554016
2025-03-12 14:00:00,47.87961030006409
2025-03-12 14:30:00,41.8813955783844
2025-03-12 15:00:00,41.46832036972046
2025-03-12 15:30:00,43.56485617160797
2025-03-12 16:00:00,26.62610399723053
2025-03-12 16:30:00,28.45223307609558
2025-03-12 17:00:00,17.04016613960266
2025-03-12 17:30:00,19.360848426818848
2025-03-12 18:00:00,28.04219949245453
2025-03-12 18:30:00,26.48776638507843
2025-03-12 19:00:00,13.464531898498535
2025-03-12 19:30:00,24.563328981399536
2025-03-12 20:00:00,15.981986045837402
2025-03-12 20:30:00,21.579362154006958
2025-03-12 21:00:00,8.386955112218857
2025-03-12 21:30:00,11.118685483932495
2025-03-12 22:00:00,30.51445233821869
2025-03-12 22:30:00,47.43140244483948
2025-03-12 23:00:00,38.71276080608368
2025-03-12 23:30:00,25.23395597934723
2025-03-13 00:00:00,9.038851082324982
2025-03-13 00:30:00,11.505107671022415
2025-03-13 01:00:00,25.03873372077942
2025-03-13 01:30:00,28.040099143981934
2025-03-13 02:00:00,38.72660958766937
2025-03-13 02:30:00,40.95987331867218
2025-03-13 03:00:00,44.9281200170517
2025-03-13 03:30:00,33.56380534172058
2025-03-13 04:00:00,19.281628489494324
2025-03-13 04:30:00,19.751861214637756
2025-03-13 05:00:00,41.122323632240295
2025-03-13 05:30:00,41.042805790901184
2025-03-13 06:00:00,28.71833646297455
2025-03-13 06:30:00,43.66496193408966
2025-03-13 07:00:00,35.84515929222107
2025-03-13 07:30:00,37.169788241386414
2025-03-13 08:00:00,50.06429314613342
2025-03-13 08:30:00,36.43397283554077
2025-03-13 09:00:00,34.22578811645508
2025-03-13 09:30:00,46.44093418121338
2025-03-13 10:00:00,47.51807498931885
2025-03-13 10:30:00,30.148531079292297
2025-03-13 11:00:00,13.203229397535324
2025-03-13 11:30:00,25.57972240447998
2025-03-13 12:00:00,24.81810450553894
2025-03-13 12:30:00,33.56612849235535
2025-03-13 13:00:00,39.710776805877686
2025-03-13 13:30:00,30.659804463386536
2025-03-13 14:00:00,38.29061579704285
2025-03-13 14:30:00,42.139355421066284
2025-03-13 15:00:00,34.86644947528839
2025-03-13 15:30:00,35.31062936782837
2025-03-13 16:00:00,28.44144594669342
2025-03-13 16:30:00,23.931064009666443
2025-03-13 17:00:00,26.044407606124878
2025-03-13 17:30:00,23.199108839035034
2025-03-13 18:00:00,29.71151340007782
2025-03-13 18:30:00,24.705556869506836
2025-03-13 19:00:00,33.12337803840637
2025-03-13 19:30:00,31.29968225955963
2025-03-13 20:00:00,40.48922502994537
2025-03-13 20:30:00,31.925305724143982
2025-03-13 21:00:00,31.491392254829407
2025-03-13 21:30:00,37.1235955953598
2025-03-13 22:00:00,37.21668183803558
2025-03-13 22:30:00,43.71830928325653
2025-03-13 23:00:00,28.416391968727112
2025-03-13 23:30:00,33.71950650215149
2025-03-14 00:00:00,21.94011640548706
2025-03-14 00:30:00,24.766819953918457
2025-03-14 01:00:00,31.73201358318329
2025-03-14 01:30:00,43.06291043758392
2025-03-14 02:00:00,40.291314125061035
2025-03-14 02:30:00,31.500086545944214
2025-03-14 03:00:00,19.90108859539032
2025-03-14 03:30:00,26.949622750282288
2025-03-14 04:00:00,15.641484260559082
2025-03-14 04:30:00,29.584233283996582
2025-03-14 05:00:00,22.464134573936462
2025-03-14 05:30:00,36.16629230976105
2025-03-14 06:00:00,56.73108959197998
2025-03-14 06:30:00,32.93912065029144
2025-03-14 07:00:00,25.228761434555054
2025-03-14 07:30:00,27.94223392009735
2025-03-14 08:00:00,29.291263461112976
2025-03-14 08:30:00,21.407494068145752
2025-03-14 09:00:00,41.685009241104126
2025-03-14 09:30:00,47.87565994262695
2025-03-14 10:00:00,29.093592882156372
2025-03-14 10:30:00,51.31215047836304
2025-03-14 11:00:00,35.70382010936737
2025-03-14 11:30:00,27.991928815841675
2025-03-14 12:00:00,27.64039957523346
2025-03-14 12:30:00,19.649577498435974
2025-03-14 13:00:00,32.92530691623688
2025-03-14 13:30:00,24.070745944976807
2025-03-14 14:00:00,37.497873187065125
2025-03-14 14:30:00,32.55908274650574
2025-03-14 15:00:00,38.731083154678345
2025-03-14 15:30:00,33.92737340927124
2025-03-14 16:00:00,26.31247365474701
2025-03-14 16:30:00,32.25542342662811
2025-03-14 17:00:00,44.3887335062027
2025-03-14 17:30:00,36.59939968585968
2025-03-14 18:00:00,54.68208074569702
2025-03-14 18:30:00,48.06635355949402
2025-03-14 19:00:00,45.583130836486816
2025-03-14 19:30:00,43.88246691226959
2025-03-14 20:00:00,22.388522028923035
2025-03-14 20:30:00,30.866780161857605
2025-03-14 21:00:00,28.861315369606018
2025-03-14 21:30:00,26.696787357330322
2025-03-14 22:00:00,30.015610814094543
2025-03-14 22:30:00,26.706560611724854
2025-03-14 23:00:00,22.1320241689682
2025-03-14 23:30:00,29.857957005500793
2025-03-15 00:00:00,21.17557454109192
2025-03-15 00:30:00,27.189863562583923
2025-03-15 01:00:00,39.64957630634308
2025-03-15 01:30:00,27.739373803138733
2025-03-15 02:00:00,29.61971139907837
2025-03-15 02:30:00,43.1720734834671
2025-03-15 03:00:00,32.30571413040161
2025-03-15 03:30:00,34.90289390087128
2025-03-15 04:00:00,42.53548514842987
2025-03-15 04:30:00,30.764463901519775
2025-03-15 05:00:00,36.94206941127777
2025-03-15 05:30:00,31.46063804626465
2025-03-15 06:00:00,33.19785153865814
2025-03-15 06:30:00,24.245670676231384
2025-03-15 07:00:00,30.49722397327423
2025-03-15 07:30:00,30.72970426082611
2025-03-15 08:00:00,35.10794949531555
2025-03-15 08:30:00,24.746139407157898
2025-03-15 09:00:00,26.764241337776184
2025-03-15 09:30:00,38.17765760421753
2025-03-15 10:00:00,40.29243063926697
2025-03-15 10:30:00,48.67403268814087
2025-03-15 11:00:00,31.16580069065094
2025-03-15 11:30:00,35.10978448390961
2025-03-15 12:00:00,40.49171841144562
2025-03-15 12:30:00,43.57637929916382
2025-03-15 13:00:00,35.12733578681946
2025-03-15 13:30:00,33.53066539764404
2025-03-15 14:00:00,21.259177923202515
2025-03-15 14:30:00,21.738077402114868
2025-03-15 15:00:00,32.14883887767792
2025-03-15 15:30:00,49.20333552360535
2025-03-15 16:00:00,33.01480829715729
2025-03-15 16:30:00,41.4781311750412
2025-03-15 17:00:00,34.64500415325165
2025-03-15 17:30:00,46.929121255874634
2025-03-15 18:00:00,47.861255407333374
2025-03-15 18:30:00,19.40501832962036
2025-03-15 19:00:00,35.57693803310394
2025-03-15 19:30:00,14.979559063911438
2025-03-15 20:00:00,42.3610235452652
2025-03-15 20:30:00,35.19334280490875
2025-03-15 21:00:00,43.32309079170227
2025-03-15 21:30:00,43.09608042240143
2025-03-15 22:00:00,44.62458336353302
2025-03-15 22:30:00,32.89997756481171
2025-03-15 23:00:00,35.01507353782654
2025-03-15 23:30:00,17.31873643398285
2025-03-16 00:00:00,9.606712460517883
2025-03-16 00:30:00,33.77006256580353
2025-03-16 01:00:00,45.248461961746216
2025-03-16 01:30:00,35.307915687561035
2025-03-16 02:00:00,49.14372968673706
2025-03-16 02:30:00,42.02252948284149
2025-03-16 03:00:00,32.739449858665466
2025-03-16 03:30:00,26.980825066566467
2025-03-16 04:00:00,27.13070583343506
2025-03-16 04:30:00,18.479493141174316
2025-03-16 05:00:00,40.07340610027313
2025-03-16 05:30:00,28.140179872512817
2025-03-16 06:00:00,40.99087035655975
2025-03-16 06:30:00,23.504866003990173
2025-03-16 07:00:00,29.89366042613983
2025-03-16 07:30:00,29.571203112602234
2025-03-16 08:00:00,15.974433302879333
2025-03-16 08:30:00,39.04271328449249
2025-03-16 09:00:00,34.433905363082886
2025-03-16 09:30:00,40.202831625938416
2025-03-16 10:00:00,31.244359731674194
2025-03-16 10:30:00,24.064146995544434
2025-03-16 11:00:00,35.69728124141693
2025-03-16 11:30:00,31.63775324821472
2025-03-16 12:00:00,25.367689847946167
2025-03-16 12:30:00,27.970049142837524
2025-03-16 13:00:00,38.59421503543854
2025-03-16 13:30:00,33.80899786949158
2025-03-16 14:00:00,23.222705841064453
2025-03-16 14:30:00,33.613059639930725
2025-03-16 15:00:00,24.778095245361328
2025-03-16 15:30:00,32.21828055381775
2025-03-16 16:00:00,32.18841004371643
2025-03-16 16:30:00,27.177051186561584
2025-03-16 17:00:00,29.82413613796234
2025-03-16 17:30:00,28.272218942642212
2025-03-16 18:00:00,32.830981492996216
2025-03-16 18:30:00,37.93449532985687
2025-03-16 19:00:00,26.64418601989746
2025-03-16 19:30:00,31.20562219619751
2025-03-16 20:00:00,39.78793144226074
2025-03-16 20:30:00,34.80429017543793
2025-03-16 21:00:00,18.6197909116745
2025-03-16 21:30:00,24.979573488235474
2025-03-16 22:00:00,26.14425802230835
2025-03-16 22:30:00,41.383307576179504
2025-03-16 23:00:00,53.587446212768555
2025-03-16 23:30:00,21.64694380760193
2025-03-17 00:00:00,45.67033910751343
2025-03-17 00:30:00,33.52418410778046
2025-03-17 01:00:00,28.178456783294678
2025-03-17 01:30:00,30.48541796207428
2025-03-17 02:00:00,33.25314652919769
2025-03-17 02:30:00,26.32953679561615
2025-03-17 03:00:00,24.540044903755188
2025-03-17 03:30:00,28.202281594276428
2025-03-17 04:00:00,46.19936656951904
2025-03-17 04:30:00,30.958990216255188
2025-03-17 05:00:00,17.69464874267578
2025-03-17 05:30:00,21.770769238471985
2025-03-17 06:00:00,37.995232701301575
2025-03-17 06:30:00,19.927464365959167
2025-03-17 07:00:00,38.595887303352356
2025-03-17 07:30:00,50.796576261520386
2025-03-17 08:00:00,49.463963985443115
2025-03-17 08:30:00,33.96502196788788
2025-03-17 09:00:00,22.61696434020996
2025-03-17 09:30:00,9.25337952375412
2025-03-17 10:00:00,18.730538606643677
2025-03-17 10:30:00,26.985363721847534
2025-03-17 11:00:00,34.12578999996185
2025-03-17 11:30:00,26.860376715660095
2025-03-17 12:00:00,41.02719962596893
2025-03-17 12:30:00,31.554360151290894
2025-03-17 13:00:00,22.50633680820465
2025-03-17 13:30:00,28.96673083305359
2025-03-17 14:00:00,30.275718569755554
2025-03-17 14:30:00,29.318262577056885
2025-03-17 15:00:00,27.69705641269684
2025-03-17 15:30:00,31.035346269607544
2025-03-17 16:00:00,39.13458037376404
2025-03-17 16:30:00,35.76030671596527
2025-03-17 17:00:00,23.39365267753601
2025-03-17 17:30:00,40.81454622745514
2025-03-17 18:00:00,32.79670751094818
2025-03-17 18:30:00,39.81837272644043
2025-03-17 19:00:00,29.14869511127472
2025-03-17 19:30:00,20.53944683074951
2025-03-17 20:00:00,34.833146810531616
2025-03-17 20:30:00,25.647529363632202
2025-03-17 21:00:00,31.949230670928955
2025-03-17 21:30:00,32.16260254383087
2025-03-17 22:00:00,35.233259439468384
2025-03-17 22:30:00,37.782023549079895
2025-03-17 23:00:00,31.385268330574036
2025-03-17 23:30:00,32.081863045692444
2025-03-18 00:00:00,23.444551706314087
2025-03-18 00:30:00,19.515475630760193
2025-03-18 01:00:00,7.9470034539699554
2025-03-18 01:30:00,12.65873596072197
2025-03-18 02:00:00,8.895915359258652
2025-03-18 02:30:00,38.31899178028107
2025-03-18 03:00:00,13.290034621953964
2025-03-18 03:30:00,33.452356696128845
2025-03-18 04:00:00,44.66687321662903
2025-03-18 04:30:00,43.77292835712433
2025-03-18 05:00:00,38.609846234321594
2025-03-18 05:30:00,39.12477207183838
2025-03-18 06:00:00,10.228087663650513
2025-03-18 06:30:00,23.461564779281616
2025-03-18 07:00:00,37.06073534488678
2025-03-18 07:30:00,32.8211030960083
2025-03-18 08:00:00,33.47195327281952
2025-03-18 08:30:00,33.94446909427643
2025-03-18 09:00:00,14.729091882705688
2025-03-18 09:30:00,19.93459403514862
2025-03-18 10:00:00,25.136714100837708
2025-03-18 10:30:00,27.24766194820404
2025-03-18 11:00:00,41.877750635147095
2025-03-18 11:30:00,27.088886618614197
2025-03-18 12:00:00,35.53281819820404
2025-03-18 12:30:00,41.65632784366608
2025-03-18 13:00:00,37.248197078704834
2025-03-18 13:30:00,41.838234543800354
2025-03-18 14:00:00,41.266671895980835
2025-03-18 14:30:00,40.81423079967499
2025-03-18 15:00:00,34.73190450668335
2025-03-18 15:30:00,26.367210388183594
2025-03-18 16:00:00,35.531731724739075
2025-03-18 16:30:00,26.89805781841278
2025-03-18 17:00:00,23.18494212627411
2025-03-18 17:30:00,24.70562195777893
2025-03-18 18:00:00,31.70788836479187
2025-03-18 18:30:00,42.144620060920715
2025-03-18 19:00:00,31.043617486953735
2025-03-18 19:30:00,38.85158407688141
2025-03-18 20:00:00,32.32359337806702
2025-03-18 20:30:00,37.85893785953522
2025-03-18 21:00:00,35.872493863105774
2025-03-18 21:30:00,39.41352367401123
2025-03-18 22:00:00,40.71699893474579
2025-03-18 22:30:00,38.31161177158356
2025-03-18 23:00:00,36.324156403541565
2025-03-18 23:30:00,22.271130323410034
2025-03-19 00:00:00,28.860536813735962
2025-03-19 00:30:00,28.533350586891174
2025-03-19 01:00:00,14.939299464225769
2025-03-19 01:30:00,24.257131218910217
2025-03-19 02:00:00,28.740959644317627
2025-03-19 02:30:00,27.191165328025818
2025-03-19 03:00:00,33.44769537448883
2025-03-19 03:30:00,21.596885919570923
2025-03-19 04:00:00,23.308732509613037
2025-03-19 04:30:00,11.734438687562943
2025-03-19 05:00:00,17.02849781513214
2025-03-19 05:30:00,18.836374640464783
2025-03-19 06:00:00,33.80746829509735
2025-03-19 06:30:00,31.74219238758087
2025-03-19 07:00:00,32.49917149543762
2025-03-19 07:30:00,14.231843769550323
2025-03-19 08:00:00,12.36787086725235
2025-03-19 08:30:00,29.377457857131958
2025-03-19 09:00:00,36.47045981884003
2025-03-19 09:30:00,42.914188742637634
2025-03-19 10:00:00,48.45777940750122
2025-03-19 10:30:00,42.90657341480255
2025-03-19 11:00:00,31.104652762413025
2025-03-19 11:30:00,44.762805819511414
2025-03-19 12:00:00,36.13783371448517
2025-03-19 12:30:00,19.19741678237915
2025-03-19 13:00:00,23.933770179748535
2025-03-19 13:30:00,32.6633266210556
2025-03-19 14:00:00,22.65426993370056
2025-03-19 14:30:00,20.74133062362671
2025-03-19 15:00:00,36.04179096221924
2025-03-19 15:30:00,28.021621584892273
2025-03-19 16:00:00,49.82265043258667
2025-03-19 16:30:00,39.07128703594208
2025-03-19 17:00:00,18.384774684906006
2025-03-19 17:30:00,25.50077533721924
2025-03-19 18:00:00,37.52758347988129
2025-03-19 18:30:00,20.856456756591797
2025-03-19 19:00:00,29.00546085834503
2025-03-19 19:30:00,27.28252422809601
2025-03-19 20:00:00,48.20170211791992
2025-03-19 20:30:00,46.811026096343994
2025-03-19 21:00:00,29.394596099853516
2025-03-19 21:30:00,38.111785769462585
2025-03-19 22:00:00,49.3016037940979
2025-03-19 22:30:00,32.83268630504608
2025-03-19 23:00:00,32.28539156913757
2025-03-19 23:30:00,25.313045740127563
2025-03-20 00:00:00,11.142720580101013
2025-03-20 00:30:00,16.96759521961212
2025-03-20 01:00:00,28.306670665740967
2025-03-20 01:30:00,28.88444674015045
2025-03-20 02:00:00,21.216364860534668
2025-03-20 02:30:00,27.096028804779053
2025-03-20 03:00:00,37.477856040000916
2025-03-20 03:30:00,51.94730186462402
2025-03-20 04:00:00,35.86905920505524
2025-03-20 04:30:00,26.827577233314514
2025-03-20 05:00:00,29.05755650997162
2025-03-20 05:30:00,24.073657393455505
2025-03-20 06:00:00,35.47779107093811
2025-03-20 06:30:00,41.98606503009796
2025-03-20 07:00:00,27.037609577178955
2025-03-20 07:30:00,32.520925998687744
2025-03-20 08:00:00,34.57348716259003
2025-03-20 08:30:00,43.93601703643799
2025-03-20 09:00:00,34.69824135303497
2025-03-20 09:30:00,24.968100428581238
2025-03-20 10:00:00,35.07763087749481
2025-03-20 10:30:00,35.02263629436493
2025-03-20 11:00:00,18.539321780204773
2025-03-20 11:30:00,27.680033326148987
2025-03-20 12:00:00,40.36573004722595
2025-03-20 12:30:00,20.9758962392807
2025-03-20 13:00:00,38.1080607175827
2025-03-20 13:30:00,24.50875747203827
2025-03-20 14:00:00,25.47050428390503
2025-03-20 14:30:00,37.041359066963196
2025-03-20 15:00:00,23.640219569206238
2025-03-20 15:30:00,38.9201545715332
2025-03-20 16:00:00,37.521249890327454
2025-03-20 16:30:00,40.301215052604675
2025-03-20 17:00:00,30.546610951423645
2025-03-20 17:30:00,26.372950673103333
2025-03-20 18:00:00,26.8889479637146
2025-03-20 18:30:00,51.604902505874634
2025-03-20 19:00:00,61.33587956428528
2025-03-20 19:30:00,31.25835621356964
2025-03-20 20:00:00,29.73600661754608
2025-03-20 20:30:00,31.41008698940277
2025-03-20 21:00:00,26.304758191108704
2025-03-20 21:30:00,18.836742639541626
2025-03-20 22:00:00,20.71269929409027
2025-03-20 22:30:00,15.874171078205109
2025-03-20 23:00:00,31.465034008026123
2025-03-20 23:30:00,36.97975552082062
2025-03-21 00:00:00,16.35756540298462
2025-03-21 00:30:00,23.47709584236145
2025-03-21 01:00:00,30.591111302375793
2025-03-21 01:30:00,30.59254825115204
2025-03-21 02:00:00,27.464415907859802
2025-03-21 02:30:00,20.368294715881348
2025-03-21 03:00:00,20.973047375679016
2025-03-21 03:30:00,22.005384922027588
2025-03-21 04:00:00,22.722925543785095
2025-03-21 04:30:00,29.10060739517212
2025-03-21 05:00:00,31.187785506248474
2025-03-21 05:30:00,38.63940131664276
2025-03-21 06:00:00,28.895026087760925
2025-03-21 06:30:00,46.50585722923279
2025-03-21 07:00:00,48.85550379753113
2025-03-21 07:30:00,45.96203970909119
2025-03-21 08:00:00,38.726704716682434
2025-03-21 08:30:00,28.958802580833435
2025-03-21 09:00:00,32.01369059085846
2025-03-21 09:30:00,36.85358691215515
2025-03-21 10:00:00,15.047949314117432
2025-03-21 10:30:00,30.58782684803009
2025-03-21 11:00:00,36.5727835893631
2025-03-21 11:30:00,40.31294596195221
2025-03-21 12:00:00,42.20041573047638
2025-03-21 12:30:00,28.858476519584656
2025-03-21 13:00:00,26.74477243423462
2025-03-21 13:30:00,5.749332681298256
2025-03-21 14:00:00,25.044897079467773
2025-03-21 14:30:00,37.62457001209259
2025-03-21 15:00:00,22.970213413238525
2025-03-21 15:30:00,30.96394693851471
2025-03-21 16:00:00,25.083709716796875
2025-03-21 16:30:00,28.03429877758026
2025-03-21 17:00:00,17.595166325569153
2025-03-21 17:30:00,31.598222136497498
2025-03-21 18:00:00,37.83895826339722
2025-03-21 18:30:00,42.614927887916565
2025-03-21 19:00:00,40.177111744880676
2025-03-21 19:30:00,36.37522065639496
2025-03-21 20:00:00,24.204702615737915
2025-03-21 20:30:00,25.89304482936859
2025-03-21 21:00:00,23.81878173351288
2025-03-21 21:30:00,16.52816677093506
2025-03-21 22:00:00,19.622410655021667
2025-03-21 22:30:00,15.884145855903625
2025-03-21 23:00:00,31.7287015914917
2025-03-21 23:30:00,35.012497544288635
2025-03-22 00:00:00,17.488614320755005
2025-03-22 00:30:00,27.029348373413086
2025-03-22 01:00:00,33.82541763782501
2025-03-22 01:30:00,25.527020931243896
2025-03-22 02:00:00,30.84515082836151
2025-03-22 02:30:00,33.983211636543274
2025-03-22 03:00:00,26.240716338157654
2025-03-22 03:30:00,24.72984230518341
2025-03-22 04:00:00,40.1377158164978
2025-03-22 04:30:00,21.316535711288452
2025-03-22 05:00:00,33.3046213388443
2025-03-22 05:30:00,25.229615092277527
2025-03-22 06:00:00,28.689775228500366
2025-03-22 06:30:00,22.18739926815033
2025-03-22 07:00:00,23.656419038772583
2025-03-22 07:30:00,33.647496342659
2025-03-22 08:00:00,34.819125294685364
2025-03-22 08:30:00,44.83169424533844
2025-03-22 09:00:00,37.27938687801361
2025-03-22 09:30:00,34.98705053329468
2025-03-22 10:00:00,34.13068413734436
2025-03-22 10:30:00,38.56502294540405
2025-03-22 11:00:00,40.22119152545929
2025-03-22 11:30:00,38.565298318862915
2025-03-22 12:00:00,27.468366265296936
2025-03-22 12:30:00,20.519009113311768
2025-03-22 13:00:00,33.399139523506165
2025-03-22 13:30:00,38.94542634487152
2025-03-22 14:00:00,43.6532860994339
2025-03-22 14:30:00,38.5139662027359
2025-03-22 15:00:00,39.45568585395813
2025-03-22 15:30:00,49.6828408241272
2025-03-22 16:00:00,29.116676688194275
2025-03-22 16:30:00,39.07151484489441
2025-03-22 17:00:00,27.96644675731659
2025-03-22 17:30:00,26.814547061920166
2025-03-22 18:00:00,20.890480399131775
2025-03-22 18:30:00,43.92816388607025
2025-03-22 19:00:00,40.4217084646225
2025-03-22 19:30:00,36.36011517047882
2025-03-22 20:00:00,41.33684706687927
2025-03-22 20:30:00,34.734355330467224
2025-03-22 21:00:00,28.015405654907227
2025-03-22 21:30:00,22.166418313980103
2025-03-22 22:00:00,26.341282725334167
2025-03-22 22:30:00,37.587995409965515
2025-03-22 23:00:00,39.332613945007324
2025-03-22 23:30:00,36.69600069522858
2025-03-23 00:00:00,29.324924111366272
2025-03-23 00:30:00,21.697277069091797
2025-03-23 01:00:00,25.092093586921692
2025-03-23 01:30:00,45.348522663116455
2025-03-23 02:00:00,32.80584490299225
2025-03-23 02:30:00,54.695133447647095
2025-03-23 03:00:00,56.53925943374634
2025-03-23 03:30:00,37.02455127239227
2025-03-23 04:00:00,43.99294173717499
2025-03-23 04:30:00,23.496577262878418
2025-03-23 05:00:00,32.079344630241394
2025-03-23 05:30:00,10.242024064064026
2025-03-23 06:00:00,19.79770338535309
2025-03-23 06:30:00,29.329167366027832
2025-03-23 07:00:00,26.518155097961426
2025-03-23 07:30:00,27.916273713111877
2025-03-23 08:00:00,35.65856373310089
2025-03-23 08:30:00,38.09504306316376
2025-03-23 09:00:00,31.459919571876526
2025-03-23 09:30:00,27.369522213935852
2025-03-23 10:00:00,51.29699492454529
2025-03-23 10:30:00,37.6068434715271
2025-03-23 11:00:00,26.06841766834259
2025-03-23 11:30:00,34.180829644203186
2025-03-23 12:00:00,28.40286362171173
2025-03-23 12:30:00,32.087395548820496
2025-03-23 13:00:00,36.11839985847473
2025-03-23 13:30:00,40.03789293766022
2025-03-23 14:00:00,26.35870635509491
2025-03-23 14:30:00,28.362759232521057
2025-03-23 15:00:00,26.834641814231873
2025-03-23 15:30:00,18.676307559013367
2025-03-23 16:00:00,41.97293722629547
2025-03-23 16:30:00,34.62852931022644
2025-03-23 17:00:00,39.71821439266205
2025-03-23 17:30:00,40.30787658691406
2025-03-23 18:00:00,33.484139800071716
2025-03-23 18:30:00,46.85203170776367
2025-03-23 19:00:00,42.01438093185425
2025-03-23 19:30:00,29.278348445892334
2025-03-23 20:00:00,34.04612946510315
2025-03-23 20:30:00,31.615493059158325
2025-03-23 21:00:00,34.94338381290436
2025-03-23 21:30:00,48.56933569908142
2025-03-23 22:00:00,46.19282269477844
2025-03-23 22:30:00,28.67808187007904
2025-03-23 23:00:00,48.9659686088562
2025-03-23 23:30:00,33.130950808525085
2025-03-24 00:00:00,23.029536366462708
2025-03-24 00:30:00,36.65178072452545
2025-03-24 01:00:00,34.28492832183838
2025-03-24 01:30:00,25.775144934654236
2025-03-24 02:00:00,35.223408579826355
2025-03-24 02:30:00,22.56298863887787
2025-03-24 03:00:00,26.846492886543274
2025-03-24 03:30:00,20.201701283454895
2025-03-24 04:00:00,38.43012249469757
2025-03-24 04:30:00,16.943782925605774
2025-03-24 05:00:00,14.379470229148865
2025-03-24 05:30:00,34.57353723049164
2025-03-24 06:00:00,34.44125032424927
2025-03-24 06:30:00,29.141512870788574
2025-03-24 07:00:00,38.13804388046265
2025-03-24 07:30:00,33.17243707180023
2025-03-24 08:00:00,34.86731314659119
2025-03-24 08:30:00,33.39037263393402
2025-03-24 09:00:00,22.93032932281494
2025-03-24 09:30:00,31.592807292938232
2025-03-24 10:00:00,24.89814805984497
2025-03-24 10:30:00,24.314388871192932
2025-03-24 11:00:00,32.52484381198883
2025-03-24 11:30:00,38.8532989025116
2025-03-24 12:00:00,14.912070035934448
2025-03-24 12:30:00,21.084015369415283
2025-03-24 13:00:00,29.27925217151642
2025-03-24 13:30:00,32.80707907676697
2025-03-24 14:00:00,22.118465781211853
2025-03-24 14:30:00,40.84280705451965
2025-03-24 15:00:00,30.018494725227356
2025-03-24 15:30:00,32.248048424720764
2025-03-24 16:00:00,27.261996388435364
2025-03-24 16:30:00,15.062554121017456
2025-03-24 17:00:00,21.735644102096558
2025-03-24 17:30:00,26.240185618400574
2025-03-24 18:00:00,31.938541173934937
2025-03-24 18:30:00,24.550236225128174
2025-03-24 19:00:00,26.54835605621338
2025-03-24 19:30:00,40.91713285446167
2025-03-24 20:00:00,23.260376930236816
2025-03-24 20:30:00,26.688280820846558
2025-03-24 21:00:00,19.90264320373535
2025-03-24 21:30:00,47.5606427192688
2025-03-24 22:00:00,34.498515486717224
2025-03-24 22:30:00,28.56799006462097
2025-03-24 23:00:00,31.98828113079071
2025-03-24 23:30:00,30.460108637809753
2025-03-25 00:00:00,19.76628828048706
2025-03-25 00:30:00,26.136244654655457
2025-03-25 01:00:00,34.869078040122986
2025-03-25 01:30:00,17.422306895256042
2025-03-25 02:00:00,33.35530507564545
2025-03-25 02:30:00,49.027672290802
2025-03-25 03:00:00,44.670750975608826
2025-03-25 03:30:00,42.218913316726685
2025-03-25 04:00:00,32.359870076179504
2025-03-25 04:30:00,14.590811848640442
2025-03-25 05:00:00,38.952385783195496
2025-03-25 05:30:00,31.353222370147705
2025-03-25 06:00:00,21.27423584461212
2025-03-25 06:30:00,24.058481812477112
2025-03-25 07:00:00,18.96799063682556
2025-03-25 07:30:00,21.750354051589966
2025-03-25 08:00:00,22.955858945846558
2025-03-25 08:30:00,27.103561520576477
2025-03-25 09:00:00,22.816389799118042
2025-03-25 09:30:00,33.64839005470276
2025-03-25 10:00:00,24.364621996879578
2025-03-25 10:30:00,32.47614276409149
2025-03-25 11:00:00,24.227984189987183
2025-03-25 11:30:00,28.057515263557434
2025-03-25 12:00:00,32.31958293914795
2025-03-25 12:30:00,21.95111632347107
2025-03-25 13:00:00,35.032742500305176
2025-03-25 13:30:00,20.29737102985382
2025-03-25 14:00:00,5.421911761164665
2025-03-25 14:30:00,20.363295435905457
2025-03-25 15:00:00,10.352541446685791
2025-03-25 15:30:00,21.042524099349976
2025-03-25 16:00:00,20.262871742248535
2025-03-25 16:30:00,25.65290915966034
2025-03-25 17:00:00,43.95948135852814
2025-03-25 17:30:00,32.390464067459106
2025-03-25 18:00:00,30.553152322769165
2025-03-25 18:30:00,24.731597185134888
2025-03-25 19:00:00,31.44222056865692
2025-03-25 19:30:00,31.52795934677124
2025-03-25 20:00:00,28.342101216316223
2025-03-25 20:30:00,40.56735599040985
2025-03-25 21:00:00,21.134316086769104
2025-03-25 21:30:00,37.988643765449524
2025-03-25 22:00:00,34.57362234592438
2025-03-25 22:30:00,46.71651291847229
2025-03-25 23:00:00,43.735647797584534
2025-03-25 23:30:00,39.70914709568024
2025-03-26 00:00:00,0.013790130615234208
2025-03-26 00:30:00,7.41947740316391
2025-03-26 01:00:00,19.483479738235474
2025-03-26 01:30:00,18.94150221347809
2025-03-26 02:00:00,22.47049069404602
2025-03-26 02:30:00,29.665138006210327
2025-03-26 03:00:00,48.80834484100342
2025-03-26 03:30:00,20.314306497573853
2025-03-26 04:00:00,31.93219757080078
2025-03-26 04:30:00,37.15245974063873
2025-03-26 05:00:00,36.91204369068146
2025-03-26 05:30:00,44.761313796043396
2025-03-26 06:00:00,39.83612680435181
2025-03-26 06:30:00,52.642454624176025
2025-03-26 07:00:00,39.375006437301636
2025-03-26 07:30:00,28.380693554878235
2025-03-26 08:00:00,38.72642183303833
2025-03-26 08:30:00,28.54832088947296
2025-03-26 09:00:00,30.014279007911682
2025-03-26 09:30:00,22.927112460136414
2025-03-26 10:00:00,35.730093240737915
2025-03-26 10:30:00,27.642807841300964
2025-03-26 11:00:00,26.126914501190186
2025-03-26 11:30:00,36.50051558017731
2025-03-26 12:00:00,32.8701696395874
2025-03-26 12:30:00,38.01651155948639
2025-03-26 13:00:00,42.25995898246765
2025-03-26 13:30:00,45.59082627296448
2025-03-26 14:00:00,35.792455315589905
2025-03-26 14:30:00,29.080622792243958
2025-03-26 15:00:00,25.010908484458923
2025-03-26 15:30:00,23.023250341415405
2025-03-26 16:00:00,16.59129238128662
2025-03-26 16:30:00,32.82838046550751
2025-03-26 17:00:00,17.587581038475037
2025-03-26 17:30:00,29.866761445999146
2025-03-26 18:00:00,15.739049077033997
2025-03-26 18:30:00,32.436466455459595
2025-03-26 19:00:00,23.99332344532013
2025-03-26 19:30:00,19.570199847221375
2025-03-26 20:00:00,20.150556921958923
2025-03-26 20:30:00,19.53252875804901
2025-03-26 21:00:00,35.809688687324524
2025-03-26 21:30:00,33.529431223869324
2025-03-26 22:00:00,36.484158396720886
2025-03-26 22:30:00,33.37729740142822
2025-03-26 23:00:00,42.58426630496979
2025-03-26 23:30:00,44.15214264392853
2025-03-27 00:00:00,41.09135162830353
2025-03-27 00:30:00,29.103413701057434
2025-03-27 01:00:00,28.2416650056839
2025-03-27 01:30:00,30.508148789405823
2025-03-27 02:00:00,36.65916574001312
2025-03-27 02:30:00,26.668999671936035
2025-03-27 03:00:00,27.331991314888
2025-03-27 03:30:00,27.72295904159546
2025-03-27 04:00:00,34.272972106933594
2025-03-27 04:30:00,25.89821183681488
2025-03-27 05:00:00,29.562233448028564
2025-03-27 05:30:00,24.373363852500916
2025-03-27 06:00:00,11.7959546148777
2025-03-27 06:30:00,25.377978801727295
2025-03-27 07:00:00,33.841291666030884
2025-03-27 07:30:00,24.747684001922607
2025-03-27 08:00:00,25.681710720062256
2025-03-27 08:30:00,37.86129105091095
2025-03-27 09:00:00,39.18793523311615
2025-03-27 09:30:00,46.19754409790039
2025-03-27 10:00:00,44.88262581825256
2025-03-27 10:30:00,40.59993767738342
2025-03-27 11:00:00,33.400025725364685
2025-03-27 11:30:00,31.298585772514343
2025-03-27 12:00:00,41.719037890434265
2025-03-27 12:30:00,44.652488708496094
2025-03-27 13:00:00,38.567771673202515
2025-03-27 13:30:00,42.71876621246338
2025-03-27 14:00:00,29.930267572402954
2025-03-27 14:30:00,37.08557403087616
2025-03-27 15:00:00,41.75843131542206
2025-03-27 15:30:00,39.81009900569916
2025-03-27 16:00:00,39.544496297836304
2025-03-27 16:30:00,25.136646509170532
2025-03-27 17:00:00,27.70302951335907
2025-03-27 17:30:00,29.692354917526245
2025-03-27 18:00:00,27.39770543575287
2025-03-27 18:30:00,35.42601835727692
2025-03-27 19:00:00,45.084619760513306
2025-03-27 19:30:00,27.690332293510437
2025-03-27 20:00:00,27.97573685646057
2025-03-27 20:30:00,33.052724719047546
2025-03-27 21:00:00,26.74667000770569
2025-03-27 21:30:00,23.4768705368042
2025-03-27 22:00:00,20.213324546813965
2025-03-27 22:30:00,31.982808709144592
2025-03-27 23:00:00,30.02311599254608
2025-03-27 23:30:00,37.11453831195831
2025-03-28 00:00:00,23.586774587631226
2025-03-28 00:30:00,14.37860655784607
2025-03-28 01:00:00,37.44840610027313
2025-03-28 01:30:00,25.064120650291443
2025-03-28 02:00:00,23.416225790977478
2025-03-28 02:30:00,20.982317447662354
2025-03-28 03:00:00,30.843718886375427
2025-03-28 03:30:00,42.37172055244446
2025-03-28 04:00:00,36.47649300098419
2025-03-28 04:30:00,44.42720818519592
2025-03-28 05:00:00,39.84348428249359
2025-03-28 05:30:00,33.78415668010712
2025-03-28 06:00:00,27.115405082702637
2025-03-28 06:30:00,23.609628081321716
2025-03-28 07:00:00,40.01191020011902
2025-03-28 07:30:00,43.62261199951172
2025-03-28 08:00:00,33.659687876701355
2025-03-28 08:30:00,41.65263283252716
2025-03-28 09:00:00,35.235697746276855
2025-03-28 09:30:00,35.8741911649704
2025-03-28 10:00:00,41.30332410335541
2025-03-28 10:30:00,53.86971402168274
2025-03-28 11:00:00,41.03738844394684
2025-03-28 11:30:00,39.8639395236969
2025-03-28 12:00:00,42.618370056152344
2025-03-28 12:30:00,32.32300508022308
2025-03-28 13:00:00,30.56418478488922
2025-03-28 13:30:00,29.338292241096497
2025-03-28 14:00:00,31.93798041343689
2025-03-28 14:30:00,42.781598925590515
2025-03-28 15:00:00,35.283031940460205
2025-03-28 15:30:00,27.895405411720276
2025-03-28 16:00:00,27.092586636543274
2025-03-28 16:30:00,38.10779786109924
2025-03-28 17:00:00,20.69678771495819
2025-03-28 17:30:00,13.67131233215332
2025-03-28 18:00:00,30.262360453605652
2025-03-28 18:30:00,38.760605692863464
2025-03-28 19:00:00,26.602930068969727
2025-03-28 19:30:00,34.03498435020447
2025-03-28 20:00:00,34.14176666736603
2025-03-28 20:30:00,46.576382875442505
2025-03-28 21:00:00,36.591418862342834
2025-03-28 21:30:00,42.30989420413971
2025-03-28 22:00:00,24.278347492218018
2025-03-28 22:30:00,15.782306492328644
2025-03-28 23:00:00,24.21519434452057
2025-03-28 23:30:00,27.43912160396576
2025-03-29 00:00:00,35.20821297168732
2025-03-29 00:30:00,35.20062267780304
2025-03-29 01:00:00,27.57732903957367
2025-03-29 01:30:00,24.654239773750305
2025-03-29 02:00:00,26.73624837398529
2025-03-29 02:30:00,32.37399673461914
2025-03-29 03:00:00,30.610117077827454
2025-03-29 03:30:00,28.79719591140747
2025-03-29 04:00:00,29.61917817592621
2025-03-29 04:30:00,16.344154715538025
2025-03-29 05:00:00,15.887893438339233
2025-03-29 05:30:00,17.34562039375305
2025-03-29 06:00:00,17.933993339538574
2025-03-29 06:30:00,22.20702087879181
2025-03-29 07:00:00,13.554518938064575
2025-03-29 07:30:00,16.086739361286163
2025-03-29 08:00:00,32.708057284355164
2025-03-29 08:30:00,42.801841378211975
2025-03-29 09:00:00,37.62338089942932
2025-03-29 09:30:00,24.41284739971161
2025-03-29 10:00:00,41.39649546146393
2025-03-29 10:30:00,38.12572717666626
2025-03-29 11:00:00,37.33064138889313
2025-03-29 11:30:00,18.850794196128845
2025-03-29 12:00:00,19.528162837028503
2025-03-29 12:30:00,20.579936742782593
2025-03-29 13:00:00,25.72278642654419
2025-03-29 13:30:00,22.85006296634674
2025-03-29 14:00:00,18.775534629821777
2025-03-29 14:30:00,29.49242126941681
2025-03-29 15:00:00,27.9161034822464
2025-03-29 15:30:00,25.859389185905457
2025-03-29 16:00:00,27.115472674369812
2025-03-29 16:30:00,22.896581053733826
2025-03-29 17:00:00,31.757197737693787
2025-03-29 17:30:00,22.649323225021362
2025-03-29 18:00:00,32.86287224292755
2025-03-29 18:30:00,45.59878706932068
2025-03-29 19:00:00,47.02527165412903
2025-03-29 19:30:00,29.9141982793808
2025-03-29 20:00:00,35.79203474521637
2025-03-29 20:30:00,29.09420120716095
2025-03-29 21:00:00,33.000561475753784
2025-03-29 21:30:00,22.62593650817871
2025-03-29 22:00:00,12.749175488948822
2025-03-29 22:30:00,33.28080654144287
2025-03-29 23:00:00,42.64126360416412
2025-03-29 23:30:00,20.080694675445557
2025-03-30 00:00:00,17.367462515830994
2025-03-30 00:30:00,17.288926005363464
2025-03-30 01:00:00,25.308151602745056
2025-03-30 01:30:00,32.629220366477966
2025-03-30 02:00:00,24.80878186225891
2025-03-30 02:30:00,33.60464322566986
2025-03-30 03:00:00,15.397360682487488
2025-03-30 03:30:00,26.14585018157959
2025-03-30 04:00:00,20.402496099472046
2025-03-30 04:30:00,11.632581800222397
2025-03-30 05:00:00,22.820853352546692
2025-03-30 05:30:00,21.308379650115967
2025-03-30 06:00:00,25.832500219345093
2025-03-30 06:30:00,21.949449062347412
2025-03-30 07:00:00,35.35487186908722
2025-03-30 07:30:00,30.007660031318665
2025-03-30 08:00:00,32.40370202064514
2025-03-30 08:30:00,21.12630271911621
2025-03-30 09:00:00,35.8351331949234
2025-03-30 09:30:00,36.3411819934845
2025-03-30 10:00:00,22.042642951011658
2025-03-30 10:30:00,41.12088418006897
2025-03-30 11:00:00,48.822569131851196
2025-03-30 11:30:00,34.89518094062805
2025-03-30 12:00:00,37.76592671871185
2025-03-30 12:30:00,30.615954995155334
2025-03-30 13:00:00,18.55500054359436
2025-03-30 13:30:00,17.03401029109955
2025-03-30 14:00:00,41.949885964393616
2025-03-30 14:30:00,38.08131945133209
2025-03-30 15:00:00,25.8090158700943
2025-03-30 15:30:00,40.99717891216278
2025-03-30 16:00:00,37.423046708106995
2025-03-30 16:30:00,36.86387836933136
2025-03-30 17:00:00,30.92682158946991
2025-03-30 17:30:00,50.27498388290405
2025-03-30 18:00:00,50.50303316116333
2025-03-30 18:30:00,28.99351215362549
2025-03-30 19:00:00,44.12634015083313
2025-03-30 19:30:00,38.48818624019623
2025-03-30 20:00:00,37.599220633506775
2025-03-30 20:30:00,44.623902440071106
2025-03-30 21:00:00,47.69022345542908
2025-03-30 21:30:00,43.106589674949646
2025-03-30 22:00:00,56.38218140602112
2025-03-30 22:30:00,27.051410794258118
2025-03-30 23:00:00,38.39883756637573
2025-03-30 23:30:00,19.006360173225403
2025-03-31 00:00:00,32.90141952037811
2025-03-31 00:30:00,34.34911036491394
2025-03-31 01:00:00,36.58835220336914
2025-03-31 01:30:00,23.730181574821472
2025-03-31 02:00:00,28.85995852947235
2025-03-31 02:30:00,43.297471046447754
2025-03-31 03:00:00,23.85322594642639
2025-03-31 03:30:00,26.289652705192566
2025-03-31 04:00:00,27.04071879386902
2025-03-31 04:30:00,39.725138783454895
2025-03-31 05:00:00,39.49351966381073
2025-03-31 05:30:00,24.199422955513
2025-03-31 06:00:00,29.322232961654663
2025-03-31 06:30:00,45.110920429229736
2025-03-31 07:00:00,36.509207367897034
2025-03-31 07:30:00,36.33690869808197
2025-03-31 08:00:00,34.73483097553253
2025-03-31 08:30:00,45.36759853363037
2025-03-31 09:00:00,44.11012065410614
2025-03-31 09:30:00,44.370819211006165
2025-03-31 10:00:00,35.178282380104065
2025-03-31 10:30:00,28.18509328365326
2025-03-31 11:00:00,33.17781186103821
2025-03-31 11:30:00,26.96780490875244
2025-03-31 12:00:00,18.04110860824585
2025-03-31 12:30:00,28.46018636226654
2025-03-31 13:00:00,44.86929774284363
2025-03-31 13:30:00,44.15308141708374
2025-03-31 14:00:00,27.485211610794067
2025-03-31 14:30:00,33.758289098739624
2025-03-31 15:00:00,28.288398385047913
2025-03-31 15:30:00,25.694182634353638
2025-03-31 16:00:00,24.291770696640015
2025-03-31 16:30:00,36.63904845714569
2025-03-31 17:00:00,36.94255006313324
2025-03-31 17:30:00,37.83866786956787
2025-03-31 18:00:00,46.78962206840515
2025-03-31 18:30:00,56.40882754325867
2025-03-31 19:00:00,29.576863288879395
2025-03-31 19:30:00,26.017598748207092
2025-03-31 20:00:00,15.32692015171051
2025-03-31 20:30:00,29.77423596382141
2025-03-31 21:00:00,21.343244433403015
2025-03-31 21:30:00,28.481074690818787
2025-03-31 22:00:00,12.886113077402115
2025-03-31 22:30:00,32.397436022758484
2025-03-31 23:00:00,36.094369769096375
2025-03-31 23:30:00,25.624908685684204
2025-04-01 00:00:00,21.091670751571655
2025-04-01 00:30:00,35.8983314037323
2025-04-01 01:00:00,22.493536949157715
2025-04-01 01:30:00,37.94241106510162
2025-04-01 02:00:00,14.775872826576233
2025-04-01 02:30:00,31.6485253572464
2025-04-01 03:00:00,24.672487020492554
2025-04-01 03:30:00,19.32469940185547
2025-04-01 04:00:00,50.37467408180237
2025-04-01 04:30:00,36.32833206653595
2025-04-01 05:00:00,16.82518458366394
2025-04-01 05:30:00,24.83816421031952
2025-04-01 06:00:00,31.87248408794403
2025-04-01 06:30:00,21.459619760513306
2025-04-01 07:00:00,20.396538019180298
2025-04-01 07:30:00,23.912065744400024
2025-04-01 08:00:00,13.666851282119751
2025-04-01 08:30:00,16.405588030815125
2025-04-01 09:00:00,9.12383383512497
2025-04-01 09:30:00,25.75727069377899
2025-04-01 10:00:00,43.307419538497925
2025-04-01 10:30:00,39.88802468776703
2025-04-01 11:00:00,29.01049768924713
2025-04-01 11:30:00,19.591418623924255
2025-04-01 12:00:00,23.490862011909485
2025-04-01 12:30:00,42.54463255405426
2025-04-01 13:00:00,34.55290925502777
2025-04-01 13:30:00,37.101723432540894
2025-04-01 14:00:00,48.10856080055237
2025-04-01 14:30:00,42.45380437374115
2025-04-01 15:00:00,46.51001286506653
2025-04-01 15:30:00,48.02724552154541
2025-04-01 16:00:00,41.67427468299866
2025-04-01 16:30:00,34.87074279785156
2025-04-01 17:00:00,34.98330295085907
2025-04-01 17:30:00,28.716784358024597
2025-04-01 18:00:00,33.00061655044556
2025-04-01 18:30:00,35.12036383152008
2025-04-01 19:00:00,39.48756158351898
2025-04-01 19:30:00,45.21561241149902
2025-04-01 20:00:00,36.7923663854599
2025-04-01 20:30:00,39.33449149131775
2025-04-01 21:00:00,25.553366661071777
2025-04-01 21:30:00,20.05198073387146
2025-04-01 22:00:00,19.36699676513672
2025-04-01 22:30:00,22.42632830142975
2025-04-01 23:00:00,34.0232959985733
2025-04-01 23:30:00,32.661263823509216
2025-04-02 00:00:00,30.015738487243652
2025-04-02 00:30:00,25.585182309150696
2025-04-02 01:00:00,45.44589972496033
2025-04-02 01:30:00,26.35986042022705
2025-04-02 02:00:00,30.80210244655609
2025-04-02 02:30:00,34.057159423828125
2025-04-02 03:00:00,30.324029088020325
2025-04-02 03:30:00,31.908625602722168
2025-04-02 04:00:00,28.491323590278625
2025-04-02 04:30:00,15.245301961898804
2025-04-02 05:00:00,24.840497374534607
2025-04-02 05:30:00,39.826746582984924
2025-04-02 06:00:00,19.219656944274902
2025-04-02 06:30:00,19.101749539375305
2025-04-02 07:00:00,14.523038685321808
2025-04-02 07:30:00,21.266202449798584
2025-04-02 08:00:00,26.09458315372467
2025-04-02 08:30:00,18.889301419258118
2025-04-02 09:00:00,24.53788697719574
2025-04-02 09:30:00,27.272425532341003
2025-04-02 10:00:00,39.59283936023712
2025-04-02 10:30:00,35.40367305278778
2025-04-02 11:00:00,33.9803227186203
2025-04-02 11:30:00,24.527004718780518
2025-04-02 12:00:00,28.565529227256775
2025-04-02 12:30:00,33.50802969932556
2025-04-02 13:00:00,34.565926909446716
2025-04-02 13:30:00,27.608333587646484
2025-04-02 14:00:00,21.386525630950928
2025-04-02 14:30:00,30.493408799171448
2025-04-02 15:00:00,25.20665144920349
2025-04-02 15:30:00,18.49488401412964
2025-04-02 16:00:00,22.107836365699768
2025-04-02 16:30:00,31.510963797569275
2025-04-02 17:00:00,28.092337489128113
2025-04-02 17:30:00,28.227490782737732
2025-04-02 18:00:00,28.073199033737183
2025-04-02 18:30:00,31.94920313358307
2025-04-02 19:00:00,36.543994545936584
2025-04-02 19:30:00,38.36395275592804
2025-04-02 20:00:00,22.53970956802368
2025-04-02 20:30:00,29.60844612121582
2025-04-02 21:00:00,42.24311864376068
2025-04-02 21:30:00,34.82510590553284
2025-04-02 22:00:00,43.145657658576965
2025-04-02 22:30:00,37.51615798473358
2025-04-02 23:00:00,36.660767912864685
2025-04-02 23:30:00,23.54008376598358
2025-04-03 00:00:00,25.63333761692047
2025-04-03 00:30:00,21.673710107803345
2025-04-03 01:00:00,35.77532458305359
2025-04-03 01:30:00,35.01328110694885
2025-04-03 02:00:00,40.68836009502411
2025-04-03 02:30:00,29.52199637889862
2025-04-03 03:00:00,25.065101981163025
2025-04-03 03:30:00,20.114370346069336
2025-04-03 04:00:00,15.058598756790161
2025-04-03 04:30:00,38.21320080757141
2025-04-03 05:00:00,31.46328914165497
2025-04-03 05:30:00,20.323020815849304
2025-04-03 06:00:00,32.90552508831024
2025-04-03 06:30:00,39.3232387304306
2025-04-03 07:00:00,37.45477473735809
2025-04-03 07:30:00,38.02539360523224
2025-04-03 08:00:00,34.633543610572815
2025-04-03 08:30:00,42.163137674331665
2025-04-03 09:00:00,44.35690534114838
2025-04-03 09:30:00,47.05529737472534
2025-04-03 10:00:00,38.119871735572815
2025-04-03 10:30:00,46.36897158622742
2025-04-03 11:00:00,40.342768907547
2025-04-03 11:30:00,29.696953654289246
2025-04-03 12:00:00,32.96884346008301
2025-04-03 12:30:00,35.055285573005676
2025-04-03 13:00:00,33.683595299720764
2025-04-03 13:30:00,52.290327072143555
2025-04-03 14:00:00,41.458494544029236
2025-04-03 14:30:00,24.36851727962494
2025-04-03 15:00:00,33.11533963680267
2025-04-03 15:30:00,37.228582978248596
2025-04-03 16:00:00,32.35721147060394
2025-04-03 16:30:00,40.366543650627136
2025-04-03 17:00:00,30.32576894760132
2025-04-03 17:30:00,35.92294728755951
2025-04-03 18:00:00,33.39810812473297
2025-04-03 18:30:00,19.241897106170654
2025-04-03 19:00:00,47.68368458747864
2025-04-03 19:30:00,45.05979108810425
2025-04-03 20:00:00,29.701156854629517
2025-04-03 20:30:00,21.199950098991394
2025-04-03 21:00:00,27.723304510116577
2025-04-03 21:30:00,29.094393968582153
2025-04-03 22:00:00,30.834386229515076
2025-04-03 22:30:00,10.449139952659607
2025-04-03 23:00:00,39.335530400276184
2025-04-03 23:30:00,31.573027968406677
2025-04-04 00:00:00,16.405633091926575
2025-04-04 00:30:00,23.23400115966797
2025-04-04 01:00:00,36.25483989715576
2025-04-04 01:30:00,29.61688756942749
2025-04-04 02:00:00,36.96364867687225
2025-04-04 02:30:00,37.757187366485596
2025-04-04 03:00:00,30.584392189979553
2025-04-04 03:30:00,23.035657167434692
2025-04-04 04:00:00,27.123213171958923
2025-04-04 04:30:00,18.42683172225952
2025-04-04 05:00:00,28.69027090072632
2025-04-04 05:30:00,30.934231638908386
2025-04-04 06:00:00,30.944795966148376
2025-04-04 06:30:00,7.698361873626709
2025-04-04 07:00:00,16.110888361930847
2025-04-04 07:30:00,22.585368990898132
2025-04-04 08:00:00,30.329373836517334
2025-04-04 08:30:00,29.3220351934433
2025-04-04 09:00:00,32.21413493156433
2025-04-04 09:30:00,17.43188989162445
2025-04-04 10:00:00,37.34001910686493
2025-04-04 10:30:00,32.111350536346436
2025-04-04 11:00:00,21.136674284934998
2025-04-04 11:30:00,15.658469796180725
2025-04-04 12:00:00,7.333245143294334
2025-04-04 12:30:00,21.96858251094818
2025-04-04 13:00:00,14.084715485572815
2025-04-04 13:30:00,26.798715591430664
2025-04-04 14:00:00,22.616929292678833
2025-04-04 14:30:00,23.335025668144226
2025-04-04 15:00:00,12.176465034484863
2025-04-04 15:30:00,41.09517431259155
2025-04-04 16:00:00,39.67251491546631
2025-04-04 16:30:00,43.77807033061981
2025-04-04 17:00:00,35.42328464984894
2025-04-04 17:30:00,42.53805112838745
2025-04-04 18:00:00,52.59911584854126
2025-04-04 18:30:00,30.571890234947205
2025-04-04 19:00:00,36.056052803993225
2025-04-04 19:30:00,30.308903574943542
2025-04-04 20:00:00,30.494152307510376
2025-04-04 20:30:00,28.465949177742004
2025-04-04 21:00:00,25.919217824935913
2025-04-04 21:30:00,24.295365571975708
2025-04-04 22:00:00,17.54259502887726
2025-04-04 22:30:00,27.983407258987427
2025-04-04 23:00:00,27.124379754066467
2025-04-04 23:30:00,36.38773763179779
2025-04-05 00:00:00,27.960994362831116
2025-04-05 00:30:00,26.98406195640564
2025-04-05 01:00:00,26.44877600669861
2025-04-05 01:30:00,34.603708148002625
2025-04-05 02:00:00,29.098777413368225
2025-04-05 02:30:00,39.11572730541229
2025-04-05 03:00:00,34.738420844078064
2025-04-05 03:30:00,32.18353092670441
2025-04-05 04:00:00,27.310209274291992
2025-04-05 04:30:00,33.68511235713959
2025-04-05 05:00:00,38.59180676937103
2025-04-05 05:30:00,31.154184937477112
2025-04-05 06:00:00,29.351445078849792
2025-04-05 06:30:00,28.243800401687622
2025-04-05 07:00:00,32.240625858306885
2025-04-05 07:30:00,23.214837670326233
2025-04-05 08:00:00,28.74636948108673
2025-04-05 08:30:00,23.54802703857422
2025-04-05 09:00:00,23.157570004463196
2025-04-05 09:30:00,23.174490451812744
2025-04-05 10:00:00,24.902398824691772
2025-04-05 10:30:00,30.385732769966125
2025-04-05 11:00:00,43.75742733478546
2025-04-05 11:30:00,30.754062294960022
2025-04-05 12:00:00,34.490920186042786
2025-04-05 12:30:00,41.93996250629425
2025-04-05 13:00:00,54.22648286819458
2025-04-05 13:30:00,43.783037066459656
2025-04-05 14:00:00,35.17323052883148
2025-04-05 14:30:00,33.866748690605164
2025-04-05 15:00:00,46.05398941040039
2025-04-05 15:30:00,38.26263785362244
2025-04-05 16:00:00,31.099928855895996
2025-04-05 16:30:00,48.99832248687744
2025-04-05 17:00:00,45.96993541717529
2025-04-05 17:30:00,35.214786887168884
2025-04-05 18:00:00,27.883111238479614
2025-04-05 18:30:00,33.941229701042175
2025-04-05 19:00:00,27.825052499771118
2025-04-05 19:30:00,28.189764618873596
2025-04-05 20:00:00,33.66139268875122
2025-04-05 20:30:00,36.6812607049942
2025-04-05 21:00:00,43.5339492559433
2025-04-05 21:30:00,31.798203349113464
2025-04-05 22:00:00,41.24441921710968
2025-04-05 22:30:00,23.681185126304626
2025-04-05 23:00:00,32.32347071170807
2025-04-05 23:30:00,36.055482029914856
2025-04-06 00:00:00,26.601295351982117
2025-04-06 00:30:00,32.79917085170746
2025-04-06 01:00:00,33.807172894477844
2025-04-06 01:30:00,33.37675416469574
2025-04-06 02:00:00,38.192970871925354
2025-04-06 02:30:00,37.855698466300964
2025-04-06 03:00:00,27.989678263664246
2025-04-06 03:30:00,31.323299288749695
2025-04-06 04:00:00,21.195060968399048
2025-04-06 04:30:00,19.327773571014404
2025-04-06 05:00:00,22.25890874862671
2025-04-06 05:30:00,26.324044346809387
2025-04-06 06:00:00,14.098338961601257
2025-04-06 06:30:00,35.426183581352234
2025-04-06 07:00:00,21.876147150993347
2025-04-06 07:30:00,25.33906352519989
2025-04-06 08:00:00,28.66036283969879
2025-04-06 08:30:00,37.10895574092865
2025-04-06 09:00:00,48.191463232040405
2025-04-06 09:30:00,42.880382895469666
2025-04-06 10:00:00,30.329957127571106
2025-04-06 10:30:00,31.784915328025818
2025-04-06 11:00:00,34.522830963134766
2025-04-06 11:30:00,49.307762145996094
2025-04-06 12:00:00,41.22264218330383
2025-04-06 12:30:00,47.90322232246399
2025-04-06 13:00:00,40.80545389652252
2025-04-06 13:30:00,35.967655420303345
2025-04-06 14:00:00,45.262030363082886
2025-04-06 14:30:00,29.487359404563904
2025-04-06 15:00:00,22.036852598190308
2025-04-06 15:30:00,52.64219427108765
2025-04-06 16:00:00,30.429927706718445
2025-04-06 16:30:00,38.33786737918854
2025-04-06 17:00:00,38.65315496921539
2025-04-06 17:30:00,37.10689294338226
2025-04-06 18:00:00,33.31224167346954
2025-04-06 18:30:00,39.269545912742615
2025-04-06 19:00:00,23.883870005607605
2025-04-06 19:30:00,27.813634514808655
2025-04-06 20:00:00,22.641652822494507
2025-04-06 20:30:00,33.06096839904785
2025-04-06 21:00:00,24.22147786617279
2025-04-06 21:30:00,25.356236815452576
2025-04-06 22:00:00,26.951477766036987
2025-04-06 22:30:00,21.51511001586914
2025-04-06 23:00:00,24.214348196983337
2025-04-06 23:30:00,31.16589331626892
2025-04-07 00:00:00,16.790815472602844
2025-04-07 00:30:00,27.165663242340088
2025-04-07 01:00:00,19.103299140930176
2025-04-07 01:30:00,34.94600236415863
2025-04-07 02:00:00,22.1664057970047
2025-04-07 02:30:00,28.532824873924255
2025-04-07 03:00:00,36.07879364490509
2025-04-07 03:30:00,22.478879570961
2025-04-07 04:00:00,28.62248146533966
2025-04-07 04:30:00,29.870383858680725
2025-04-07 05:00:00,42.028948187828064
2025-04-07 05:30:00,34.65069937705994
2025-04-07 06:00:00,34.25970160961151
2025-04-07 06:30:00,32.39865267276764
2025-04-07 07:00:00,40.52227985858917
2025-04-07 07:30:00,33.677319288253784
2025-04-07 08:00:00,29.363346219062805
2025-04-07 08:30:00,30.23552906513214
2025-04-07 09:00:00,39.64420402050018
2025-04-07 09:30:00,31.61771857738495
2025-04-07 10:00:00,26.173137187957764
2025-04-07 10:30:00,36.93763589859009
2025-04-07 11:00:00,21.870026350021362
2025-04-07 11:30:00,22.33330464363098
2025-04-07 12:00:00,34.82230460643768
2025-04-07 12:30:00,25.615012764930725
2025-04-07 13:00:00,24.10125231742859
2025-04-07 13:30:00,30.518592953681946
2025-04-07 14:00:00,51.95693492889404
2025-04-07 14:30:00,48.478702783584595
2025-04-07 15:00:00,58.53068017959595
2025-04-07 15:30:00,32.06155550479889
2025-04-07 16:00:00,30.178098678588867
2025-04-07 16:30:00,27.762462615966797
2025-04-07 17:00:00,40.10215759277344
2025-04-07 17:30:00,47.46844267845154
2025-04-07 18:00:00,45.603588581085205
2025-04-07 18:30:00,32.5776629447937
2025-04-07 19:00:00,29.715388655662537
2025-04-07 19:30:00,42.112226128578186
2025-04-07 20:00:00,30.576841950416565
2025-04-07 20:30:00,25.26618218421936
2025-04-07 21:00:00,41.35036790370941
2025-04-07 21:30:00,37.231582045555115
2025-04-07 22:00:00,37.89947283267975
2025-04-07 22:30:00,18.883818984031677
2025-04-07 23:00:00,21.852667808532715
2025-04-07 23:30:00,25.656201124191284
2025-04-08 00:00:00,24.13246464729309
2025-04-08 00:30:00,22.799879908561707
2025-04-08 01:00:00,22.038241982460022
2025-04-08 01:30:00,32.760042786598206
2025-04-08 02:00:00,55.194655895233154
2025-04-08 02:30:00,39.40945315361023
2025-04-08 03:00:00,26.8460773229599
2025-04-08 03:30:00,37.925705909729004
2025-04-08 04:00:00,33.612571477890015
2025-04-08 04:30:00,33.874451637268066
2025-04-08 05:00:00,34.57959544658661
2025-04-08 05:30:00,30.544753432273865
2025-04-08 06:00:00,42.14648759365082
2025-04-08 06:30:00,35.38051164150238
2025-04-08 07:00:00,41.180447459220886
2025-04-08 07:30:00,34.32887041568756
2025-04-08 08:00:00,51.465248107910156
2025-04-08 08:30:00,37.77776777744293
2025-04-08 09:00:00,21.576022624969482
2025-04-08 09:30:00,39.72516882419586
2025-04-08 10:00:00,39.117504715919495
2025-04-08 10:30:00,26.97658932209015
2025-04-08 11:00:00,31.01018714904785
2025-04-08 11:30:00,31.929967045783997
2025-04-08 12:00:00,26.776180028915405
2025-04-08 12:30:00,23.641884326934814
2025-04-08 13:00:00,35.14972364902496
2025-04-08 13:30:00,34.363497376441956
2025-04-08 14:00:00,23.836052656173706
2025-04-08 14:30:00,28.61404001712799
2025-04-08 15:00:00,37.16191756725311
2025-04-08 15:30:00,35.80782115459442
2025-04-08 16:00:00,42.54452991485596
2025-04-08 16:30:00,38.25490486621857
2025-04-08 17:00:00,47.43765592575073
2025-04-08 17:30:00,40.46453154087067
2025-04-08 18:00:00,30.92469871044159
2025-04-08 18:30:00,30.82729160785675
2025-04-08 19:00:00,16.021762490272522
2025-04-08 19:30:00,19.371475338935852
2025-04-08 20:00:00,13.321369618177414
2025-04-08 20:30:00,10.260642439126968
2025-04-08 21:00:00,23.77555561065674
2025-04-08 21:30:00,33.060237407684326
2025-04-08 22:00:00,58.06066274642944
2025-04-08 22:30:00,38.74449384212494
2025-04-08 23:00:00,46.9173903465271
2025-04-08 23:30:00,40.35086238384247
2025-04-09 00:00:00,25.281505465507507
2025-04-09 00:30:00,28.051421999931335
2025-04-09 01:00:00,31.39200747013092
2025-04-09 01:30:00,18.998456954956055
2025-04-09 02:00:00,27.893955945968628
2025-04-09 02:30:00,27.785471320152283
2025-04-09 03:00:00,24.221225023269653
2025-04-09 03:30:00,28.656755447387695
2025-04-09 04:00:00,40.42626714706421
2025-04-09 04:30:00,40.37044894695282
2025-04-09 05:00:00,33.054046511650085
2025-04-09 05:30:00,30.147136688232422
2025-04-09 06:00:00,34.061663031578064
2025-04-09 06:30:00,41.81095254421234
2025-04-09 07:00:00,28.798179745674133
2025-04-09 07:30:00,38.2570778131485
2025-04-09 08:00:00,32.86769878864288
2025-04-09 08:30:00,23.97007691860199
2025-04-09 09:00:00,28.015490770339966
2025-04-09 09:30:00,17.384448051452637
2025-04-09 10:00:00,31.04293406009674
2025-04-09 10:30:00,29.837096214294434
2025-04-09 11:00:00,40.96438694000244
2025-04-09 11:30:00,33.80255162715912
2025-04-09 12:00:00,32.794249176979065
2025-04-09 12:30:00,28.40302884578705
2025-04-09 13:00:00,50.61882519721985
2025-04-09 13:30:00,42.30062413215637
2025-04-09 14:00:00,50.24382162094116
2025-04-09 14:30:00,37.76572144031525
2025-04-09 15:00:00,35.55085015296936
2025-04-09 15:30:00,27.049856185913086
2025-04-09 16:00:00,26.843238472938538
2025-04-09 16:30:00,17.69428324699402
2025-04-09 17:00:00,32.70291030406952
2025-04-09 17:30:00,36.89424455165863
2025-04-09 18:00:00,33.05804693698883
2025-04-09 18:30:00,21.68972682952881
2025-04-09 19:00:00,25.1024751663208
2025-04-09 19:30:00,10.084461003541946
2025-04-09 20:00:00,13.123646467924118
2025-04-09 20:30:00,22.1579167842865
2025-04-09 21:00:00,35.203083515167236
2025-04-09 21:30:00,34.46957874298096
2025-04-09 22:00:00,39.73802125453949
2025-04-09 22:30:00,37.97360336780548
2025-04-09 23:00:00,26.660162687301636
2025-04-09 23:30:00,38.31328904628754
2025-04-10 00:00:00,20.776268005371094
2025-04-10 00:30:00,26.05812120437622
2025-04-10 01:00:00,17.53398585319519
2025-04-10 01:30:00,25.847923636436462
2025-04-10 02:00:00,24.63534414768219
2025-04-10 02:30:00,11.098618268966675
2025-04-10 03:00:00,23.698548674583435
2025-04-10 03:30:00,33.075563192367554
2025-04-10 04:00:00,23.72212815284729
2025-04-10 04:30:00,32.94459307193756
2025-04-10 05:00:00,36.37850761413574
2025-04-10 05:30:00,28.489240765571594
2025-04-10 06:00:00,37.69814479351044
2025-04-10 06:30:00,22.074548721313477
2025-04-10 07:00:00,31.72498655319214
2025-04-10 07:30:00,32.94011199474335
2025-04-10 08:00:00,28.250677227973938
2025-04-10 08:30:00,27.792651057243347
2025-04-10 09:00:00,19.421515703201294
2025-04-10 09:30:00,32.803131222724915
2025-04-10 10:00:00,26.114535212516785
2025-04-10 10:30:00,34.79352557659149
2025-04-10 11:00:00,43.48543095588684
2025-04-10 11:30:00,23.24669337272644
2025-04-10 12:00:00,25.62523913383484
2025-04-10 12:30:00,18.341603636741638
2025-04-10 13:00:00,25.589420557022095
2025-04-10 13:30:00,34.133800864219666
2025-04-10 14:00:00,20.221956253051758
2025-04-10 14:30:00,48.55402493476868
2025-04-10 15:00:00,39.15564143657684
2025-04-10 15:30:00,50.2661018371582
2025-04-10 16:00:00,34.76254856586456
2025-04-10 16:30:00,43.29994440078735
2025-04-10 17:00:00,35.744550347328186
2025-04-10 17:30:00,30.14757478237152
2025-04-10 18:00:00,34.55731022357941
2025-04-10 18:30:00,26.525222182273865
2025-04-10 19:00:00,17.858057856559753
2025-04-10 19:30:00,15.468447089195251
2025-04-10 20:00:00,14.792454063892365
2025-04-10 20:30:00,20.93655288219452
2025-04-10 21:00:00,29.027758598327637
2025-04-10 21:30:00,34.63299787044525
2025-04-10 22:00:00,27.943873643875122
2025-04-10 22:30:00,28.80735468864441
2025-04-10 23:00:00,35.280736327171326
2025-04-10 23:30:00,34.65615427494049
2025-04-11 00:00:00,16.85974144935608
2025-04-11 00:30:00,6.223082363605499
2025-04-11 01:00:00,10.279350310564041
2025-04-11 01:30:00,19.61216175556183
2025-04-11 02:00:00,30.153863310813904
2025-04-11 02:30:00,35.74482071399689
2025-04-11 03:00:00,19.329888939857483
2025-04-11 03:30:00,20.53307819366455
2025-04-11 04:00:00,29.50899875164032
2025-04-11 04:30:00,41.29043662548065
2025-04-11 05:00:00,34.56990730762482
2025-04-11 05:30:00,23.069660782814026
2025-04-11 06:00:00,12.332173079252243
2025-04-11 06:30:00,23.151737093925476
2025-04-11 07:00:00,27.00805950164795
2025-04-11 07:30:00,23.732049107551575
2025-04-11 08:00:00,39.450754165649414
2025-04-11 08:30:00,32.677075266838074
2025-04-11 09:00:00,31.735590934753418
2025-04-11 09:30:00,33.36547386646271
2025-04-11 10:00:00,46.25354504585266
2025-04-11 10:30:00,45.808711767196655
2025-04-11 11:00:00,51.25142812728882
2025-04-11 11:30:00,39.6426819562912
2025-04-11 12:00:00,29.881083369255066
2025-04-11 12:30:00,23.307618498802185
2025-04-11 13:00:00,52.82051110267639
2025-04-11 13:30:00,48.15598511695862
2025-04-11 14:00:00,43.17997419834137
2025-04-11 14:30:00,38.13921797275543
2025-04-11 15:00:00,29.413283944129944
2025-04-11 15:30:00,49.51389169692993
2025-04-11 16:00:00,22.33254110813141
2025-04-11 16:30:00,15.222052931785583
2025-04-11 17:00:00,28.22036612033844
2025-04-11 17:30:00,48.03026461601257
2025-04-11 18:00:00,25.441184520721436
2025-04-11 18:30:00,37.811854004859924
2025-04-11 19:00:00,24.449694871902466
2025-04-11 19:30:00,15.082969307899475
2025-04-11 20:00:00,18.137977480888367
2025-04-11 20:30:00,13.543964624404907
2025-04-11 21:00:00,24.98332107067108
2025-04-11 21:30:00,42.231019735336304
2025-04-11 22:00:00,36.03705453872681
2025-04-11 22:30:00,44.05461037158966
2025-04-11 23:00:00,26.079572796821594
2025-04-11 23:30:00,42.27360999584198
2025-04-12 00:00:00,26.301303505897522
2025-04-12 00:30:00,34.93869745731354
2025-04-12 01:00:00,45.195865631103516
2025-04-12 01:30:00,23.081687092781067
2025-04-12 02:00:00,27.22157657146454
2025-04-12 02:30:00,16.028629302978516
2025-04-12 03:00:00,28.62225115299225
2025-04-12 03:30:00,29.15501618385315
2025-04-12 04:00:00,34.39644956588745
2025-04-12 04:30:00,28.959240674972534
2025-04-12 05:00:00,28.09276556968689
2025-04-12 05:30:00,21.195982217788696
2025-04-12 06:00:00,20.177030324935913
2025-04-12 06:30:00,38.83164203166962
2025-04-12 07:00:00,42.603302121162415
2025-04-12 07:30:00,38.38751971721649
2025-04-12 08:00:00,22.31247389316559
2025-04-12 08:30:00,55.61269283294678
2025-04-12 09:00:00,30.550235867500305
2025-04-12 09:30:00,41.56676387786865
2025-04-12 10:00:00,35.094308495521545
2025-04-12 10:30:00,40.238667726516724
2025-04-12 11:00:00,48.9028480052948
2025-04-12 11:30:00,41.62519812583923
2025-04-12 12:00:00,37.11789536476135
2025-04-12 12:30:00,40.89043915271759
2025-04-12 13:00:00,40.619797110557556
2025-04-12 13:30:00,39.67061734199524
2025-04-12 14:00:00,27.976768255233765
2025-04-12 14:30:00,54.5057315826416
2025-04-12 15:00:00,37.14516484737396
2025-04-12 15:30:00,39.04642581939697
2025-04-12 16:00:00,32.37898099422455
2025-04-12 16:30:00,30.81403613090515
2025-04-12 17:00:00,49.28963756561279
2025-04-12 17:30:00,40.08952796459198
2025-04-12 18:00:00,43.962565541267395
2025-04-12 18:30:00,45.17113709449768
2025-04-12 19:00:00,25.044952154159546
2025-04-12 19:30:00,18.438332319259644
2025-04-12 20:00:00,33.8148558139801
2025-04-12 20:30:00,25.852267026901245
2025-04-12 21:00:00,20.613392114639282
2025-04-12 21:30:00,31.977564096450806
2025-04-12 22:00:00,37.14930045604706
2025-04-12 22:30:00,43.78169524669647
2025-04-12 23:00:00,37.21813380718231
2025-04-12 23:30:00,42.290159940719604
2025-04-13 00:00:00,19.525303959846497
2025-04-13 00:30:00,3.331478923559189
2025-04-13 01:00:00,13.78565239906311
2025-04-13 01:30:00,21.22503411769867
2025-04-13 02:00:00,32.55233609676361
2025-04-13 02:30:00,34.008591055870056
2025-04-13 03:00:00,16.384071350097656
2025-04-13 03:30:00,37.00974118709564
2025-04-13 04:00:00,31.59686028957367
2025-04-13 04:30:00,33.03218185901642
2025-04-13 05:00:00,28.407915472984314
2025-04-13 05:30:00,30.156732201576233
2025-04-13 06:00:00,26.057838320732117
2025-04-13 06:30:00,31.704866766929626
2025-04-13 07:00:00,33.651286482810974
2025-04-13 07:30:00,31.137837767601013
2025-04-13 08:00:00,24.94101369380951
2025-04-13 08:30:00,36.50503170490265
2025-04-13 09:00:00,50.159987926483154
2025-04-13 09:30:00,43.971274852752686
2025-04-13 10:00:00,29.102402329444885
2025-04-13 10:30:00,31.55283558368683
2025-04-13 11:00:00,32.91838502883911
2025-04-13 11:30:00,30.755086183547974
2025-04-13 12:00:00,46.87466740608215
2025-04-13 12:30:00,43.710816621780396
2025-04-13 13:00:00,28.071434140205383
2025-04-13 13:30:00,39.688544154167175
2025-04-13 14:00:00,42.594900727272034
2025-04-13 14:30:00,43.43737328052521
2025-04-13 15:00:00,43.28548979759216
2025-04-13 15:30:00,31.01605260372162
2025-04-13 16:00:00,35.45446443557739
2025-04-13 16:30:00,28.619312167167664
2025-04-13 17:00:00,28.84139835834503
2025-04-13 17:30:00,42.43754482269287
2025-04-13 18:00:00,22.918335556983948
2025-04-13 18:30:00,27.310219287872314
2025-04-13 19:00:00,32.294015765190125
2025-04-13 19:30:00,25.49932837486267
2025-04-13 20:00:00,29.235758185386658
2025-04-13 20:30:00,36.405611872673035
2025-04-13 21:00:00,27.139357566833496
2025-04-13 21:30:00,22.863043069839478
2025-04-13 22:00:00,17.604411363601685
2025-04-13 22:30:00,25.807483792304993
2025-04-13 23:00:00,38.91736578941345
2025-04-13 23:30:00,41.41147327423096
2025-04-14 00:00:00,29.516806840896606
2025-04-14 00:30:00,18.0036678314209
2025-04-14 01:00:00,38.28718364238739
2025-04-14 01:30:00,49.73726963996887
2025-04-14 02:00:00,38.97109115123749
2025-04-14 02:30:00,30.55626404285431
2025-04-14 03:00:00,45.025529623031616
2025-04-14 03:30:00,35.46908926963806
2025-04-14 04:00:00,35.71950888633728
2025-04-14 04:30:00,33.76997494697571
2025-04-14 05:00:00,40.2304265499115
2025-04-14 05:30:00,43.13492810726166
2025-04-14 06:00:00,32.22910273075104
2025-04-14 06:30:00,49.7968053817749
2025-04-14 07:00:00,34.00108087062836
2025-04-14 07:30:00,46.98904752731323
2025-04-14 08:00:00,27.620477557182312
2025-04-14 08:30:00,19.71231257915497
2025-04-14 09:00:00,27.559006690979004
2025-04-14 09:30:00,20.66363024711609
2025-04-14 10:00:00,38.00997769832611
2025-04-14 10:30:00,17.963212966918945
2025-04-14 11:00:00,51.30261754989624
2025-04-14 11:30:00,38.35909116268158
2025-04-14 12:00:00,28.9914493560791
2025-04-14 12:30:00,30.823421359062195
2025-04-14 13:00:00,30.91077733039856
2025-04-14 13:30:00,32.3016060590744
2025-04-14 14:00:00,37.814021944999695
2025-04-14 14:30:00,30.959375739097595
2025-04-14 15:00:00,27.887577295303345
2025-04-14 15:30:00,24.41744613647461
2025-04-14 16:00:00,34.90185749530792
2025-04-14 16:30:00,21.542166709899902
2025-04-14 17:00:00,32.89733397960663
2025-04-14 17:30:00,31.895740628242493
2025-04-14 18:00:00,30.082038402557373
2025-04-14 18:30:00,33.81107318401337
2025-04-14 19:00:00,58.951255559921265
2025-04-14 19:30:00,44.92496573925018
2025-04-14 20:00:00,36.47860336303711
2025-04-14 20:30:00,20.778178095817566
2025-04-14 21:00:00,19.9331796169281
2025-04-14 21:30:00,24.647483110427856
2025-04-14 22:00:00,25.238637328147888
2025-04-14 22:30:00,28.146318197250366
2025-04-14 23:00:00,15.752934157848358
2025-04-14 23:30:00,30.77513086795807
2025-04-15 00:00:00,19.778542399406433
2025-04-15 00:30:00,24.706788539886475
2025-04-15 01:00:00,16.546594262123108
2025-04-15 01:30:00,28.674001336097717
2025-04-15 02:00:00,31.649691939353943
2025-04-15 02:30:00,28.24630880355835
2025-04-15 03:00:00,21.701244950294495
2025-04-15 03:30:00,13.257197588682175
2025-04-15 04:00:00,28.02107083797455
2025-04-15 04:30:00,27.632391214370728
2025-04-15 05:00:00,23.72297430038452
2025-04-15 05:30:00,24.7689528465271
2025-04-15 06:00:00,40.01585805416107
2025-04-15 06:30:00,35.631261706352234
2025-04-15 07:00:00,31.254788875579834
2025-04-15 07:30:00,35.642752289772034
2025-04-15 08:00:00,23.125401377677917
2025-04-15 08:30:00,42.575857400894165
2025-04-15 09:00:00,55.21051740646362
2025-04-15 09:30:00,33.50519335269928
2025-04-15 10:00:00,17.91178822517395
2025-04-15 10:30:00,16.120158433914185
2025-04-15 11:00:00,18.311705589294434
2025-04-15 11:30:00,27.776864647865295
2025-04-15 12:00:00,17.81088387966156
2025-04-15 12:30:00,29.480507612228394
2025-04-15 13:00:00,29.672610640525818
2025-04-15 13:30:00,33.63976585865021
2025-04-15 14:00:00,28.57549273967743
2025-04-15 14:30:00,33.77109146118164
2025-04-15 15:00:00,37.637319803237915
2025-04-15 15:30:00,28.08967137336731
2025-04-15 16:00:00,11.598037451505661
2025-04-15 16:30:00,30.178922295570374
2025-04-15 17:00:00,42.28288507461548
2025-04-15 17:30:00,26.07442080974579
2025-04-15 18:00:00,31.890746355056763
2025-04-15 18:30:00,32.1376086473465
2025-04-15 19:00:00,24.078018307685852
2025-04-15 19:30:00,30.969289183616638
2025-04-15 20:00:00,28.465673804283142
2025-04-15 20:30:00,32.10786330699921
2025-04-15 21:00:00,20.27345108985901
2025-04-15 21:30:00,26.826395630836487
2025-04-15 22:00:00,32.219584822654724
2025-04-15 22:30:00,15.648568868637085
2025-04-15 23:00:00,38.188284516334534
2025-04-15 23:30:00,42.466756939888
2025-04-16 00:00:00,15.210379600524902
2025-04-16 00:30:00,21.276992082595825
2025-04-16 01:00:00,13.88526999950409
2025-04-16 01:30:00,14.95972466468811
2025-04-16 02:00:00,18.067264080047607
2025-04-16 02:30:00,17.910516500473022
2025-04-16 03:00:00,34.61866593360901
2025-04-16 03:30:00,18.5964617729187
2025-04-16 04:00:00,28.039127826690674
2025-04-16 04:30:00,28.751306176185608
2025-04-16 05:00:00,23.501969575881958
2025-04-16 05:30:00,29.672287702560425
2025-04-16 06:00:00,28.670003414154053
2025-04-16 06:30:00,43.64855968952179
2025-04-16 07:00:00,23.405751585960388
2025-04-16 07:30:00,22.40419828891754
2025-04-16 08:00:00,29.03293812274933
2025-04-16 08:30:00,24.81283736228943
2025-04-16 09:00:00,30.31994605064392
2025-04-16 09:30:00,50.1241192817688
2025-04-16 10:00:00,42.52327859401703
2025-04-16 10:30:00,42.42565619945526
2025-04-16 11:00:00,37.04923224449158
2025-04-16 11:30:00,41.20657289028168
2025-04-16 12:00:00,28.155112624168396
2025-04-16 12:30:00,29.170594811439514
2025-04-16 13:00:00,37.70119893550873
2025-04-16 13:30:00,25.51690971851349
2025-04-16 14:00:00,34.42724883556366
2025-04-16 14:30:00,31.10640513896942
2025-04-16 15:00:00,20.232370376586914
2025-04-16 15:30:00,38.40352642536163
2025-04-16 16:00:00,45.29656219482422
2025-04-16 16:30:00,50.4443736076355
2025-04-16 17:00:00,29.637450456619263
2025-04-16 17:30:00,17.647407174110413
2025-04-16 18:00:00,32.71010756492615
2025-04-16 18:30:00,45.73094630241394
2025-04-16 19:00:00,24.52970588207245
2025-04-16 19:30:00,34.25926852226257
2025-04-16 20:00:00,48.58595323562622
2025-04-16 20:30:00,36.95943295955658
2025-04-16 21:00:00,26.17382311820984
2025-04-16 21:30:00,14.588036835193634
2025-04-16 22:00:00,31.40729570388794
2025-04-16 22:30:00,31.33511781692505
2025-04-16 23:00:00,30.369603395462036
2025-04-16 23:30:00,29.641979098320007
2025-04-17 00:00:00,26.44865083694458
2025-04-17 00:30:00,24.403627395629883
2025-04-17 01:00:00,31.597060561180115
2025-04-17 01:30:00,24.812541961669922
2025-04-17 02:00:00,18.430153727531433
2025-04-17 02:30:00,26.957130432128906
2025-04-17 03:00:00,10.27435353398323
2025-04-17 03:30:00,28.04962956905365
2025-04-17 04:00:00,35.54197061061859
2025-04-17 04:30:00,29.59964668750763
2025-04-17 05:00:00,31.826354026794434
2025-04-17 05:30:00,35.542824268341064
2025-04-17 06:00:00,39.11457574367523
2025-04-17 06:30:00,32.47020220756531
2025-04-17 07:00:00,44.93838894367218
2025-04-17 07:30:00,34.20920813083649
2025-04-17 08:00:00,34.22508466243744
2025-04-17 08:30:00,24.637972712516785
2025-04-17 09:00:00,24.716509222984314
2025-04-17 09:30:00,28.33939754962921
2025-04-17 10:00:00,19.049123167991638
2025-04-17 10:30:00,24.07327687740326
2025-04-17 11:00:00,30.158499598503113
2025-04-17 11:30:00,23.14675283432007
2025-04-17 12:00:00,30.636422753334045
2025-04-17 12:30:00,19.385534405708313
2025-04-17 13:00:00,34.344671845436096
2025-04-17 13:30:00,15.21806252002716
2025-04-17 14:00:00,26.610482811927795
2025-04-17 14:30:00,20.234230399131775
2025-04-17 15:00:00,19.61168110370636
2025-04-17 15:30:00,23.95094096660614
2025-04-17 16:00:00,15.561092734336853
2025-04-17 16:30:00,15.918474912643433
2025-04-17 17:00:00,30.264017701148987
2025-04-17 17:30:00,33.15235984325409
2025-04-17 18:00:00,29.404271721839905
2025-04-17 18:30:00,19.37990427017212
2025-04-17 19:00:00,21.906245470046997
2025-04-17 19:30:00,43.92979609966278
2025-04-17 20:00:00,27.779065132141113
2025-04-17 20:30:00,27.036107540130615
2025-04-17 21:00:00,23.069029927253723
2025-04-17 21:30:00,31.267876625061035
2025-04-17 22:00:00,30.533495664596558
2025-04-17 22:30:00,32.47462069988251
2025-04-17 23:00:00,44.607865691185
2025-04-17 23:30:00,38.817265033721924
2025-04-18 00:00:00,21.985538005828857
2025-04-18 00:30:00,40.58409368991852
2025-04-18 01:00:00,31.098937511444092
2025-04-18 01:30:00,29.189415335655212
2025-04-18 02:00:00,18.626755356788635
2025-04-18 02:30:00,17.164732575416565
2025-04-18 03:00:00,25.808965802192688
2025-04-18 03:30:00,28.041508555412292
2025-04-18 04:00:00,25.651244401931763
2025-04-18 04:30:00,27.804579734802246
2025-04-18 05:00:00,34.46398866176605
2025-04-18 05:30:00,30.407507300376892
2025-04-18 06:00:00,26.33656632900238
2025-04-18 06:30:00,45.93168354034424
2025-04-18 07:00:00,35.2449027299881
2025-04-18 07:30:00,38.696305990219116
2025-04-18 08:00:00,40.555482387542725
2025-04-18 08:30:00,23.034395456314087
2025-04-18 09:00:00,20.908479809761047
2025-04-18 09:30:00,39.45611894130707
2025-04-18 10:00:00,37.48043704032898
2025-04-18 10:30:00,50.48244524002075
2025-04-18 11:00:00,30.668596386909485
2025-04-18 11:30:00,26.525011897087097
2025-04-18 12:00:00,40.091533184051514
2025-04-18 12:30:00,28.644896864891052
2025-04-18 13:00:00,39.65279567241669
2025-04-18 13:30:00,32.39051914215088
2025-04-18 14:00:00,36.823899149894714
2025-04-18 14:30:00,21.275930643081665
2025-04-18 15:00:00,39.01635253429413
2025-04-18 15:30:00,35.606157660484314
2025-04-18 16:00:00,35.580572962760925
2025-04-18 16:30:00,31.716227173805237
2025-04-18 17:00:00,24.298131823539734
2025-04-18 17:30:00,30.790889739990234
2025-04-18 18:00:00,38.84254431724548
2025-04-18 18:30:00,34.38396513462067
2025-04-18 19:00:00,26.020430088043213
2025-04-18 19:30:00,25.57221221923828
2025-04-18 20:00:00,25.606784105300903
2025-04-18 20:30:00,50.09441900253296
2025-04-18 21:00:00,29.671178698539734
2025-04-18 21:30:00,34.37810969352722
2025-04-18 22:00:00,41.319140553474426
2025-04-18 22:30:00,37.77328670024872
2025-04-18 23:00:00,18.833120226860046
2025-04-18 23:30:00,47.32256484031677
2025-04-19 00:00:00,26.94565987586975
2025-04-19 00:30:00,22.316436767578125
2025-04-19 01:00:00,32.876062631607056
2025-04-19 01:30:00,30.236645579338074
2025-04-19 02:00:00,33.53039753437042
2025-04-19 02:30:00,14.975448489189148
2025-04-19 03:00:00,36.36270868778229
2025-04-19 03:30:00,28.680585265159607
2025-04-19 04:00:00,21.104523181915283
2025-04-19 04:30:00,25.462886452674866
2025-04-19 05:00:00,43.70584738254547
2025-04-19 05:30:00,42.36385238170624
2025-04-19 06:00:00,25.434057354927063
2025-04-19 06:30:00,25.702251076698303
2025-04-19 07:00:00,30.23207437992096
2025-04-19 07:30:00,34.52462589740753
2025-04-19 08:00:00,29.156893730163574
2025-04-19 08:30:00,28.453186869621277
2025-04-19 09:00:00,25.922637462615967
2025-04-19 09:30:00,31.851946234703064
2025-04-19 10:00:00,30.34482979774475
2025-04-19 10:30:00,36.932366251945496
2025-04-19 11:00:00,37.45298731327057
2025-04-19 11:30:00,54.28317975997925
2025-04-19 12:00:00,48.7399320602417
2025-04-19 12:30:00,45.3415732383728
2025-04-19 13:00:00,43.969369769096375
2025-04-19 13:30:00,25.1685848236084
2025-04-19 14:00:00,22.556772708892822
2025-04-19 14:30:00,28.584001779556274
2025-04-19 15:00:00,34.133748292922974
2025-04-19 15:30:00,40.14838778972626
2025-04-19 16:00:00,31.190499186515808
2025-04-19 16:30:00,37.44840109348297
2025-04-19 17:00:00,50.538451194763184
2025-04-19 17:30:00,34.47524642944336
2025-04-19 18:00:00,47.69770359992981
2025-04-19 18:30:00,36.838979601860046
2025-04-19 19:00:00,28.699846386909485
2025-04-19 19:30:00,29.308311581611633
2025-04-19 20:00:00,45.801947593688965
2025-04-19 20:30:00,37.55476534366608
2025-04-19 21:00:00,34.5158314704895
2025-04-19 21:30:00,27.354984998703003
2025-04-19 22:00:00,33.778313755989075
2025-04-19 22:30:00,37.62435722351074
2025-04-19 23:00:00,32.551229596138
2025-04-19 23:30:00,37.44551718235016
2025-04-20 00:00:00,29.664194226264954
2025-04-20 00:30:00,37.900246381759644
2025-04-20 01:00:00,25.626005172729492
2025-04-20 01:30:00,35.67640292644501
2025-04-20 02:00:00,31.170066475868225
2025-04-20 02:30:00,32.718934535980225
2025-04-20 03:00:00,36.055870056152344
2025-04-20 03:30:00,27.53702938556671
2025-04-20 04:00:00,30.390226364135742
2025-04-20 04:30:00,41.28829371929169
2025-04-20 05:00:00,30.391262769699097
2025-04-20 05:30:00,57.39063906669617
2025-04-20 06:00:00,38.76930749416351
2025-04-20 06:30:00,35.974106669425964
2025-04-20 07:00:00,32.85264587402344
2025-04-20 07:30:00,38.8744500875473
2025-04-20 08:00:00,26.38138210773468
2025-04-20 08:30:00,44.8875550031662
2025-04-20 09:00:00,34.440354108810425
2025-04-20 09:30:00,25.168219327926636
2025-04-20 10:00:00,39.55821239948273
2025-04-20 10:30:00,27.512461066246033
2025-04-20 11:00:00,25.03569209575653
2025-04-20 11:30:00,22.82777774333954
2025-04-20 12:00:00,30.575695395469666
2025-04-20 12:30:00,39.2564080953598
2025-04-20 13:00:00,32.65888059139252
2025-04-20 13:30:00,27.300133109092712
2025-04-20 14:00:00,27.73498785495758
2025-04-20 14:30:00,24.301195979118347
2025-04-20 15:00:00,31.02758824825287
2025-04-20 15:30:00,36.47992765903473
2025-04-20 16:00:00,31.599939465522766
2025-04-20 16:30:00,16.59995663166046
2025-04-20 17:00:00,8.996358454227448
2025-04-20 17:30:00,35.300628304481506
2025-04-20 18:00:00,26.96094059944153
2025-04-20 18:30:00,29.941540360450745
2025-04-20 19:00:00,44.296653628349304
2025-04-20 19:30:00,25.31147861480713
2025-04-20 20:00:00,29.194412112236023
2025-04-20 20:30:00,25.177952527999878
2025-04-20 21:00:00,20.215855479240417
2025-04-20 21:30:00,32.20997178554535
2025-04-20 22:00:00,25.811904788017273
2025-04-20 22:30:00,31.887391805648804
2025-04-20 23:00:00,27.329302668571472
2025-04-20 23:30:00,23.159432530403137
2025-04-21 00:00:00,18.370640516281128
2025-04-21 00:30:00,27.67642843723297
2025-04-21 01:00:00,22.414680004119873
2025-04-21 01:30:00,18.277323961257935
2025-04-21 02:00:00,32.220113039016724
2025-04-21 02:30:00,27.70214831829071
2025-04-21 03:00:00,26.260025024414062
2025-04-21 03:30:00,35.03089249134064
2025-04-21 04:00:00,34.35949194431305
2025-04-21 04:30:00,36.06499242782593
2025-04-21 05:00:00,17.234950304031372
2025-04-21 05:30:00,34.431739926338196
2025-04-21 06:00:00,30.226576924324036
2025-04-21 06:30:00,34.813339948654175
2025-04-21 07:00:00,32.992878556251526
2025-04-21 07:30:00,25.43545424938202
2025-04-21 08:00:00,30.38168227672577
2025-04-21 08:30:00,19.500142335891724
2025-04-21 09:00:00,17.73221719264984
2025-04-21 09:30:00,34.867568492889404
2025-04-21 10:00:00,35.121360182762146
2025-04-21 10:30:00,30.072512984275818
2025-04-21 11:00:00,36.08096158504486
2025-04-21 11:30:00,31.80760359764099
2025-04-21 12:00:00,39.07341492176056
2025-04-21 12:30:00,35.018906235694885
2025-04-21 13:00:00,37.481130480766296
2025-04-21 13:30:00,26.515821933746338
2025-04-21 14:00:00,32.87745702266693
2025-04-21 14:30:00,40.80664300918579
2025-04-21 15:00:00,26.27389132976532
2025-04-21 15:30:00,16.834704995155334
2025-04-21 16:00:00,26.558449745178223
2025-04-21 16:30:00,35.413951992988586
2025-04-21 17:00:00,26.67233419418335
2025-04-21 17:30:00,21.132020473480225
2025-04-21 18:00:00,25.42918825149536
2025-04-21 18:30:00,28.533227920532227
2025-04-21 19:00:00,33.557198882102966
2025-04-21 19:30:00,38.57791793346405
2025-04-21 20:00:00,21.588048934936523
2025-04-21 20:30:00,28.70901381969452
2025-04-21 21:00:00,29.896644473075867
2025-04-21 21:30:00,21.355365872383118
2025-04-21 22:00:00,17.707002997398376
2025-04-21 22:30:00,37.22352612018585
2025-04-21 23:00:00,36.7623006105423
2025-04-21 23:30:00,26.806643843650818
2025-04-22 00:00:00,12.236351251602173
2025-04-22 00:30:00,26.83746314048767
2025-04-22 01:00:00,30.255526185035706
2025-04-22 01:30:00,28.986545205116272
2025-04-22 02:00:00,36.79193329811096
2025-04-22 02:30:00,53.58348083496094
2025-04-22 03:00:00,34.01942574977875
2025-04-22 03:30:00,24.751902222633362
2025-04-22 04:00:00,25.95580494403839
2025-04-22 04:30:00,31.289408326148987
2025-04-22 05:00:00,29.87297236919403
2025-04-22 05:30:00,29.366307735443115
2025-04-22 06:00:00,37.32742953300476
2025-04-22 06:30:00,52.38765907287598
2025-04-22 07:00:00,41.46889364719391
2025-04-22 07:30:00,39.20706367492676
2025-04-22 08:00:00,38.70896065235138
2025-04-22 08:30:00,21.41186249256134
2025-04-22 09:00:00,17.1250262260437
2025-04-22 09:30:00,30.96235978603363
2025-04-22 10:00:00,27.957224249839783
2025-04-22 10:30:00,36.29712474346161
2025-04-22 11:00:00,36.455023884773254
2025-04-22 11:30:00,35.02178764343262
2025-04-22 12:00:00,27.07214641571045
2025-04-22 12:30:00,41.49193489551544
2025-04-22 13:00:00,25.380236864089966
2025-04-22 13:30:00,22.804646372795105
2025-04-22 14:00:00,41.50067174434662
2025-04-22 14:30:00,39.40991127490997
2025-04-22 15:00:00,41.42258834838867
2025-04-22 15:30:00,27.458297610282898
2025-04-22 16:00:00,30.43189537525177
2025-04-22 16:30:00,25.33491039276123
2025-04-22 17:00:00,33.55464541912079
2025-04-22 17:30:00,25.709984064102173
2025-04-22 18:00:00,34.85569739341736
2025-04-22 18:30:00,30.742529153823853
2025-04-22 19:00:00,30.917922019958496
2025-04-22 19:30:00,30.56210696697235
2025-04-22 20:00:00,33.17088496685028
2025-04-22 20:30:00,27.487226843833923
2025-04-22 21:00:00,32.72098481655121
2025-04-22 21:30:00,36.86391091346741
2025-04-22 22:00:00,34.10439097881317
2025-04-22 22:30:00,43.5273277759552
2025-04-22 23:00:00,41.23293614387512
2025-04-22 23:30:00,47.51274275779724
2025-04-23 00:00:00,12.897427797317505
2025-04-23 00:30:00,10.719451546669006
2025-04-23 01:00:00,24.054483890533447
2025-04-23 01:30:00,25.34600794315338
2025-04-23 02:00:00,26.061530828475952
2025-04-23 02:30:00,25.631730437278748
2025-04-23 03:00:00,28.694504141807556
2025-04-23 03:30:00,22.36931848526001
2025-04-23 04:00:00,45.43810415267944
2025-04-23 04:30:00,47.76577091217041
2025-04-23 05:00:00,39.06673836708069
2025-04-23 05:30:00,39.36767399311066
2025-04-23 06:00:00,35.10403668880463
2025-04-23 06:30:00,45.66857171058655
2025-04-23 07:00:00,35.91657114028931
2025-04-23 07:30:00,28.01034128665924
2025-04-23 08:00:00,30.730973482131958
2025-04-23 08:30:00,33.58188486099243
2025-04-23 09:00:00,33.993685841560364
2025-04-23 09:30:00,38.35930895805359
2025-04-23 10:00:00,52.10578680038452
2025-04-23 10:30:00,44.25107181072235
2025-04-23 11:00:00,34.94247257709503
2025-04-23 11:30:00,25.918244004249573
2025-04-23 12:00:00,27.91508710384369
2025-04-23 12:30:00,31.51010763645172
2025-04-23 13:00:00,30.749210715293884
2025-04-23 13:30:00,35.98833096027374
2025-04-23 14:00:00,27.758159279823303
2025-04-23 14:30:00,16.781850814819336
2025-04-23 15:00:00,25.891192317008972
2025-04-23 15:30:00,20.208415389060974
2025-04-23 16:00:00,25.41597282886505
2025-04-23 16:30:00,21.32041847705841
2025-04-23 17:00:00,16.131689071655273
2025-04-23 17:30:00,12.352365463972092
2025-04-23 18:00:00,25.647887349128723
2025-04-23 18:30:00,18.798165321350098
2025-04-23 19:00:00,22.806461334228516
2025-04-23 19:30:00,37.50487768650055
2025-04-23 20:00:00,46.04292440414429
2025-04-23 20:30:00,36.84700298309326
2025-04-23 21:00:00,35.919299840927124
2025-04-23 21:30:00,34.98133027553558
2025-04-23 22:00:00,40.06558048725128
2025-04-23 22:30:00,31.63805115222931
2025-04-23 23:00:00,29.795692563056946
2025-04-23 23:30:00,30.333444356918335
2025-04-24 00:00:00,27.691028237342834
2025-04-24 00:30:00,29.78289020061493
2025-04-24 01:00:00,45.05948567390442
2025-04-24 01:30:00,27.62523651123047
2025-04-24 02:00:00,35.73005568981171
2025-04-24 02:30:00,46.48712182044983
2025-04-24 03:00:00,30.454676270484924
2025-04-24 03:30:00,32.53428661823273
2025-04-24 04:00:00,39.806644320487976
2025-04-24 04:30:00,45.133991718292236
2025-04-24 05:00:00,44.45702612400055
2025-04-24 05:30:00,38.62358236312866
2025-04-24 06:00:00,33.61249887943268
2025-04-24 06:30:00,46.838968992233276
2025-04-24 07:00:00,50.08263301849365
2025-04-24 07:30:00,56.188183307647705
2025-04-24 08:00:00,50.558528423309326
2025-04-24 08:30:00,38.578421115875244
2025-04-24 09:00:00,38.277310252189636
2025-04-24 09:30:00,33.36517095565796
2025-04-24 10:00:00,22.51531147956848
2025-04-24 10:30:00,21.874414801597595
2025-04-24 11:00:00,29.50943434238434
2025-04-24 11:30:00,18.058557271957397
2025-04-24 12:00:00,31.040385603904724
2025-04-24 12:30:00,29.462756037712097
2025-04-24 13:00:00,30.671830773353577
2025-04-24 13:30:00,34.81448149681091
2025-04-24 14:00:00,28.60798680782318
2025-04-24 14:30:00,20.119745135307312
2025-04-24 15:00:00,22.799128890037537
2025-04-24 15:30:00,31.709362864494324
2025-04-24 16:00:00,31.38634979724884
2025-04-24 16:30:00,24.78689217567444
2025-04-24 17:00:00,16.463045954704285
2025-04-24 17:30:00,29.5464745759964
2025-04-24 18:00:00,37.38302743434906
2025-04-24 18:30:00,40.231911063194275
2025-04-24 19:00:00,35.358917355537415
2025-04-24 19:30:00,38.13504731655121
2025-04-24 20:00:00,35.96361243724823
2025-04-24 20:30:00,45.443065881729126
2025-04-24 21:00:00,46.6965057849884
2025-04-24 21:30:00,38.348336577415466
2025-04-24 22:00:00,35.828609347343445
2025-04-24 22:30:00,33.77125918865204
2025-04-24 23:00:00,34.40182185173035
2025-04-24 23:30:00,20.83998692035675
2025-04-25 00:00:00,4.9149104207754135
2025-04-25 00:30:00,17.977707624435425
2025-04-25 01:00:00,23.06888973712921
2025-04-25 01:30:00,18.16208016872406
2025-04-25 02:00:00,25.396135926246643
2025-04-25 02:30:00,32.66853868961334
2025-04-25 03:00:00,36.042754769325256
2025-04-25 03:30:00,30.89813268184662
2025-04-25 04:00:00,36.40951716899872
2025-04-25 04:30:00,19.4481418132782
2025-04-25 05:00:00,24.985328793525696
2025-04-25 05:30:00,32.91492283344269
2025-04-25 06:00:00,26.14014494419098
2025-04-25 06:30:00,31.541910767555237
2025-04-25 07:00:00,29.483611822128296
2025-04-25 07:30:00,23.628153204917908
2025-04-25 08:00:00,22.85739290714264
2025-04-25 08:30:00,28.927908182144165
2025-04-25 09:00:00,24.56317377090454
2025-04-25 09:30:00,31.077833890914917
2025-04-25 10:00:00,28.149580121040344
2025-04-25 10:30:00,24.51985251903534
2025-04-25 11:00:00,37.44021999835968
2025-04-25 11:30:00,38.0497967004776
2025-04-25 12:00:00,12.48088225722313
2025-04-25 12:30:00,18.57003343105316
2025-04-25 13:00:00,17.01537001132965
2025-04-25 13:30:00,27.295056223869324
2025-04-25 14:00:00,27.46691930294037
2025-04-25 14:30:00,40.06163763999939
2025-04-25 15:00:00,40.56761634349823
2025-04-25 15:30:00,37.26599872112274
2025-04-25 16:00:00,48.667338609695435
2025-04-25 16:30:00,40.666725754737854
2025-04-25 17:00:00,40.72425127029419
2025-04-25 17:30:00,16.965039253234863
2025-04-25 18:00:00,41.51867115497589
2025-04-25 18:30:00,45.81855010986328
2025-04-25 19:00:00,35.53873121738434
2025-04-25 19:30:00,57.76988339424133
2025-04-25 20:00:00,38.567689061164856
2025-04-25 20:30:00,33.06733953952789
2025-04-25 21:00:00,28.329959750175476
2025-04-25 21:30:00,33.91644608974457
2025-04-25 22:00:00,33.600026965141296
2025-04-25 22:30:00,35.02617609500885
2025-04-25 23:00:00,28.81544315814972
2025-04-25 23:30:00,34.07866108417511
2025-04-26 00:00:00,7.098573759198189
2025-04-26 00:30:00,25.33844769001007
2025-04-26 01:00:00,17.12541925907135
2025-04-26 01:30:00,9.382388859987259
2025-04-26 02:00:00,24.328370332717896
2025-04-26 02:30:00,39.0711168050766
2025-04-26 03:00:00,40.49220407009125
2025-04-26 03:30:00,43.48904836177826
2025-04-26 04:00:00,49.83887243270874
2025-04-26 04:30:00,31.23518478870392
2025-04-26 05:00:00,31.094766855239868
2025-04-26 05:30:00,38.42534852027893
2025-04-26 06:00:00,42.355483531951904
2025-04-26 06:30:00,54.03568410873413
2025-04-26 07:00:00,26.112462401390076
2025-04-26 07:30:00,39.162585854530334
2025-04-26 08:00:00,29.192201614379883
2025-04-26 08:30:00,37.384859919548035
2025-04-26 09:00:00,36.71993064880371
2025-04-26 09:30:00,21.140897512435913
2025-04-26 10:00:00,33.47703266143799
2025-04-26 10:30:00,36.57155442237854
2025-04-26 11:00:00,44.80324566364288
2025-04-26 11:30:00,38.54981482028961
2025-04-26 12:00:00,29.989225029945374
2025-04-26 12:30:00,18.60286045074463
2025-04-26 13:00:00,40.42409670352936
2025-04-26 13:30:00,41.59968602657318
2025-04-26 14:00:00,36.805023550987244
2025-04-26 14:30:00,34.234572529792786
2025-04-26 15:00:00,36.086156129837036
2025-04-26 15:30:00,26.819979429244995
2025-04-26 16:00:00,30.920052409172058
2025-04-26 16:30:00,21.323497653007507
2025-04-26 17:00:00,28.178609490394592
2025-04-26 17:30:00,33.21680974960327
2025-04-26 18:00:00,29.67226266860962
2025-04-26 18:30:00,28.308530688285828
2025-04-26 19:00:00,15.76208782196045
2025-04-26 19:30:00,30.96351134777069
2025-04-26 20:00:00,27.795239567756653
2025-04-26 20:30:00,29.814876079559326
2025-04-26 21:00:00,28.114322304725647
2025-04-26 21:30:00,10.473957359790802
2025-04-26 22:00:00,29.457939505577087
2025-04-26 22:30:00,35.24331307411194
2025-04-26 23:00:00,38.96198880672455
2025-04-26 23:30:00,16.826761722564697
2025-04-27 00:00:00,22.637790083885193
2025-04-27 00:30:00,25.73512065410614
2025-04-27 01:00:00,28.85128927230835
2025-04-27 01:30:00,32.3710777759552
2025-04-27 02:00:00,39.18599510192871
2025-04-27 02:30:00,15.627430200576782
2025-04-27 03:00:00,17.8258216381073
2025-04-27 03:30:00,23.013714909553528
2025-04-27 04:00:00,25.624513149261475
2025-04-27 04:30:00,23.609938502311707
2025-04-27 05:00:00,35.61329984664917
2025-04-27 05:30:00,34.40281319618225
2025-04-27 06:00:00,33.96781075000763
2025-04-27 06:30:00,40.980706572532654
2025-04-27 07:00:00,36.811792731285095
2025-04-27 07:30:00,48.50713133811951
2025-04-27 08:00:00,39.82898962497711
2025-04-27 08:30:00,49.74437427520752
2025-04-27 09:00:00,37.91451323032379
2025-04-27 09:30:00,25.371139526367188
2025-04-27 10:00:00,19.938937425613403
2025-04-27 10:30:00,23.443347573280334
2025-04-27 11:00:00,38.944377422332764
2025-04-27 11:30:00,32.94529902935028
2025-04-27 12:00:00,35.791173577308655
2025-04-27 12:30:00,23.648563385009766
2025-04-27 13:00:00,30.26854634284973
2025-04-27 13:30:00,44.22322654724121
2025-04-27 14:00:00,21.41433584690094
2025-04-27 14:30:00,21.1162691116333
2025-04-27 15:00:00,33.424558997154236
2025-04-27 15:30:00,13.798390924930573
2025-04-27 16:00:00,28.13192117214203
2025-04-27 16:30:00,30.001521706581116
2025-04-27 17:00:00,31.15788996219635
2025-04-27 17:30:00,25.10131859779358
2025-04-27 18:00:00,31.87314999103546
2025-04-27 18:30:00,32.73172187805176
2025-04-27 19:00:00,29.839396834373474
2025-04-27 19:30:00,37.834264397621155
2025-04-27 20:00:00,35.30197262763977
2025-04-27 20:30:00,26.661699771881104
2025-04-27 21:00:00,35.137131571769714
2025-04-27 21:30:00,34.46872007846832
2025-04-27 22:00:00,34.1532222032547
2025-04-27 22:30:00,37.8672616481781
2025-04-27 23:00:00,29.34564471244812
2025-04-27 23:30:00,40.31824314594269
2025-04-28 00:00:00,22.79759430885315
2025-04-28 00:30:00,28.58711349964142
2025-04-28 01:00:00,16.636781573295593
2025-04-28 01:30:00,4.792881019413471
2025-04-28 02:00:00,35.116628766059875
2025-04-28 02:30:00,42.1817729473114
2025-04-28 03:00:00,43.69045901298523
2025-04-28 03:30:00,48.56839442253113
2025-04-28 04:00:00,37.748342871665955
2025-04-28 04:30:00,53.89118814468384
2025-04-28 05:00:00,32.11207401752472
2025-04-28 05:30:00,34.48081648349762
2025-04-28 06:00:00,31.594406962394714
2025-04-28 06:30:00,22.375163912773132
2025-04-28 07:00:00,33.20929205417633
2025-04-28 07:30:00,35.035789132118225
2025-04-28 08:00:00,37.143232226371765
2025-04-28 08:30:00,43.46692085266113
2025-04-28 09:00:00,40.42927122116089
2025-04-28 09:30:00,25.663310766220093
2025-04-28 10:00:00,37.81205427646637
2025-04-28 10:30:00,33.24070465564728
2025-04-28 11:00:00,21.903181314468384
2025-04-28 11:30:00,23.078062176704407
2025-04-28 12:00:00,28.73266088962555
2025-04-28 12:30:00,21.932438492774963
2025-04-28 13:00:00,25.84861958026886
2025-04-28 13:30:00,31.391046166419983
2025-04-28 14:00:00,13.601854383945465
2025-04-28 14:30:00,6.9861465990543365
2025-04-28 15:00:00,8.984048008918762
2025-04-28 15:30:00,35.23832380771637
2025-04-28 16:00:00,19.3785799741745
2025-04-28 16:30:00,24.11261522769928
2025-04-28 17:00:00,18.484091877937317
2025-04-28 17:30:00,31.635910749435425
2025-04-28 18:00:00,31.309598207473755
2025-04-28 18:30:00,37.77360212802887
2025-04-28 19:00:00,33.291743874549866
2025-04-28 19:30:00,36.40957224369049
2025-04-28 20:00:00,33.393259048461914
2025-04-28 20:30:00,37.27928173542023
2025-04-28 21:00:00,28.999277472496033
2025-04-28 21:30:00,18.163684844970703
2025-04-28 22:00:00,21.804582595825195
2025-04-28 22:30:00,24.673783779144287
2025-04-28 23:00:00,34.30021154880524
2025-04-28 23:30:00,21.3707492351532
2025-04-29 00:00:00,28.40276348590851
2025-04-29 00:30:00,24.86924386024475
2025-04-29 01:00:00,32.63185894489288
2025-04-29 01:30:00,32.100252985954285
2025-04-29 02:00:00,39.00611865520477
2025-04-29 02:30:00,31.240128993988037
2025-04-29 03:00:00,34.33117604255676
2025-04-29 03:30:00,41.549665689468384
2025-04-29 04:00:00,24.76608896255493
2025-04-29 04:30:00,22.996148586273193
2025-04-29 05:00:00,22.400453209877014
2025-04-29 05:30:00,29.248242616653442
2025-04-29 06:00:00,27.231545090675354
2025-04-29 06:30:00,27.092724323272705
2025-04-29 07:00:00,21.481839895248413
2025-04-29 07:30:00,22.468640685081482
2025-04-29 08:00:00,25.30706262588501
2025-04-29 08:30:00,27.67571496963501
2025-04-29 09:00:00,39.317505955696106
2025-04-29 09:30:00,51.5057430267334
2025-04-29 10:00:00,37.191059589385986
2025-04-29 10:30:00,42.386861085891724
2025-04-29 11:00:00,47.56276059150696
2025-04-29 11:30:00,27.02092945575714
2025-04-29 12:00:00,36.21867334842682
2025-04-29 12:30:00,26.2588609457016
2025-04-29 13:00:00,32.435452580451965
2025-04-29 13:30:00,31.961159348487854
2025-04-29 14:00:00,29.04850423336029
2025-04-29 14:30:00,42.19305074214935
2025-04-29 15:00:00,30.905627846717834
2025-04-29 15:30:00,29.50611984729767
2025-04-29 16:00:00,39.97134518623352
2025-04-29 16:30:00,25.420378804206848
2025-04-29 17:00:00,36.87880861759186
2025-04-29 17:30:00,44.03994297981262
2025-04-29 18:00:00,38.91885530948639
2025-04-29 18:30:00,46.70264911651611
2025-04-29 19:00:00,34.09248983860016
2025-04-29 19:30:00,30.385111927986145
2025-04-29 20:00:00,40.40484309196472
2025-04-29 20:30:00,31.724338173866272
2025-04-29 21:00:00,34.72486746311188
2025-04-29 21:30:00,15.272576451301575
2025-04-29 22:00:00,21.126933574676514
2025-04-29 22:30:00,32.91733360290527
2025-04-29 23:00:00,25.876742720603943
2025-04-29 23:30:00,27.55920696258545
2025-04-30 00:00:00,26.64501714706421
2025-04-30 00:30:00,40.21005141735077
2025-04-30 01:00:00,41.70198726654053
2025-04-30 01:30:00,44.89927840232849
2025-04-30 02:00:00,33.998069286346436
2025-04-30 02:30:00,42.7463561296463
2025-04-30 03:00:00,48.80375361442566
2025-04-30 03:30:00,46.26084494590759
2025-04-30 04:00:00,37.21265637874603
2025-04-30 04:30:00,40.50211250782013
2025-04-30 05:00:00,37.1545375585556
2025-04-30 05:30:00,28.27817952632904
2025-04-30 06:00:00,31.33038640022278
2025-04-30 06:30:00,29.76291310787201
2025-04-30 07:00:00,18.23262333869934
2025-04-30 07:30:00,13.402995318174362
2025-04-30 08:00:00,40.74218308925629
2025-04-30 08:30:00,24.747328519821167
2025-04-30 09:00:00,26.181723833084106
2025-04-30 09:30:00,41.2955185174942
2025-04-30 10:00:00,35.35955321788788
2025-04-30 10:30:00,34.60806155204773
2025-04-30 11:00:00,31.491159439086914
2025-04-30 11:30:00,41.28561758995056
2025-04-30 12:00:00,30.46791422367096
2025-04-30 12:30:00,30.708385348320007
2025-04-30 13:00:00,32.897544264793396
2025-04-30 13:30:00,30.00052034854889
2025-04-30 14:00:00,39.42850649356842
2025-04-30 14:30:00,32.26603031158447
2025-04-30 15:00:00,56.304641246795654
2025-04-30 15:30:00,31.603026151657104
2025-04-30 16:00:00,34.939708828926086
2025-04-30 16:30:00,27.34643840789795
2025-04-30 17:00:00,29.927013158798218
2025-04-30 17:30:00,42.76439809799194
2025-04-30 18:00:00,30.68223738670349
2025-04-30 18:30:00,27.410057187080383
2025-04-30 19:00:00,29.92278492450714
2025-04-30 19:30:00,18.40410339832306
2025-04-30 20:00:00,26.926401257514954
2025-04-30 20:30:00,22.808449029922485
2025-04-30 21:00:00,28.23296320438385
2025-04-30 21:30:00,29.340585350990295
2025-04-30 22:00:00,39.47640895843506
2025-04-30 22:30:00,30.213328957557678
2025-04-30 23:00:00,26.01401388645172
2025-04-30 23:30:00,36.67546784877777
2025-05-01 00:00:00,26.329784631729126
2025-05-01 00:30:00,29.003963828086853
2025-05-01 01:00:00,47.608757972717285
2025-05-01 01:30:00,41.042152404785156
2025-05-01 02:00:00,46.65992617607117
2025-05-01 02:30:00,35.63097631931305
2025-05-01 03:00:00,44.921838998794556
2025-05-01 03:30:00,20.314306497573853
2025-05-01 04:00:00,21.606473922729492
2025-05-01 04:30:00,28.139952063560486
2025-05-01 05:00:00,26.5420024394989
2025-05-01 05:30:00,17.620553255081177
2025-05-01 06:00:00,15.619261622428894
2025-05-01 06:30:00,14.030096411705017
2025-05-01 07:00:00,26.500305891036987
2025-05-01 07:30:00,20.8120014667511
2025-05-01 08:00:00,21.408835887908936
2025-05-01 08:30:00,31.98120152950287
2025-05-01 09:00:00,38.656922578811646
2025-05-01 09:30:00,23.21173596382141
2025-05-01 10:00:00,25.29941976070404
2025-05-01 10:30:00,34.72226643562317
2025-05-01 11:00:00,35.917539954185486
2025-05-01 11:30:00,36.640475392341614
2025-05-01 12:00:00,37.38898551464081
2025-05-01 12:30:00,37.63281869888306
2025-05-01 13:00:00,26.168671131134033
2025-05-01 13:30:00,47.10086417198181
2025-05-01 14:00:00,31.69029700756073
2025-05-01 14:30:00,41.65575456619263
2025-05-01 15:00:00,33.12522053718567
2025-05-01 15:30:00,28.634615421295166
2025-05-01 16:00:00,22.077545285224915
2025-05-01 16:30:00,34.434393525123596
2025-05-01 17:00:00,38.26898145675659
2025-05-01 17:30:00,21.838388442993164
2025-05-01 18:00:00,41.754040360450745
2025-05-01 18:30:00,26.554874897003174
2025-05-01 19:00:00,17.94542634487152
2025-05-01 19:30:00,38.64271581172943
2025-05-01 20:00:00,31.53383231163025
2025-05-01 20:30:00,41.535040855407715
2025-05-01 21:00:00,33.11960792541504
2025-05-01 21:30:00,33.80144512653351
2025-05-01 22:00:00,27.976808309555054
2025-05-01 22:30:00,26.86344838142395
2025-05-01 23:00:00,18.002321004867554
2025-05-01 23:30:00,31.180055022239685
2025-05-02 00:00:00,18.681562185287476
2025-05-02 00:30:00,22.401860117912292
2025-05-02 01:00:00,35.94627392292023
2025-05-02 01:30:00,47.34116005897522
2025-05-02 02:00:00,34.738112926483154
2025-05-02 02:30:00,42.383734345436096
2025-05-02 03:00:00,47.81853747367859
2025-05-02 03:30:00,26.748034358024597
2025-05-02 04:00:00,30.81667721271515
2025-05-02 04:30:00,27.193541049957275
2025-05-02 05:00:00,10.695807605981827
2025-05-02 05:30:00,27.359513640403748
2025-05-02 06:00:00,43.27235448360443
2025-05-02 06:30:00,46.35295486450195
2025-05-02 07:00:00,30.44046700000763
2025-05-02 07:30:00,20.649783968925476
2025-05-02 08:00:00,19.89035403728485
2025-05-02 08:30:00,27.061965107917786
2025-05-02 09:00:00,25.126104712486267
2025-05-02 09:30:00,31.161547422409058
2025-05-02 10:00:00,29.285165190696716
2025-05-02 10:30:00,32.3457008600235
2025-05-02 11:00:00,48.04832410812378
2025-05-02 11:30:00,27.85798215866089
2025-05-02 12:00:00,33.086933612823486
2025-05-02 12:30:00,23.181880474090576
2025-05-02 13:00:00,33.11797821521759
2025-05-02 13:30:00,33.086703300476074
2025-05-02 14:00:00,29.197120785713196
2025-05-02 14:30:00,42.664207220077515
2025-05-02 15:00:00,22.785825848579407
2025-05-02 15:30:00,31.024969696998596
2025-05-02 16:00:00,36.70021390914917
2025-05-02 16:30:00,34.280492305755615
2025-05-02 17:00:00,31.147182941436768
2025-05-02 17:30:00,45.32435989379883
2025-05-02 18:00:00,39.69454729557037
2025-05-02 18:30:00,31.198039412498474
2025-05-02 19:00:00,26.09510886669159
2025-05-02 19:30:00,20.48733615875244
2025-05-02 20:00:00,12.42961522936821
2025-05-02 20:30:00,22.395806908607483
2025-05-02 21:00:00,26.219074487686157
2025-05-02 21:30:00,30.945486903190613
2025-05-02 22:00:00,41.103668332099915
2025-05-02 22:30:00,41.021637082099915
2025-05-02 23:00:00,40.31339156627655
2025-05-02 23:30:00,42.31243014335632
2025-05-03 00:00:00,9.77536055445671
2025-05-03 00:30:00,26.068355083465576
2025-05-03 01:00:00,25.622084856033325
2025-05-03 01:30:00,23.364140152931213
2025-05-03 02:00:00,28.29686737060547
2025-05-03 02:30:00,31.524216771125793
2025-05-03 03:00:00,26.19163978099823
2025-05-03 03:30:00,26.427945256233215
2025-05-03 04:00:00,39.765583634376526
2025-05-03 04:30:00,44.55465352535248
2025-05-03 05:00:00,29.75323498249054
2025-05-03 05:30:00,35.975263237953186
2025-05-03 06:00:00,43.253318667411804
2025-05-03 06:30:00,46.34808325767517
2025-05-03 07:00:00,24.17727041244507
2025-05-03 07:30:00,33.74433517456055
2025-05-03 08:00:00,37.16381013393402
2025-05-03 08:30:00,22.925182342529297
2025-05-03 09:00:00,29.316319942474365
2025-05-03 09:30:00,38.36327683925629
2025-05-03 10:00:00,28.988022208213806
2025-05-03 10:30:00,17.026880621910095
2025-05-03 11:00:00,26.39874565601349
2025-05-03 11:30:00,42.874064326286316
2025-05-03 12:00:00,34.31736981868744
2025-05-03 12:30:00,29.29667329788208
2025-05-03 13:00:00,23.196457743644714
2025-05-03 13:30:00,51.93208122253418
2025-05-03 14:00:00,43.793336033821106
2025-05-03 14:30:00,55.018136501312256
2025-05-03 15:00:00,54.61174535751343
2025-05-03 15:30:00,36.404635548591614
2025-05-03 16:00:00,42.255863428115845
2025-05-03 16:30:00,23.35971164703369
2025-05-03 17:00:00,32.4107791185379
2025-05-03 17:30:00,37.420267939567566
2025-05-03 18:00:00,33.410417318344116
2025-05-03 18:30:00,23.522467374801636
2025-05-03 19:00:00,33.252543210983276
2025-05-03 19:30:00,41.12670457363129
2025-05-03 20:00:00,30.251575827598572
2025-05-03 20:30:00,27.844391226768494
2025-05-03 21:00:00,21.08673906326294
2025-05-03 21:30:00,38.342941761016846
2025-05-03 22:00:00,25.026830077171326
2025-05-03 22:30:00,29.036978602409363
2025-05-03 23:00:00,29.94470465183258
2025-05-03 23:30:00,49.245277404785156
2025-05-04 00:00:00,5.9463824182748795
2025-05-04 00:30:00,16.345302522182465
2025-05-04 01:00:00,30.7648344039917
2025-05-04 01:30:00,32.80584990978241
2025-05-04 02:00:00,45.12825894355774
2025-05-04 02:30:00,27.042436122894287
2025-05-04 03:00:00,14.441426753997803
2025-05-04 03:30:00,23.076905608177185
2025-05-04 04:00:00,42.63158297538757
2025-05-04 04:30:00,35.16521465778351
2025-05-04 05:00:00,46.44487953186035
2025-05-04 05:30:00,39.34496819972992
2025-05-04 06:00:00,38.37684524059296
2025-05-04 06:30:00,29.120782256126404
2025-05-04 07:00:00,18.83781909942627
2025-05-04 07:30:00,24.17860722541809
2025-05-04 08:00:00,34.78283357620239
2025-05-04 08:30:00,29.078970551490784
2025-05-04 09:00:00,26.180880188941956
2025-05-04 09:30:00,34.865448117256165
2025-05-04 10:00:00,25.556723713874817
2025-05-04 10:30:00,25.33955419063568
2025-05-04 11:00:00,33.34759712219238
2025-05-04 11:30:00,35.1307053565979
2025-05-04 12:00:00,39.08673548698425
2025-05-04 12:30:00,37.05319011211395
2025-05-04 13:00:00,22.55936372280121
2025-05-04 13:30:00,30.081034541130066
2025-05-04 14:00:00,29.368553280830383
2025-05-04 14:30:00,31.82475435733795
2025-05-04 15:00:00,34.936957597732544
2025-05-04 15:30:00,38.53096425533295
2025-05-04 16:00:00,35.10654008388519
2025-05-04 16:30:00,33.431798815727234
2025-05-04 17:00:00,32.78202760219574
2025-05-04 17:30:00,31.191285252571106
2025-05-04 18:00:00,35.79982781410217
2025-05-04 18:30:00,24.91569185256958
2025-05-04 19:00:00,33.60287582874298
2025-05-04 19:30:00,32.09336864948273
2025-05-04 20:00:00,26.703856945037842
2025-05-04 20:30:00,27.940761923789978
2025-05-04 21:00:00,32.21488344669342
2025-05-04 21:30:00,31.796445965766907
2025-05-04 22:00:00,18.60658049583435
2025-05-04 22:30:00,31.29950451850891
2025-05-04 23:00:00,30.61660087108612
2025-05-04 23:30:00,39.165334582328796
2025-05-05 00:00:00,34.397218108177185
2025-05-05 00:30:00,32.3358074426651
2025-05-05 01:00:00,41.205461382865906
2025-05-05 01:30:00,41.73759305477142
2025-05-05 02:00:00,31.092245936393738
2025-05-05 02:30:00,44.6922150850296
2025-05-05 03:00:00,30.100350737571716
2025-05-05 03:30:00,29.91667914390564
2025-05-05 04:00:00,27.71974217891693
2025-05-05 04:30:00,36.28542387485504
2025-05-05 05:00:00,15.241248965263367
2025-05-05 05:30:00,25.006459951400757
2025-05-05 06:00:00,43.26020550727844
2025-05-05 06:30:00,34.056843996047974
2025-05-05 07:00:00,29.45658266544342
2025-05-05 07:30:00,16.5692800283432
2025-05-05 08:00:00,30.381497025489807
2025-05-05 08:30:00,32.81700003147125
2025-05-05 09:00:00,46.39673924446106
2025-05-05 09:30:00,45.07460618019104
2025-05-05 10:00:00,35.960756063461304
2025-05-05 10:30:00,29.507476687431335
2025-05-05 11:00:00,32.20910310745239
2025-05-05 11:30:00,29.716082096099854
2025-05-05 12:00:00,28.471356511116028
2025-05-05 12:30:00,18.27483057975769
2025-05-05 13:00:00,17.93415606021881
2025-05-05 13:30:00,32.463070034980774
2025-05-05 14:00:00,40.40532374382019
2025-05-05 14:30:00,25.78612232208252
2025-05-05 15:00:00,13.756800770759583
2025-05-05 15:30:00,24.489241003990173
2025-05-05 16:00:00,32.63908874988556
2025-05-05 16:30:00,28.368532061576843
2025-05-05 17:00:00,41.27601456642151
2025-05-05 17:30:00,23.232776999473572
2025-05-05 18:00:00,13.611806631088257
2025-05-05 18:30:00,24.02595019340515
2025-05-05 19:00:00,26.295435547828674
2025-05-05 19:30:00,33.46722686290741
2025-05-05 20:00:00,11.969180166721344
2025-05-05 20:30:00,15.298183679580688
2025-05-05 21:00:00,25.018428683280945
2025-05-05 21:30:00,33.927571177482605
2025-05-05 22:00:00,26.08309507369995
2025-05-05 22:30:00,34.89691078662872
2025-05-05 23:00:00,32.259894490242004
2025-05-05 23:30:00,23.514163613319397
2025-05-06 00:00:00,23.25717008113861
2025-05-06 00:30:00,30.134166598320007
2025-05-06 01:00:00,23.08757257461548
2025-05-06 01:30:00,29.311798810958862
2025-05-06 02:00:00,21.653953313827515
2025-05-06 02:30:00,27.81122124195099
2025-05-06 03:00:00,36.48792350292206
2025-05-06 03:30:00,37.719969391822815
2025-05-06 04:00:00,36.29708468914032
2025-05-06 04:30:00,26.669870853424072
2025-05-06 05:00:00,35.19624173641205
2025-05-06 05:30:00,26.656833171844482
2025-05-06 06:00:00,34.886634349823
2025-05-06 06:30:00,24.904053568840027
2025-05-06 07:00:00,29.49234366416931
2025-05-06 07:30:00,10.506133496761322
2025-05-06 08:00:00,11.535419404506683
2025-05-06 08:30:00,22.506932616233826
2025-05-06 09:00:00,24.779044032096863
2025-05-06 09:30:00,32.27538800239563
2025-05-06 10:00:00,29.88243019580841
2025-05-06 10:30:00,20.985596895217896
2025-05-06 11:00:00,34.58139789104462
2025-05-06 11:30:00,31.040475726127625
2025-05-06 12:00:00,43.3896986246109
2025-05-06 12:30:00,38.607282757759094
2025-05-06 13:00:00,28.05537235736847
2025-05-06 13:30:00,39.766640067100525
2025-05-06 14:00:00,24.915984749794006
2025-05-06 14:30:00,32.81663203239441
2025-05-06 15:00:00,32.4798903465271
2025-05-06 15:30:00,40.9765659570694
2025-05-06 16:00:00,39.171295166015625
2025-05-06 16:30:00,43.9842324256897
2025-05-06 17:00:00,24.13591182231903
2025-05-06 17:30:00,32.53846979141235
2025-05-06 18:00:00,24.61616313457489
2025-05-06 18:30:00,47.94729208946228
2025-05-06 19:00:00,30.48554563522339
2025-05-06 19:30:00,41.32429254055023
2025-05-06 20:00:00,40.31423270702362
2025-05-06 20:30:00,42.73877835273743
2025-05-06 21:00:00,34.00109589099884
2025-05-06 21:30:00,49.52244830131531
2025-05-06 22:00:00,47.11333107948303
2025-05-06 22:30:00,36.252066135406494
2025-05-06 23:00:00,42.929754853248596
2025-05-06 23:30:00,5.031280115246773
2025-05-07 00:00:00,12.499955624341965
2025-05-07 00:30:00,25.91160249710083
2025-05-07 01:00:00,33.92450201511383
2025-05-07 01:30:00,23.70559823513031
2025-05-07 02:00:00,23.46869444847107
2025-05-07 02:30:00,33.34807026386261
2025-05-07 03:00:00,25.662264347076416
2025-05-07 03:30:00,44.37200081348419
2025-05-07 04:00:00,41.62106502056122
2025-05-07 04:30:00,38.65677487850189
2025-05-07 05:00:00,42.86719751358032
2025-05-07 05:30:00,41.21258354187012
2025-05-07 06:00:00,46.126713037490845
2025-05-07 06:30:00,39.14148223400116
2025-05-07 07:00:00,52.48729920387268
2025-05-07 07:30:00,34.121551752090454
2025-05-07 08:00:00,33.63065850734711
2025-05-07 08:30:00,33.279592394828796
2025-05-07 09:00:00,28.580967664718628
2025-05-07 09:30:00,42.58361542224884
2025-05-07 10:00:00,30.784383416175842
2025-05-07 10:30:00,46.31612491607666
2025-05-07 11:00:00,36.4699991941452
2025-05-07 11:30:00,33.71813464164734
2025-05-07 12:00:00,36.013838052749634
2025-05-07 12:30:00,28.87542450428009
2025-05-07 13:00:00,42.74284636974335
2025-05-07 13:30:00,38.50259077548981
2025-05-07 14:00:00,47.00889444351196
2025-05-07 14:30:00,38.59259033203125
2025-05-07 15:00:00,36.560970067977905
2025-05-07 15:30:00,44.02503526210785
2025-05-07 16:00:00,23.389642238616943
2025-05-07 16:30:00,27.89771604537964
2025-05-07 17:00:00,27.83659315109253
2025-05-07 17:30:00,28.586169719696045
2025-05-07 18:00:00,35.120333790779114
2025-05-07 18:30:00,27.105581760406494
2025-05-07 19:00:00,27.48234522342682
2025-05-07 19:30:00,27.181206822395325
2025-05-07 20:00:00,25.38524615764618
2025-05-07 20:30:00,30.423834443092346
2025-05-07 21:00:00,30.351966977119446
2025-05-07 21:30:00,38.06884503364563
2025-05-07 22:00:00,41.015761613845825
2025-05-07 22:30:00,42.712119698524475
2025-05-07 23:00:00,43.42413282394409
2025-05-07 23:30:00,59.099541664123535
2025-05-08 00:00:00,13.494894951581955
2025-05-08 00:30:00,21.105587124824524
2025-05-08 01:00:00,25.180163025856018
2025-05-08 01:30:00,35.399670124053955
2025-05-08 02:00:00,36.61642277240753
2025-05-08 02:30:00,55.69030809402466
2025-05-08 03:00:00,33.783836245536804
2025-05-08 03:30:00,27.288337111473083
2025-05-08 04:00:00,27.811373949050903
2025-05-08 04:30:00,30.650877356529236
2025-05-08 05:00:00,14.01569938659668
2025-05-08 05:30:00,21.417537689208984
2025-05-08 06:00:00,35.31805944442749
2025-05-08 06:30:00,17.710980892181396
2025-05-08 07:00:00,48.451871395111084
2025-05-08 07:30:00,34.74191057682037
2025-05-08 08:00:00,30.4254891872406
2025-05-08 08:30:00,38.3233026266098
2025-05-08 09:00:00,22.551265239715576
2025-05-08 09:30:00,36.412726521492004
2025-05-08 10:00:00,36.729673862457275
2025-05-08 10:30:00,17.594738245010376
2025-05-08 11:00:00,41.321253418922424
2025-05-08 11:30:00,36.53934323787689
2025-05-08 12:00:00,29.90872085094452
2025-05-08 12:30:00,36.30905592441559
2025-05-08 13:00:00,47.581000328063965
2025-05-08 13:30:00,47.19110655784607
2025-05-08 14:00:00,29.32380759716034
2025-05-08 14:30:00,46.36759972572327
2025-05-08 15:00:00,43.59380543231964
2025-05-08 15:30:00,46.49745583534241
2025-05-08 16:00:00,54.056692600250244
2025-05-08 16:30:00,39.797930002212524
2025-05-08 17:00:00,36.787697553634644
2025-05-08 17:30:00,21.118807554244995
2025-05-08 18:00:00,18.29985201358795
2025-05-08 18:30:00,22.7698016166687
2025-05-08 19:00:00,27.029576182365417
2025-05-08 19:30:00,41.904494404792786
2025-05-08 20:00:00,35.07700502872467
2025-05-08 20:30:00,33.027508020401
2025-05-08 21:00:00,39.66323983669281
2025-05-08 21:30:00,55.2020959854126
2025-05-08 22:00:00,29.602600693702698
2025-05-08 22:30:00,39.84775257110596
2025-05-08 23:00:00,24.07442343235016
2025-05-08 23:30:00,42.98650932312012
2025-05-09 00:00:00,23.171849370002747
2025-05-09 00:30:00,13.20674353837967
2025-05-09 01:00:00,26.875004053115845
2025-05-09 01:30:00,23.132340788841248
2025-05-09 02:00:00,13.294177740812302
2025-05-09 02:30:00,26.84360647201538
2025-05-09 03:00:00,45.23200464248657
2025-05-09 03:30:00,43.89036762714386
2025-05-09 04:00:00,24.118590831756592
2025-05-09 04:30:00,42.64046502113342
2025-05-09 05:00:00,35.65111863613129
2025-05-09 05:30:00,31.77931773662567
2025-05-09 06:00:00,28.63481318950653
2025-05-09 06:30:00,37.388059258461
2025-05-09 07:00:00,48.643831729888916
2025-05-09 07:30:00,48.396496295928955
2025-05-09 08:00:00,42.73756921291351
2025-05-09 08:30:00,30.248714447021484
2025-05-09 09:00:00,33.80578851699829
2025-05-09 09:30:00,59.79465937614441
2025-05-09 10:00:00,54.716176986694336
2025-05-09 10:30:00,36.404212474823
2025-05-09 11:00:00,32.32560861110687
2025-05-09 11:30:00,42.30018854141235
2025-05-09 12:00:00,37.00256145000458
2025-05-09 12:30:00,40.121235966682434
2025-05-09 13:00:00,42.20758545398712
2025-05-09 13:30:00,32.03852427005768
2025-05-09 14:00:00,45.71521496772766
2025-05-09 14:30:00,52.622647762298584
2025-05-09 15:00:00,42.56138527393341
2025-05-09 15:30:00,23.111637711524963
2025-05-09 16:00:00,31.329985857009888
2025-05-09 16:30:00,21.773873448371887
2025-05-09 17:00:00,15.162892699241638
2025-05-09 17:30:00,25.957071661949158
2025-05-09 18:00:00,21.47020411491394
2025-05-09 18:30:00,42.96673250198364
2025-05-09 19:00:00,32.08758080005646
2025-05-09 19:30:00,39.51171433925629
2025-05-09 20:00:00,37.458499789237976
2025-05-09 20:30:00,49.7893602848053
2025-05-09 21:00:00,29.808720231056213
2025-05-09 21:30:00,27.882179975509644
2025-05-09 22:00:00,39.27859318256378
2025-05-09 22:30:00,23.293787240982056
2025-05-09 23:00:00,29.297409296035767
2025-05-09 23:30:00,26.369420886039734
2025-05-10 00:00:00,11.555230647325516
2025-05-10 00:30:00,23.830357432365417
2025-05-10 01:00:00,31.66992688179016
2025-05-10 01:30:00,13.502943992614746
2025-05-10 02:00:00,24.093324065208435
2025-05-10 02:30:00,22.203383445739746
2025-05-10 03:00:00,38.81308436393738
2025-05-10 03:30:00,34.58938372135162
2025-05-10 04:00:00,39.001800298690796
2025-05-10 04:30:00,46.27094864845276
2025-05-10 05:00:00,36.370784640312195
2025-05-10 05:30:00,23.33596444129944
2025-05-10 06:00:00,8.785536289215088
2025-05-10 06:30:00,22.713632941246033
2025-05-10 07:00:00,34.92342174053192
2025-05-10 07:30:00,22.221988677978516
2025-05-10 08:00:00,22.396708130836487
2025-05-10 08:30:00,41.0354608297348
2025-05-10 09:00:00,48.313884258270264
2025-05-10 09:30:00,34.65725576877594
2025-05-10 10:00:00,26.23981261253357
2025-05-10 10:30:00,43.11484336853027
2025-05-10 11:00:00,25.890183448791504
2025-05-10 11:30:00,25.75580871105194
2025-05-10 12:00:00,32.926052927970886
2025-05-10 12:30:00,36.11884295940399
2025-05-10 13:00:00,35.16708970069885
2025-05-10 13:30:00,24.63808786869049
2025-05-10 14:00:00,21.359691739082336
2025-05-10 14:30:00,30.822630286216736
2025-05-10 15:00:00,36.8723748922348
2025-05-10 15:30:00,43.38705003261566
2025-05-10 16:00:00,34.647427439689636
2025-05-10 16:30:00,43.90452682971954
2025-05-10 17:00:00,38.81804358959198
2025-05-10 17:30:00,25.500995635986328
2025-05-10 18:00:00,33.753567695617676
2025-05-10 18:30:00,36.12015473842621
2025-05-10 19:00:00,39.0321239233017
2025-05-10 19:30:00,29.330782055854797
2025-05-10 20:00:00,27.406452298164368
2025-05-10 20:30:00,33.597859025001526
2025-05-10 21:00:00,37.798601031303406
2025-05-10 21:30:00,32.83828639984131
2025-05-10 22:00:00,30.260462880134583
2025-05-10 22:30:00,35.857380867004395
2025-05-10 23:00:00,23.164624571800232
2025-05-10 23:30:00,26.662813782691956
2025-05-11 00:00:00,4.621326640248299
2025-05-11 00:30:00,17.425466179847717
2025-05-11 01:00:00,30.310721039772034
2025-05-11 01:30:00,37.645365715026855
2025-05-11 02:00:00,32.22726774215698
2025-05-11 02:30:00,27.045965909957886
2025-05-11 03:00:00,15.595181465148926
2025-05-11 03:30:00,26.881197452545166
2025-05-11 04:00:00,36.37915599346161
2025-05-11 04:30:00,25.233174920082092
2025-05-11 05:00:00,24.843716740608215
2025-05-11 05:30:00,19.95020020008087
2025-05-11 06:00:00,10.284455358982086
2025-05-11 06:30:00,26.276076793670654
2025-05-11 07:00:00,24.61014497280121
2025-05-11 07:30:00,28.392579674720764
2025-05-11 08:00:00,29.685362935066223
2025-05-11 08:30:00,33.311943769454956
2025-05-11 09:00:00,31.087269186973572
2025-05-11 09:30:00,30.6014803647995
2025-05-11 10:00:00,42.300549030303955
2025-05-11 10:30:00,24.228387236595154
2025-05-11 11:00:00,30.753504037857056
2025-05-11 11:30:00,36.71584761142731
2025-05-11 12:00:00,38.287596702575684
2025-05-11 12:30:00,45.569462299346924
2025-05-11 13:00:00,34.72977912425995
2025-05-11 13:30:00,39.82747757434845
2025-05-11 14:00:00,34.19379222393036
2025-05-11 14:30:00,35.40597116947174
2025-05-11 15:00:00,37.868345618247986
2025-05-11 15:30:00,36.42706847190857
2025-05-11 16:00:00,32.845258355140686
2025-05-11 16:30:00,39.500213742256165
2025-05-11 17:00:00,28.348071813583374
2025-05-11 17:30:00,28.495311498641968
2025-05-11 18:00:00,35.216694474220276
2025-05-11 18:30:00,20.97823190689087
2025-05-11 19:00:00,25.955549597740173
2025-05-11 19:30:00,26.275946617126465
2025-05-11 20:00:00,15.515870153903961
2025-05-11 20:30:00,12.019887059926987
2025-05-11 21:00:00,27.496639609336853
2025-05-11 21:30:00,34.45147669315338
2025-05-11 22:00:00,39.18933713436127
2025-05-11 22:30:00,38.29617083072662
2025-05-11 23:00:00,30.553818225860596
2025-05-11 23:30:00,38.14949691295624
2025-05-12 00:00:00,13.96266496181488
2025-05-12 00:30:00,22.232773303985596
2025-05-12 01:00:00,18.557636618614197
2025-05-12 01:30:00,18.247591137886047
2025-05-12 02:00:00,16.709351241588593
2025-05-12 02:30:00,16.066360473632812
2025-05-12 03:00:00,38.24248552322388
2025-05-12 03:30:00,39.609557032585144
2025-05-12 04:00:00,45.321165561676025
2025-05-12 04:30:00,26.142070055007935
2025-05-12 05:00:00,40.23819959163666
2025-05-12 05:30:00,38.98556077480316
2025-05-12 06:00:00,25.333563566207886
2025-05-12 06:30:00,30.049949884414673
2025-05-12 07:00:00,26.695468068122864
2025-05-12 07:30:00,28.369738698005676
2025-05-12 08:00:00,34.46972393989563
2025-05-12 08:30:00,32.510934948921204
2025-05-12 09:00:00,48.18807864189148
2025-05-12 09:30:00,31.83208930492401
2025-05-12 10:00:00,36.401065707206726
2025-05-12 10:30:00,42.65506732463837
2025-05-12 11:00:00,23.98652672767639
2025-05-12 11:30:00,25.3771151304245
2025-05-12 12:00:00,20.365636110305786
2025-05-12 12:30:00,31.693689107894897
2025-05-12 13:00:00,39.376323223114014
2025-05-12 13:30:00,50.183409690856934
2025-05-12 14:00:00,34.86727809906006
2025-05-12 14:30:00,47.45068860054016
2025-05-12 15:00:00,42.82810199260712
2025-05-12 15:30:00,23.272398233413696
2025-05-12 16:00:00,31.47681498527527
2025-05-12 16:30:00,20.476223587989807
2025-05-12 17:00:00,20.75644361972809
2025-05-12 17:30:00,22.609952330589294
2025-05-12 18:00:00,41.13742911815643
2025-05-12 18:30:00,42.14688813686371
2025-05-12 19:00:00,33.751267075538635
2025-05-12 19:30:00,28.100791454315186
2025-05-12 20:00:00,36.449108362197876
2025-05-12 20:30:00,36.73795759677887
2025-05-12 21:00:00,47.03996157646179
2025-05-12 21:30:00,29.998998284339905
2025-05-12 22:00:00,43.586973667144775
2025-05-12 22:30:00,35.49427592754364
2025-05-12 23:00:00,30.1607426404953
2025-05-12 23:30:00,17.302712202072144
2025-05-13 00:00:00,21.266635537147522
2025-05-13 00:30:00,22.911954402923584
2025-05-13 01:00:00,18.70407772064209
2025-05-13 01:30:00,23.21642231941223
2025-05-13 02:00:00,36.93544542789459
2025-05-13 02:30:00,30.49894630908966
2025-05-13 03:00:00,33.31298768520355
2025-05-13 03:30:00,28.76665198802948
2025-05-13 04:00:00,35.681609988212585
2025-05-13 04:30:00,21.894915103912354
2025-05-13 05:00:00,23.679550409317017
2025-05-13 05:30:00,31.765048384666443
2025-05-13 06:00:00,42.670923829078674
2025-05-13 06:30:00,33.230575919151306
2025-05-13 07:00:00,31.044063091278076
2025-05-13 07:30:00,34.15529251098633
2025-05-13 08:00:00,29.65238320827484
2025-05-13 08:30:00,34.92005717754364
2025-05-13 09:00:00,42.42499530315399
2025-05-13 09:30:00,29.883989810943604
2025-05-13 10:00:00,33.40527784824371
2025-05-13 10:30:00,57.305763959884644
2025-05-13 11:00:00,39.130417227745056
2025-05-13 11:30:00,37.15356373786926
2025-05-13 12:00:00,20.733001828193665
2025-05-13 12:30:00,41.25091302394867
2025-05-13 13:00:00,35.826401352882385
2025-05-13 13:30:00,35.632373213768005
2025-05-13 14:00:00,22.741836190223694
2025-05-13 14:30:00,9.003934979438782
2025-05-13 15:00:00,24.77761459350586
2025-05-13 15:30:00,20.565399527549744
2025-05-13 16:00:00,37.35061848163605
2025-05-13 16:30:00,30.000890851020813
2025-05-13 17:00:00,35.07983636856079
2025-05-13 17:30:00,34.47839570045471
2025-05-13 18:00:00,28.2930246591568
2025-05-13 18:30:00,22.55367350578308
2025-05-13 19:00:00,17.813570022583008
2025-05-13 19:30:00,37.01122319698334
2025-05-13 20:00:00,32.846885561943054
2025-05-13 20:30:00,33.724308013916016
2025-05-13 21:00:00,17.32023847103119
2025-05-13 21:30:00,19.483715057373047
2025-05-13 22:00:00,27.93887436389923
2025-05-13 22:30:00,29.84494936466217
2025-05-13 23:00:00,36.61915647983551
2025-05-13 23:30:00,22.874511122703552
2025-05-14 00:00:00,10.827902376651764
2025-05-14 00:30:00,11.432977348566055
2025-05-14 01:00:00,22.016870498657227
2025-05-14 01:30:00,34.96685564517975
2025-05-14 02:00:00,33.88431751728058
2025-05-14 02:30:00,23.29575490951538
2025-05-14 03:00:00,21.657503128051758
2025-05-14 03:30:00,25.082074999809265
2025-05-14 04:00:00,35.59376084804535
2025-05-14 04:30:00,49.2292857170105
2025-05-14 05:00:00,43.21123158931732
2025-05-14 05:30:00,37.50151813030243
2025-05-14 06:00:00,39.314627051353455
2025-05-14 06:30:00,30.119486689567566
2025-05-14 07:00:00,37.81201922893524
2025-05-14 07:30:00,37.72565710544586
2025-05-14 08:00:00,33.31385385990143
2025-05-14 08:30:00,21.099661588668823
2025-05-14 09:00:00,29.485416769981384
2025-05-14 09:30:00,27.33539092540741
2025-05-14 10:00:00,22.073046684265137
2025-05-14 10:30:00,19.37773633003235
2025-05-14 11:00:00,28.305393934249878
2025-05-14 11:30:00,37.26222109794617
2025-05-14 12:00:00,31.436813235282898
2025-05-14 12:30:00,29.808727741241455
2025-05-14 13:00:00,14.395872473716736
2025-05-14 13:30:00,22.340842366218567
2025-05-14 14:00:00,41.24401366710663
2025-05-14 14:30:00,37.52370822429657
2025-05-14 15:00:00,30.19927740097046
2025-05-14 15:30:00,31.207862734794617
2025-05-14 16:00:00,33.492493629455566
2025-05-14 16:30:00,54.9461088180542
2025-05-14 17:00:00,43.35827350616455
2025-05-14 17:30:00,39.86161386966705
2025-05-14 18:00:00,25.922051668167114
2025-05-14 18:30:00,23.025553464889526
2025-05-14 19:00:00,31.461556792259216
2025-05-14 19:30:00,39.248817801475525
2025-05-14 20:00:00,48.5129292011261
2025-05-14 20:30:00,44.434816002845764
2025-05-14 21:00:00,26.636790990829468
2025-05-14 21:30:00,34.627845883369446
2025-05-14 22:00:00,29.240619778633118
2025-05-14 22:30:00,42.34077608585358
2025-05-14 23:00:00,35.28129208087921
2025-05-14 23:30:00,35.58336424827576
2025-05-15 00:00:00,25.470699548721313
2025-05-15 00:30:00,11.712158471345901
2025-05-15 01:00:00,17.811161756515503
2025-05-15 01:30:00,36.82102024555206
2025-05-15 02:00:00,36.16232442855835
2025-05-15 02:30:00,21.721740245819092
2025-05-15 03:00:00,37.052939772605896
2025-05-15 03:30:00,20.622672200202942
2025-05-15 04:00:00,17.943446159362793
2025-05-15 04:30:00,35.348928809165955
2025-05-15 05:00:00,21.12991511821747
2025-05-15 05:30:00,21.28200387954712
2025-05-15 06:00:00,21.0702166557312
2025-05-15 06:30:00,29.052935242652893
2025-05-15 07:00:00,11.067093014717102
2025-05-15 07:30:00,14.81798243522644
2025-05-15 08:00:00,17.43764019012451
2025-05-15 08:30:00,24.173104763031006
2025-05-15 09:00:00,37.70006239414215
2025-05-15 09:30:00,28.59088110923767
2025-05-15 10:00:00,27.766382932662964
2025-05-15 10:30:00,30.218941569328308
2025-05-15 11:00:00,23.47559881210327
2025-05-15 11:30:00,28.040026545524597
2025-05-15 12:00:00,28.911545991897583
2025-05-15 12:30:00,47.67569375038147
2025-05-15 13:00:00,26.318186402320862
2025-05-15 13:30:00,13.650729417800903
2025-05-15 14:00:00,19.727070093154907
2025-05-15 14:30:00,24.614450812339783
2025-05-15 15:00:00,26.757472157478333
2025-05-15 15:30:00,31.866726279258728
2025-05-15 16:00:00,51.30830526351929
2025-05-15 16:30:00,40.569669127464294
2025-05-15 17:00:00,23.95054292678833
2025-05-15 17:30:00,36.949154019355774
2025-05-15 18:00:00,50.45944404602051
2025-05-15 18:30:00,41.32986009120941
2025-05-15 19:00:00,39.707144379615784
2025-05-15 19:30:00,29.91915249824524
2025-05-15 20:00:00,22.878191113471985
2025-05-15 20:30:00,34.59816813468933
2025-05-15 21:00:00,24.802045226097107
2025-05-15 21:30:00,43.89191222190857
2025-05-15 22:00:00,30.88660454750061
2025-05-15 22:30:00,20.773837208747864
2025-05-15 23:00:00,30.994433283805847
2025-05-15 23:30:00,31.740209698677063
2025-05-16 00:00:00,29.321759819984436
2025-05-16 00:30:00,22.40741765499115
2025-05-16 01:00:00,26.60715079307556
2025-05-16 01:30:00,24.62835717201233
2025-05-16 02:00:00,6.4150614738464355
2025-05-16 02:30:00,24.72996497154236
2025-05-16 03:00:00,19.603044390678406
2025-05-16 03:30:00,31.09654176235199
2025-05-16 04:00:00,18.586438179016113
2025-05-16 04:30:00,23.26162362098694
2025-05-16 05:00:00,20.162936210632324
2025-05-16 05:30:00,24.81686532497406
2025-05-16 06:00:00,21.880155086517334
2025-05-16 06:30:00,22.511258482933044
2025-05-16 07:00:00,35.45724821090698
2025-05-16 07:30:00,27.97016680240631
2025-05-16 08:00:00,29.0906263589859
2025-05-16 08:30:00,26.33907723426819
2025-05-16 09:00:00,22.23858118057251
2025-05-16 09:30:00,23.15843117237091
2025-05-16 10:00:00,35.04495406150818
2025-05-16 10:30:00,19.102004885673523
2025-05-16 11:00:00,42.90292847156525
2025-05-16 11:30:00,30.458080887794495
2025-05-16 12:00:00,26.49466574192047
2025-05-16 12:30:00,48.134270668029785
2025-05-16 13:00:00,34.331979632377625
2025-05-16 13:30:00,40.214845418930054
2025-05-16 14:00:00,27.56207585334778
2025-05-16 14:30:00,20.687823057174683
2025-05-16 15:00:00,17.951892614364624
2025-05-16 15:30:00,31.457298517227173
2025-05-16 16:00:00,38.243887424468994
2025-05-16 16:30:00,46.6267511844635
2025-05-16 17:00:00,36.57042038440704
2025-05-16 17:30:00,43.60130059719086
2025-05-16 18:00:00,28.894282579421997
2025-05-16 18:30:00,30.072185039520264
2025-05-16 19:00:00,33.454477071762085
2025-05-16 19:30:00,31.818260550498962
2025-05-16 20:00:00,30.329146027565002
2025-05-16 20:30:00,32.34048628807068
2025-05-16 21:00:00,32.11909854412079
2025-05-16 21:30:00,32.042224287986755
2025-05-16 22:00:00,41.696494817733765
2025-05-16 22:30:00,37.54367280006409
2025-05-16 23:00:00,30.343740820884705
2025-05-16 23:30:00,39.4327472448349
2025-05-17 00:00:00,18.586936354637146
2025-05-17 00:30:00,29.503996968269348
2025-05-17 01:00:00,37.63861155509949
2025-05-17 01:30:00,37.19132745265961
2025-05-17 02:00:00,30.447506546974182
2025-05-17 02:30:00,43.050318360328674
2025-05-17 03:00:00,33.75091910362244
2025-05-17 03:30:00,44.8635174036026
2025-05-17 04:00:00,52.06833100318909
2025-05-17 04:30:00,41.361966133117676
2025-05-17 05:00:00,32.042604804039
2025-05-17 05:30:00,31.007140517234802
2025-05-17 06:00:00,20.47972083091736
2025-05-17 06:30:00,20.696016669273376
2025-05-17 07:00:00,18.912019729614258
2025-05-17 07:30:00,16.224384784698486
2025-05-17 08:00:00,17.77177083492279
2025-05-17 08:30:00,33.49923777580261
2025-05-17 09:00:00,37.10150063037872
2025-05-17 09:30:00,44.447643399238586
2025-05-17 10:00:00,33.070443749427795
2025-05-17 10:30:00,29.702666401863098
2025-05-17 11:00:00,27.30334997177124
2025-05-17 11:30:00,39.367754101753235
2025-05-17 12:00:00,31.63853681087494
2025-05-17 12:30:00,45.29165554046631
2025-05-17 13:00:00,38.34487187862396
2025-05-17 13:30:00,47.14939498901367
2025-05-17 14:00:00,48.72416567802429
2025-05-17 14:30:00,26.34925603866577
2025-05-17 15:00:00,36.59377956390381
2025-05-17 15:30:00,27.9406818151474
2025-05-17 16:00:00,37.68918764591217
2025-05-17 16:30:00,39.87923276424408
2025-05-17 17:00:00,36.569854617118835
2025-05-17 17:30:00,45.92312693595886
2025-05-17 18:00:00,30.760876536369324
2025-05-17 18:30:00,42.53858935832977
2025-05-17 19:00:00,50.06396269798279
2025-05-17 19:30:00,25.607730388641357
2025-05-17 20:00:00,30.11562144756317
2025-05-17 20:30:00,22.914044737815857
2025-05-17 21:00:00,28.14155423641205
2025-05-17 21:30:00,17.208962559700012
2025-05-17 22:00:00,23.79394555091858
2025-05-17 22:30:00,30.1907958984375
2025-05-17 23:00:00,36.37372362613678
2025-05-17 23:30:00,47.95996427536011
2025-05-18 00:00:00,29.10706865787506
2025-05-18 00:30:00,32.64725732803345
2025-05-18 01:00:00,42.74828124046326
2025-05-18 01:30:00,28.251758694648743
2025-05-18 02:00:00,11.6323302090168
2025-05-18 02:30:00,35.31491017341614
2025-05-18 03:00:00,27.073806166648865
2025-05-18 03:30:00,27.590962529182434
2025-05-18 04:00:00,30.7975412607193
2025-05-18 04:30:00,39.13697361946106
2025-05-18 05:00:00,27.095062494277954
2025-05-18 05:30:00,35.33484971523285
2025-05-18 06:00:00,34.01546537876129
2025-05-18 06:30:00,44.033066153526306
2025-05-18 07:00:00,48.92981958389282
2025-05-18 07:30:00,35.33463442325592
2025-05-18 08:00:00,44.98367786407471
2025-05-18 08:30:00,34.961273074150085
2025-05-18 09:00:00,33.40032112598419
2025-05-18 09:30:00,35.60104322433472
2025-05-18 10:00:00,34.21731162071228
2025-05-18 10:30:00,43.752445578575134
2025-05-18 11:00:00,30.680357336997986
2025-05-18 11:30:00,29.056399941444397
2025-05-18 12:00:00,41.79544401168823
2025-05-18 12:30:00,48.620049476623535
2025-05-18 13:00:00,34.14982259273529
2025-05-18 13:30:00,35.17291510105133
2025-05-18 14:00:00,44.40811479091644
2025-05-18 14:30:00,43.648805022239685
2025-05-18 15:00:00,36.61176145076752
2025-05-18 15:30:00,32.62398326396942
2025-05-18 16:00:00,32.34642934799194
2025-05-18 16:30:00,40.61977207660675
2025-05-18 17:00:00,46.40681791305542
2025-05-18 17:30:00,48.65937280654907
2025-05-18 18:00:00,49.92265605926514
2025-05-18 18:30:00,39.35800087451935
2025-05-18 19:00:00,33.68114197254181
2025-05-18 19:30:00,42.4912451505661
2025-05-18 20:00:00,40.66520369052887
2025-05-18 20:30:00,39.70150673389435
2025-05-18 21:00:00,46.15094590187073
2025-05-18 21:30:00,47.19892716407776
2025-05-18 22:00:00,40.49587905406952
2025-05-18 22:30:00,22.234092593193054
2025-05-18 23:00:00,27.173195958137512
2025-05-18 23:30:00,26.684653401374817
2025-05-19 00:00:00,19.823000192642212
2025-05-19 00:30:00,27.57507348060608
2025-05-19 01:00:00,26.642668962478638
2025-05-19 01:30:00,33.86943984031677
2025-05-19 02:00:00,47.75184202194214
2025-05-19 02:30:00,50.03033709526062
2025-05-19 03:00:00,34.63017654418945
2025-05-19 03:30:00,32.39595401287079
2025-05-19 04:00:00,17.89702069759369
2025-05-19 04:30:00,19.635075330734253
2025-05-19 05:00:00,20.719395875930786
2025-05-19 05:30:00,24.514975905418396
2025-05-19 06:00:00,16.84383487701416
2025-05-19 06:30:00,11.762911051511765
2025-05-19 07:00:00,36.90395772457123
2025-05-19 07:30:00,36.271695256233215
2025-05-19 08:00:00,24.645966053009033
2025-05-19 08:30:00,34.2963262796402
2025-05-19 09:00:00,29.87531554698944
2025-05-19 09:30:00,21.637468457221985
2025-05-19 10:00:00,24.21753752231598
2025-05-19 10:30:00,37.094000458717346
2025-05-19 11:00:00,40.457404375076294
2025-05-19 11:30:00,27.717949748039246
2025-05-19 12:00:00,16.63491779565811
2025-05-19 12:30:00,28.47843861579895
2025-05-19 13:00:00,20.917349338531494
2025-05-19 13:30:00,35.6660338640213
2025-05-19 14:00:00,39.49096119403839
2025-05-19 14:30:00,25.17362916469574
2025-05-19 15:00:00,35.027698159217834
2025-05-19 15:30:00,33.82651662826538
2025-05-19 16:00:00,40.4141982793808
2025-05-19 16:30:00,46.20369744300842
2025-05-19 17:00:00,16.188796520233154
2025-05-19 17:30:00,33.82990372180939
2025-05-19 18:00:00,38.17602288722992
2025-05-19 18:30:00,35.82792842388153
2025-05-19 19:00:00,44.824774861335754
2025-05-19 19:30:00,30.182719945907593
2025-05-19 20:00:00,24.9815536737442
2025-05-19 20:30:00,24.280067324638367
2025-05-19 21:00:00,36.992212414741516
2025-05-19 21:30:00,33.144161224365234
2025-05-19 22:00:00,40.96125018596649
2025-05-19 22:30:00,43.48649489879608
2025-05-19 23:00:00,37.264113664627075
2025-05-19 23:30:00,19.34847664833069
2025-05-20 00:00:00,21.309693932533264
2025-05-20 00:30:00,32.840519428253174
2025-05-20 01:00:00,37.373990178108215
2025-05-20 01:30:00,37.41044461727142
2025-05-20 02:00:00,38.323134899139404
2025-05-20 02:30:00,30.47789776325226
2025-05-20 03:00:00,44.605915546417236
2025-05-20 03:30:00,40.46537518501282
2025-05-20 04:00:00,34.28846561908722
2025-05-20 04:30:00,41.28323686122894
2025-05-20 05:00:00,27.68074679374695
2025-05-20 05:30:00,31.233890533447266
2025-05-20 06:00:00,47.262903928756714
2025-05-20 06:30:00,32.31663644313812
2025-05-20 07:00:00,46.5389621257782
2025-05-20 07:30:00,23.38264775276184
2025-05-20 08:00:00,26.599683165550232
2025-05-20 08:30:00,38.3792484998703
2025-05-20 09:00:00,29.342838406562805
2025-05-20 09:30:00,26.95528542995453
2025-05-20 10:00:00,24.842122077941895
2025-05-20 10:30:00,26.14836359024048
2025-05-20 11:00:00,28.03889501094818
2025-05-20 11:30:00,35.15442252159119
2025-05-20 12:00:00,32.90821874141693
2025-05-20 12:30:00,34.0142787694931
2025-05-20 13:00:00,21.755969166755676
2025-05-20 13:30:00,29.82762086391449
2025-05-20 14:00:00,23.942920088768005
2025-05-20 14:30:00,33.201003313064575
2025-05-20 15:00:00,32.5218071937561
2025-05-20 15:30:00,18.674495100975037
2025-05-20 16:00:00,26.065481185913086
2025-05-20 16:30:00,22.089874505996704
2025-05-20 17:00:00,26.853757739067078
2025-05-20 17:30:00,15.181495428085327
2025-05-20 18:00:00,47.544936418533325
2025-05-20 18:30:00,32.18093240261078
2025-05-20 19:00:00,30.822134613990784
2025-05-20 19:30:00,26.947722673416138
2025-05-20 20:00:00,30.338348507881165
2025-05-20 20:30:00,24.717528104782104
2025-05-20 21:00:00,32.847148418426514
2025-05-20 21:30:00,32.95690977573395
2025-05-20 22:00:00,38.74131953716278
2025-05-20 22:30:00,49.00652360916138
2025-05-20 23:00:00,28.090016841888428
2025-05-20 23:30:00,21.230634212493896
2025-05-21 00:00:00,26.992495894432068
2025-05-21 00:30:00,24.46442484855652
2025-05-21 01:00:00,31.92207384109497
2025-05-21 01:30:00,16.862783074378967
2025-05-21 02:00:00,28.922065258026123
2025-05-21 02:30:00,19.403048157691956
2025-05-21 03:00:00,31.97228443622589
2025-05-21 03:30:00,37.04308891296387
2025-05-21 04:00:00,23.78245997428894
2025-05-21 04:30:00,16.428208708763123
2025-05-21 05:00:00,25.158012986183167
2025-05-21 05:30:00,35.702470779418945
2025-05-21 06:00:00,33.38621699810028
2025-05-21 06:30:00,39.10531568527222
2025-05-21 07:00:00,59.677340269088745
2025-05-21 07:30:00,45.09196472167969
2025-05-21 08:00:00,37.58501136302948
2025-05-21 08:30:00,33.872679233551025
2025-05-21 09:00:00,37.40502226352692
2025-05-21 09:30:00,38.47081768512726
2025-05-21 10:00:00,34.139588713645935
2025-05-21 10:30:00,65.78370666503906
2025-05-21 11:00:00,39.00592088699341
2025-05-21 11:30:00,23.801921367645264
2025-05-21 12:00:00,25.584972023963928
2025-05-21 12:30:00,23.820744395256042
2025-05-21 13:00:00,24.232930898666382
2025-05-21 13:30:00,28.189854741096497
2025-05-21 14:00:00,29.016298055648804
2025-05-21 14:30:00,23.022281527519226
2025-05-21 15:00:00,35.36649262905121
2025-05-21 15:30:00,26.91962206363678
2025-05-21 16:00:00,36.57032775878906
2025-05-21 16:30:00,28.12206780910492
2025-05-21 17:00:00,10.64711844921112
2025-05-21 17:30:00,20.435711145401
2025-05-21 18:00:00,13.628804683685303
2025-05-21 18:30:00,38.93949580192566
2025-05-21 19:00:00,45.340491771698
2025-05-21 19:30:00,17.99978005886078
2025-05-21 20:00:00,11.806522697210312
2025-05-21 20:30:00,11.951946169137955
2025-05-21 21:00:00,20.067784667015076
2025-05-21 21:30:00,22.11381697654724
2025-05-21 22:00:00,33.173508524894714
2025-05-21 22:30:00,32.408010363578796
2025-05-21 23:00:00,50.74868130683899
2025-05-21 23:30:00,46.08988809585571
2025-05-22 00:00:00,23.261200547218323
2025-05-22 00:30:00,33.881255865097046
2025-05-22 01:00:00,33.56079375743866
2025-05-22 01:30:00,34.033820271492004
2025-05-22 02:00:00,30.481993317604065
2025-05-22 02:30:00,45.525407552719116
2025-05-22 03:00:00,33.348936438560486
2025-05-22 03:30:00,23.260940194129944
2025-05-22 04:00:00,39.51350677013397
2025-05-22 04:30:00,32.99108111858368
2025-05-22 05:00:00,49.94056034088135
2025-05-22 05:30:00,35.529040575027466
2025-05-22 06:00:00,28.45496428012848
2025-05-22 06:30:00,42.278233766555786
2025-05-22 07:00:00,36.52350676059723
2025-05-22 07:30:00,43.72974479198456
2025-05-22 08:00:00,30.468014359474182
2025-05-22 08:30:00,21.96760869026184
2025-05-22 09:00:00,26.18643021583557
2025-05-22 09:30:00,33.28071391582489
2025-05-22 10:00:00,36.78254806995392
2025-05-22 10:30:00,36.45911943912506
2025-05-22 11:00:00,40.91536796092987
2025-05-22 11:30:00,33.14999163150787
2025-05-22 12:00:00,20.311142206192017
2025-05-22 12:30:00,27.634368896484375
2025-05-22 13:00:00,18.70059299468994
2025-05-22 13:30:00,25.991478323936462
2025-05-22 14:00:00,31.908252596855164
2025-05-22 14:30:00,23.82094717025757
2025-05-22 15:00:00,21.580110669136047
2025-05-22 15:30:00,30.155245184898376
2025-05-22 16:00:00,21.221864819526672
2025-05-22 16:30:00,27.87292492389679
2025-05-22 17:00:00,26.058809638023376
2025-05-22 17:30:00,41.56705176830292
2025-05-22 18:00:00,35.93417251110077
2025-05-22 18:30:00,34.75348627567291
2025-05-22 19:00:00,28.321277976036072
2025-05-22 19:30:00,29.43885862827301
2025-05-22 20:00:00,33.52504527568817
2025-05-22 20:30:00,28.98472273349762
2025-05-22 21:00:00,26.775952219963074
2025-05-22 21:30:00,13.701485753059387
2025-05-22 22:00:00,16.842390418052673
2025-05-22 22:30:00,26.584362387657166
2025-05-22 23:00:00,29.067975640296936
2025-05-22 23:30:00,39.45521020889282
2025-05-23 00:00:00,24.20047688484192
2025-05-23 00:30:00,33.3498101234436
2025-05-23 01:00:00,36.88097655773163
2025-05-23 01:30:00,34.43002259731293
2025-05-23 02:00:00,41.10745096206665
2025-05-23 02:30:00,28.288000345230103
2025-05-23 03:00:00,36.76931011676788
2025-05-23 03:30:00,25.138969659805298
2025-05-23 04:00:00,47.611316442489624
2025-05-23 04:30:00,36.535332798957825
2025-05-23 05:00:00,29.909101366996765
2025-05-23 05:30:00,27.682556748390198
2025-05-23 06:00:00,20.456141352653503
2025-05-23 06:30:00,25.542249083518982
2025-05-23 07:00:00,43.6872421503067
2025-05-23 07:30:00,30.552574038505554
2025-05-23 08:00:00,20.49383246898651
2025-05-23 08:30:00,44.90091812610626
2025-05-23 09:00:00,25.680877089500427
2025-05-23 09:30:00,35.11607801914215
2025-05-23 10:00:00,31.27926456928253
2025-05-23 10:30:00,18.464870810508728
2025-05-23 11:00:00,25.818844199180603
2025-05-23 11:30:00,24.53399920463562
2025-05-23 12:00:00,16.364796459674835
2025-05-23 12:30:00,18.853129863739014
2025-05-23 13:00:00,29.974164605140686
2025-05-23 13:30:00,27.64384424686432
2025-05-23 14:00:00,31.066158056259155
2025-05-23 14:30:00,15.5919708609581
2025-05-23 15:00:00,33.07448422908783
2025-05-23 15:30:00,42.813724994659424
2025-05-23 16:00:00,30.525432229042053
2025-05-23 16:30:00,35.67923176288605
2025-05-23 17:00:00,23.246811032295227
2025-05-23 17:30:00,50.588619232177734
2025-05-23 18:00:00,45.4730064868927
2025-05-23 18:30:00,26.369080424308777
2025-05-23 19:00:00,19.808437943458557
2025-05-23 19:30:00,12.449633628129959
2025-05-23 20:00:00,13.772446990013123
2025-05-23 20:30:00,33.37972569465637
2025-05-23 21:00:00,28.58725619316101
2025-05-23 21:30:00,41.482361912727356
2025-05-23 22:00:00,31.802659392356873
2025-05-23 22:30:00,45.0776002407074
2025-05-23 23:00:00,44.330905079841614
2025-05-23 23:30:00,32.026793360710144
2025-05-24 00:00:00,27.537044405937195
2025-05-24 00:30:00,27.76159644126892
2025-05-24 01:00:00,53.56603717803955
2025-05-24 01:30:00,18.02206778526306
2025-05-24 02:00:00,18.09640860557556
2025-05-24 02:30:00,28.40064311027527
2025-05-24 03:00:00,33.23113417625427
2025-05-24 03:30:00,43.509090542793274
2025-05-24 04:00:00,27.96941077709198
2025-05-24 04:30:00,30.774267196655273
2025-05-24 05:00:00,25.91890239715576
2025-05-24 05:30:00,43.93095266819
2025-05-24 06:00:00,25.362785696983337
2025-05-24 06:30:00,39.680580854415894
2025-05-24 07:00:00,33.99923086166382
2025-05-24 07:30:00,36.30785429477692
2025-05-24 08:00:00,38.12726175785065
2025-05-24 08:30:00,28.07221269607544
2025-05-24 09:00:00,36.948413014411926
2025-05-24 09:30:00,26.1215922832489
2025-05-24 10:00:00,23.32253623008728
2025-05-24 10:30:00,33.87442409992218
2025-05-24 11:00:00,23.008362650871277
2025-05-24 11:30:00,34.00820553302765
2025-05-24 12:00:00,18.91763985157013
2025-05-24 12:30:00,20.291991233825684
2025-05-24 13:00:00,27.831663966178894
2025-05-24 13:30:00,18.98504626750946
2025-05-24 14:00:00,35.69045698642731
2025-05-24 14:30:00,37.24371099472046
2025-05-24 15:00:00,38.798927664756775
2025-05-24 15:30:00,31.72839868068695
2025-05-24 16:00:00,26.253751516342163
2025-05-24 16:30:00,33.051525592803955
2025-05-24 17:00:00,20.07659912109375
2025-05-24 17:30:00,28.199577927589417
2025-05-24 18:00:00,46.85343360900879
2025-05-24 18:30:00,45.31986379623413
2025-05-24 19:00:00,42.27979338169098
2025-05-24 19:30:00,35.108272433280945
2025-05-24 20:00:00,34.53856980800629
2025-05-24 20:30:00,33.35006296634674
2025-05-24 21:00:00,45.59847664833069
2025-05-24 21:30:00,44.01479637622833
2025-05-24 22:00:00,43.9589706659317
2025-05-24 22:30:00,40.08643877506256
2025-05-24 23:00:00,46.487682580947876
2025-05-24 23:30:00,44.39510214328766
2025-05-25 00:00:00,33.2470782995224
2025-05-25 00:30:00,28.916555285453796
2025-05-25 01:00:00,43.990095376968384
2025-05-25 01:30:00,34.48899757862091
2025-05-25 02:00:00,44.005260944366455
2025-05-25 02:30:00,34.69566786289215
2025-05-25 03:00:00,30.33537447452545
2025-05-25 03:30:00,26.06996977329254
2025-05-25 04:00:00,31.87495493888855
2025-05-25 04:30:00,30.915719032287598
2025-05-25 05:00:00,36.589746594429016
2025-05-25 05:30:00,37.99259662628174
2025-05-25 06:00:00,39.57120501995087
2025-05-25 06:30:00,43.21353471279144
2025-05-25 07:00:00,37.43888318538666
2025-05-25 07:30:00,16.824546217918396
2025-05-25 08:00:00,21.000271797180176
2025-05-25 08:30:00,21.311115860939026
2025-05-25 09:00:00,21.773497939109802
2025-05-25 09:30:00,26.91101038455963
2025-05-25 10:00:00,26.13299524784088
2025-05-25 10:30:00,22.858697175979614
2025-05-25 11:00:00,31.079368472099304
2025-05-25 11:30:00,26.321248054504395
2025-05-25 12:00:00,20.657249093055725
2025-05-25 12:30:00,46.88718938827515
2025-05-25 13:00:00,32.39410150051117
2025-05-25 13:30:00,48.82228374481201
2025-05-25 14:00:00,37.98293101787567
2025-05-25 14:30:00,20.33528745174408
2025-05-25 15:00:00,38.36893451213837
2025-05-25 15:30:00,34.89659786224365
2025-05-25 16:00:00,26.861891269683838
2025-05-25 16:30:00,21.972144842147827
2025-05-25 17:00:00,14.457934141159058
2025-05-25 17:30:00,21.728073835372925
2025-05-25 18:00:00,23.177071452140808
2025-05-25 18:30:00,17.054097533226013
2025-05-25 19:00:00,31.026646971702576
2025-05-25 19:30:00,31.885456681251526
2025-05-25 20:00:00,29.447675585746765
2025-05-25 20:30:00,29.66930115222931
2025-05-25 21:00:00,36.42221188545227
2025-05-25 21:30:00,60.18606519699097
2025-05-25 22:00:00,39.83706557750702
2025-05-25 22:30:00,30.58084988594055
2025-05-25 23:00:00,25.058903574943542
2025-05-25 23:30:00,43.16003715991974
2025-05-26 00:00:00,20.496055483818054
2025-05-26 00:30:00,29.27925217151642
2025-05-26 01:00:00,40.373648285865784
2025-05-26 01:30:00,33.88170146942139
2025-05-26 02:00:00,25.89653205871582
2025-05-26 02:30:00,16.990326046943665
2025-05-26 03:00:00,26.032539010047913
2025-05-26 03:30:00,38.40844810009003
2025-05-26 04:00:00,40.152488350868225
2025-05-26 04:30:00,36.39462196826935
2025-05-26 05:00:00,39.419158816337585
2025-05-26 05:30:00,44.600247859954834
2025-05-26 06:00:00,36.247825384140015
2025-05-26 06:30:00,24.280445337295532
2025-05-26 07:00:00,29.888603568077087
2025-05-26 07:30:00,40.71971261501312
2025-05-26 08:00:00,33.528204560279846
2025-05-26 08:30:00,28.050851225852966
2025-05-26 09:00:00,18.96895945072174
2025-05-26 09:30:00,18.12645936012268
2025-05-26 10:00:00,23.433496713638306
2025-05-26 10:30:00,18.55044436454773
2025-05-26 11:00:00,38.791680335998535
2025-05-26 11:30:00,19.73849058151245
2025-05-26 12:00:00,20.0397766828537
2025-05-26 12:30:00,28.16441023349762
2025-05-26 13:00:00,31.7358638048172
2025-05-26 13:30:00,50.45321559906006
2025-05-26 14:00:00,29.977954745292664
2025-05-26 14:30:00,32.76267385482788
2025-05-26 15:00:00,38.8055065870285
2025-05-26 15:30:00,36.340110540390015
2025-05-26 16:00:00,27.770768880844116
2025-05-26 16:30:00,37.04879915714264
2025-05-26 17:00:00,37.90163826942444
2025-05-26 17:30:00,34.122172594070435
2025-05-26 18:00:00,24.78035831451416
2025-05-26 18:30:00,21.15326678752899
2025-05-26 19:00:00,35.476311564445496
2025-05-26 19:30:00,35.441566944122314
2025-05-26 20:00:00,35.46814298629761
2025-05-26 20:30:00,29.95539164543152
2025-05-26 21:00:00,41.12653434276581
2025-05-26 21:30:00,31.57808482646942
2025-05-26 22:00:00,37.335673213005066
2025-05-26 22:30:00,35.06436288356781
2025-05-26 23:00:00,47.03274178504944
2025-05-26 23:30:00,39.56007492542267
2025-05-27 00:00:00,13.920222401618958
2025-05-27 00:30:00,17.45085310935974
2025-05-27 01:00:00,26.001181483268738
2025-05-27 01:30:00,30.936074137687683
2025-05-27 02:00:00,38.09016144275665
2025-05-27 02:30:00,34.89708352088928
2025-05-27 03:00:00,38.847541093826294
2025-05-27 03:30:00,40.39539277553558
2025-05-27 04:00:00,39.97589635848999
2025-05-27 04:30:00,41.816627740859985
2025-05-27 05:00:00,36.871376037597656
2025-05-27 05:30:00,26.704357624053955
2025-05-27 06:00:00,36.105029225349426
2025-05-27 06:30:00,40.02981448173523
2025-05-27 07:00:00,32.63351368904114
2025-05-27 07:30:00,34.359732270240784
2025-05-27 08:00:00,35.70089614391327
2025-05-27 08:30:00,31.02065885066986
2025-05-27 09:00:00,16.08146846294403
2025-05-27 09:30:00,21.709548711776733
2025-05-27 10:00:00,33.498677015304565
2025-05-27 10:30:00,34.71948266029358
2025-05-27 11:00:00,32.04193389415741
2025-05-27 11:30:00,54.50983715057373
2025-05-27 12:00:00,51.3368239402771
2025-05-27 12:30:00,45.41018629074097
2025-05-27 13:00:00,35.91512668132782
2025-05-27 13:30:00,32.40006959438324
2025-05-27 14:00:00,30.091426134109497
2025-05-27 14:30:00,40.22357976436615
2025-05-27 15:00:00,38.82494795322418
2025-05-27 15:30:00,30.85702693462372
2025-05-27 16:00:00,48.141785860061646
2025-05-27 16:30:00,40.425145626068115
2025-05-27 17:00:00,35.24751126766205
2025-05-27 17:30:00,48.94025373458862
2025-05-27 18:00:00,40.15957295894623
2025-05-27 18:30:00,47.1537709236145
2025-05-27 19:00:00,37.76716339588165
2025-05-27 19:30:00,27.833821892738342
2025-05-27 20:00:00,20.080729722976685
2025-05-27 20:30:00,28.008638978004456
2025-05-27 21:00:00,39.00450396537781
2025-05-27 21:30:00,43.62532818317413
2025-05-27 22:00:00,24.386629343032837
2025-05-27 22:30:00,32.74299216270447
2025-05-27 23:00:00,22.72100043296814
2025-05-27 23:30:00,25.981289505958557
2025-05-28 00:00:00,34.237313747406006
2025-05-28 00:30:00,15.60845696926117
2025-05-28 01:00:00,4.632973060011864
2025-05-28 01:30:00,9.564984619617462
2025-05-28 02:00:00,16.498438954353333
2025-05-28 02:30:00,25.27921485900879
2025-05-28 03:00:00,28.370169281959534
2025-05-28 03:30:00,31.89599847793579
2025-05-28 04:00:00,31.49259638786316
2025-05-28 04:30:00,36.12763488292694
2025-05-28 05:00:00,44.65036582946777
2025-05-28 05:30:00,45.862990379333496
2025-05-28 06:00:00,29.085869908332825
2025-05-28 06:30:00,21.007832050323486
2025-05-28 07:00:00,26.130146384239197
2025-05-28 07:30:00,14.145710706710815
2025-05-28 08:00:00,11.307598561048508
2025-05-28 08:30:00,15.480390787124634
2025-05-28 09:00:00,25.880940914154053
2025-05-28 09:30:00,24.4292471408844
2025-05-28 10:00:00,28.513849139213562
2025-05-28 10:30:00,35.585169196128845
2025-05-28 11:00:00,30.089921593666077
2025-05-28 11:30:00,32.077054023742676
2025-05-28 12:00:00,21.67381775379181
2025-05-28 12:30:00,21.472094178199768
2025-05-28 13:00:00,21.467763304710388
2025-05-28 13:30:00,27.881739377975464
2025-05-28 14:00:00,24.916921019554138
2025-05-28 14:30:00,20.24592125415802
2025-05-28 15:00:00,38.52106332778931
2025-05-28 15:30:00,26.63737428188324
2025-05-28 16:00:00,34.25090968608856
2025-05-28 16:30:00,37.507553815841675
2025-05-28 17:00:00,26.59197771549225
2025-05-28 17:30:00,23.671286702156067
2025-05-28 18:00:00,33.237990975379944
2025-05-28 18:30:00,12.562571793794632
2025-05-28 19:00:00,12.939953595399857
2025-05-28 19:30:00,54.12743854522705
2025-05-28 20:00:00,39.15403425693512
2025-05-28 20:30:00,37.74071502685547
2025-05-28 21:00:00,34.09979474544525
2025-05-28 21:30:00,39.55256724357605
2025-05-28 22:00:00,21.07909619808197
2025-05-28 22:30:00,22.81952655315399
2025-05-28 23:00:00,32.32518804073334
2025-05-28 23:30:00,33.23064601421356
2025-05-29 00:00:00,27.638121485710144
2025-05-29 00:30:00,26.736501216888428
2025-05-29 01:00:00,35.11893439292908
2025-05-29 01:30:00,39.22604191303253
2025-05-29 02:00:00,32.194260478019714
2025-05-29 02:30:00,39.426010608673096
2025-05-29 03:00:00,43.82920968532562
2025-05-29 03:30:00,36.30658757686615
2025-05-29 04:00:00,27.557141661643982
2025-05-29 04:30:00,37.5706844329834
2025-05-29 05:00:00,28.13564121723175
2025-05-29 05:30:00,30.644468665122986
2025-05-29 06:00:00,45.91594219207764
2025-05-29 06:30:00,46.016193151474
2025-05-29 07:00:00,37.52904546260834
2025-05-29 07:30:00,44.59416711330414
2025-05-29 08:00:00,47.476468563079834
2025-05-29 08:30:00,36.64322912693024
2025-05-29 09:00:00,52.82452654838562
2025-05-29 09:30:00,37.46102321147919
2025-05-29 10:00:00,29.56252884864807
2025-05-29 10:30:00,37.58031499385834
2025-05-29 11:00:00,24.599092483520508
2025-05-29 11:30:00,16.457663655281067
2025-05-29 12:00:00,31.572877764701843
2025-05-29 12:30:00,27.11020052433014
2025-05-29 13:00:00,37.24521553516388
2025-05-29 13:30:00,32.19849622249603
2025-05-29 14:00:00,39.7854380607605
2025-05-29 14:30:00,35.83575403690338
2025-05-29 15:00:00,28.959010362625122
2025-05-29 15:30:00,53.763404846191406
2025-05-29 16:00:00,46.20623588562012
2025-05-29 16:30:00,27.31638014316559
2025-05-29 17:00:00,39.265435338020325
2025-05-29 17:30:00,34.765920639038086
2025-05-29 18:00:00,38.20143735408783
2025-05-29 18:30:00,30.85066330432892
2025-05-29 19:00:00,47.02606773376465
2025-05-29 19:30:00,29.441096663475037
2025-05-29 20:00:00,17.248190760612488
2025-05-29 20:30:00,34.51454973220825
2025-05-29 21:00:00,41.03713309764862
2025-05-29 21:30:00,39.12931573390961
2025-05-29 22:00:00,16.987890243530273
2025-05-29 22:30:00,26.834341406822205
2025-05-29 23:00:00,17.0622535943985
2025-05-29 23:30:00,30.58703577518463
2025-05-30 00:00:00,28.120943784713745
2025-05-30 00:30:00,18.1431645154953
2025-05-30 01:00:00,29.731988668441772
2025-05-30 01:30:00,23.27069592475891
2025-05-30 02:00:00,23.349285006523132
2025-05-30 02:30:00,36.782708287239075
2025-05-30 03:00:00,22.80563771724701
2025-05-30 03:30:00,37.78144025802612
2025-05-30 04:00:00,40.78276562690735
2025-05-30 04:30:00,35.544023394584656
2025-05-30 05:00:00,29.164907097816467
2025-05-30 05:30:00,29.84627616405487
2025-05-30 06:00:00,35.38413655757904
2025-05-30 06:30:00,25.631069540977478
2025-05-30 07:00:00,28.535435914993286
2025-05-30 07:30:00,36.999101758003235
2025-05-30 08:00:00,27.892256140708923
2025-05-30 08:30:00,27.584203362464905
2025-05-30 09:00:00,31.033185839653015
2025-05-30 09:30:00,29.000977277755737
2025-05-30 10:00:00,22.720887780189514
2025-05-30 10:30:00,18.588836431503296
2025-05-30 11:00:00,24.00145947933197
2025-05-30 11:30:00,44.07243204116821
2025-05-30 12:00:00,27.843387365341187
2025-05-30 12:30:00,18.293465852737427
2025-05-30 13:00:00,35.00451672077179
2025-05-30 13:30:00,61.10759496688843
2025-05-30 14:00:00,50.50980234146118
2025-05-30 14:30:00,36.43587291240692
2025-05-30 15:00:00,27.739386320114136
2025-05-30 15:30:00,23.253224730491638
2025-05-30 16:00:00,25.860445618629456
2025-05-30 16:30:00,24.34903585910797
2025-05-30 17:00:00,31.87835204601288
2025-05-30 17:30:00,26.764867186546326
2025-05-30 18:00:00,45.54871416091919
2025-05-30 18:30:00,41.06633269786835
2025-05-30 19:00:00,48.46091866493225
2025-05-30 19:30:00,26.246641874313354
2025-05-30 20:00:00,39.70371973514557
2025-05-30 20:30:00,34.46252167224884
2025-05-30 21:00:00,39.7250611782074
2025-05-30 21:30:00,36.13360798358917
2025-05-30 22:00:00,28.820502519607544
2025-05-30 22:30:00,16.761726021766663
2025-05-30 23:00:00,17.54210937023163
2025-05-30 23:30:00,41.135181069374084
2025-05-31 00:00:00,14.70814597606659
2025-05-31 00:30:00,23.790851354599
2025-05-31 01:00:00,34.21102559566498
2025-05-31 01:30:00,45.3741774559021
2025-05-31 02:00:00,35.57214653491974
2025-05-31 02:30:00,45.04786491394043
2025-05-31 03:00:00,32.991862177848816
2025-05-31 03:30:00,24.5376216173172
2025-05-31 04:00:00,33.34303593635559
2025-05-31 04:30:00,23.4843031167984
2025-05-31 05:00:00,41.46328604221344
2025-05-31 05:30:00,44.82143032550812
2025-05-31 06:00:00,37.88156855106354
2025-05-31 06:30:00,31.25313413143158
2025-05-31 07:00:00,30.852010130882263
2025-05-31 07:30:00,28.930529236793518
2025-05-31 08:00:00,30.437660694122314
2025-05-31 08:30:00,39.475552797317505
2025-05-31 09:00:00,27.091009497642517
2025-05-31 09:30:00,28.511556029319763
2025-05-31 10:00:00,32.59583258628845
2025-05-31 10:30:00,34.44059443473816
2025-05-31 11:00:00,36.46299469470978
2025-05-31 11:30:00,28.29373812675476
2025-05-31 12:00:00,36.16523337364197
2025-05-31 12:30:00,23.85454773902893
2025-05-31 13:00:00,29.852038979530334
2025-05-31 13:30:00,43.73424589633942
2025-05-31 14:00:00,40.48528468608856
2025-05-31 14:30:00,36.28432738780975
2025-05-31 15:00:00,26.310901522636414
2025-05-31 15:30:00,30.01073920726776
2025-05-31 16:00:00,22.463916778564453
2025-05-31 16:30:00,35.41148865222931
2025-05-31 17:00:00,37.28744029998779
2025-05-31 17:30:00,40.758482694625854
2025-05-31 18:00:00,39.101022362709045
2025-05-31 18:30:00,23.270638346672058
2025-05-31 19:00:00,25.500880479812622
2025-05-31 19:30:00,24.75878155231476
2025-05-31 20:00:00,31.115252137184143
2025-05-31 20:30:00,32.796547293663025
2025-05-31 21:00:00,18.836614966392517
2025-05-31 21:30:00,23.491470336914062
2025-05-31 22:00:00,23.672465801239014
2025-05-31 22:30:00,20.531758904457092
2025-05-31 23:00:00,25.041006803512573
2025-05-31 23:30:00,23.19024431705475
2025-06-01 00:00:00,19.602340936660767
2025-06-01 00:30:00,23.366260528564453
2025-06-01 01:00:00,31.464500784873962
2025-06-01 01:30:00,14.674611747264862
2025-06-01 02:00:00,23.509397149086
2025-06-01 02:30:00,44.71550667285919
2025-06-01 03:00:00,35.50389897823334
2025-06-01 03:30:00,30.80934226512909
2025-06-01 04:00:00,30.668899297714233
2025-06-01 04:30:00,31.650815963745117
2025-06-01 05:00:00,22.471867561340332
2025-06-01 05:30:00,29.909767270088196
2025-06-01 06:00:00,22.153868794441223
2025-06-01 06:30:00,42.56800925731659
2025-06-01 07:00:00,13.721883416175842
2025-06-01 07:30:00,40.72513496875763
2025-06-01 08:00:00,33.4708868265152
2025-06-01 08:30:00,40.65661704540253
2025-06-01 09:00:00,21.156941771507263
2025-06-01 09:30:00,7.469916746020317
2025-06-01 10:00:00,24.071679711341858
2025-06-01 10:30:00,39.94014036655426
2025-06-01 11:00:00,41.67588436603546
2025-06-01 11:30:00,38.29173982143402
2025-06-01 12:00:00,41.73003280162811
2025-06-01 12:30:00,36.39333522319794
2025-06-01 13:00:00,37.77094602584839
2025-06-01 13:30:00,42.43118619918823
2025-06-01 14:00:00,28.113381028175354
2025-06-01 14:30:00,26.72979211807251
2025-06-01 15:00:00,28.083936095237732
2025-06-01 15:30:00,26.782716393470764
2025-06-01 16:00:00,19.568963170051575
2025-06-01 16:30:00,16.390691578388214
2025-06-01 17:00:00,19.856260299682617
2025-06-01 17:30:00,30.136767625808716
2025-06-01 18:00:00,20.968658924102783
2025-06-01 18:30:00,15.516329526901245
2025-06-01 19:00:00,37.646557331085205
2025-06-01 19:30:00,24.815348267555237
2025-06-01 20:00:00,32.01519763469696
2025-06-01 20:30:00,29.807315826416016
2025-06-01 21:00:00,42.34379017353058
2025-06-01 21:30:00,35.291077852249146
2025-06-01 22:00:00,22.616148233413696
2025-06-01 22:30:00,26.5503112077713
2025-06-01 23:00:00,38.56995713710785
2025-06-01 23:30:00,44.61768901348114
2025-06-02 00:00:00,39.680593371391296
2025-06-02 00:30:00,44.45607233047485
2025-06-02 01:00:00,38.27897751331329
2025-06-02 01:30:00,53.10050582885742
2025-06-02 02:00:00,41.34118294715881
2025-06-02 02:30:00,28.23473060131073
2025-06-02 03:00:00,28.43906021118164
2025-06-02 03:30:00,32.69819641113281
2025-06-02 04:00:00,29.697659611701965
2025-06-02 04:30:00,26.727078437805176
2025-06-02 05:00:00,23.266282439231873
2025-06-02 05:30:00,33.14651441574097
2025-06-02 06:00:00,35.24547350406647
2025-06-02 06:30:00,44.883602142333984
2025-06-02 07:00:00,39.26469433307648
2025-06-02 07:30:00,35.70962297916412
2025-06-02 08:00:00,38.89546358585358
2025-06-02 08:30:00,41.90738332271576
2025-06-02 09:00:00,23.738382697105408
2025-06-02 09:30:00,42.31739938259125
2025-06-02 10:00:00,51.045013189315796
2025-06-02 10:30:00,37.987096667289734
2025-06-02 11:00:00,36.43708956241608
2025-06-02 11:30:00,34.2675222158432
2025-06-02 12:00:00,39.676122307777405
2025-06-02 12:30:00,31.54763352870941
2025-06-02 13:00:00,41.49602544307709
2025-06-02 13:30:00,34.69603085517883
2025-06-02 14:00:00,21.07317817211151
2025-06-02 14:30:00,35.34918665885925
2025-06-02 15:00:00,26.315943360328674
2025-06-02 15:30:00,31.281359910964966
2025-06-02 16:00:00,33.65560483932495
2025-06-02 16:30:00,28.978294014930725
2025-06-02 17:00:00,33.950725078582764
2025-06-02 17:30:00,38.71024239063263
2025-06-02 18:00:00,44.447327971458435
2025-06-02 18:30:00,36.94974732398987
2025-06-02 19:00:00,37.496896862983704
2025-06-02 19:30:00,34.989871859550476
2025-06-02 20:00:00,37.490002512931824
2025-06-02 20:30:00,24.772870659828186
2025-06-02 21:00:00,20.428080797195435
2025-06-02 21:30:00,31.681044459342957
2025-06-02 22:00:00,30.304552674293518
2025-06-02 22:30:00,23.97467064857483
2025-06-02 23:00:00,43.11499607563019
2025-06-02 23:30:00,29.854347109794617
2025-06-03 00:00:00,29.608518719673157
2025-06-03 00:30:00,23.144472241401672
2025-06-03 01:00:00,34.46221125125885
2025-06-03 01:30:00,26.028926610946655
2025-06-03 02:00:00,35.07610380649567
2025-06-03 02:30:00,42.60921764373779
2025-06-03 03:00:00,30.850332856178284
2025-06-03 03:30:00,41.18784499168396
2025-06-03 04:00:00,37.28525733947754
2025-06-03 04:30:00,34.354385018348694
2025-06-03 05:00:00,18.795188784599304
2025-06-03 05:30:00,18.828328728675842
2025-06-03 06:00:00,20.613044142723083
2025-06-03 06:30:00,29.21618413925171
2025-06-03 07:00:00,24.50597369670868
2025-06-03 07:30:00,29.908871054649353
2025-06-03 08:00:00,28.49965739250183
2025-06-03 08:30:00,40.97958505153656
2025-06-03 09:00:00,20.65752947330475
2025-06-03 09:30:00,36.27024328708649
2025-06-03 10:00:00,21.75382626056671
2025-06-03 10:30:00,37.96359479427338
2025-06-03 11:00:00,25.73100507259369
2025-06-03 11:30:00,37.709720492362976
2025-06-03 12:00:00,24.453535079956055
2025-06-03 12:30:00,33.47500741481781
2025-06-03 13:00:00,48.79421067237854
2025-06-03 13:30:00,34.11234927177429
2025-06-03 14:00:00,44.279109835624695
2025-06-03 14:30:00,29.726165771484375
2025-06-03 15:00:00,29.105897068977356
2025-06-03 15:30:00,41.53634011745453
2025-06-03 16:00:00,44.46083128452301
2025-06-03 16:30:00,35.75812876224518
2025-06-03 17:00:00,28.9538733959198
2025-06-03 17:30:00,36.44590401649475
2025-06-03 18:00:00,25.26706838607788
2025-06-03 18:30:00,26.54070818424225
2025-06-03 19:00:00,19.14526605606079
2025-06-03 19:30:00,31.343726992607117
2025-06-03 20:00:00,30.588287472724915
2025-06-03 20:30:00,36.148828625679016
2025-06-03 21:00:00,27.427741169929504
2025-06-03 21:30:00,28.585115790367126
2025-06-03 22:00:00,24.323183298110962
2025-06-03 22:30:00,15.45363450050354
2025-06-03 23:00:00,16.512605667114258
2025-06-03 23:30:00,9.778157472610474
2025-06-04 00:00:00,21.992825388908386
2025-06-04 00:30:00,32.91939640045166
2025-06-04 01:00:00,16.650344967842102
2025-06-04 01:30:00,23.982205867767334
2025-06-04 02:00:00,48.39695692062378
2025-06-04 02:30:00,34.34651184082031
2025-06-04 03:00:00,29.109484434127808
2025-06-04 03:30:00,46.25963830947876
2025-06-04 04:00:00,22.79697346687317
2025-06-04 04:30:00,32.26791036128998
2025-06-04 05:00:00,39.78455936908722
2025-06-04 05:30:00,38.30573129653931
2025-06-04 06:00:00,26.86857283115387
2025-06-04 06:30:00,28.058055996894836
2025-06-04 07:00:00,27.999121069908142
2025-06-04 07:30:00,27.113144516944885
2025-06-04 08:00:00,27.66386640071869
2025-06-04 08:30:00,30.13240921497345
2025-06-04 09:00:00,22.39080011844635
2025-06-04 09:30:00,22.819499015808105
2025-06-04 10:00:00,45.92236089706421
2025-06-04 10:30:00,30.201417803764343
2025-06-04 11:00:00,34.717737793922424
2025-06-04 11:30:00,41.7662193775177
2025-06-04 12:00:00,25.992407083511353
2025-06-04 12:30:00,42.40837275981903
2025-06-04 13:00:00,42.48804581165314
2025-06-04 13:30:00,28.32878816127777
2025-06-04 14:00:00,37.18510901927948
2025-06-04 14:30:00,29.07068431377411
2025-06-04 15:00:00,31.931076049804688
2025-06-04 15:30:00,39.416950821876526
2025-06-04 16:00:00,28.31800353527069
2025-06-04 16:30:00,42.55518186092377
2025-06-04 17:00:00,38.58587872982025
2025-06-04 17:30:00,51.943601846694946
2025-06-04 18:00:00,50.05163097381592
2025-06-04 18:30:00,52.17365384101868
2025-06-04 19:00:00,38.71522665023804
2025-06-04 19:30:00,49.25062966346741
2025-06-04 20:00:00,37.39006197452545
2025-06-04 20:30:00,52.411911964416504
2025-06-04 21:00:00,30.550491213798523
2025-06-04 21:30:00,32.73425781726837
2025-06-04 22:00:00,40.30354821681976
2025-06-04 22:30:00,22.735705375671387
2025-06-04 23:00:00,24.331386923789978
2025-06-04 23:30:00,31.795870184898376
2025-06-05 00:00:00,19.28519833087921
2025-06-05 00:30:00,18.19112455844879
2025-06-05 01:00:00,36.794111251831055
2025-06-05 01:30:00,44.031739354133606
2025-06-05 02:00:00,27.342490553855896
2025-06-05 02:30:00,32.06650722026825
2025-06-05 03:00:00,30.225918531417847
2025-06-05 03:30:00,35.04870915412903
2025-06-05 04:00:00,25.93603813648224
2025-06-05 04:30:00,20.821341633796692
2025-06-05 05:00:00,30.47649085521698
2025-06-05 05:30:00,58.63217782974243
2025-06-05 06:00:00,47.8943452835083
2025-06-05 06:30:00,33.33877766132355
2025-06-05 07:00:00,24.315197467803955
2025-06-05 07:30:00,14.757346451282501
2025-06-05 08:00:00,21.90041756629944
2025-06-05 08:30:00,39.15328323841095
2025-06-05 09:00:00,56.51624822616577
2025-06-05 09:30:00,33.18826103210449
2025-06-05 10:00:00,30.566457867622375
2025-06-05 10:30:00,38.55024039745331
2025-06-05 11:00:00,33.505964398384094
2025-06-05 11:30:00,38.67006289958954
2025-06-05 12:00:00,26.267845630645752
2025-06-05 12:30:00,35.40195572376251
2025-06-05 13:00:00,25.22648334503174
2025-06-05 13:30:00,13.665111422538757
2025-06-05 14:00:00,43.381978154182434
2025-06-05 14:30:00,24.6674702167511
2025-06-05 15:00:00,15.760162711143494
2025-06-05 15:30:00,28.802730917930603
2025-06-05 16:00:00,35.89930522441864
2025-06-05 16:30:00,25.057807087898254
2025-06-05 17:00:00,25.054187178611755
2025-06-05 17:30:00,35.104962944984436
2025-06-05 18:00:00,25.66324818134308
2025-06-05 18:30:00,27.84009039402008
2025-06-05 19:00:00,37.88820004463196
2025-06-05 19:30:00,33.3019677400589
2025-06-05 20:00:00,18.000696301460266
2025-06-05 20:30:00,21.153356909751892
2025-06-05 21:00:00,26.541917324066162
2025-06-05 21:30:00,19.354645013809204
2025-06-05 22:00:00,18.029900908470154
2025-06-05 22:30:00,12.917305380105972
2025-06-05 23:00:00,17.362122774124146
2025-06-05 23:30:00,28.44480299949646
2025-06-06 00:00:00,17.55267870426178
2025-06-06 00:30:00,30.389267563819885
2025-06-06 01:00:00,35.36644756793976
2025-06-06 01:30:00,41.50916576385498
2025-06-06 02:00:00,43.7194207906723
2025-06-06 02:30:00,30.30243229866028
2025-06-06 03:00:00,45.56913185119629
2025-06-06 03:30:00,26.50549042224884
2025-06-06 04:00:00,18.008812308311462
2025-06-06 04:30:00,29.99645483493805
2025-06-06 05:00:00,37.99833691120148
2025-06-06 05:30:00,26.68864631652832
2025-06-06 06:00:00,17.412158131599426
2025-06-06 06:30:00,24.570343494415283
2025-06-06 07:00:00,32.80642569065094
2025-06-06 07:30:00,39.44444811344147
2025-06-06 08:00:00,37.226765513420105
2025-06-06 08:30:00,32.00410008430481
2025-06-06 09:00:00,25.981690049171448
2025-06-06 09:30:00,24.779444575309753
2025-06-06 10:00:00,29.819434762001038
2025-06-06 10:30:00,41.305301785469055
2025-06-06 11:00:00,44.787999987602234
2025-06-06 11:30:00,46.499438524246216
2025-06-06 12:00:00,49.01384353637695
2025-06-06 12:30:00,33.43369138240814
2025-06-06 13:00:00,29.860670685768127
2025-06-06 13:30:00,40.03476119041443
2025-06-06 14:00:00,40.61892092227936
2025-06-06 14:30:00,39.01022171974182
2025-06-06 15:00:00,29.353407740592957
2025-06-06 15:30:00,32.40551197528839
2025-06-06 16:00:00,25.37657940387726
2025-06-06 16:30:00,35.24637722969055
2025-06-06 17:00:00,25.81210505962372
2025-06-06 17:30:00,26.202742338180542
2025-06-06 18:00:00,30.24524974822998
2025-06-06 18:30:00,20.715380430221558
2025-06-06 19:00:00,43.399128913879395
2025-06-06 19:30:00,32.86394119262695
2025-06-06 20:00:00,19.71213984489441
2025-06-06 20:30:00,15.675004720687866
2025-06-06 21:00:00,23.26883089542389
2025-06-06 21:30:00,21.148517847061157
2025-06-06 22:00:00,31.043079257011414
2025-06-06 22:30:00,43.4174462556839
2025-06-06 23:00:00,30.621868014335632
2025-06-06 23:30:00,41.98741686344147
2025-06-07 00:00:00,14.157316446304321
2025-06-07 00:30:00,16.643282890319824
2025-06-07 01:00:00,8.277556121349335
2025-06-07 01:30:00,22.13847291469574
2025-06-07 02:00:00,16.257782578468323
2025-06-07 02:30:00,11.647583395242691
2025-06-07 03:00:00,17.10844373703003
2025-06-07 03:30:00,22.031803250312805
2025-06-07 04:00:00,17.30531072616577
2025-06-07 04:30:00,32.434834241867065
2025-06-07 05:00:00,50.01941227912903
2025-06-07 05:30:00,31.39107620716095
2025-06-07 06:00:00,34.97531461715698
2025-06-07 06:30:00,41.07677185535431
2025-06-07 07:00:00,38.60717260837555
2025-06-07 07:30:00,27.360530018806458
2025-06-07 08:00:00,39.41002643108368
2025-06-07 08:30:00,52.623939514160156
2025-06-07 09:00:00,40.390676379203796
2025-06-07 09:30:00,40.25344526767731
2025-06-07 10:00:00,28.07057297229767
2025-06-07 10:30:00,37.27203691005707
2025-06-07 11:00:00,27.5230929851532
2025-06-07 11:30:00,27.310407042503357
2025-06-07 12:00:00,29.59372365474701
2025-06-07 12:30:00,29.42608630657196
2025-06-07 13:00:00,45.65197420120239
2025-06-07 13:30:00,36.744085907936096
2025-06-07 14:00:00,19.551141500473022
2025-06-07 14:30:00,23.57954978942871
2025-06-07 15:00:00,32.80146896839142
2025-06-07 15:30:00,30.14575231075287
2025-06-07 16:00:00,31.65869915485382
2025-06-07 16:30:00,34.69721496105194
2025-06-07 17:00:00,24.414907693862915
2025-06-07 17:30:00,26.049712300300598
2025-06-07 18:00:00,12.30895534157753
2025-06-07 18:30:00,36.62321698665619
2025-06-07 19:00:00,29.25044810771942
2025-06-07 19:30:00,34.55042588710785
2025-06-07 20:00:00,33.31539344787598
2025-06-07 20:30:00,23.518359303474426
2025-06-07 21:00:00,30.046029567718506
2025-06-07 21:30:00,25.654118299484253
2025-06-07 22:00:00,35.08073008060455
2025-06-07 22:30:00,26.920565843582153
2025-06-07 23:00:00,27.150092124938965
2025-06-07 23:30:00,24.898435950279236
2025-06-08 00:00:00,19.14145839214325
2025-06-08 00:30:00,25.910966634750366
2025-06-08 01:00:00,24.315502882003784
2025-06-08 01:30:00,22.062257051467896
2025-06-08 02:00:00,32.91962420940399
2025-06-08 02:30:00,17.566372275352478
2025-06-08 03:00:00,23.43629801273346
2025-06-08 03:30:00,42.44611895084381
2025-06-08 04:00:00,40.3615118265152
2025-06-08 04:30:00,44.70987403392792
2025-06-08 05:00:00,49.71451377868652
2025-06-08 05:30:00,29.50006663799286
2025-06-08 06:00:00,42.78945457935333
2025-06-08 06:30:00,42.39536011219025
2025-06-08 07:00:00,29.103183388710022
2025-06-08 07:30:00,25.85263752937317
2025-06-08 08:00:00,41.182913303375244
2025-06-08 08:30:00,37.72315871715546
2025-06-08 09:00:00,39.78528034687042
2025-06-08 09:30:00,30.182119131088257
2025-06-08 10:00:00,22.593419909477234
2025-06-08 10:30:00,14.839794516563416
2025-06-08 11:00:00,30.218891501426697
2025-06-08 11:30:00,20.527668356895447
2025-06-08 12:00:00,17.88964819908142
2025-06-08 12:30:00,18.45136249065399
2025-06-08 13:00:00,32.25102746486664
2025-06-08 13:30:00,35.03396666049957
2025-06-08 14:00:00,31.099650979042053
2025-06-08 14:30:00,39.49846136569977
2025-06-08 15:00:00,32.31591796875
2025-06-08 15:30:00,31.302751421928406
2025-06-08 16:00:00,9.683492839336395
2025-06-08 16:30:00,4.523112192749977
2025-06-08 17:00:00,25.25720751285553
2025-06-08 17:30:00,29.044316053390503
2025-06-08 18:00:00,21.644798398017883
2025-06-08 18:30:00,36.26600754261017
2025-06-08 19:00:00,36.228076100349426
2025-06-08 19:30:00,32.94864857196808
2025-06-08 20:00:00,34.909112334251404
2025-06-08 20:30:00,14.12155544757843
2025-06-08 21:00:00,20.00168752670288
2025-06-08 21:30:00,21.93113422393799
2025-06-08 22:00:00,24.033467888832092
2025-06-08 22:30:00,22.554086565971375
2025-06-08 23:00:00,26.196864366531372
2025-06-08 23:30:00,23.54188621044159
2025-06-09 00:00:00,9.283847093582153
2025-06-09 00:30:00,20.874443650245667
2025-06-09 01:00:00,32.40078556537628
2025-06-09 01:30:00,24.54045796394348
2025-06-09 02:00:00,34.16130316257477
2025-06-09 02:30:00,33.29574930667877
2025-06-09 03:00:00,49.26952028274536
2025-06-09 03:30:00,38.579044461250305
2025-06-09 04:00:00,41.70738708972931
2025-06-09 04:30:00,42.55332934856415
2025-06-09 05:00:00,37.87270402908325
2025-06-09 05:30:00,29.576725602149963
2025-06-09 06:00:00,27.5590842962265
2025-06-09 06:30:00,30.312283158302307
2025-06-09 07:00:00,40.343239545822144
2025-06-09 07:30:00,25.09664475917816
2025-06-09 08:00:00,35.40119218826294
2025-06-09 08:30:00,41.975648403167725
2025-06-09 09:00:00,33.22983992099762
2025-06-09 09:30:00,27.250826239585876
2025-06-09 10:00:00,30.35287320613861
2025-06-09 10:30:00,36.60377562046051
2025-06-09 11:00:00,24.89912188053131
2025-06-09 11:30:00,36.214993357658386
2025-06-09 12:00:00,36.15520977973938
2025-06-09 12:30:00,35.04933249950409
2025-06-09 13:00:00,38.89012134075165
2025-06-09 13:30:00,26.935255765914917
2025-06-09 14:00:00,27.09893774986267
2025-06-09 14:30:00,26.141404151916504
2025-06-09 15:00:00,39.37927973270416
2025-06-09 15:30:00,35.29660785198212
2025-06-09 16:00:00,31.19784915447235
2025-06-09 16:30:00,39.613001704216
2025-06-09 17:00:00,35.8795884847641
2025-06-09 17:30:00,32.41072905063629
2025-06-09 18:00:00,40.19724655151367
2025-06-09 18:30:00,21.414220690727234
2025-06-09 19:00:00,30.987263560295105
2025-06-09 19:30:00,42.67227816581726
2025-06-09 20:00:00,31.072251319885254
2025-06-09 20:30:00,28.69690239429474
2025-06-09 21:00:00,25.897926449775696
2025-06-09 21:30:00,23.143503427505493
2025-06-09 22:00:00,27.011008501052856
2025-06-09 22:30:00,26.23049247264862
2025-06-09 23:00:00,27.92622721195221
2025-06-09 23:30:00,31.033796668052673
2025-06-10 00:00:00,28.822765588760376
2025-06-10 00:30:00,31.52181851863861
2025-06-10 01:00:00,39.3906751871109
2025-06-10 01:30:00,40.48116910457611
2025-06-10 02:00:00,32.065380692481995
2025-06-10 02:30:00,30.110474467277527
2025-06-10 03:00:00,41.74170112609863
2025-06-10 03:30:00,37.87861955165863
2025-06-10 04:00:00,22.412424445152283
2025-06-10 04:30:00,23.651845335960388
2025-06-10 05:00:00,13.675405383110046
2025-06-10 05:30:00,26.349045753479004
2025-06-10 06:00:00,25.993929147720337
2025-06-10 06:30:00,25.65481173992157
2025-06-10 07:00:00,37.57437193393707
2025-06-10 07:30:00,45.75754737854004
2025-06-10 08:00:00,42.16210126876831
2025-06-10 08:30:00,27.81731951236725
2025-06-10 09:00:00,32.790621757507324
2025-06-10 09:30:00,28.245570302009583
2025-06-10 10:00:00,38.762197852134705
2025-06-10 10:30:00,28.71595823764801
2025-06-10 11:00:00,36.40245759487152
2025-06-10 11:30:00,24.794387340545654
2025-06-10 12:00:00,29.259608030319214
2025-06-10 12:30:00,28.310100317001343
2025-06-10 13:00:00,35.08183157444
2025-06-10 13:30:00,45.75445318222046
2025-06-10 14:00:00,20.08045184612274
2025-06-10 14:30:00,23.870158910751343
2025-06-10 15:00:00,32.28894889354706
2025-06-10 15:30:00,28.137398600578308
2025-06-10 16:00:00,30.232810378074646
2025-06-10 16:30:00,28.75696635246277
2025-06-10 17:00:00,36.68265509605408
2025-06-10 17:30:00,36.81721758842468
2025-06-10 18:00:00,40.74018037319183
2025-06-10 18:30:00,45.385157346725464
2025-06-10 19:00:00,19.81132936477661
2025-06-10 19:30:00,24.032411456108093
2025-06-10 20:00:00,26.829975485801697
2025-06-10 20:30:00,31.779012322425842
2025-06-10 21:00:00,34.22854936122894
2025-06-10 21:30:00,22.914795756340027
2025-06-10 22:00:00,29.860054850578308
2025-06-10 22:30:00,30.018487215042114
2025-06-10 23:00:00,18.14294171333313
2025-06-10 23:30:00,19.120322227478027
2025-06-11 00:00:00,18.4433616399765
2025-06-11 00:30:00,19.10353195667267
2025-06-11 01:00:00,31.52456223964691
2025-06-11 01:30:00,32.19800806045532
2025-06-11 02:00:00,29.860888481140137
2025-06-11 02:30:00,14.915374517440796
2025-06-11 03:00:00,26.525617718696594
2025-06-11 03:30:00,18.30347192287445
2025-06-11 04:00:00,24.21232044696808
2025-06-11 04:30:00,22.26333224773407
2025-06-11 05:00:00,24.84368920326233
2025-06-11 05:30:00,26.108757376670837
2025-06-11 06:00:00,34.48065626621246
2025-06-11 06:30:00,40.050349831581116
2025-06-11 07:00:00,29.271849632263184
2025-06-11 07:30:00,36.784475684165955
2025-06-11 08:00:00,40.36941754817963
2025-06-11 08:30:00,28.187769412994385
2025-06-11 09:00:00,25.905303955078125
2025-06-11 09:30:00,32.5709263086319
2025-06-11 10:00:00,33.99938356876373
2025-06-11 10:30:00,38.0274213552475
2025-06-11 11:00:00,38.79096186161041
2025-06-11 11:30:00,36.76005005836487
2025-06-11 12:00:00,31.58337700366974
2025-06-11 12:30:00,23.551426649093628
2025-06-11 13:00:00,42.11168038845062
2025-06-11 13:30:00,23.5709331035614
2025-06-11 14:00:00,37.14560043811798
2025-06-11 14:30:00,29.151774287223816
2025-06-11 15:00:00,25.72486925125122
2025-06-11 15:30:00,25.41044783592224
2025-06-11 16:00:00,48.54515290260315
2025-06-11 16:30:00,40.308239579200745
2025-06-11 17:00:00,33.275912404060364
2025-06-11 17:30:00,30.465986609458923
2025-06-11 18:00:00,28.017488479614258
2025-06-11 18:30:00,15.748804807662964
2025-06-11 19:00:00,20.56764507293701
2025-06-11 19:30:00,32.36766564846039
2025-06-11 20:00:00,17.9986435174942
2025-06-11 20:30:00,7.220631793141365
2025-06-11 21:00:00,16.446648716926575
2025-06-11 21:30:00,13.457976758480072
2025-06-11 22:00:00,15.525048851966858
2025-06-11 22:30:00,26.717220067977905
2025-06-11 23:00:00,33.386462330818176
2025-06-11 23:30:00,56.21173024177551
2025-06-12 00:00:00,19.006412744522095
2025-06-12 00:30:00,27.90325105190277
2025-06-12 01:00:00,42.835384368896484
2025-06-12 01:30:00,41.27740395069122
2025-06-12 02:00:00,39.28491675853729
2025-06-12 02:30:00,31.654248118400574
2025-06-12 03:00:00,46.174978494644165
2025-06-12 03:30:00,36.980491518974304
2025-06-12 04:00:00,32.92174708843231
2025-06-12 04:30:00,36.990610241889954
2025-06-12 05:00:00,37.64304256439209
2025-06-12 05:30:00,32.28234243392944
2025-06-12 06:00:00,33.989620327949524
2025-06-12 06:30:00,36.822306990623474
2025-06-12 07:00:00,30.177345156669617
2025-06-12 07:30:00,18.847777605056763
2025-06-12 08:00:00,43.15699803829193
2025-06-12 08:30:00,45.898874044418335
2025-06-12 09:00:00,41.2132043838501
2025-06-12 09:30:00,25.09755849838257
2025-06-12 10:00:00,39.66758072376251
2025-06-12 10:30:00,36.19243276119232
2025-06-12 11:00:00,47.934049129486084
2025-06-12 11:30:00,45.216718912124634
2025-06-12 12:00:00,52.46549463272095
2025-06-12 12:30:00,35.08434498310089
2025-06-12 13:00:00,45.907851219177246
2025-06-12 13:30:00,41.846763610839844
2025-06-12 14:00:00,55.21518874168396
2025-06-12 14:30:00,30.07540190219879
2025-06-12 15:00:00,16.39978516101837
2025-06-12 15:30:00,24.68613302707672
2025-06-12 16:00:00,30.736693739891052
2025-06-12 16:30:00,31.3136887550354
2025-06-12 17:00:00,26.064800262451172
2025-06-12 17:30:00,33.44999599456787
2025-06-12 18:00:00,31.860447764396667
2025-06-12 18:30:00,26.748212099075317
2025-06-12 19:00:00,23.635688424110413
2025-06-12 19:30:00,14.491417050361633
2025-06-12 20:00:00,34.920207381248474
2025-06-12 20:30:00,36.04233920574188
2025-06-12 21:00:00,25.142990112304688
2025-06-12 21:30:00,33.82510471343994
2025-06-12 22:00:00,20.64312994480133
2025-06-12 22:30:00,29.793219208717346
2025-06-12 23:00:00,22.519517183303833
2025-06-12 23:30:00,35.12477481365204
2025-06-13 00:00:00,27.707195162773132
2025-06-13 00:30:00,22.156559944152832
2025-06-13 01:00:00,34.99767744541168
2025-06-13 01:30:00,31.7715847492218
2025-06-13 02:00:00,38.365039229393005
2025-06-13 02:30:00,41.596341490745544
2025-06-13 03:00:00,38.10346698760986
2025-06-13 03:30:00,32.78043293952942
2025-06-13 04:00:00,31.88131856918335
2025-06-13 04:30:00,32.966092228889465
2025-06-13 05:00:00,24.870150089263916
2025-06-13 05:30:00,38.94377410411835
2025-06-13 06:00:00,31.91540229320526
2025-06-13 06:30:00,29.903348565101624
2025-06-13 07:00:00,48.39908981323242
2025-06-13 07:30:00,44.315086126327515
2025-06-13 08:00:00,29.880682826042175
2025-06-13 08:30:00,34.44400405883789
2025-06-13 09:00:00,32.66328155994415
2025-06-13 09:30:00,31.622795462608337
2025-06-13 10:00:00,39.63003981113434
2025-06-13 10:30:00,32.4158810377121
2025-06-13 11:00:00,38.63214647769928
2025-06-13 11:30:00,30.216848731040955
2025-06-13 12:00:00,52.39866399765015
2025-06-13 12:30:00,50.47170567512512
2025-06-13 13:00:00,39.11826574802399
2025-06-13 13:30:00,43.53267753124237
2025-06-13 14:00:00,39.65560448169708
2025-06-13 14:30:00,27.649449348449707
2025-06-13 15:00:00,40.09020388126373
2025-06-13 15:30:00,41.042542934417725
2025-06-13 16:00:00,36.83094871044159
2025-06-13 16:30:00,46.673574686050415
2025-06-13 17:00:00,32.85390508174896
2025-06-13 17:30:00,26.18669557571411
2025-06-13 18:00:00,43.22699046134949
2025-06-13 18:30:00,41.79485321044922
2025-06-13 19:00:00,19.032635807991028
2025-06-13 19:30:00,31.64675796031952
2025-06-13 20:00:00,31.581559538841248
2025-06-13 20:30:00,21.22915470600128
2025-06-13 21:00:00,21.18808650970459
2025-06-13 21:30:00,27.454312205314636
2025-06-13 22:00:00,29.548081755638123
2025-06-13 22:30:00,34.7075389623642
2025-06-13 23:00:00,30.277310729026794
2025-06-13 23:30:00,30.550979375839233
2025-06-14 00:00:00,36.27276420593262
2025-06-14 00:30:00,26.566152691841125
2025-06-14 01:00:00,28.963947057724
2025-06-14 01:30:00,28.037933707237244
2025-06-14 02:00:00,25.24734914302826
2025-06-14 02:30:00,6.752386450767517
2025-06-14 03:00:00,18.07028067111969
2025-06-14 03:30:00,20.544543743133545
2025-06-14 04:00:00,19.72125470638275
2025-06-14 04:30:00,24.969026684761047
2025-06-14 05:00:00,34.34760582447052
2025-06-14 05:30:00,31.113802671432495
2025-06-14 06:00:00,26.112640142440796
2025-06-14 06:30:00,27.377500534057617
2025-06-14 07:00:00,18.78390598297119
2025-06-14 07:30:00,32.27378332614899
2025-06-14 08:00:00,30.97305929660797
2025-06-14 08:30:00,37.2489355802536
2025-06-14 09:00:00,30.179603219032288
2025-06-14 09:30:00,40.44235396385193
2025-06-14 10:00:00,49.33533954620361
2025-06-14 10:30:00,59.08091640472412
2025-06-14 11:00:00,45.54302144050598
2025-06-14 11:30:00,36.04561364650726
2025-06-14 12:00:00,33.92678511142731
2025-06-14 12:30:00,40.86418354511261
2025-06-14 13:00:00,34.37480270862579
2025-06-14 13:30:00,35.71978676319122
2025-06-14 14:00:00,31.955193758010864
2025-06-14 14:30:00,37.795902371406555
2025-06-14 15:00:00,36.53306472301483
2025-06-14 15:30:00,22.40653645992279
2025-06-14 16:00:00,20.946794271469116
2025-06-14 16:30:00,16.40795874595642
2025-06-14 17:00:00,35.21300446987152
2025-06-14 17:30:00,27.349880576133728
2025-06-14 18:00:00,17.385101437568665
2025-06-14 18:30:00,15.927890181541443
2025-06-14 19:00:00,37.07262647151947
2025-06-14 19:30:00,48.64424228668213
2025-06-14 20:00:00,32.876550793647766
2025-06-14 20:30:00,31.192742228507996
2025-06-14 21:00:00,29.61493492126465
2025-06-14 21:30:00,21.61239445209503
2025-06-14 22:00:00,44.213518381118774
2025-06-14 22:30:00,40.288567900657654
2025-06-14 23:00:00,19.29942762851715
2025-06-14 23:30:00,26.173007011413574
2025-06-15 00:00:00,26.250659823417664
2025-06-15 00:30:00,34.34288442134857
2025-06-15 01:00:00,38.95452618598938
2025-06-15 01:30:00,38.45699393749237
2025-06-15 02:00:00,33.58709943294525
2025-06-15 02:30:00,27.218917965888977
2025-06-15 03:00:00,21.769930601119995
2025-06-15 03:30:00,21.785747051239014
2025-06-15 04:00:00,18.507806539535522
2025-06-15 04:30:00,25.820711731910706
2025-06-15 05:00:00,33.10971701145172
2025-06-15 05:30:00,37.57631957530975
2025-06-15 06:00:00,21.212417006492615
2025-06-15 06:30:00,23.323357343673706
2025-06-15 07:00:00,36.827213644981384
2025-06-15 07:30:00,45.464414834976196
2025-06-15 08:00:00,37.26812410354614
2025-06-15 08:30:00,34.67824423313141
2025-06-15 09:00:00,45.65513849258423
2025-06-15 09:30:00,37.256994009017944
2025-06-15 10:00:00,44.24103319644928
2025-06-15 10:30:00,34.353644013404846
2025-06-15 11:00:00,24.299145698547363
2025-06-15 11:30:00,41.58819544315338
2025-06-15 12:00:00,30.11118793487549
2025-06-15 12:30:00,31.844743967056274
2025-06-15 13:00:00,29.473605751991272
2025-06-15 13:30:00,34.03172743320465
2025-06-15 14:00:00,35.47389829158783
2025-06-15 14:30:00,32.2978835105896
2025-06-15 15:00:00,42.98277676105499
2025-06-15 15:30:00,46.027042865753174
2025-06-15 16:00:00,39.03468990325928
2025-06-15 16:30:00,42.152395606040955
2025-06-15 17:00:00,26.314473867416382
2025-06-15 17:30:00,40.438055634498596
2025-06-15 18:00:00,42.95691668987274
2025-06-15 18:30:00,49.7070837020874
2025-06-15 19:00:00,47.84472298622131
2025-06-15 19:30:00,41.56543958187103
2025-06-15 20:00:00,36.67488956451416
2025-06-15 20:30:00,33.83697831630707
2025-06-15 21:00:00,29.829861402511597
2025-06-15 21:30:00,37.31238663196564
2025-06-15 22:00:00,40.72700250148773
2025-06-15 22:30:00,22.879079818725586
2025-06-15 23:00:00,36.62104403972626
2025-06-15 23:30:00,35.29804980754852
2025-06-16 00:00:00,17.62030041217804
2025-06-16 00:30:00,31.980876088142395
2025-06-16 01:00:00,43.2865287065506
2025-06-16 01:30:00,40.279555678367615
2025-06-16 02:00:00,40.55158710479736
2025-06-16 02:30:00,35.146504282951355
2025-06-16 03:00:00,32.15946328639984
2025-06-16 03:30:00,26.60339319705963
2025-06-16 04:00:00,20.6799373626709
2025-06-16 04:30:00,38.886701703071594
2025-06-16 05:00:00,31.592654585838318
2025-06-16 05:30:00,49.705952167510986
2025-06-16 06:00:00,31.951961874961853
2025-06-16 06:30:00,33.34423506259918
2025-06-16 07:00:00,39.49835121631622
2025-06-16 07:30:00,32.687684655189514
2025-06-16 08:00:00,40.2902626991272
2025-06-16 08:30:00,37.78999435901642
2025-06-16 09:00:00,39.28844904899597
2025-06-16 09:30:00,38.019202709198
2025-06-16 10:00:00,23.14667022228241
2025-06-16 10:30:00,40.605477690696716
2025-06-16 11:00:00,41.171695590019226
2025-06-16 11:30:00,18.892736077308655
2025-06-16 12:00:00,17.775736212730408
2025-06-16 12:30:00,25.776471734046936
2025-06-16 13:00:00,28.117045998573303
2025-06-16 13:30:00,45.52912759780884
2025-06-16 14:00:00,52.473445415496826
2025-06-16 14:30:00,31.825445294380188
2025-06-16 15:00:00,40.39082407951355
2025-06-16 15:30:00,51.49566435813904
2025-06-16 16:00:00,42.53042829036713
2025-06-16 16:30:00,38.66464555263519
2025-06-16 17:00:00,41.90822696685791
2025-06-16 17:30:00,41.68033540248871
2025-06-16 18:00:00,40.13412094116211
2025-06-16 18:30:00,29.96967852115631
2025-06-16 19:00:00,41.26205313205719
2025-06-16 19:30:00,35.13124358654022
2025-06-16 20:00:00,45.25625252723694
2025-06-16 20:30:00,37.63494408130646
2025-06-16 21:00:00,26.957863926887512
2025-06-16 21:30:00,21.45053744316101
2025-06-16 22:00:00,29.146957755088806
2025-06-16 22:30:00,26.22642195224762
2025-06-16 23:00:00,28.786073327064514
2025-06-16 23:30:00,30.55542290210724
2025-06-17 00:00:00,15.911895990371704
2025-06-17 00:30:00,26.21003222465515
2025-06-17 01:00:00,41.23350441455841
2025-06-17 01:30:00,45.93079733848572
2025-06-17 02:00:00,27.690369844436646
2025-06-17 02:30:00,33.805357933044434
2025-06-17 03:00:00,17.84646964073181
2025-06-17 03:30:00,33.55916154384613
2025-06-17 04:00:00,41.035030245780945
2025-06-17 04:30:00,44.157615065574646
2025-06-17 05:00:00,45.32753920555115
2025-06-17 05:30:00,33.57832753658295
2025-06-17 06:00:00,22.38271915912628
2025-06-17 06:30:00,17.786993980407715
2025-06-17 07:00:00,30.76200807094574
2025-06-17 07:30:00,28.181933999061584
2025-06-17 08:00:00,39.724427819252014
2025-06-17 08:30:00,24.55595898628235
2025-06-17 09:00:00,45.658352851867676
2025-06-17 09:30:00,42.293391823768616
2025-06-17 10:00:00,16.11558473110199
2025-06-17 10:30:00,13.431161016225815
2025-06-17 11:00:00,25.634904742240906
2025-06-17 11:30:00,30.459022164344788
2025-06-17 12:00:00,19.699835658073425
2025-06-17 12:30:00,39.70808565616608
2025-06-17 13:00:00,43.4124094247818
2025-06-17 13:30:00,24.407580256462097
2025-06-17 14:00:00,28.638022541999817
2025-06-17 14:30:00,29.12611699104309
2025-06-17 15:00:00,32.46350312232971
2025-06-17 15:30:00,43.92381298542023
2025-06-17 16:00:00,47.741312742233276
2025-06-17 16:30:00,29.294888377189636
2025-06-17 17:00:00,48.842536211013794
2025-06-17 17:30:00,44.116814732551575
2025-06-17 18:00:00,35.887479186058044
2025-06-17 18:30:00,55.501482009887695
2025-06-17 19:00:00,46.611260175704956
2025-06-17 19:30:00,41.63447821140289
2025-06-17 20:00:00,30.92496907711029
2025-06-17 20:30:00,35.03081238269806
2025-06-17 21:00:00,29.02295958995819
2025-06-17 21:30:00,30.53672754764557
2025-06-17 22:00:00,32.77871811389923
2025-06-17 22:30:00,24.01848006248474
2025-06-17 23:00:00,35.82358753681183
2025-06-17 23:30:00,38.48801100254059
2025-06-18 00:00:00,33.77939021587372
2025-06-18 00:30:00,22.424365639686584
2025-06-18 01:00:00,26.222867131233215
2025-06-18 01:30:00,35.69347107410431
2025-06-18 02:00:00,36.629698276519775
2025-06-18 02:30:00,22.201646089553833
2025-06-18 03:00:00,26.817578673362732
2025-06-18 03:30:00,24.33568274974823
2025-06-18 04:00:00,26.310761332511902
2025-06-18 04:30:00,43.73678934574127
2025-06-18 05:00:00,28.468307375907898
2025-06-18 05:30:00,33.887792229652405
2025-06-18 06:00:00,19.661038041114807
2025-06-18 06:30:00,32.431299448013306
2025-06-18 07:00:00,17.691209077835083
2025-06-18 07:30:00,18.881986498832703
2025-06-18 08:00:00,19.760858416557312
2025-06-18 08:30:00,19.368160843849182
2025-06-18 09:00:00,17.12956988811493
2025-06-18 09:30:00,28.816169142723083
2025-06-18 10:00:00,30.910654664039612
2025-06-18 10:30:00,49.39273238182068
2025-06-18 11:00:00,36.607680916786194
2025-06-18 11:30:00,31.7600816488266
2025-06-18 12:00:00,33.33021605014801
2025-06-18 12:30:00,27.349199652671814
2025-06-18 13:00:00,28.790729641914368
2025-06-18 13:30:00,28.953230023384094
2025-06-18 14:00:00,31.884139895439148
2025-06-18 14:30:00,31.919938445091248
2025-06-18 15:00:00,24.37965488433838
2025-06-18 15:30:00,37.924161314964294
2025-06-18 16:00:00,16.69909107685089
2025-06-18 16:30:00,18.300958514213562
2025-06-18 17:00:00,19.69918978214264
2025-06-18 17:30:00,36.92491614818573
2025-06-18 18:00:00,28.95785629749298
2025-06-18 18:30:00,19.70829713344574
2025-06-18 19:00:00,37.76696562767029
2025-06-18 19:30:00,33.524394392967224
2025-06-18 20:00:00,20.279188871383667
2025-06-18 20:30:00,23.676353573799133
2025-06-18 21:00:00,19.475836873054504
2025-06-18 21:30:00,9.212860822677612
2025-06-18 22:00:00,22.90517520904541
2025-06-18 22:30:00,30.87607777118683
2025-06-18 23:00:00,30.53085458278656
2025-06-18 23:30:00,41.13417971134186
2025-06-19 00:00:00,18.19641423225403
2025-06-19 00:30:00,30.61412501335144
2025-06-19 01:00:00,29.181562185287476
2025-06-19 01:30:00,29.051445722579956
2025-06-19 02:00:00,31.828474402427673
2025-06-19 02:30:00,28.92509937286377
2025-06-19 03:00:00,45.64196562767029
2025-06-19 03:30:00,36.739301919937134
2025-06-19 04:00:00,36.542805433273315
2025-06-19 04:30:00,26.166152715682983
2025-06-19 05:00:00,19.228100895881653
2025-06-19 05:30:00,16.681160509586334
2025-06-19 06:00:00,30.029589772224426
2025-06-19 06:30:00,30.988625407218933
2025-06-19 07:00:00,34.41562557220459
2025-06-19 07:30:00,53.1880145072937
2025-06-19 08:00:00,27.096669673919678
2025-06-19 08:30:00,45.15588140487671
2025-06-19 09:00:00,35.48230469226837
2025-06-19 09:30:00,24.913819313049316
2025-06-19 10:00:00,44.99836027622223
2025-06-19 10:30:00,12.38417735695839
2025-06-19 11:00:00,17.414190888404846
2025-06-19 11:30:00,13.600078225135803
2025-06-19 12:00:00,29.281970858573914
2025-06-19 12:30:00,28.380072712898254
2025-06-19 13:00:00,30.664523363113403
2025-06-19 13:30:00,31.924076557159424
2025-06-19 14:00:00,38.63602674007416
2025-06-19 14:30:00,40.770506501197815
2025-06-19 15:00:00,40.070366978645325
2025-06-19 15:30:00,43.14766788482666
2025-06-19 16:00:00,55.26517653465271
2025-06-19 16:30:00,47.78796601295471
2025-06-19 17:00:00,28.294764518737793
2025-06-19 17:30:00,47.53876304626465
2025-06-19 18:00:00,43.37816047668457
2025-06-19 18:30:00,41.95179855823517
2025-06-19 19:00:00,27.915337443351746
2025-06-19 19:30:00,28.338924407958984
2025-06-19 20:00:00,43.573177456855774
2025-06-19 20:30:00,43.30187952518463
2025-06-19 21:00:00,39.94675433635712
2025-06-19 21:30:00,41.43217635154724
2025-06-19 22:00:00,40.75482773780823
2025-06-19 22:30:00,37.755675315856934
2025-06-19 23:00:00,19.411694884300232
2025-06-19 23:30:00,10.947167873382568
2025-06-20 00:00:00,16.13021206855774
2025-06-20 00:30:00,45.12586069107056
2025-06-20 01:00:00,32.44655764102936
2025-06-20 01:30:00,40.000407099723816
2025-06-20 02:00:00,37.84670627117157
2025-06-20 02:30:00,44.882768511772156
2025-06-20 03:00:00,33.32597529888153
2025-06-20 03:30:00,35.99326264858246
2025-06-20 04:00:00,27.22710657119751
2025-06-20 04:30:00,24.638776302337646
2025-06-20 05:00:00,27.513364791870117
2025-06-20 05:30:00,22.406110882759094
2025-06-20 06:00:00,17.9007807970047
2025-06-20 06:30:00,23.75018870830536
2025-06-20 07:00:00,24.76153028011322
2025-06-20 07:30:00,20.075790524482727
2025-06-20 08:00:00,30.431825280189514
2025-06-20 08:30:00,37.43234181404114
2025-06-20 09:00:00,44.178778767585754
2025-06-20 09:30:00,19.261398553848267
2025-06-20 10:00:00,20.358128428459167
2025-06-20 10:30:00,45.647382974624634
2025-06-20 11:00:00,44.02419412136078
2025-06-20 11:30:00,41.12741804122925
2025-06-20 12:00:00,34.39525043964386
2025-06-20 12:30:00,27.56743061542511
2025-06-20 13:00:00,30.443711400032043
2025-06-20 13:30:00,34.9851930141449
2025-06-20 14:00:00,22.97704768180847
2025-06-20 14:30:00,34.81817650794983
2025-06-20 15:00:00,37.39731431007385
2025-06-20 15:30:00,29.03325355052948
2025-06-20 16:00:00,37.39584982395172
2025-06-20 16:30:00,19.8491131067276
2025-06-20 17:00:00,27.366793513298035
2025-06-20 17:30:00,42.82947134971619
2025-06-20 18:00:00,40.69179975986481
2025-06-20 18:30:00,20.53462779521942
2025-06-20 19:00:00,22.353201627731323
2025-06-20 19:30:00,34.24606812000275
2025-06-20 20:00:00,40.01108658313751
2025-06-20 20:30:00,33.14819419384003
2025-06-20 21:00:00,36.00936448574066
2025-06-20 21:30:00,31.365386366844177
2025-06-20 22:00:00,48.47831726074219
2025-06-20 22:30:00,43.50147771835327
2025-06-20 23:00:00,30.933991312980652
2025-06-20 23:30:00,43.84112083911896
2025-06-21 00:00:00,7.312955752015114
2025-06-21 00:30:00,23.237976551055908
2025-06-21 01:00:00,39.01531112194061
2025-06-21 01:30:00,31.403152585029602
2025-06-21 02:00:00,27.516408920288086
2025-06-21 02:30:00,31.60768496990204
2025-06-21 03:00:00,18.321791768074036
2025-06-21 03:30:00,38.687136054039
2025-06-21 04:00:00,19.40394687652588
2025-06-21 04:30:00,48.47392129898071
2025-06-21 05:00:00,41.52857208251953
2025-06-21 05:30:00,33.92489504814148
2025-06-21 06:00:00,47.196043252944946
2025-06-21 06:30:00,31.317869424819946
2025-06-21 07:00:00,31.012625455856323
2025-06-21 07:30:00,39.748255133628845
2025-06-21 08:00:00,34.961758732795715
2025-06-21 08:30:00,31.93674623966217
2025-06-21 09:00:00,24.853309750556946
2025-06-21 09:30:00,16.433145403862
2025-06-21 10:00:00,31.90444242954254
2025-06-21 10:30:00,23.3325297832489
2025-06-21 11:00:00,24.720171689987183
2025-06-21 11:30:00,28.0307514667511
2025-06-21 12:00:00,32.110381722450256
2025-06-21 12:30:00,33.69346368312836
2025-06-21 13:00:00,15.270183205604553
2025-06-21 13:30:00,19.60434865951538
2025-06-21 14:00:00,31.951175808906555
2025-06-21 14:30:00,32.14898657798767
2025-06-21 15:00:00,29.662572026252747
2025-06-21 15:30:00,27.55739951133728
2025-06-21 16:00:00,36.655060172080994
2025-06-21 16:30:00,38.2828928232193
2025-06-21 17:00:00,35.90473759174347
2025-06-21 17:30:00,42.367680072784424
2025-06-21 18:00:00,55.637476444244385
2025-06-21 18:30:00,36.64469110965729
2025-06-21 19:00:00,48.47939872741699
2025-06-21 19:30:00,39.964248061180115
2025-06-21 20:00:00,29.247494101524353
2025-06-21 20:30:00,26.616891503334045
2025-06-21 21:00:00,30.25784933567047
2025-06-21 21:30:00,37.51040768623352
2025-06-21 22:00:00,28.48909306526184
2025-06-21 22:30:00,26.405324578285217
2025-06-21 23:00:00,21.394861936569214
2025-06-21 23:30:00,25.894419193267822
2025-06-22 00:00:00,31.790162444114685
2025-06-22 00:30:00,29.84653151035309
2025-06-22 01:00:00,31.45370614528656
2025-06-22 01:30:00,38.75100517272949
2025-06-22 02:00:00,33.29931914806366
2025-06-22 02:30:00,34.37053191661835
2025-06-22 03:00:00,30.916074514389038
2025-06-22 03:30:00,43.28462362289429
2025-06-22 04:00:00,51.78553748130798
2025-06-22 04:30:00,35.73020088672638
2025-06-22 05:00:00,41.221993803977966
2025-06-22 05:30:00,23.457747101783752
2025-06-22 06:00:00,39.15735375881195
2025-06-22 06:30:00,35.665473103523254
2025-06-22 07:00:00,25.956796288490295
2025-06-22 07:30:00,35.65395498275757
2025-06-22 08:00:00,15.406500577926636
2025-06-22 08:30:00,14.997529685497284
2025-06-22 09:00:00,38.258564829826355
2025-06-22 09:30:00,41.78444159030914
2025-06-22 10:00:00,38.93424117565155
2025-06-22 10:30:00,31.045572638511658
2025-06-22 11:00:00,21.68779170513153
2025-06-22 11:30:00,18.061035633087158
2025-06-22 12:00:00,21.54410183429718
2025-06-22 12:30:00,28.105340123176575
2025-06-22 13:00:00,24.900125741958618
2025-06-22 13:30:00,31.9472154378891
2025-06-22 14:00:00,27.74307382106781
2025-06-22 14:30:00,23.789026379585266
2025-06-22 15:00:00,22.431092262268066
2025-06-22 15:30:00,27.634443998336792
2025-06-22 16:00:00,18.653228759765625
2025-06-22 16:30:00,30.738348484039307
2025-06-22 17:00:00,16.494926691055298
2025-06-22 17:30:00,20.646254181861877
2025-06-22 18:00:00,23.965275406837463
2025-06-22 18:30:00,24.1846604347229
2025-06-22 19:00:00,22.600053906440735
2025-06-22 19:30:00,23.982250928878784
2025-06-22 20:00:00,48.62043499946594
2025-06-22 20:30:00,36.77968418598175
2025-06-22 21:00:00,42.12545657157898
2025-06-22 21:30:00,35.55349123477936
2025-06-22 22:00:00,27.09098446369171
2025-06-22 22:30:00,35.75980353355408
2025-06-22 23:00:00,39.02542984485626
2025-06-22 23:30:00,32.8663444519043
2025-06-23 00:00:00,20.309537529945374
2025-06-23 00:30:00,18.82353973388672
2025-06-23 01:00:00,27.062986493110657
2025-06-23 01:30:00,35.51495897769928
2025-06-23 02:00:00,30.564545273780823
2025-06-23 02:30:00,32.43702971935272
2025-06-23 03:00:00,25.90364170074463
2025-06-23 03:30:00,38.57346189022064
2025-06-23 04:00:00,41.24661719799042
2025-06-23 04:30:00,42.85247504711151
2025-06-23 05:00:00,43.93130815029144
2025-06-23 05:30:00,39.67973721027374
2025-06-23 06:00:00,28.850025057792664
2025-06-23 06:30:00,25.590346813201904
2025-06-23 07:00:00,37.940378308296204
2025-06-23 07:30:00,19.362065076828003
2025-06-23 08:00:00,27.316285014152527
2025-06-23 08:30:00,41.18571209907532
2025-06-23 09:00:00,11.319208681583405
2025-06-23 09:30:00,32.35472810268402
2025-06-23 10:00:00,18.35628604888916
2025-06-23 10:30:00,28.515150904655457
2025-06-23 11:00:00,30.455422282218933
2025-06-23 11:30:00,18.657950162887573
2025-06-23 12:00:00,27.92162597179413
2025-06-23 12:30:00,28.13709568977356
2025-06-23 13:00:00,21.470900058746338
2025-06-23 13:30:00,30.59025764465332
2025-06-23 14:00:00,29.04421842098236
2025-06-23 14:30:00,42.96031129360199
2025-06-23 15:00:00,20.852258563041687
2025-06-23 15:30:00,26.070645689964294
2025-06-23 16:00:00,40.73021936416626
2025-06-23 16:30:00,17.536827206611633
2025-06-23 17:00:00,16.483676433563232
2025-06-23 17:30:00,40.24056780338287
2025-06-23 18:00:00,38.92856848239899
2025-06-23 18:30:00,34.18377363681793
2025-06-23 19:00:00,40.25603377819061
2025-06-23 19:30:00,34.89283525943756
2025-06-23 20:00:00,46.809218645095825
2025-06-23 20:30:00,35.46867620944977
2025-06-23 21:00:00,30.430578589439392
2025-06-23 21:30:00,29.496061205863953
2025-06-23 22:00:00,25.347647666931152
2025-06-23 22:30:00,26.41174328327179
2025-06-23 23:00:00,45.02840852737427
2025-06-23 23:30:00,22.265425086021423
2025-06-24 00:00:00,18.460887908935547
2025-06-24 00:30:00,18.033918857574463
2025-06-24 01:00:00,24.24083411693573
2025-06-24 01:30:00,28.011079788208008
2025-06-24 02:00:00,28.181723713874817
2025-06-24 02:30:00,47.257741928100586
2025-06-24 03:00:00,30.159052848815918
2025-06-24 03:30:00,45.98984742164612
2025-06-24 04:00:00,32.59568738937378
2025-06-24 04:30:00,36.35789215564728
2025-06-24 05:00:00,52.01178431510925
2025-06-24 05:30:00,30.88837194442749
2025-06-24 06:00:00,25.803523421287537
2025-06-24 06:30:00,37.24697291851044
2025-06-24 07:00:00,40.83430802822113
2025-06-24 07:30:00,35.44758760929108
2025-06-24 08:00:00,33.140628933906555
2025-06-24 08:30:00,31.05469501018524
2025-06-24 09:00:00,31.449978590011597
2025-06-24 09:30:00,29.685758471488953
2025-06-24 10:00:00,19.44553828239441
2025-06-24 10:30:00,31.236010909080505
2025-06-24 11:00:00,32.57165229320526
2025-06-24 11:30:00,25.093620657920837
2025-06-24 12:00:00,23.325299978256226
2025-06-24 12:30:00,39.34294044971466
2025-06-24 13:00:00,22.49334168434143
2025-06-24 13:30:00,33.89305937290192
2025-06-24 14:00:00,25.86493170261383
2025-06-24 14:30:00,45.016777753829956
2025-06-24 15:00:00,30.829509615898132
2025-06-24 15:30:00,34.70273494720459
2025-06-24 16:00:00,33.37787067890167
2025-06-24 16:30:00,37.67744171619415
2025-06-24 17:00:00,36.75246226787567
2025-06-24 17:30:00,36.235541224479675
2025-06-24 18:00:00,39.68793332576752
2025-06-24 18:30:00,14.755299925804138
2025-06-24 19:00:00,22.56344425678253
2025-06-24 19:30:00,26.623522996902466
2025-06-24 20:00:00,25.851598620414734
2025-06-24 20:30:00,43.32507598400116
2025-06-24 21:00:00,30.47764241695404
2025-06-24 21:30:00,45.13984966278076
2025-06-24 22:00:00,32.86940109729767
2025-06-24 22:30:00,33.022348523139954
2025-06-24 23:00:00,24.35304629802704
2025-06-24 23:30:00,29.030131816864014
2025-06-25 00:00:00,31.841431975364685
2025-06-25 00:30:00,27.593561053276062
2025-06-25 01:00:00,21.926347732543945
2025-06-25 01:30:00,25.152165055274963
2025-06-25 02:00:00,33.19108736515045
2025-06-25 02:30:00,36.51715314388275
2025-06-25 03:00:00,24.129836082458496
2025-06-25 03:30:00,33.11183488368988
2025-06-25 04:00:00,46.86210536956787
2025-06-25 04:30:00,46.582080602645874
2025-06-25 05:00:00,34.87222480773926
2025-06-25 05:30:00,39.40918028354645
2025-06-25 06:00:00,25.60168218612671
2025-06-25 06:30:00,26.163248777389526
2025-06-25 07:00:00,10.841523975133896
2025-06-25 07:30:00,23.69697904586792
2025-06-25 08:00:00,25.477018117904663
2025-06-25 08:30:00,35.25962269306183
2025-06-25 09:00:00,28.152759432792664
2025-06-25 09:30:00,22.759660363197327
2025-06-25 10:00:00,37.87282419204712
2025-06-25 10:30:00,16.204745650291443
2025-06-25 11:00:00,20.85261905193329
2025-06-25 11:30:00,20.81028914451599
2025-06-25 12:00:00,35.6891952753067
2025-06-25 12:30:00,29.031235814094543
2025-06-25 13:00:00,17.811084151268005
2025-06-25 13:30:00,25.68898057937622
2025-06-25 14:00:00,24.169389724731445
2025-06-25 14:30:00,36.21771204471588
2025-06-25 15:00:00,23.578781247138977
2025-06-25 15:30:00,14.343388795852661
2025-06-25 16:00:00,18.89448344707489
2025-06-25 16:30:00,7.997616469860077
2025-06-25 17:00:00,7.3612891137599945
2025-06-25 17:30:00,17.06442654132843
2025-06-25 18:00:00,30.84280264377594
2025-06-25 18:30:00,21.404162049293518
2025-06-25 19:00:00,21.313556671142578
2025-06-25 19:30:00,24.400553226470947
2025-06-25 20:00:00,32.51811969280243
2025-06-25 20:30:00,38.5904324054718
2025-06-25 21:00:00,33.95660054683685
2025-06-25 21:30:00,25.9172226190567
2025-06-25 22:00:00,35.832544684410095
2025-06-25 22:30:00,33.37300908565521
2025-06-25 23:00:00,48.06184244155884
2025-06-25 23:30:00,52.6604540348053
2025-06-26 00:00:00,19.750832319259644
2025-06-26 00:30:00,27.77353012561798
2025-06-26 01:00:00,39.948251366615295
2025-06-26 01:30:00,27.10499596595764
2025-06-26 02:00:00,29.74341917037964
2025-06-26 02:30:00,37.721999645233154
2025-06-26 03:00:00,41.52006554603577
2025-06-26 03:30:00,42.75184106826782
2025-06-26 04:00:00,36.88252115249634
2025-06-26 04:30:00,27.566038727760315
2025-06-26 05:00:00,12.098772168159485
2025-06-26 05:30:00,28.070898413658142
2025-06-26 06:00:00,25.224205255508423
2025-06-26 06:30:00,37.90324795246124
2025-06-26 07:00:00,38.09504055976868
2025-06-26 07:30:00,36.69482159614563
2025-06-26 08:00:00,16.591004490852356
2025-06-26 08:30:00,28.86423933506012
2025-06-26 09:00:00,30.25506055355072
2025-06-26 09:30:00,36.19281828403473
2025-06-26 10:00:00,35.43213164806366
2025-06-26 10:30:00,40.63319277763367
2025-06-26 11:00:00,34.439698219299316
2025-06-26 11:30:00,37.039328813552856
2025-06-26 12:00:00,39.01206922531128
2025-06-26 12:30:00,29.207860350608826
2025-06-26 13:00:00,34.68179404735565
2025-06-26 13:30:00,43.59042584896088
2025-06-26 14:00:00,27.85330832004547
2025-06-26 14:30:00,17.069305658340454
2025-06-26 15:00:00,29.238574504852295
2025-06-26 15:30:00,38.548195123672485
2025-06-26 16:00:00,54.091259479522705
2025-06-26 16:30:00,43.037991642951965
2025-06-26 17:00:00,21.758707880973816
2025-06-26 17:30:00,35.10873055458069
2025-06-26 18:00:00,19.353778839111328
2025-06-26 18:30:00,26.179951429367065
2025-06-26 19:00:00,32.22645664215088
2025-06-26 19:30:00,35.178853154182434
2025-06-26 20:00:00,32.472888350486755
2025-06-26 20:30:00,46.27165460586548
2025-06-26 21:00:00,46.088751554489136
2025-06-26 21:30:00,38.32845211029053
2025-06-26 22:00:00,47.904083490371704
2025-06-26 22:30:00,51.568838596343994
2025-06-26 23:00:00,39.95157086849213
2025-06-26 23:30:00,52.839271545410156
2025-06-27 00:00:00,30.559425830841064
2025-06-27 00:30:00,25.24898135662079
2025-06-27 01:00:00,30.658122181892395
2025-06-27 01:30:00,32.278679966926575
2025-06-27 02:00:00,39.43773651123047
2025-06-27 02:30:00,48.51907253265381
2025-06-27 03:00:00,31.826196312904358
2025-06-27 03:30:00,48.05041193962097
2025-06-27 04:00:00,46.03631043434143
2025-06-27 04:30:00,45.89469838142395
2025-06-27 05:00:00,44.31541156768799
2025-06-27 05:30:00,29.856162071228027
2025-06-27 06:00:00,21.505632162094116
2025-06-27 06:30:00,29.59743618965149
2025-06-27 07:00:00,28.642578721046448
2025-06-27 07:30:00,34.14161145687103
2025-06-27 08:00:00,36.550538420677185
2025-06-27 08:30:00,20.529473304748535
2025-06-27 09:00:00,32.50069606304169
2025-06-27 09:30:00,25.18786346912384
2025-06-27 10:00:00,31.122547030448914
2025-06-27 10:30:00,22.432576775550842
2025-06-27 11:00:00,27.290520071983337
2025-06-27 11:30:00,32.88559806346893
2025-06-27 12:00:00,35.99569594860077
2025-06-27 12:30:00,36.31074321269989
2025-06-27 13:00:00,32.187546372413635
2025-06-27 13:30:00,31.820999264717102
2025-06-27 14:00:00,20.88201642036438
2025-06-27 14:30:00,31.502001643180847
2025-06-27 15:00:00,32.398242115974426
2025-06-27 15:30:00,24.097652435302734
2025-06-27 16:00:00,34.487290263175964
2025-06-27 16:30:00,26.044605374336243
2025-06-27 17:00:00,20.281441926956177
2025-06-27 17:30:00,29.397690296173096
2025-06-27 18:00:00,47.147111892700195
2025-06-27 18:30:00,35.807177782058716
2025-06-27 19:00:00,43.47944533824921
2025-06-27 19:30:00,36.9066663980484
2025-06-27 20:00:00,45.22466468811035
2025-06-27 20:30:00,50.0453724861145
2025-06-27 21:00:00,60.561699628829956
2025-06-27 21:30:00,43.885711312294006
2025-06-27 22:00:00,53.00883150100708
2025-06-27 22:30:00,57.97489643096924
2025-06-27 23:00:00,37.13865602016449
2025-06-27 23:30:00,35.658673882484436
2025-06-28 00:00:00,24.822908520698547
2025-06-28 00:30:00,26.09984529018402
2025-06-28 01:00:00,26.801291584968567
2025-06-28 01:30:00,30.271179914474487
2025-06-28 02:00:00,39.15397918224335
2025-06-28 02:30:00,41.06191420555115
2025-06-28 03:00:00,28.632712841033936
2025-06-28 03:30:00,22.903420329093933
2025-06-28 04:00:00,26.283339142799377
2025-06-28 04:30:00,19.64531171321869
2025-06-28 05:00:00,29.187182307243347
2025-06-28 05:30:00,29.6323059797287
2025-06-28 06:00:00,33.127811551094055
2025-06-28 06:30:00,34.416571855545044
2025-06-28 07:00:00,27.958325743675232
2025-06-28 07:30:00,28.905317544937134
2025-06-28 08:00:00,45.1736204624176
2025-06-28 08:30:00,31.913957834243774
2025-06-28 09:00:00,39.15641248226166
2025-06-28 09:30:00,29.00010108947754
2025-06-28 10:00:00,22.921607494354248
2025-06-28 10:30:00,29.006977915763855
2025-06-28 11:00:00,20.43645966053009
2025-06-28 11:30:00,37.00543284416199
2025-06-28 12:00:00,43.295175433158875
2025-06-28 12:30:00,41.1727169752121
2025-06-28 13:00:00,34.21227478981018
2025-06-28 13:30:00,48.38821506500244
2025-06-28 14:00:00,41.92603862285614
2025-06-28 14:30:00,43.10237646102905
2025-06-28 15:00:00,23.447425603866577
2025-06-28 15:30:00,19.36098611354828
2025-06-28 16:00:00,27.881486535072327
2025-06-28 16:30:00,29.50196921825409
2025-06-28 17:00:00,27.5337975025177
2025-06-28 17:30:00,30.667544960975647
2025-06-28 18:00:00,50.533864974975586
2025-06-28 18:30:00,44.892404079437256
2025-06-28 19:00:00,36.645559787750244
2025-06-28 19:30:00,40.92040979862213
2025-06-28 20:00:00,39.31510770320892
2025-06-28 20:30:00,36.54476058483124
2025-06-28 21:00:00,48.47250938415527
2025-06-28 21:30:00,34.411930561065674
2025-06-28 22:00:00,22.925788164138794
2025-06-28 22:30:00,42.868098735809326
2025-06-28 23:00:00,43.40866434574127
2025-06-28 23:30:00,35.61647665500641
2025-06-29 00:00:00,37.01822018623352
2025-06-29 00:30:00,37.95752656459808
2025-06-29 01:00:00,32.15739047527313
2025-06-29 01:30:00,26.9611759185791
2025-06-29 02:00:00,34.506834268569946
2025-06-29 02:30:00,20.678079843521118
2025-06-29 03:00:00,20.40247356891632
2025-06-29 03:30:00,33.70484161376953
2025-06-29 04:00:00,25.942777276039124
2025-06-29 04:30:00,33.25675892829895
2025-06-29 05:00:00,28.505547881126404
2025-06-29 05:30:00,23.61923861503601
2025-06-29 06:00:00,34.3909295797348
2025-06-29 06:30:00,33.95681583881378
2025-06-29 07:00:00,41.87241089344025
2025-06-29 07:30:00,40.31355178356171
2025-06-29 08:00:00,46.605902910232544
2025-06-29 08:30:00,28.412241339683533
2025-06-29 09:00:00,17.4570289850235
2025-06-29 09:30:00,29.201879739761353
2025-06-29 10:00:00,30.495156168937683
2025-06-29 10:30:00,16.034074187278748
2025-06-29 11:00:00,31.636609196662903
2025-06-29 11:30:00,31.36646282672882
2025-06-29 12:00:00,44.28038156032562
2025-06-29 12:30:00,34.6076534986496
2025-06-29 13:00:00,40.829376339912415
2025-06-29 13:30:00,44.069039940834045
2025-06-29 14:00:00,40.80050218105316
2025-06-29 14:30:00,41.10974657535553
2025-06-29 15:00:00,27.789864778518677
2025-06-29 15:30:00,33.267480969429016
2025-06-29 16:00:00,24.389418125152588
2025-06-29 16:30:00,34.794912457466125
2025-06-29 17:00:00,25.608043313026428
2025-06-29 17:30:00,36.338746190071106
2025-06-29 18:00:00,26.283286571502686
2025-06-29 18:30:00,33.39050281047821
2025-06-29 19:00:00,27.19767665863037
2025-06-29 19:30:00,30.63825273513794
2025-06-29 20:00:00,27.932938814163208
2025-06-29 20:30:00,31.43271267414093
2025-06-29 21:00:00,15.5066739320755
2025-06-29 21:30:00,31.623929500579834
2025-06-29 22:00:00,19.074910640716553
2025-06-29 22:30:00,15.835469841957092
2025-06-29 23:00:00,19.930285692214966
2025-06-29 23:30:00,44.81984317302704
2025-06-30 00:00:00,29.966349005699158
2025-06-30 00:30:00,27.187099814414978
2025-06-30 01:00:00,25.36992037296295
2025-06-30 01:30:00,29.67280089855194
2025-06-30 02:00:00,31.520606875419617
2025-06-30 02:30:00,33.60082304477692
2025-06-30 03:00:00,33.7271443605423
2025-06-30 03:30:00,34.44661009311676
2025-06-30 04:00:00,29.784141898155212
2025-06-30 04:30:00,30.11592435836792
2025-06-30 05:00:00,17.38110601902008
2025-06-30 05:30:00,30.70199418067932
2025-06-30 06:00:00,31.57542371749878
2025-06-30 06:30:00,14.88273274898529
2025-06-30 07:00:00,9.055712699890137
2025-06-30 07:30:00,1.3801794648170471
2025-06-30 08:00:00,30.36198055744171
2025-06-30 08:30:00,36.69084870815277
2025-06-30 09:00:00,24.904714465141296
2025-06-30 09:30:00,20.52679717540741
2025-06-30 10:00:00,44.93570530414581
2025-06-30 10:30:00,37.544947028160095
2025-06-30 11:00:00,35.204044818878174
2025-06-30 11:30:00,30.708913564682007
2025-06-30 12:00:00,38.651222348213196
2025-06-30 12:30:00,27.327007055282593
2025-06-30 13:00:00,47.37380933761597
2025-06-30 13:30:00,33.432372093200684
2025-06-30 14:00:00,26.88740086555481
2025-06-30 14:30:00,23.037614822387695
2025-06-30 15:00:00,37.27336120605469
2025-06-30 15:30:00,36.71713936328888
2025-06-30 16:00:00,35.33455431461334
2025-06-30 16:30:00,37.62231695652008
2025-06-30 17:00:00,44.16424906253815
2025-06-30 17:30:00,31.67579984664917
2025-06-30 18:00:00,26.15681505203247
2025-06-30 18:30:00,25.533434629440308
2025-06-30 19:00:00,37.324878573417664
2025-06-30 19:30:00,43.27080237865448
2025-06-30 20:00:00,56.684571504592896
2025-06-30 20:30:00,34.87023460865021
2025-06-30 21:00:00,43.912625312805176
2025-06-30 21:30:00,20.256495594978333
2025-06-30 22:00:00,31.538851618766785
2025-06-30 22:30:00,32.463335394859314
2025-06-30 23:00:00,49.208362340927124
2025-06-30 23:30:00,50.98316431045532
2025-07-01 00:00:00,29.845675349235535
2025-07-01 00:30:00,24.352245211601257
2025-07-01 01:00:00,35.00379824638367
2025-07-01 01:30:00,30.11039435863495
2025-07-01 02:00:00,19.682427048683167
2025-07-01 02:30:00,22.602569818496704
2025-07-01 03:00:00,22.575796008110046
2025-07-01 03:30:00,27.11408829689026
2025-07-01 04:00:00,46.07963418960571
2025-07-01 04:30:00,26.468470215797424
2025-07-01 05:00:00,27.999171137809753
2025-07-01 05:30:00,26.34000849723816
2025-07-01 06:00:00,36.611711382865906
2025-07-01 06:30:00,42.224438309669495
2025-07-01 07:00:00,32.56998002529144
2025-07-01 07:30:00,27.916481494903564
2025-07-01 08:00:00,33.05750119686127
2025-07-01 08:30:00,36.76231563091278
2025-07-01 09:00:00,32.90793585777283
2025-07-01 09:30:00,35.83884072303772
2025-07-01 10:00:00,38.199822664260864
2025-07-01 10:30:00,24.580131769180298
2025-07-01 11:00:00,38.21395432949066
2025-07-01 11:30:00,26.87348449230194
2025-07-01 12:00:00,27.489570021629333
2025-07-01 12:30:00,49.00281858444214
2025-07-01 13:00:00,43.39813256263733
2025-07-01 13:30:00,51.5602068901062
2025-07-01 14:00:00,33.58134412765503
2025-07-01 14:30:00,42.86026060581207
2025-07-01 15:00:00,30.397411108016968
2025-07-01 15:30:00,36.16361618041992
2025-07-01 16:00:00,41.67039942741394
2025-07-01 16:30:00,47.73271608352661
2025-07-01 17:00:00,32.76497447490692
2025-07-01 17:30:00,32.03856432437897
2025-07-01 18:00:00,40.105729937553406
2025-07-01 18:30:00,33.04390776157379
2025-07-01 19:00:00,33.483388781547546
2025-07-01 19:30:00,37.2194881439209
2025-07-01 20:00:00,38.387359499931335
2025-07-01 20:30:00,51.682342529296875
2025-07-01 21:00:00,35.831438183784485
2025-07-01 21:30:00,49.03105688095093
2025-07-01 22:00:00,30.496968626976013
2025-07-01 22:30:00,24.870498061180115
2025-07-01 23:00:00,24.987664461135864
2025-07-01 23:30:00,19.508073091506958
2025-07-02 00:00:00,14.799562454223633
2025-07-02 00:30:00,11.794127762317657
2025-07-02 01:00:00,26.551688075065613
2025-07-02 01:30:00,42.2424076795578
2025-07-02 02:00:00,24.763633131980896
2025-07-02 02:30:00,30.491108179092407
2025-07-02 03:00:00,37.989580035209656
2025-07-02 03:30:00,21.327500581741333
2025-07-02 04:00:00,25.697134137153625
2025-07-02 04:30:00,30.487746119499207
2025-07-02 05:00:00,17.029699444770813
2025-07-02 05:30:00,17.810953974723816
2025-07-02 06:00:00,27.245776891708374
2025-07-02 06:30:00,14.456922769546509
2025-07-02 07:00:00,23.283560872077942
2025-07-02 07:30:00,31.18020522594452
2025-07-02 08:00:00,29.191453099250793
2025-07-02 08:30:00,32.020960450172424
2025-07-02 09:00:00,23.840458631515503
2025-07-02 09:30:00,31.99008357524872
2025-07-02 10:00:00,19.089645624160767
2025-07-02 10:30:00,37.704052805900574
2025-07-02 11:00:00,28.25368630886078
2025-07-02 11:30:00,42.37857484817505
2025-07-02 12:00:00,36.001826763153076
2025-07-02 12:30:00,35.96070098876953
2025-07-02 13:00:00,40.46243870258331
2025-07-02 13:30:00,29.55191946029663
2025-07-02 14:00:00,40.48037302494049
2025-07-02 14:30:00,34.34751069545746
2025-07-02 15:00:00,21.52355146408081
2025-07-02 15:30:00,29.2169451713562
2025-07-02 16:00:00,33.54316735267639
2025-07-02 16:30:00,36.056047797203064
2025-07-02 17:00:00,43.73979592323303
2025-07-02 17:30:00,33.839659452438354
2025-07-02 18:00:00,38.27404081821442
2025-07-02 18:30:00,20.577203035354614
2025-07-02 19:00:00,46.26706838607788
2025-07-02 19:30:00,36.98313009738922
2025-07-02 20:00:00,32.25359845161438
2025-07-02 20:30:00,15.027111053466797
2025-07-02 21:00:00,49.99519443511963
2025-07-02 21:30:00,45.19611597061157
2025-07-02 22:00:00,49.25377893447876
2025-07-02 22:30:00,42.563090085983276
2025-07-02 23:00:00,42.20949304103851
2025-07-02 23:30:00,27.24585199356079
2025-07-03 00:00:00,28.017651200294495
2025-07-03 00:30:00,29.256741642951965
2025-07-03 01:00:00,30.95740056037903
2025-07-03 01:30:00,46.98895239830017
2025-07-03 02:00:00,37.68488681316376
2025-07-03 02:30:00,51.579047441482544
2025-07-03 03:00:00,30.536362051963806
2025-07-03 03:30:00,33.855490922927856
2025-07-03 04:00:00,43.944881558418274
2025-07-03 04:30:00,25.51059114933014
2025-07-03 05:00:00,30.44307053089142
2025-07-03 05:30:00,24.060189127922058
2025-07-03 06:00:00,10.374213337898254
2025-07-03 06:30:00,22.30528163909912
2025-07-03 07:00:00,37.455580830574036
2025-07-03 07:30:00,20.909924268722534
2025-07-03 08:00:00,35.06010711193085
2025-07-03 08:30:00,28.572919249534607
2025-07-03 09:00:00,33.66907811164856
2025-07-03 09:30:00,43.224985241889954
2025-07-03 10:00:00,39.772250175476074
2025-07-03 10:30:00,29.912383317947388
2025-07-03 11:00:00,39.66241121292114
2025-07-03 11:30:00,32.52872407436371
2025-07-03 12:00:00,50.43306827545166
2025-07-03 12:30:00,31.129939556121826
2025-07-03 13:00:00,33.158483147621155
2025-07-03 13:30:00,26.25607466697693
2025-07-03 14:00:00,36.21433246135712
2025-07-03 14:30:00,25.238013982772827
2025-07-03 15:00:00,40.18043625354767
2025-07-03 15:30:00,30.251818656921387
2025-07-03 16:00:00,24.561333775520325
2025-07-03 16:30:00,24.646536827087402
2025-07-03 17:00:00,37.575215578079224
2025-07-03 17:30:00,25.4835444688797
2025-07-03 18:00:00,27.812482953071594
2025-07-03 18:30:00,32.22872221469879
2025-07-03 19:00:00,39.23062813282013
2025-07-03 19:30:00,42.65101182460785
2025-07-03 20:00:00,33.89365267753601
2025-07-03 20:30:00,40.117085337638855
2025-07-03 21:00:00,25.3193142414093
2025-07-03 21:30:00,29.360782742500305
2025-07-03 22:00:00,36.82935154438019
2025-07-03 22:30:00,38.427183508872986
2025-07-03 23:00:00,36.721004605293274
2025-07-03 23:30:00,32.79145538806915
2025-07-04 00:00:00,20.20795726776123
2025-07-04 00:30:00,32.036611676216125
2025-07-04 01:00:00,28.367625832557678
2025-07-04 01:30:00,28.301090598106384
2025-07-04 02:00:00,36.49791204929352
2025-07-04 02:30:00,32.67160785198212
2025-07-04 03:00:00,14.776984333992004
2025-07-04 03:30:00,17.48553764820099
2025-07-04 04:00:00,25.253615140914917
2025-07-04 04:30:00,24.963539242744446
2025-07-04 05:00:00,28.833667874336243
2025-07-04 05:30:00,32.13805425167084
2025-07-04 06:00:00,43.438246965408325
2025-07-04 06:30:00,51.33732461929321
2025-07-04 07:00:00,44.34035289287567
2025-07-04 07:30:00,37.41035449504852
2025-07-04 08:00:00,28.270241260528564
2025-07-04 08:30:00,32.824925780296326
2025-07-04 09:00:00,48.683205127716064
2025-07-04 09:30:00,34.32505023479462
2025-07-04 10:00:00,11.962408483028412
2025-07-04 10:30:00,26.518693327903748
2025-07-04 11:00:00,32.71176731586456
2025-07-04 11:30:00,31.828692197799683
2025-07-04 12:00:00,28.680617809295654
2025-07-04 12:30:00,40.55374002456665
2025-07-04 13:00:00,38.18654215335846
2025-07-04 13:30:00,33.33997929096222
2025-07-04 14:00:00,20.706801295280457
2025-07-04 14:30:00,37.50911343097687
2025-07-04 15:00:00,48.28616666793823
2025-07-04 15:30:00,34.12126135826111
2025-07-04 16:00:00,37.023144364356995
2025-07-04 16:30:00,37.80927050113678
2025-07-04 17:00:00,48.04237103462219
2025-07-04 17:30:00,41.09039032459259
2025-07-04 18:00:00,27.278606414794922
2025-07-04 18:30:00,23.400038838386536
2025-07-04 19:00:00,21.223867535591125
2025-07-04 19:30:00,35.4302841424942
2025-07-04 20:00:00,34.91205132007599
2025-07-04 20:30:00,32.20554077625275
2025-07-04 21:00:00,31.8719984292984
2025-07-04 21:30:00,24.37342894077301
2025-07-04 22:00:00,30.365617990493774
2025-07-04 22:30:00,19.84726309776306
2025-07-04 23:00:00,25.480295062065125
2025-07-04 23:30:00,27.829405903816223
2025-07-05 00:00:00,24.18125832080841
2025-07-05 00:30:00,35.886375188827515
2025-07-05 01:00:00,19.613656282424927
2025-07-05 01:30:00,22.601926445961
2025-07-05 02:00:00,27.118454217910767
2025-07-05 02:30:00,23.207908272743225
2025-07-05 03:00:00,30.48249900341034
2025-07-05 03:30:00,20.530259370803833
2025-07-05 04:00:00,31.02388072013855
2025-07-05 04:30:00,49.326372385025024
2025-07-05 05:00:00,28.08719050884247
2025-07-05 05:30:00,36.34375548362732
2025-07-05 06:00:00,17.535560488700867
2025-07-05 06:30:00,22.64904534816742
2025-07-05 07:00:00,41.77190959453583
2025-07-05 07:30:00,25.47470498085022
2025-07-05 08:00:00,17.294022917747498
2025-07-05 08:30:00,40.86366784572601
2025-07-05 09:00:00,42.63573610782623
2025-07-05 09:30:00,43.67221677303314
2025-07-05 10:00:00,41.829622864723206
2025-07-05 10:30:00,39.18783760070801
2025-07-05 11:00:00,38.919506192207336
2025-07-05 11:30:00,29.74148154258728
2025-07-05 12:00:00,39.100621819496155
2025-07-05 12:30:00,27.42476463317871
2025-07-05 13:00:00,32.67878258228302
2025-07-05 13:30:00,41.829084634780884
2025-07-05 14:00:00,35.10082983970642
2025-07-05 14:30:00,33.11491906642914
2025-07-05 15:00:00,41.229859471321106
2025-07-05 15:30:00,38.641621828079224
2025-07-05 16:00:00,39.2849417924881
2025-07-05 16:30:00,29.971240639686584
2025-07-05 17:00:00,22.102917194366455
2025-07-05 17:30:00,18.8802090883255
2025-07-05 18:00:00,38.77359080314636
2025-07-05 18:30:00,18.763290524482727
2025-07-05 19:00:00,28.40215015411377
2025-07-05 19:30:00,23.67717969417572
2025-07-05 20:00:00,25.271632075309753
2025-07-05 20:30:00,35.239104866981506
2025-07-05 21:00:00,32.9965785741806
2025-07-05 21:30:00,34.66329646110535
2025-07-05 22:00:00,26.95246410369873
2025-07-05 22:30:00,37.186057806015015
2025-07-05 23:00:00,34.38260328769684
2025-07-05 23:30:00,28.789024829864502
2025-07-06 00:00:00,35.2287483215332
2025-07-06 00:30:00,18.07221829891205
2025-07-06 01:00:00,34.54181921482086
2025-07-06 01:30:00,45.76518273353577
2025-07-06 02:00:00,39.92258656024933
2025-07-06 02:30:00,37.58142149448395
2025-07-06 03:00:00,21.92717134952545
2025-07-06 03:30:00,20.51477587223053
2025-07-06 04:00:00,24.769238233566284
2025-07-06 04:30:00,35.84765017032623
2025-07-06 05:00:00,41.44309866428375
2025-07-06 05:30:00,50.90267014503479
2025-07-06 06:00:00,33.8974928855896
2025-07-06 06:30:00,32.241329312324524
2025-07-06 07:00:00,23.991080403327942
2025-07-06 07:30:00,38.51445186138153
2025-07-06 08:00:00,41.260313272476196
2025-07-06 08:30:00,24.45802116394043
2025-07-06 09:00:00,32.821746468544006
2025-07-06 09:30:00,24.490407586097717
2025-07-06 10:00:00,15.622916579246521
2025-07-06 10:30:00,42.68700063228607
2025-07-06 11:00:00,29.90646779537201
2025-07-06 11:30:00,24.501742959022522
2025-07-06 12:00:00,20.13091278076172
2025-07-06 12:30:00,11.13673809170723
2025-07-06 13:00:00,26.779764890670776
2025-07-06 13:30:00,17.495646357536316
2025-07-06 14:00:00,31.275784850120544
2025-07-06 14:30:00,42.99300563335419
2025-07-06 15:00:00,29.428374409675598
2025-07-06 15:30:00,26.652159333229065
2025-07-06 16:00:00,21.558038234710693
2025-07-06 16:30:00,30.965433955192566
2025-07-06 17:00:00,32.22503972053528
2025-07-06 17:30:00,29.469985842704773
2025-07-06 18:00:00,38.181970953941345
2025-07-06 18:30:00,53.24927258491516
2025-07-06 19:00:00,31.36292052268982
2025-07-06 19:30:00,31.858014464378357
2025-07-06 20:00:00,35.51154434680939
2025-07-06 20:30:00,39.86438262462616
2025-07-06 21:00:00,51.348339557647705
2025-07-06 21:30:00,54.29485559463501
2025-07-06 22:00:00,66.69679498672485
2025-07-06 22:30:00,38.803874373435974
2025-07-06 23:00:00,42.57963752746582
2025-07-06 23:30:00,39.13791239261627
2025-07-07 00:00:00,28.09772229194641
2025-07-07 00:30:00,22.26345992088318
2025-07-07 01:00:00,20.30320394039154
2025-07-07 01:30:00,27.866486191749573
2025-07-07 02:00:00,27.671311497688293
2025-07-07 02:30:00,38.62031543254852
2025-07-07 03:00:00,28.25899350643158
2025-07-07 03:30:00,21.187360525131226
2025-07-07 04:00:00,31.722640872001648
2025-07-07 04:30:00,24.18824529647827
2025-07-07 05:00:00,51.62473440170288
2025-07-07 05:30:00,27.19828498363495
2025-07-07 06:00:00,22.879442811012268
2025-07-07 06:30:00,39.03216898441315
2025-07-07 07:00:00,21.04480469226837
2025-07-07 07:30:00,24.382696509361267
2025-07-07 08:00:00,31.536681175231934
2025-07-07 08:30:00,24.656405210494995
2025-07-07 09:00:00,19.585846066474915
2025-07-07 09:30:00,23.288219690322876
2025-07-07 10:00:00,17.224931716918945
2025-07-07 10:30:00,19.97166931629181
2025-07-07 11:00:00,41.08268988132477
2025-07-07 11:30:00,52.43044710159302
2025-07-07 12:00:00,33.35939812660217
2025-07-07 12:30:00,20.86668312549591
2025-07-07 13:00:00,27.36545169353485
2025-07-07 13:30:00,16.434041619300842
2025-07-07 14:00:00,26.998053431510925
2025-07-07 14:30:00,38.8873575925827
2025-07-07 15:00:00,40.092076420784
2025-07-07 15:30:00,45.83840203285217
2025-07-07 16:00:00,34.67873990535736
2025-07-07 16:30:00,27.640459656715393
2025-07-07 17:00:00,27.3020156621933
2025-07-07 17:30:00,41.47905492782593
2025-07-07 18:00:00,33.789093375205994
2025-07-07 18:30:00,47.85346484184265
2025-07-07 19:00:00,43.59667932987213
2025-07-07 19:30:00,22.76174819469452
2025-07-07 20:00:00,26.792084097862244
2025-07-07 20:30:00,20.61125421524048
2025-07-07 21:00:00,35.04925239086151
2025-07-07 21:30:00,35.90605437755585
2025-07-07 22:00:00,44.75604164600372
2025-07-07 22:30:00,46.46321439743042
2025-07-07 23:00:00,34.705586314201355
2025-07-07 23:30:00,46.07523822784424
2025-07-08 00:00:00,15.13545173406601
2025-07-08 00:30:00,25.59377646446228
2025-07-08 01:00:00,26.61753737926483
2025-07-08 01:30:00,42.563307881355286
2025-07-08 02:00:00,43.64802396297455
2025-07-08 02:30:00,52.47407627105713
2025-07-08 03:00:00,54.939770221710205
2025-07-08 03:30:00,42.0018789768219
2025-07-08 04:00:00,27.74152672290802
2025-07-08 04:30:00,24.30744445323944
2025-07-08 05:00:00,40.69449841976166
2025-07-08 05:30:00,29.961424827575684
2025-07-08 06:00:00,41.74300789833069
2025-07-08 06:30:00,43.59175765514374
2025-07-08 07:00:00,48.7688512802124
2025-07-08 07:30:00,37.08881592750549
2025-07-08 08:00:00,34.38840866088867
2025-07-08 08:30:00,27.187883377075195
2025-07-08 09:00:00,30.047133564949036
2025-07-08 09:30:00,34.027143716812134
2025-07-08 10:00:00,35.18281602859497
2025-07-08 10:30:00,24.4974946975708
2025-07-08 11:00:00,35.5355418920517
2025-07-08 11:30:00,41.4859117269516
2025-07-08 12:00:00,26.043956995010376
2025-07-08 12:30:00,32.27644193172455
2025-07-08 13:00:00,46.62170433998108
2025-07-08 13:30:00,42.910258412361145
2025-07-08 14:00:00,50.948662519454956
2025-07-08 14:30:00,48.82360553741455
2025-07-08 15:00:00,49.377551794052124
2025-07-08 15:30:00,34.1363343000412
2025-07-08 16:00:00,44.57300341129303
2025-07-08 16:30:00,36.16882574558258
2025-07-08 17:00:00,43.78304207324982
2025-07-08 17:30:00,32.31632351875305
2025-07-08 18:00:00,42.522998213768005
2025-07-08 18:30:00,35.74881112575531
2025-07-08 19:00:00,35.046125650405884
2025-07-08 19:30:00,35.79819309711456
2025-07-08 20:00:00,27.532533288002014
2025-07-08 20:30:00,44.492501735687256
2025-07-08 21:00:00,17.095478653907776
2025-07-08 21:30:00,20.934202194213867
2025-07-08 22:00:00,25.289010643959045
2025-07-08 22:30:00,30.058123469352722
2025-07-08 23:00:00,24.32030189037323
2025-07-08 23:30:00,25.04156005382538
2025-07-09 00:00:00,18.489444136619568
2025-07-09 00:30:00,16.09295654296875
2025-07-09 01:00:00,13.946800947189331
2025-07-09 01:30:00,21.30405628681183
2025-07-09 02:00:00,15.485360026359558
2025-07-09 02:30:00,43.67959177494049
2025-07-09 03:00:00,23.33796215057373
2025-07-09 03:30:00,22.44334638118744
2025-07-09 04:00:00,39.02909481525421
2025-07-09 04:30:00,34.838356375694275
2025-07-09 05:00:00,21.693814873695374
2025-07-09 05:30:00,28.573294758796692
2025-07-09 06:00:00,38.23491024971008
2025-07-09 06:30:00,29.535464644432068
2025-07-09 07:00:00,33.66735327243805
2025-07-09 07:30:00,22.559957027435303
2025-07-09 08:00:00,17.74494445323944
2025-07-09 08:30:00,9.868335396051407
2025-07-09 09:00:00,21.780857920646667
2025-07-09 09:30:00,29.10529124736786
2025-07-09 10:00:00,23.005488753318787
2025-07-09 10:30:00,28.195054292678833
2025-07-09 11:00:00,31.944509267807007
2025-07-09 11:30:00,39.5546600818634
2025-07-09 12:00:00,41.995057225227356
2025-07-09 12:30:00,43.98747181892395
2025-07-09 13:00:00,43.22603166103363
2025-07-09 13:30:00,30.45558249950409
2025-07-09 14:00:00,32.582361817359924
2025-07-09 14:30:00,24.77089297771454
2025-07-09 15:00:00,26.801589488983154
2025-07-09 15:30:00,25.429921746253967
2025-07-09 16:00:00,28.096362948417664
2025-07-09 16:30:00,31.651214003562927
2025-07-09 17:00:00,25.74608302116394
2025-07-09 17:30:00,17.50163698196411
2025-07-09 18:00:00,25.584418773651123
2025-07-09 18:30:00,24.827760100364685
2025-07-09 19:00:00,21.099679112434387
2025-07-09 19:30:00,22.794555187225342
2025-07-09 20:00:00,39.57012355327606
2025-07-09 20:30:00,26.48555839061737
2025-07-09 21:00:00,30.033429980278015
2025-07-09 21:30:00,27.9352844953537
2025-07-09 22:00:00,35.22453761100769
2025-07-09 22:30:00,39.57444441318512
2025-07-09 23:00:00,47.60410666465759
2025-07-09 23:30:00,35.32085573673248
2025-07-10 00:00:00,26.801536917686462
2025-07-10 00:30:00,42.47726118564606
2025-07-10 01:00:00,36.423428535461426
2025-07-10 01:30:00,26.358198165893555
2025-07-10 02:00:00,26.495997548103333
2025-07-10 02:30:00,34.40969502925873
2025-07-10 03:00:00,43.016642689704895
2025-07-10 03:30:00,61.648128032684326
2025-07-10 04:00:00,35.48216950893402
2025-07-10 04:30:00,44.417842984199524
2025-07-10 05:00:00,43.44554936885834
2025-07-10 05:30:00,48.88839340209961
2025-07-10 06:00:00,35.96592307090759
2025-07-10 06:30:00,39.54392051696777
2025-07-10 07:00:00,26.834293842315674
2025-07-10 07:30:00,30.34734320640564
2025-07-10 08:00:00,31.87915313243866
2025-07-10 08:30:00,25.133790135383606
2025-07-10 09:00:00,23.466606616973877
2025-07-10 09:30:00,25.977083802223206
2025-07-10 10:00:00,27.210546612739563
2025-07-10 10:30:00,25.6539705991745
2025-07-10 11:00:00,32.79171574115753
2025-07-10 11:30:00,17.79690992832184
2025-07-10 12:00:00,31.497445464134216
2025-07-10 12:30:00,35.83256471157074
2025-07-10 13:00:00,48.12767171859741
2025-07-10 13:30:00,37.25435793399811
2025-07-10 14:00:00,31.780444264411926
2025-07-10 14:30:00,23.616086840629578
2025-07-10 15:00:00,26.55661976337433
2025-07-10 15:30:00,26.872978806495667
2025-07-10 16:00:00,30.680212140083313
2025-07-10 16:30:00,17.542369723320007
2025-07-10 17:00:00,30.33541452884674
2025-07-10 17:30:00,20.334205985069275
2025-07-10 18:00:00,22.488142132759094
2025-07-10 18:30:00,23.312182188034058
2025-07-10 19:00:00,30.11243712902069
2025-07-10 19:30:00,27.830529928207397
2025-07-10 20:00:00,51.126383543014526
2025-07-10 20:30:00,32.38874924182892
2025-07-10 21:00:00,48.49534034729004
2025-07-10 21:30:00,52.54382085800171
2025-07-10 22:00:00,33.447389960289
2025-07-10 22:30:00,20.665683031082153
2025-07-10 23:00:00,26.83647930622101
2025-07-10 23:30:00,30.16657555103302
2025-07-11 00:00:00,25.17411732673645
2025-07-11 00:30:00,28.893040895462036
2025-07-11 01:00:00,25.983535051345825
2025-07-11 01:30:00,20.815516233444214
2025-07-11 02:00:00,27.448419213294983
2025-07-11 02:30:00,24.023977518081665
2025-07-11 03:00:00,33.24037420749664
2025-07-11 03:30:00,44.981282114982605
2025-07-11 04:00:00,49.89207458496094
2025-07-11 04:30:00,28.198291182518005
2025-07-11 05:00:00,31.714752674102783
2025-07-11 05:30:00,20.890610575675964
2025-07-11 06:00:00,42.55319917201996
2025-07-11 06:30:00,36.776339650154114
2025-07-11 07:00:00,38.20720016956329
2025-07-11 07:30:00,48.037914991378784
2025-07-11 08:00:00,34.822179436683655
2025-07-11 08:30:00,30.91201651096344
2025-07-11 09:00:00,33.914538502693176
2025-07-11 09:30:00,25.740012288093567
2025-07-11 10:00:00,31.871219873428345
2025-07-11 10:30:00,28.44594705104828
2025-07-11 11:00:00,36.12611782550812
2025-07-11 11:30:00,23.244600534439087
2025-07-11 12:00:00,24.528879761695862
2025-07-11 12:30:00,28.551329970359802
2025-07-11 13:00:00,22.631929636001587
2025-07-11 13:30:00,25.757100462913513
2025-07-11 14:00:00,30.02846074104309
2025-07-11 14:30:00,25.228370904922485
2025-07-11 15:00:00,28.1627254486084
2025-07-11 15:30:00,24.468137383461
2025-07-11 16:00:00,31.194286823272705
2025-07-11 16:30:00,26.227510929107666
2025-07-11 17:00:00,33.91348707675934
2025-07-11 17:30:00,40.64881896972656
2025-07-11 18:00:00,30.02190935611725
2025-07-11 18:30:00,34.178263664245605
2025-07-11 19:00:00,45.71627640724182
2025-07-11 19:30:00,38.437119483947754
2025-07-11 20:00:00,39.47209560871124
2025-07-11 20:30:00,36.278804898262024
2025-07-11 21:00:00,31.714104294776917
2025-07-11 21:30:00,21.866025924682617
2025-07-11 22:00:00,32.854355692863464
2025-07-11 22:30:00,30.5031795501709
2025-07-11 23:00:00,36.80522382259369
2025-07-11 23:30:00,36.53998410701752
2025-07-12 00:00:00,16.56512188911438
2025-07-12 00:30:00,29.92277491092682
2025-07-12 01:00:00,30.2191743850708
2025-07-12 01:30:00,29.53268587589264
2025-07-12 02:00:00,36.49896597862244
2025-07-12 02:30:00,45.94565749168396
2025-07-12 03:00:00,33.9470751285553
2025-07-12 03:30:00,42.14348351955414
2025-07-12 04:00:00,27.503406286239624
2025-07-12 04:30:00,37.67461538314819
2025-07-12 05:00:00,38.45295596122742
2025-07-12 05:30:00,25.706248998641968
2025-07-12 06:00:00,16.766950607299805
2025-07-12 06:30:00,38.304572224617004
2025-07-12 07:00:00,40.826950550079346
2025-07-12 07:30:00,40.47441244125366
2025-07-12 08:00:00,50.893407583236694
2025-07-12 08:30:00,35.467907667160034
2025-07-12 09:00:00,37.15416204929352
2025-07-12 09:30:00,28.732495665550232
2025-07-12 10:00:00,45.52608847618103
2025-07-12 10:30:00,31.894879460334778
2025-07-12 11:00:00,29.22450292110443
2025-07-12 11:30:00,27.465965509414673
2025-07-12 12:00:00,29.966148734092712
2025-07-12 12:30:00,14.657402157783508
2025-07-12 13:00:00,16.870278239250183
2025-07-12 13:30:00,40.0381783246994
2025-07-12 14:00:00,39.95405173301697
2025-07-12 14:30:00,31.9127436876297
2025-07-12 15:00:00,39.26099932193756
2025-07-12 15:30:00,36.923839688301086
2025-07-12 16:00:00,28.874796152114868
2025-07-12 16:30:00,14.912110090255737
2025-07-12 17:00:00,20.58142876625061
2025-07-12 17:30:00,33.723113894462585
2025-07-12 18:00:00,15.41496080160141
2025-07-12 18:30:00,17.424294590950012
2025-07-12 19:00:00,32.01559066772461
2025-07-12 19:30:00,28.46181857585907
2025-07-12 20:00:00,45.58340620994568
2025-07-12 20:30:00,41.15468752384186
2025-07-12 21:00:00,33.31952655315399
2025-07-12 21:30:00,35.934205055236816
2025-07-12 22:00:00,43.375789761543274
2025-07-12 22:30:00,36.80148124694824
2025-07-12 23:00:00,43.606069564819336
2025-07-12 23:30:00,23.172980904579163
2025-07-13 00:00:00,19.00788974761963
2025-07-13 00:30:00,12.07700452208519
2025-07-13 01:00:00,11.236244291067123
2025-07-13 01:30:00,38.14810252189636
2025-07-13 02:00:00,29.599861979484558
2025-07-13 02:30:00,18.479793548583984
2025-07-13 03:00:00,19.965954065322876
2025-07-13 03:30:00,23.874712586402893
2025-07-13 04:00:00,27.9352970123291
2025-07-13 04:30:00,42.617050766944885
2025-07-13 05:00:00,46.300193309783936
2025-07-13 05:30:00,47.03336763381958
2025-07-13 06:00:00,41.59865963459015
2025-07-13 06:30:00,51.119218826293945
2025-07-13 07:00:00,22.163964986801147
2025-07-13 07:30:00,25.645163655281067
2025-07-13 08:00:00,40.519330859184265
2025-07-13 08:30:00,30.52386510372162
2025-07-13 09:00:00,23.459491968154907
2025-07-13 09:30:00,23.85309076309204
2025-07-13 10:00:00,43.066234946250916
2025-07-13 10:30:00,36.032716155052185
2025-07-13 11:00:00,41.61640119552612
2025-07-13 11:30:00,39.525405406951904
2025-07-13 12:00:00,38.081422090530396
2025-07-13 12:30:00,46.54297757148743
2025-07-13 13:00:00,56.83043432235718
2025-07-13 13:30:00,46.79535984992981
2025-07-13 14:00:00,28.123417139053345
2025-07-13 14:30:00,23.58290934562683
2025-07-13 15:00:00,41.04529917240143
2025-07-13 15:30:00,28.01241910457611
2025-07-13 16:00:00,30.89390194416046
2025-07-13 16:30:00,24.135278463363647
2025-07-13 17:00:00,24.32051718235016
2025-07-13 17:30:00,25.68526554107666
2025-07-13 18:00:00,21.773783326148987
2025-07-13 18:30:00,32.70149338245392
2025-07-13 19:00:00,33.51623833179474
2025-07-13 19:30:00,49.5734224319458
2025-07-13 20:00:00,43.13344860076904
2025-07-13 20:30:00,28.522473335266113
2025-07-13 21:00:00,25.18905258178711
2025-07-13 21:30:00,54.81109571456909
2025-07-13 22:00:00,40.888641715049744
2025-07-13 22:30:00,45.777374267578125
2025-07-13 23:00:00,36.659789085388184
2025-07-13 23:30:00,22.023947596549988
2025-07-14 00:00:00,26.464101791381836
2025-07-14 00:30:00,36.12825071811676
2025-07-14 01:00:00,17.472842931747437
2025-07-14 01:30:00,21.4925719499588
2025-07-14 02:00:00,21.4744473695755
2025-07-14 02:30:00,30.906431436538696
2025-07-14 03:00:00,31.537539839744568
2025-07-14 03:30:00,35.887481689453125
2025-07-14 04:00:00,32.720794558525085
2025-07-14 04:30:00,37.43628466129303
2025-07-14 05:00:00,35.7048214673996
2025-07-14 05:30:00,42.759674191474915
2025-07-14 06:00:00,42.905003786087036
2025-07-14 06:30:00,30.38888955116272
2025-07-14 07:00:00,23.28947389125824
2025-07-14 07:30:00,37.31213629245758
2025-07-14 08:00:00,35.1160204410553
2025-07-14 08:30:00,54.52543330192566
2025-07-14 09:00:00,30.508148789405823
2025-07-14 09:30:00,38.36643612384796
2025-07-14 10:00:00,27.753142476081848
2025-07-14 10:30:00,25.094682097434998
2025-07-14 11:00:00,35.48481810092926
2025-07-14 11:30:00,35.72619044780731
2025-07-14 12:00:00,29.46019756793976
2025-07-14 12:30:00,13.003492265939713
2025-07-14 13:00:00,23.630859375
2025-07-14 13:30:00,45.993988037109375
2025-07-14 14:00:00,26.299518585205078
2025-07-14 14:30:00,29.27051031589508
2025-07-14 15:00:00,36.68248736858368
2025-07-14 15:30:00,39.433613419532776
2025-07-14 16:00:00,29.287763714790344
2025-07-14 16:30:00,33.00248157978058
2025-07-14 17:00:00,49.43648672103882
2025-07-14 17:30:00,35.91941249370575
2025-07-14 18:00:00,24.805086851119995
2025-07-14 18:30:00,24.775479197502136
2025-07-14 19:00:00,24.289552688598633
2025-07-14 19:30:00,21.099809288978577
2025-07-14 20:00:00,6.731684625148773
2025-07-14 20:30:00,11.271689862012863
2025-07-14 21:00:00,20.502238869667053
2025-07-14 21:30:00,30.6744943857193
2025-07-14 22:00:00,38.25221371650696
2025-07-14 22:30:00,26.86631727218628
2025-07-14 23:00:00,33.2101331949234
2025-07-14 23:30:00,45.31213331222534
2025-07-15 00:00:00,27.334474682807922
2025-07-15 00:30:00,28.088312029838562
2025-07-15 01:00:00,24.24816656112671
2025-07-15 01:30:00,32.04439723491669
2025-07-15 02:00:00,20.352232933044434
2025-07-15 02:30:00,36.10101127624512
2025-07-15 03:00:00,42.44970381259918
2025-07-15 03:30:00,32.040191531181335
2025-07-15 04:00:00,37.75695204734802
2025-07-15 04:30:00,18.912242531776428
2025-07-15 05:00:00,12.106112748384476
2025-07-15 05:30:00,21.986133813858032
2025-07-15 06:00:00,18.87074375152588
2025-07-15 06:30:00,38.292861342430115
2025-07-15 07:00:00,42.866368889808655
2025-07-15 07:30:00,46.020684242248535
2025-07-15 08:00:00,44.074962973594666
2025-07-15 08:30:00,32.51877057552338
2025-07-15 09:00:00,23.804792761802673
2025-07-15 09:30:00,32.21648061275482
2025-07-15 10:00:00,29.03427243232727
2025-07-15 10:30:00,18.27446758747101
2025-07-15 11:00:00,17.48766052722931
2025-07-15 11:30:00,26.43061637878418
2025-07-15 12:00:00,22.782644033432007
2025-07-15 12:30:00,18.991562604904175
2025-07-15 13:00:00,30.793590903282166
2025-07-15 13:30:00,30.192047595977783
2025-07-15 14:00:00,32.74963116645813
2025-07-15 14:30:00,36.58906066417694
2025-07-15 15:00:00,41.27738893032074
2025-07-15 15:30:00,28.387415170669556
2025-07-15 16:00:00,37.90730345249176
2025-07-15 16:30:00,16.671606302261353
2025-07-15 17:00:00,35.95927655696869
2025-07-15 17:30:00,46.10741686820984
2025-07-15 18:00:00,30.162925601005554
2025-07-15 18:30:00,29.20766508579254
2025-07-15 19:00:00,26.68714427947998
2025-07-15 19:30:00,33.935749769210815
2025-07-15 20:00:00,29.2730712890625
2025-07-15 20:30:00,33.30626606941223
2025-07-15 21:00:00,30.78552746772766
2025-07-15 21:30:00,24.90428638458252
2025-07-15 22:00:00,29.978147506713867
2025-07-15 22:30:00,28.578226447105408
2025-07-15 23:00:00,38.33600986003876
2025-07-15 23:30:00,37.476263880729675
2025-07-16 00:00:00,30.16524875164032
2025-07-16 00:30:00,25.327472805976868
2025-07-16 01:00:00,15.595934987068176
2025-07-16 01:30:00,14.523947417736053
2025-07-16 02:00:00,24.727373957633972
2025-07-16 02:30:00,32.13639950752258
2025-07-16 03:00:00,27.050346851348877
2025-07-16 03:30:00,25.647316575050354
2025-07-16 04:00:00,18.515066385269165
2025-07-16 04:30:00,11.824953943490982
2025-07-16 05:00:00,28.566004872322083
2025-07-16 05:30:00,37.84857881069183
2025-07-16 06:00:00,24.27548360824585
2025-07-16 06:30:00,18.697070717811584
2025-07-16 07:00:00,15.986122906208038
2025-07-16 07:30:00,7.548406004905701
2025-07-16 08:00:00,5.361128389835358
2025-07-16 08:30:00,22.202487230300903
2025-07-16 09:00:00,21.029093384742737
2025-07-16 09:30:00,11.85128465294838
2025-07-16 10:00:00,16.560998797416687
2025-07-16 10:30:00,34.83510196208954
2025-07-16 11:00:00,21.738563060760498
2025-07-16 11:30:00,21.52465796470642
2025-07-16 12:00:00,21.246453166007996
2025-07-16 12:30:00,21.159610390663147
2025-07-16 13:00:00,36.477304100990295
2025-07-16 13:30:00,37.72021472454071
2025-07-16 14:00:00,31.847695469856262
2025-07-16 14:30:00,33.956350207328796
2025-07-16 15:00:00,40.99001669883728
2025-07-16 15:30:00,34.46202099323273
2025-07-16 16:00:00,32.82866835594177
2025-07-16 16:30:00,27.103256106376648
2025-07-16 17:00:00,23.15621066093445
2025-07-16 17:30:00,34.3295613527298
2025-07-16 18:00:00,31.685142517089844
2025-07-16 18:30:00,22.635186553001404
2025-07-16 19:00:00,38.71162676811218
2025-07-16 19:30:00,37.633624792099
2025-07-16 20:00:00,42.992905497550964
2025-07-16 20:30:00,36.55647647380829
2025-07-16 21:00:00,30.610755443572998
2025-07-16 21:30:00,25.954683423042297
2025-07-16 22:00:00,20.63233780860901
2025-07-16 22:30:00,35.93073034286499
2025-07-16 23:00:00,36.66816794872284
2025-07-16 23:30:00,43.321608781814575
2025-07-17 00:00:00,30.2911194562912
2025-07-17 00:30:00,16.640469074249268
2025-07-17 01:00:00,29.223010897636414
2025-07-17 01:30:00,28.350072026252747
2025-07-17 02:00:00,17.09337079524994
2025-07-17 02:30:00,22.853044509887695
2025-07-17 03:00:00,30.658730506896973
2025-07-17 03:30:00,19.118674993515015
2025-07-17 04:00:00,24.856093525886536
2025-07-17 04:30:00,21.351693391799927
2025-07-17 05:00:00,27.79530966281891
2025-07-17 05:30:00,38.56951653957367
2025-07-17 06:00:00,29.493477702140808
2025-07-17 06:30:00,20.68852150440216
2025-07-17 07:00:00,16.18409264087677
2025-07-17 07:30:00,25.760152101516724
2025-07-17 08:00:00,17.816751837730408
2025-07-17 08:30:00,19.943195700645447
2025-07-17 09:00:00,17.780838131904602
2025-07-17 09:30:00,37.76928377151489
2025-07-17 10:00:00,22.58938443660736
2025-07-17 10:30:00,23.354774951934814
2025-07-17 11:00:00,29.224578022956848
2025-07-17 11:30:00,34.30158340930939
2025-07-17 12:00:00,43.07340466976166
2025-07-17 12:30:00,36.873891949653625
2025-07-17 13:00:00,34.0536071062088
2025-07-17 13:30:00,47.12601828575134
2025-07-17 14:00:00,47.15963888168335
2025-07-17 14:30:00,41.938039898872375
2025-07-17 15:00:00,43.36737084388733
2025-07-17 15:30:00,40.95718967914581
2025-07-17 16:00:00,38.333876967430115
2025-07-17 16:30:00,37.39505875110626
2025-07-17 17:00:00,42.12458038330078
2025-07-17 17:30:00,39.57604157924652
2025-07-17 18:00:00,30.3088960647583
2025-07-17 18:30:00,33.154147267341614
2025-07-17 19:00:00,19.063597798347473
2025-07-17 19:30:00,14.95137333869934
2025-07-17 20:00:00,9.43070250749588
2025-07-17 20:30:00,25.51160752773285
2025-07-17 21:00:00,42.57617783546448
2025-07-17 21:30:00,41.16124141216278
2025-07-17 22:00:00,65.84842443466187
2025-07-17 22:30:00,43.46477794647217
2025-07-17 23:00:00,36.98838973045349
2025-07-17 23:30:00,44.99858057498932
2025-07-18 00:00:00,18.489081144332886
2025-07-18 00:30:00,21.451806664466858
2025-07-18 01:00:00,40.3574413061142
2025-07-18 01:30:00,17.874379992485046
2025-07-18 02:00:00,36.08521234989166
2025-07-18 02:30:00,30.048179984092712
2025-07-18 03:00:00,39.28313434123993
2025-07-18 03:30:00,33.18705689907074
2025-07-18 04:00:00,43.19744789600372
2025-07-18 04:30:00,43.12045097351074
2025-07-18 05:00:00,29.53339183330536
2025-07-18 05:30:00,36.670451045036316
2025-07-18 06:00:00,40.449851632118225
2025-07-18 06:30:00,50.352428913116455
2025-07-18 07:00:00,33.96092140674591
2025-07-18 07:30:00,26.287925362586975
2025-07-18 08:00:00,40.92878615856171
2025-07-18 08:30:00,40.88805341720581
2025-07-18 09:00:00,50.04797601699829
2025-07-18 09:30:00,30.75281059741974
2025-07-18 10:00:00,43.533270835876465
2025-07-18 10:30:00,33.85148048400879
2025-07-18 11:00:00,37.9312709569931
2025-07-18 11:30:00,35.484437584877014
2025-07-18 12:00:00,32.812281131744385
2025-07-18 12:30:00,34.53298223018646
2025-07-18 13:00:00,37.280373215675354
2025-07-18 13:30:00,36.97473871707916
2025-07-18 14:00:00,40.28280508518219
2025-07-18 14:30:00,33.02684962749481
2025-07-18 15:00:00,29.456239700317383
2025-07-18 15:30:00,31.140043258666992
2025-07-18 16:00:00,33.98169708251953
2025-07-18 16:30:00,27.533209204673767
2025-07-18 17:00:00,38.188236951828
2025-07-18 17:30:00,28.49678349494934
2025-07-18 18:00:00,25.74109375476837
2025-07-18 18:30:00,34.582799792289734
2025-07-18 19:00:00,26.266228437423706
2025-07-18 19:30:00,20.232115030288696
2025-07-18 20:00:00,31.82412850856781
2025-07-18 20:30:00,35.88117063045502
2025-07-18 21:00:00,38.467668414115906
2025-07-18 21:30:00,49.203731060028076
2025-07-18 22:00:00,46.276546239852905
2025-07-18 22:30:00,33.44962799549103
2025-07-18 23:00:00,22.36927092075348
2025-07-18 23:30:00,35.854817390441895
2025-07-19 00:00:00,30.970523357391357
2025-07-19 00:30:00,35.92603647708893
2025-07-19 01:00:00,28.609874367713928
2025-07-19 01:30:00,35.63923752307892
2025-07-19 02:00:00,18.30762255191803
2025-07-19 02:30:00,30.645039439201355
2025-07-19 03:00:00,32.79630947113037
2025-07-19 03:30:00,32.74676477909088
2025-07-19 04:00:00,20.443073630332947
2025-07-19 04:30:00,30.491661429405212
2025-07-19 05:00:00,25.226167917251587
2025-07-19 05:30:00,34.87074530124664
2025-07-19 06:00:00,38.68579924106598
2025-07-19 06:30:00,31.271992206573486
2025-07-19 07:00:00,40.37618172168732
2025-07-19 07:30:00,24.691723108291626
2025-07-19 08:00:00,3.1120575964450836
2025-07-19 08:30:00,26.470147490501404
2025-07-19 09:00:00,16.765133142471313
2025-07-19 09:30:00,42.26172888278961
2025-07-19 10:00:00,31.663130164146423
2025-07-19 10:30:00,51.42402219772339
2025-07-19 11:00:00,41.322389960289
2025-07-19 11:30:00,39.60728645324707
2025-07-19 12:00:00,39.45798146724701
2025-07-19 12:30:00,39.68108904361725
2025-07-19 13:00:00,19.522385001182556
2025-07-19 13:30:00,33.25622570514679
2025-07-19 14:00:00,38.64730703830719
2025-07-19 14:30:00,40.427536368370056
2025-07-19 15:00:00,32.56909883022308
2025-07-19 15:30:00,40.0390419960022
2025-07-19 16:00:00,41.93393933773041
2025-07-19 16:30:00,27.251822590827942
2025-07-19 17:00:00,35.96555507183075
2025-07-19 17:30:00,24.656673073768616
2025-07-19 18:00:00,42.66090273857117
2025-07-19 18:30:00,24.026095390319824
2025-07-19 19:00:00,27.37623381614685
2025-07-19 19:30:00,38.168227314949036
2025-07-19 20:00:00,25.742963790893555
2025-07-19 20:30:00,40.122162222862244
2025-07-19 21:00:00,37.2914582490921
2025-07-19 21:30:00,32.59169948101044
2025-07-19 22:00:00,35.56424081325531
2025-07-19 22:30:00,23.177799940109253
2025-07-19 23:00:00,27.0204838514328
2025-07-19 23:30:00,55.47201704978943
2025-07-20 00:00:00,5.454375632107258
2025-07-20 00:30:00,20.014269590377808
2025-07-20 01:00:00,39.56396019458771
2025-07-20 01:30:00,35.14153504371643
2025-07-20 02:00:00,49.796775341033936
2025-07-20 02:30:00,38.765096783638
2025-07-20 03:00:00,41.77106845378876
2025-07-20 03:30:00,30.72934377193451
2025-07-20 04:00:00,21.539523124694824
2025-07-20 04:30:00,33.07713031768799
2025-07-20 05:00:00,39.271268248558044
2025-07-20 05:30:00,35.39947736263275
2025-07-20 06:00:00,34.078025221824646
2025-07-20 06:30:00,33.796130418777466
2025-07-20 07:00:00,44.068639397621155
2025-07-20 07:30:00,33.88954961299896
2025-07-20 08:00:00,31.798689007759094
2025-07-20 08:30:00,37.96139180660248
2025-07-20 09:00:00,43.935341119766235
2025-07-20 09:30:00,36.580366373062134
2025-07-20 10:00:00,37.52411377429962
2025-07-20 10:30:00,33.17559635639191
2025-07-20 11:00:00,52.9231653213501
2025-07-20 11:30:00,44.68093478679657
2025-07-20 12:00:00,37.90133535861969
2025-07-20 12:30:00,22.542285561561584
2025-07-20 13:00:00,31.762227058410645
2025-07-20 13:30:00,17.31109857559204
2025-07-20 14:00:00,29.309370517730713
2025-07-20 14:30:00,40.7935928106308
2025-07-20 15:00:00,31.068578839302063
2025-07-20 15:30:00,51.999858140945435
2025-07-20 16:00:00,43.96332657337189
2025-07-20 16:30:00,47.19778060913086
2025-07-20 17:00:00,36.009599804878235
2025-07-20 17:30:00,36.10605561733246
2025-07-20 18:00:00,42.84796643257141
2025-07-20 18:30:00,24.12013292312622
2025-07-20 19:00:00,34.47214722633362
2025-07-20 19:30:00,45.855645418167114
2025-07-20 20:00:00,33.72093093395233
2025-07-20 20:30:00,24.373616695404053
2025-07-20 21:00:00,36.316994190216064
2025-07-20 21:30:00,41.27156853675842
2025-07-20 22:00:00,43.75608050823212
2025-07-20 22:30:00,27.066110730171204
2025-07-20 23:00:00,36.805158734321594
2025-07-20 23:30:00,28.20706307888031
2025-07-21 00:00:00,12.823984444141388
2025-07-21 00:30:00,40.366323351860046
2025-07-21 01:00:00,34.9425927400589
2025-07-21 01:30:00,28.643665194511414
2025-07-21 02:00:00,40.17778766155243
2025-07-21 02:30:00,40.547396421432495
2025-07-21 03:00:00,43.3130646944046
2025-07-21 03:30:00,29.446173548698425
2025-07-21 04:00:00,42.68076467514038
2025-07-21 04:30:00,43.61504423618317
2025-07-21 05:00:00,32.67536795139313
2025-07-21 05:30:00,23.488961935043335
2025-07-21 06:00:00,22.723185896873474
2025-07-21 06:30:00,12.386707037687302
2025-07-21 07:00:00,31.375542640686035
2025-07-21 07:30:00,37.61669933795929
2025-07-21 08:00:00,39.433338046073914
2025-07-21 08:30:00,20.391125679016113
2025-07-21 09:00:00,36.16201901435852
2025-07-21 09:30:00,41.40773069858551
2025-07-21 10:00:00,27.960325956344604
2025-07-21 10:30:00,32.640660881996155
2025-07-21 11:00:00,32.53567349910736
2025-07-21 11:30:00,41.094966530799866
2025-07-21 12:00:00,22.144243240356445
2025-07-21 12:30:00,18.633416891098022
2025-07-21 13:00:00,20.624064087867737
2025-07-21 13:30:00,37.47969603538513
2025-07-21 14:00:00,31.32331681251526
2025-07-21 14:30:00,44.19179141521454
2025-07-21 15:00:00,42.17376208305359
2025-07-21 15:30:00,34.998438477516174
2025-07-21 16:00:00,30.387645363807678
2025-07-21 16:30:00,38.6570827960968
2025-07-21 17:00:00,35.535309076309204
2025-07-21 17:30:00,34.62508463859558
2025-07-21 18:00:00,35.236443758010864
2025-07-21 18:30:00,10.2945014834404
2025-07-21 19:00:00,23.10423517227173
2025-07-21 19:30:00,38.73085534572601
2025-07-21 20:00:00,53.81888508796692
2025-07-21 20:30:00,42.70997178554535
2025-07-21 21:00:00,42.4069207906723
2025-07-21 21:30:00,38.4675532579422
2025-07-21 22:00:00,38.381123542785645
2025-07-21 22:30:00,30.241644859313965
2025-07-21 23:00:00,35.66461193561554
2025-07-21 23:30:00,40.438133239746094
2025-07-22 00:00:00,14.699829697608948
2025-07-22 00:30:00,30.842286944389343
2025-07-22 01:00:00,32.15553796291351
2025-07-22 01:30:00,42.31670844554901
2025-07-22 02:00:00,34.37641489505768
2025-07-22 02:30:00,21.14163601398468
2025-07-22 03:00:00,27.259027361869812
2025-07-22 03:30:00,20.51787757873535
2025-07-22 04:00:00,25.530873656272888
2025-07-22 04:30:00,49.61487865447998
2025-07-22 05:00:00,31.49418354034424
2025-07-22 05:30:00,30.62588346004486
2025-07-22 06:00:00,21.983395099639893
2025-07-22 06:30:00,23.20280385017395
2025-07-22 07:00:00,29.68478214740753
2025-07-22 07:30:00,27.61294734477997
2025-07-22 08:00:00,53.43387794494629
2025-07-22 08:30:00,46.13644623756409
2025-07-22 09:00:00,46.40769410133362
2025-07-22 09:30:00,26.77244997024536
2025-07-22 10:00:00,22.8286714553833
2025-07-22 10:30:00,15.805457890033722
2025-07-22 11:00:00,29.023740649223328
2025-07-22 11:30:00,23.969979286193848
2025-07-22 12:00:00,32.66796040534973
2025-07-22 12:30:00,29.536288261413574
2025-07-22 13:00:00,21.700443863868713
2025-07-22 13:30:00,25.103023409843445
2025-07-22 14:00:00,25.995729088783264
2025-07-22 14:30:00,24.185771942138672
2025-07-22 15:00:00,22.446425557136536
2025-07-22 15:30:00,33.06555712223053
2025-07-22 16:00:00,41.36895310878754
2025-07-22 16:30:00,55.936742305755615
2025-07-22 17:00:00,43.0080760717392
2025-07-22 17:30:00,42.74882698059082
2025-07-22 18:00:00,43.35517179965973
2025-07-22 18:30:00,40.779921770095825
2025-07-22 19:00:00,27.03732919692993
2025-07-22 19:30:00,20.78208088874817
2025-07-22 20:00:00,39.8410359621048
2025-07-22 20:30:00,38.71527671813965
2025-07-22 21:00:00,26.515361309051514
2025-07-22 21:30:00,35.04315912723541
2025-07-22 22:00:00,23.331210494041443
2025-07-22 22:30:00,33.705702781677246
2025-07-22 23:00:00,35.55240976810455
2025-07-22 23:30:00,32.18314039707184
2025-07-23 00:00:00,20.232608199119568
2025-07-23 00:30:00,23.98258638381958
2025-07-23 01:00:00,26.22399365901947
2025-07-23 01:30:00,21.338570594787598
2025-07-23 02:00:00,22.964725971221924
2025-07-23 02:30:00,24.585829496383667
2025-07-23 03:00:00,29.33685028553009
2025-07-23 03:30:00,22.394167184829712
2025-07-23 04:00:00,18.964606046676636
2025-07-23 04:30:00,18.23310649394989
2025-07-23 05:00:00,27.36810028553009
2025-07-23 05:30:00,42.00264501571655
2025-07-23 06:00:00,49.14536190032959
2025-07-23 06:30:00,43.98966979980469
2025-07-23 07:00:00,43.51698124408722
2025-07-23 07:30:00,37.98560965061188
2025-07-23 08:00:00,32.47268557548523
2025-07-23 08:30:00,16.260520040988922
2025-07-23 09:00:00,32.78000485897064
2025-07-23 09:30:00,27.998700499534607
2025-07-23 10:00:00,25.825703501701355
2025-07-23 10:30:00,44.64083540439606
2025-07-23 11:00:00,38.86051118373871
2025-07-23 11:30:00,43.189321875572205
2025-07-23 12:00:00,47.887155532836914
2025-07-23 12:30:00,40.009767293930054
2025-07-23 13:00:00,34.55812132358551
2025-07-23 13:30:00,31.310662150382996
2025-07-23 14:00:00,29.767233967781067
2025-07-23 14:30:00,36.16608953475952
2025-07-23 15:00:00,26.08061921596527
2025-07-23 15:30:00,35.18834352493286
2025-07-23 16:00:00,44.61590659618378
2025-07-23 16:30:00,47.94022250175476
2025-07-23 17:00:00,34.77591168880463
2025-07-23 17:30:00,38.75178623199463
2025-07-23 18:00:00,32.842286825180054
2025-07-23 18:30:00,19.268362998962402
2025-07-23 19:00:00,25.145185589790344
2025-07-23 19:30:00,14.19138514995575
2025-07-23 20:00:00,41.33660924434662
2025-07-23 20:30:00,21.981955647468567
2025-07-23 21:00:00,34.91231667995453
2025-07-23 21:30:00,43.42465603351593
2025-07-23 22:00:00,36.04665756225586
2025-07-23 22:30:00,30.173192024230957
2025-07-23 23:00:00,26.008726716041565
2025-07-23 23:30:00,38.466957449913025
2025-07-24 00:00:00,19.579755306243896
2025-07-24 00:30:00,25.289145827293396
2025-07-24 01:00:00,30.174854278564453
2025-07-24 01:30:00,40.625539898872375
2025-07-24 02:00:00,26.24816143512726
2025-07-24 02:30:00,21.288883209228516
2025-07-24 03:00:00,28.941867113113403
2025-07-24 03:30:00,26.513118267059326
2025-07-24 04:00:00,21.478570461273193
2025-07-24 04:30:00,37.79804527759552
2025-07-24 05:00:00,41.12698996067047
2025-07-24 05:30:00,40.567063093185425
2025-07-24 06:00:00,47.759998083114624
2025-07-24 06:30:00,31.89921283721924
2025-07-24 07:00:00,51.05859160423279
2025-07-24 07:30:00,25.522377133369446
2025-07-24 08:00:00,40.03893435001373
2025-07-24 08:30:00,37.95066726207733
2025-07-24 09:00:00,35.17485272884369
2025-07-24 09:30:00,36.03195011615753
2025-07-24 10:00:00,37.88722121715546
2025-07-24 10:30:00,38.31506395339966
2025-07-24 11:00:00,29.384695172309875
2025-07-24 11:30:00,21.306427001953125
2025-07-24 12:00:00,25.562288761138916
2025-07-24 12:30:00,28.96345889568329
2025-07-24 13:00:00,20.863596439361572
2025-07-24 13:30:00,32.768213868141174
2025-07-24 14:00:00,32.10200035572052
2025-07-24 14:30:00,32.37928640842438
2025-07-24 15:00:00,29.58108150959015
2025-07-24 15:30:00,31.705968260765076
2025-07-24 16:00:00,39.36503541469574
2025-07-24 16:30:00,45.18865084648132
2025-07-24 17:00:00,42.34526717662811
2025-07-24 17:30:00,51.43905258178711
2025-07-24 18:00:00,49.06961417198181
2025-07-24 18:30:00,43.17891526222229
2025-07-24 19:00:00,44.82543075084686
2025-07-24 19:30:00,42.59582698345184
2025-07-24 20:00:00,50.13561487197876
2025-07-24 20:30:00,32.869160771369934
2025-07-24 21:00:00,37.51943242549896
2025-07-24 21:30:00,38.06282186508179
2025-07-24 22:00:00,38.145816922187805
2025-07-24 22:30:00,30.416436910629272
2025-07-24 23:00:00,30.25665271282196
2025-07-24 23:30:00,44.08723211288452
2025-07-25 00:00:00,20.50204861164093
2025-07-25 00:30:00,24.159140825271606
2025-07-25 01:00:00,47.4756224155426
2025-07-25 01:30:00,24.11473560333252
2025-07-25 02:00:00,38.7764972448349
2025-07-25 02:30:00,34.62524235248566
2025-07-25 03:00:00,31.084485411643982
2025-07-25 03:30:00,22.716914892196655
2025-07-25 04:00:00,33.97717845439911
2025-07-25 04:30:00,37.06568956375122
2025-07-25 05:00:00,37.411075472831726
2025-07-25 05:30:00,33.46241533756256
2025-07-25 06:00:00,33.452929973602295
2025-07-25 06:30:00,41.05422127246857
2025-07-25 07:00:00,37.254968762397766
2025-07-25 07:30:00,33.70740258693695
2025-07-25 08:00:00,29.23642909526825
2025-07-25 08:30:00,32.061683177948
2025-07-25 09:00:00,35.37358224391937
2025-07-25 09:30:00,31.651123881340027
2025-07-25 10:00:00,34.992210030555725
2025-07-25 10:30:00,33.021079301834106
2025-07-25 11:00:00,39.495620012283325
2025-07-25 11:30:00,41.348750710487366
2025-07-25 12:00:00,34.554967045784
2025-07-25 12:30:00,32.181713461875916
2025-07-25 13:00:00,29.43023192882538
2025-07-25 13:30:00,33.179166197776794
2025-07-25 14:00:00,23.44244134426117
2025-07-25 14:30:00,31.37356746196747
2025-07-25 15:00:00,28.295663237571716
2025-07-25 15:30:00,35.879177927970886
2025-07-25 16:00:00,21.440025687217712
2025-07-25 16:30:00,36.91457211971283
2025-07-25 17:00:00,30.704447507858276
2025-07-25 17:30:00,36.323190093040466
2025-07-25 18:00:00,30.47286593914032
2025-07-25 18:30:00,44.95358955860138
2025-07-25 19:00:00,39.700960993766785
2025-07-25 19:30:00,53.46936106681824
2025-07-25 20:00:00,39.32519888877869
2025-07-25 20:30:00,43.753061413764954
2025-07-25 21:00:00,26.75060784816742
2025-07-25 21:30:00,31.143630623817444
2025-07-25 22:00:00,37.36980450153351
2025-07-25 22:30:00,28.245592832565308
2025-07-25 23:00:00,27.310607314109802
2025-07-25 23:30:00,26.542775988578796
2025-07-26 00:00:00,14.972607135772705
2025-07-26 00:30:00,27.298463344573975
2025-07-26 01:00:00,10.171627342700958
2025-07-26 01:30:00,33.029731035232544
2025-07-26 02:00:00,28.374072074890137
2025-07-26 02:30:00,23.13013780117035
2025-07-26 03:00:00,24.193695187568665
2025-07-26 03:30:00,23.967969059944153
2025-07-26 04:00:00,22.798825979232788
2025-07-26 04:30:00,28.312766432762146
2025-07-26 05:00:00,23.806620240211487
2025-07-26 05:30:00,24.2453852891922
2025-07-26 06:00:00,51.11730623245239
2025-07-26 06:30:00,38.852625489234924
2025-07-26 07:00:00,23.77405607700348
2025-07-26 07:30:00,17.34676444530487
2025-07-26 08:00:00,30.98308289051056
2025-07-26 08:30:00,24.2234605550766
2025-07-26 09:00:00,33.55257260799408
2025-07-26 09:30:00,29.869067072868347
2025-07-26 10:00:00,37.72808539867401
2025-07-26 10:30:00,37.74292552471161
2025-07-26 11:00:00,43.45775091648102
2025-07-26 11:30:00,34.006723523139954
2025-07-26 12:00:00,35.78088462352753
2025-07-26 12:30:00,40.50312888622284
2025-07-26 13:00:00,34.585723757743835
2025-07-26 13:30:00,13.47547236084938
2025-07-26 14:00:00,29.042741417884827
2025-07-26 14:30:00,25.998350143432617
2025-07-26 15:00:00,30.258572816848755
2025-07-26 15:30:00,27.21438431739807
2025-07-26 16:00:00,16.140318274497986
2025-07-26 16:30:00,18.407968640327454
2025-07-26 17:00:00,23.529584527015686
2025-07-26 17:30:00,34.38275349140167
2025-07-26 18:00:00,53.499316692352295
2025-07-26 18:30:00,29.295198798179626
2025-07-26 19:00:00,10.909631967544556
2025-07-26 19:30:00,27.096662163734436
2025-07-26 20:00:00,28.725661396980286
2025-07-26 20:30:00,31.744650721549988
2025-07-26 21:00:00,19.965646147727966
2025-07-26 21:30:00,11.757073760032654
2025-07-26 22:00:00,20.514943599700928
2025-07-26 22:30:00,39.595813393592834
2025-07-26 23:00:00,38.1253741979599
2025-07-26 23:30:00,31.48650312423706
2025-07-27 00:00:00,19.294753789901733
2025-07-27 00:30:00,30.767868518829346
2025-07-27 01:00:00,32.43763554096222
2025-07-27 01:30:00,23.75389873981476
2025-07-27 02:00:00,31.640053868293762
2025-07-27 02:30:00,34.744834542274475
2025-07-27 03:00:00,28.35609519481659
2025-07-27 03:30:00,33.840150117874146
2025-07-27 04:00:00,41.97367572784424
2025-07-27 04:30:00,39.601205706596375
2025-07-27 05:00:00,14.97050553560257
2025-07-27 05:30:00,29.07572114467621
2025-07-27 06:00:00,32.35946202278137
2025-07-27 06:30:00,36.561453223228455
2025-07-27 07:00:00,39.223976612091064
2025-07-27 07:30:00,30.243372201919556
2025-07-27 08:00:00,48.199414014816284
2025-07-27 08:30:00,43.78999650478363
2025-07-27 09:00:00,43.89319145679474
2025-07-27 09:30:00,43.49379479885101
2025-07-27 10:00:00,31.1147038936615
2025-07-27 10:30:00,33.289666056632996
2025-07-27 11:00:00,36.80625021457672
2025-07-27 11:30:00,39.96770524978638
2025-07-27 12:00:00,38.17474615573883
2025-07-27 12:30:00,32.89629006385803
2025-07-27 13:00:00,37.910284996032715
2025-07-27 13:30:00,40.72742807865143
2025-07-27 14:00:00,24.06112539768219
2025-07-27 14:30:00,25.7474924325943
2025-07-27 15:00:00,27.12519085407257
2025-07-27 15:30:00,16.924697041511536
2025-07-27 16:00:00,29.955699563026428
2025-07-27 16:30:00,26.49749457836151
2025-07-27 17:00:00,34.03115916252136
2025-07-27 17:30:00,38.9688355922699
2025-07-27 18:00:00,36.57553482055664
2025-07-27 18:30:00,29.76393449306488
2025-07-27 19:00:00,20.49590528011322
2025-07-27 19:30:00,30.458341240882874
2025-07-27 20:00:00,16.541045486927032
2025-07-27 20:30:00,15.770166277885437
2025-07-27 21:00:00,20.09794807434082
2025-07-27 21:30:00,27.919227719306946
2025-07-27 22:00:00,29.778854727745056
2025-07-27 22:30:00,32.218263030052185
2025-07-27 23:00:00,28.20715320110321
2025-07-27 23:30:00,31.399542689323425
2025-07-28 00:00:00,23.297935366630554
2025-07-28 00:30:00,38.347007274627686
2025-07-28 01:00:00,28.7589590549469
2025-07-28 01:30:00,27.914816737174988
2025-07-28 02:00:00,28.7568461894989
2025-07-28 02:30:00,38.64239287376404
2025-07-28 03:00:00,35.23044562339783
2025-07-28 03:30:00,26.751927137374878
2025-07-28 04:00:00,27.588814616203308
2025-07-28 04:30:00,11.245344758033752
2025-07-28 05:00:00,32.040937542915344
2025-07-28 05:30:00,29.238216519355774
2025-07-28 06:00:00,25.600913643836975
2025-07-28 06:30:00,36.17077338695526
2025-07-28 07:00:00,40.21049201488495
2025-07-28 07:30:00,45.13617968559265
2025-07-28 08:00:00,43.10361063480377
2025-07-28 08:30:00,31.867584943771362
2025-07-28 09:00:00,32.61668837070465
2025-07-28 09:30:00,38.679991364479065
2025-07-28 10:00:00,33.400506377220154
2025-07-28 10:30:00,36.71505653858185
2025-07-28 11:00:00,47.76139998435974
2025-07-28 11:30:00,36.778823018074036
2025-07-28 12:00:00,36.83238065242767
2025-07-28 12:30:00,29.598480105400085
2025-07-28 13:00:00,38.73221218585968
2025-07-28 13:30:00,45.88496017456055
2025-07-28 14:00:00,35.40256154537201
2025-07-28 14:30:00,32.719770669937134
2025-07-28 15:00:00,27.864420890808105
2025-07-28 15:30:00,38.742836594581604
2025-07-28 16:00:00,40.267274022102356
2025-07-28 16:30:00,30.021356105804443
2025-07-28 17:00:00,43.92182528972626
2025-07-28 17:30:00,16.707938075065613
2025-07-28 18:00:00,39.96719706058502
2025-07-28 18:30:00,39.46064507961273
2025-07-28 19:00:00,44.27667152881622
2025-07-28 19:30:00,30.433427453041077
2025-07-28 20:00:00,30.101229429244995
2025-07-28 20:30:00,29.03099799156189
2025-07-28 21:00:00,37.17707812786102
2025-07-28 21:30:00,32.50980842113495
2025-07-28 22:00:00,51.671032190322876
2025-07-28 22:30:00,37.54955327510834
2025-07-28 23:00:00,26.944798707962036
2025-07-28 23:30:00,25.371923089027405
2025-07-29 00:00:00,13.674773275852203
2025-07-29 00:30:00,25.127030968666077
2025-07-29 01:00:00,20.71234631538391
2025-07-29 01:30:00,27.858755707740784
2025-07-29 02:00:00,27.152340173721313
2025-07-29 02:30:00,25.815189242362976
2025-07-29 03:00:00,21.87456250190735
2025-07-29 03:30:00,24.070643305778503
2025-07-29 04:00:00,17.45425271987915
2025-07-29 04:30:00,27.383636355400085
2025-07-29 05:00:00,22.644834637641907
2025-07-29 05:30:00,26.692321300506592
2025-07-29 06:00:00,37.059343457221985
2025-07-29 06:30:00,31.43646275997162
2025-07-29 07:00:00,20.703026175498962
2025-07-29 07:30:00,27.030755281448364
2025-07-29 08:00:00,32.3167941570282
2025-07-29 08:30:00,19.649672627449036
2025-07-29 09:00:00,12.357805341482162
2025-07-29 09:30:00,37.705254435539246
2025-07-29 10:00:00,29.3143572807312
2025-07-29 10:30:00,18.471747636795044
2025-07-29 11:00:00,23.825663566589355
2025-07-29 11:30:00,32.31365740299225
2025-07-29 12:00:00,24.496683597564697
2025-07-29 12:30:00,36.19146645069122
2025-07-29 13:00:00,42.04443669319153
2025-07-29 13:30:00,33.28262650966644
2025-07-29 14:00:00,43.2900584936142
2025-07-29 14:30:00,28.294807076454163
2025-07-29 15:00:00,48.941195011138916
2025-07-29 15:30:00,36.22676682472229
2025-07-29 16:00:00,21.561320185661316
2025-07-29 16:30:00,25.43027973175049
2025-07-29 17:00:00,35.712451815605164
2025-07-29 17:30:00,40.83134150505066
2025-07-29 18:00:00,17.149757266044617
2025-07-29 18:30:00,26.100003004074097
2025-07-29 19:00:00,35.62390422821045
2025-07-29 19:30:00,44.81042540073395
2025-07-29 20:00:00,27.480202317237854
2025-07-29 20:30:00,36.72394359111786
2025-07-29 21:00:00,26.11460280418396
2025-07-29 21:30:00,31.934563279151917
2025-07-29 22:00:00,26.912968039512634
2025-07-29 22:30:00,30.09735667705536
2025-07-29 23:00:00,27.3906809091568
2025-07-29 23:30:00,26.138485193252563
2025-07-30 00:00:00,8.852721780538559
2025-07-30 00:30:00,19.138519406318665
2025-07-30 01:00:00,22.291913509368896
2025-07-30 01:30:00,29.79168713092804
2025-07-30 02:00:00,36.63591921329498
2025-07-30 02:30:00,38.2573481798172
2025-07-30 03:00:00,56.92136263847351
2025-07-30 03:30:00,41.04016721248627
2025-07-30 04:00:00,34.20285952091217
2025-07-30 04:30:00,34.987518668174744
2025-07-30 05:00:00,33.75412595272064
2025-07-30 05:30:00,25.36438286304474
2025-07-30 06:00:00,24.112895607948303
2025-07-30 06:30:00,19.67497193813324
2025-07-30 07:00:00,27.837987542152405
2025-07-30 07:30:00,29.869374990463257
2025-07-30 08:00:00,42.84619653224945
2025-07-30 08:30:00,32.30474531650543
2025-07-30 09:00:00,36.98476231098175
2025-07-30 09:30:00,46.05990743637085
2025-07-30 10:00:00,44.47523081302643
2025-07-30 10:30:00,34.462146162986755
2025-07-30 11:00:00,36.142765402793884
2025-07-30 11:30:00,34.52674126625061
2025-07-30 12:00:00,27.80273973941803
2025-07-30 12:30:00,32.5241779088974
2025-07-30 13:00:00,21.977427005767822
2025-07-30 13:30:00,40.245885014534
2025-07-30 14:00:00,38.20170271396637
2025-07-30 14:30:00,39.04735207557678
2025-07-30 15:00:00,44.584964632987976
2025-07-30 15:30:00,38.96743619441986
2025-07-30 16:00:00,30.24329710006714
2025-07-30 16:30:00,43.49873149394989
2025-07-30 17:00:00,38.28740894794464
2025-07-30 17:30:00,30.596651315689087
2025-07-30 18:00:00,39.59057378768921
2025-07-30 18:30:00,29.16774094104767
2025-07-30 19:00:00,27.615896344184875
2025-07-30 19:30:00,46.94961905479431
2025-07-30 20:00:00,39.92554557323456
2025-07-30 20:30:00,38.84959638118744
2025-07-30 21:00:00,38.018178820610046
2025-07-30 21:30:00,31.382429480552673
2025-07-30 22:00:00,45.46240210533142
2025-07-30 22:30:00,56.55770945549011
2025-07-30 23:00:00,48.644097089767456
2025-07-30 23:30:00,45.485223054885864
2025-07-31 00:00:00,17.64417028427124
2025-07-31 00:30:00,8.413347780704498
2025-07-31 01:00:00,31.358912587165833
2025-07-31 01:30:00,29.60168445110321
2025-07-31 02:00:00,23.8079971075058
2025-07-31 02:30:00,22.648174166679382
2025-07-31 03:00:00,27.308444380760193
2025-07-31 03:30:00,33.046005606651306
2025-07-31 04:00:00,31.176783084869385
2025-07-31 04:30:00,23.62463343143463
2025-07-31 05:00:00,27.040310740470886
2025-07-31 05:30:00,57.75784707069397
2025-07-31 06:00:00,28.632785439491272
2025-07-31 06:30:00,32.07056522369385
2025-07-31 07:00:00,35.488911151885986
2025-07-31 07:30:00,42.52017438411713
2025-07-31 08:00:00,27.146109223365784
2025-07-31 08:30:00,30.02280056476593
2025-07-31 09:00:00,28.309937596321106
2025-07-31 09:30:00,22.406373739242554
2025-07-31 10:00:00,26.07539463043213
2025-07-31 10:30:00,18.88339591026306
2025-07-31 11:00:00,22.026355862617493
2025-07-31 11:30:00,19.785279035568237
2025-07-31 12:00:00,39.96101367473602
2025-07-31 12:30:00,31.040645956993103
2025-07-31 13:00:00,27.12430965900421
2025-07-31 13:30:00,20.213687539100647
2025-07-31 14:00:00,40.58777868747711
2025-07-31 14:30:00,26.863941550254822
2025-07-31 15:00:00,18.229008436203003
2025-07-31 15:30:00,22.741475701332092
2025-07-31 16:00:00,32.38288128376007
2025-07-31 16:30:00,40.03653609752655
2025-07-31 17:00:00,31.444939255714417
2025-07-31 17:30:00,60.207619428634644
2025-07-31 18:00:00,45.150073528289795
2025-07-31 18:30:00,37.391934514045715
2025-07-31 19:00:00,28.654752731323242
2025-07-31 19:30:00,29.46361219882965
2025-07-31 20:00:00,26.440890312194824
2025-07-31 20:30:00,26.74150550365448
2025-07-31 21:00:00,16.71481364965439
2025-07-31 21:30:00,16.718809068202972
2025-07-31 22:00:00,29.789238810539246
2025-07-31 22:30:00,16.964475989341736
2025-07-31 23:00:00,37.50655245780945
2025-07-31 23:30:00,33.243072867393494
2025-08-01 00:00:00,28.558855175971985
2025-08-01 00:30:00,30.9980206489563
2025-08-01 01:00:00,25.607059478759766
2025-08-01 01:30:00,35.93699634075165
2025-08-01 02:00:00,42.35030901432037
2025-08-01 02:30:00,26.815152883529663
2025-08-01 03:00:00,37.86897897720337
2025-08-01 03:30:00,37.264857172966
2025-08-01 04:00:00,42.29915463924408
2025-08-01 04:30:00,32.50035810470581
2025-08-01 05:00:00,25.246658205986023
2025-08-01 05:30:00,29.379207730293274
2025-08-01 06:00:00,26.885741114616394
2025-08-01 06:30:00,33.64467000961304
2025-08-01 07:00:00,36.415828227996826
2025-08-01 07:30:00,18.365280747413635
2025-08-01 08:00:00,28.622912049293518
2025-08-01 08:30:00,26.355096459388733
2025-08-01 09:00:00,25.663100481033325
2025-08-01 09:30:00,37.28490436077118
2025-08-01 10:00:00,26.600311517715454
2025-08-01 10:30:00,23.14366364479065
2025-08-01 11:00:00,11.715317755937576
2025-08-01 11:30:00,20.168463706970215
2025-08-01 12:00:00,34.992212533950806
2025-08-01 12:30:00,35.28973603248596
2025-08-01 13:00:00,18.520944356918335
2025-08-01 13:30:00,19.06795620918274
2025-08-01 14:00:00,18.22306537628174
2025-08-01 14:30:00,33.2734090089798
2025-08-01 15:00:00,43.28543221950531
2025-08-01 15:30:00,32.842427015304565
2025-08-01 16:00:00,25.331353068351746
2025-08-01 16:30:00,36.3100723028183
2025-08-01 17:00:00,25.56138503551483
2025-08-01 17:30:00,30.230009078979492
2025-08-01 18:00:00,30.947785019874573
2025-08-01 18:30:00,27.96247637271881
2025-08-01 19:00:00,35.98691654205322
2025-08-01 19:30:00,35.279845118522644
2025-08-01 20:00:00,26.411427855491638
2025-08-01 20:30:00,34.68630015850067
2025-08-01 21:00:00,29.349995613098145
2025-08-01 21:30:00,27.583492398262024
2025-08-01 22:00:00,25.31139349937439
2025-08-01 22:30:00,26.62627422809601
2025-08-01 23:00:00,25.05000650882721
2025-08-01 23:30:00,36.05652844905853
2025-08-02 00:00:00,22.94866669178009
2025-08-02 00:30:00,21.6640545129776
2025-08-02 01:00:00,32.31665647029877
2025-08-02 01:30:00,26.2904212474823
2025-08-02 02:00:00,23.40164601802826
2025-08-02 02:30:00,25.41835355758667
2025-08-02 03:00:00,34.7197505235672
2025-08-02 03:30:00,35.573455810546875
2025-08-02 04:00:00,38.175121665000916
2025-08-02 04:30:00,43.04641807079315
2025-08-02 05:00:00,57.17776036262512
2025-08-02 05:30:00,37.09522211551666
2025-08-02 06:00:00,30.86193859577179
2025-08-02 06:30:00,20.037015438079834
2025-08-02 07:00:00,27.94338548183441
2025-08-02 07:30:00,25.458387851715088
2025-08-02 08:00:00,22.48812460899353
2025-08-02 08:30:00,20.667182564735413
2025-08-02 09:00:00,25.510263204574585
2025-08-02 09:30:00,30.183343291282654
2025-08-02 10:00:00,36.246410965919495
2025-08-02 10:30:00,35.324272871017456
2025-08-02 11:00:00,26.751464009284973
2025-08-02 11:30:00,34.50226807594299
2025-08-02 12:00:00,41.88092494010925
2025-08-02 12:30:00,36.77052426338196
2025-08-02 13:00:00,39.40999388694763
2025-08-02 13:30:00,25.442563891410828
2025-08-02 14:00:00,38.57279098033905
2025-08-02 14:30:00,48.668885707855225
2025-08-02 15:00:00,58.591447591781616
2025-08-02 15:30:00,57.27620887756348
2025-08-02 16:00:00,39.34959697723389
2025-08-02 16:30:00,45.056466579437256
2025-08-02 17:00:00,36.878262877464294
2025-08-02 17:30:00,32.668688893318176
2025-08-02 18:00:00,42.65314221382141
2025-08-02 18:30:00,39.581098437309265
2025-08-02 19:00:00,36.25148284435272
2025-08-02 19:30:00,36.782753348350525
2025-08-02 20:00:00,36.35992741584778
2025-08-02 20:30:00,27.990306615829468
2025-08-02 21:00:00,30.910184025764465
2025-08-02 21:30:00,38.98041880130768
2025-08-02 22:00:00,47.87371230125427
2025-08-02 22:30:00,41.089223742485046
2025-08-02 23:00:00,38.984208941459656
2025-08-02 23:30:00,34.12311136722565
2025-08-03 00:00:00,13.49036818742752
2025-08-03 00:30:00,9.149665117263794
2025-08-03 01:00:00,22.75353455543518
2025-08-03 01:30:00,30.231213212013245
2025-08-03 02:00:00,26.681406497955322
2025-08-03 02:30:00,29.83681333065033
2025-08-03 03:00:00,38.12114596366882
2025-08-03 03:30:00,22.3021023273468
2025-08-03 04:00:00,23.89507520198822
2025-08-03 04:30:00,26.228049159049988
2025-08-03 05:00:00,61.56151556968689
2025-08-03 05:30:00,48.71344614028931
2025-08-03 06:00:00,44.37768852710724
2025-08-03 06:30:00,44.726131081581116
2025-08-03 07:00:00,26.81823456287384
2025-08-03 07:30:00,25.156275629997253
2025-08-03 08:00:00,32.240002512931824
2025-08-03 08:30:00,39.587151646614075
2025-08-03 09:00:00,20.919872760772705
2025-08-03 09:30:00,31.786402344703674
2025-08-03 10:00:00,33.24571144580841
2025-08-03 10:30:00,48.95591998100281
2025-08-03 11:00:00,27.12398672103882
2025-08-03 11:30:00,28.464189291000366
2025-08-03 12:00:00,40.57507145404816
2025-08-03 12:30:00,41.0298832654953
2025-08-03 13:00:00,41.414114356040955
2025-08-03 13:30:00,52.711087703704834
2025-08-03 14:00:00,41.47398054599762
2025-08-03 14:30:00,38.463728070259094
2025-08-03 15:00:00,47.91636514663696
2025-08-03 15:30:00,52.49091911315918
2025-08-03 16:00:00,30.74830949306488
2025-08-03 16:30:00,12.96175754070282
2025-08-03 17:00:00,31.481123328208923
2025-08-03 17:30:00,16.167281091213226
2025-08-03 18:00:00,26.790707230567932
2025-08-03 18:30:00,22.432399034500122
2025-08-03 19:00:00,18.491950035095215
2025-08-03 19:30:00,34.28173649311066
2025-08-03 20:00:00,26.478283524513245
2025-08-03 20:30:00,29.599361300468445
2025-08-03 21:00:00,30.137656331062317
2025-08-03 21:30:00,37.825953125953674
2025-08-03 22:00:00,36.90627086162567
2025-08-03 22:30:00,19.99703872203827
2025-08-03 23:00:00,42.28221666812897
2025-08-03 23:30:00,23.28244185447693
2025-08-04 00:00:00,34.923654556274414
2025-08-04 00:30:00,27.006061792373657
2025-08-04 01:00:00,28.563311219215393
2025-08-04 01:30:00,31.73635447025299
2025-08-04 02:00:00,16.140417158603668
2025-08-04 02:30:00,27.79752016067505
2025-08-04 03:00:00,16.47928547859192
2025-08-04 03:30:00,46.30444407463074
2025-08-04 04:00:00,43.76242911815643
2025-08-04 04:30:00,47.02378463745117
2025-08-04 05:00:00,30.439345479011536
2025-08-04 05:30:00,26.497820019721985
2025-08-04 06:00:00,31.194201707839966
2025-08-04 06:30:00,30.629518389701843
2025-08-04 07:00:00,41.42827355861664
2025-08-04 07:30:00,41.0852233171463
2025-08-04 08:00:00,30.074618339538574
2025-08-04 08:30:00,22.718429446220398
2025-08-04 09:00:00,43.769548773765564
2025-08-04 09:30:00,28.646333813667297
2025-08-04 10:00:00,31.95477569103241
2025-08-04 10:30:00,37.15833020210266
2025-08-04 11:00:00,52.38315296173096
2025-08-04 11:30:00,44.80115783214569
2025-08-04 12:00:00,30.65407168865204
2025-08-04 12:30:00,28.27140784263611
2025-08-04 13:00:00,43.47840893268585
2025-08-04 13:30:00,37.59151518344879
2025-08-04 14:00:00,26.648396730422974
2025-08-04 14:30:00,33.75256884098053
2025-08-04 15:00:00,29.63849937915802
2025-08-04 15:30:00,24.560222268104553
2025-08-04 16:00:00,43.85434377193451
2025-08-04 16:30:00,45.649555921554565
2025-08-04 17:00:00,24.494117617607117
2025-08-04 17:30:00,17.961100101470947
2025-08-04 18:00:00,17.70763885974884
2025-08-04 18:30:00,16.356960833072662
2025-08-04 19:00:00,23.762810826301575
2025-08-04 19:30:00,19.453116059303284
2025-08-04 20:00:00,39.89213025569916
2025-08-04 20:30:00,47.30816030502319
2025-08-04 21:00:00,32.28112077713013
2025-08-04 21:30:00,53.5300133228302
2025-08-04 22:00:00,38.45563459396362
2025-08-04 22:30:00,36.20028841495514
2025-08-04 23:00:00,48.530503034591675
2025-08-04 23:30:00,44.68424427509308
2025-08-05 00:00:00,25.523253321647644
2025-08-05 00:30:00,32.979835867881775
2025-08-05 01:00:00,32.438276410102844
2025-08-05 01:30:00,35.90254211425781
2025-08-05 02:00:00,32.64551246166229
2025-08-05 02:30:00,22.777329325675964
2025-08-05 03:00:00,22.01873803138733
2025-08-05 03:30:00,27.904672980308533
2025-08-05 04:00:00,29.712422132492065
2025-08-05 04:30:00,19.87793719768524
2025-08-05 05:00:00,16.114468216896057
2025-08-05 05:30:00,8.919726401567459
2025-08-05 06:00:00,39.10144293308258
2025-08-05 06:30:00,41.91665840148926
2025-08-05 07:00:00,35.79392230510712
2025-08-05 07:30:00,34.64615070819855
2025-08-05 08:00:00,34.55471420288086
2025-08-05 08:30:00,32.37235200405121
2025-08-05 09:00:00,33.07279944419861
2025-08-05 09:30:00,28.383304595947266
2025-08-05 10:00:00,24.53430211544037
2025-08-05 10:30:00,35.307998299598694
2025-08-05 11:00:00,34.818859934806824
2025-08-05 11:30:00,34.18499529361725
2025-08-05 12:00:00,32.939976811409
2025-08-05 12:30:00,51.238200187683105
2025-08-05 13:00:00,31.8367280960083
2025-08-05 13:30:00,45.37034726142883
2025-08-05 14:00:00,29.603086352348328
2025-08-05 14:30:00,37.62779188156128
2025-08-05 15:00:00,57.5270140171051
2025-08-05 15:30:00,51.17758297920227
2025-08-05 16:00:00,25.58383047580719
2025-08-05 16:30:00,16.350162863731384
2025-08-05 17:00:00,52.555686950683594
2025-08-05 17:30:00,49.86765146255493
2025-08-05 18:00:00,35.086397767066956
2025-08-05 18:30:00,26.48431169986725
2025-08-05 19:00:00,29.693801879882812
2025-08-05 19:30:00,24.084842562675476
2025-08-05 20:00:00,30.405364394187927
2025-08-05 20:30:00,28.51397430896759
2025-08-05 21:00:00,24.285134196281433
2025-08-05 21:30:00,18.3963303565979
2025-08-05 22:00:00,19.550763487815857
2025-08-05 22:30:00,15.660472512245178
2025-08-05 23:00:00,33.21959853172302
2025-08-05 23:30:00,25.908673524856567
2025-08-06 00:00:00,7.756979808211327
2025-08-06 00:30:00,17.39502239227295
2025-08-06 01:00:00,30.705896973609924
2025-08-06 01:30:00,38.74379289150238
2025-08-06 02:00:00,21.41597557067871
2025-08-06 02:30:00,25.552523016929626
2025-08-06 03:00:00,28.992931365966797
2025-08-06 03:30:00,12.619921445846558
2025-08-06 04:00:00,33.59876775741577
2025-08-06 04:30:00,24.919727325439453
2025-08-06 05:00:00,28.027104020118713
2025-08-06 05:30:00,34.29182016849518
2025-08-06 06:00:00,33.826494097709656
2025-08-06 06:30:00,24.514177322387695
2025-08-06 07:00:00,18.036394715309143
2025-08-06 07:30:00,30.863685965538025
2025-08-06 08:00:00,27.577278971672058
2025-08-06 08:30:00,37.09623348712921
2025-08-06 09:00:00,22.16171443462372
2025-08-06 09:30:00,27.554605722427368
2025-08-06 10:00:00,17.98215615749359
2025-08-06 10:30:00,30.024505376815796
2025-08-06 11:00:00,39.92962110042572
2025-08-06 11:30:00,46.17800259590149
2025-08-06 12:00:00,37.96791064739227
2025-08-06 12:30:00,41.711652874946594
2025-08-06 13:00:00,38.20830166339874
2025-08-06 13:30:00,32.8334823846817
2025-08-06 14:00:00,42.11698758602142
2025-08-06 14:30:00,47.658435344696045
2025-08-06 15:00:00,41.759305000305176
2025-08-06 15:30:00,50.75028848648071
2025-08-06 16:00:00,52.67036747932434
2025-08-06 16:30:00,43.39884853363037
2025-08-06 17:00:00,38.91170561313629
2025-08-06 17:30:00,29.441967844963074
2025-08-06 18:00:00,31.986178278923035
2025-08-06 18:30:00,44.4504371881485
2025-08-06 19:00:00,43.252169609069824
2025-08-06 19:30:00,59.919673919677734
2025-08-06 20:00:00,43.364739775657654
2025-08-06 20:30:00,32.727949261665344
2025-08-06 21:00:00,32.78336441516876
2025-08-06 21:30:00,31.502607464790344
2025-08-06 22:00:00,34.193461775779724
2025-08-06 22:30:00,44.647063851356506
2025-08-06 23:00:00,28.557803750038147
2025-08-06 23:30:00,15.375057935714722
2025-08-07 00:00:00,27.49785625934601
2025-08-07 00:30:00,46.11852192878723
2025-08-07 01:00:00,36.357266306877136
2025-08-07 01:30:00,27.027490854263306
2025-08-07 02:00:00,27.035056114196777
2025-08-07 02:30:00,46.873125314712524
2025-08-07 03:00:00,53.72966909408569
2025-08-07 03:30:00,49.280805587768555
2025-08-07 04:00:00,47.21344184875488
2025-08-07 04:30:00,33.907243609428406
2025-08-07 05:00:00,33.008697509765625
2025-08-07 05:30:00,30.675080180168152
2025-08-07 06:00:00,32.71640360355377
2025-08-07 06:30:00,23.854743003845215
2025-08-07 07:00:00,43.85842180252075
2025-08-07 07:30:00,33.034945607185364
2025-08-07 08:00:00,33.02445387840271
2025-08-07 08:30:00,38.28040945529938
2025-08-07 09:00:00,45.40716218948364
2025-08-07 09:30:00,25.437564611434937
2025-08-07 10:00:00,41.493692278862
2025-08-07 10:30:00,36.87466049194336
2025-08-07 11:00:00,28.122933983802795
2025-08-07 11:30:00,26.329429149627686
2025-08-07 12:00:00,38.206103682518005
2025-08-07 12:30:00,34.293041825294495
2025-08-07 13:00:00,42.11242139339447
2025-08-07 13:30:00,34.49495565891266
2025-08-07 14:00:00,44.288530111312866
2025-08-07 14:30:00,40.68659269809723
2025-08-07 15:00:00,36.11674511432648
2025-08-07 15:30:00,19.850857973098755
2025-08-07 16:00:00,15.978461265563965
2025-08-07 16:30:00,29.552382588386536
2025-08-07 17:00:00,17.74732267856598
2025-08-07 17:30:00,24.832621693611145
2025-08-07 18:00:00,28.40321910381317
2025-08-07 18:30:00,44.15006983280182
2025-08-07 19:00:00,23.366936445236206
2025-08-07 19:30:00,26.941243886947632
2025-08-07 20:00:00,30.525357127189636
2025-08-07 20:30:00,41.17158043384552
2025-08-07 21:00:00,41.429104685783386
2025-08-07 21:30:00,36.020734906196594
2025-08-07 22:00:00,31.878554821014404
2025-08-07 22:30:00,33.73215365409851
2025-08-07 23:00:00,30.560677528381348
2025-08-07 23:30:00,36.72894537448883
2025-08-08 00:00:00,23.339431643486023
2025-08-08 00:30:00,43.976925015449524
2025-08-08 01:00:00,36.92022478580475
2025-08-08 01:30:00,39.204702973365784
2025-08-08 02:00:00,39.91046762466431
2025-08-08 02:30:00,42.787699699401855
2025-08-08 03:00:00,42.159297466278076
2025-08-08 03:30:00,44.77670216560364
2025-08-08 04:00:00,33.0950345993042
2025-08-08 04:30:00,38.9931435585022
2025-08-08 05:00:00,36.20360791683197
2025-08-08 05:30:00,30.547707438468933
2025-08-08 06:00:00,22.204935550689697
2025-08-08 06:30:00,54.1662712097168
2025-08-08 07:00:00,40.5681871175766
2025-08-08 07:30:00,32.16307818889618
2025-08-08 08:00:00,41.250139474868774
2025-08-08 08:30:00,37.1726371049881
2025-08-08 09:00:00,13.66516649723053
2025-08-08 09:30:00,13.84280240535736
2025-08-08 10:00:00,22.098353505134583
2025-08-08 10:30:00,40.78053259849548
2025-08-08 11:00:00,31.342432737350464
2025-08-08 11:30:00,14.299792170524597
2025-08-08 12:00:00,17.998338103294373
2025-08-08 12:30:00,9.742465943098068
2025-08-08 13:00:00,16.67681711912155
2025-08-08 13:30:00,33.284141063690186
2025-08-08 14:00:00,28.338491320610046
2025-08-08 14:30:00,41.69623947143555
2025-08-08 15:00:00,31.76442003250122
2025-08-08 15:30:00,36.27575075626373
2025-08-08 16:00:00,21.330612301826477
2025-08-08 16:30:00,30.157222867012024
2025-08-08 17:00:00,24.844462752342224
2025-08-08 17:30:00,38.2514351606369
2025-08-08 18:00:00,25.18697726726532
2025-08-08 18:30:00,26.337835550308228
2025-08-08 19:00:00,21.91541039943695
2025-08-08 19:30:00,22.195785641670227
2025-08-08 20:00:00,24.075284600257874
2025-08-08 20:30:00,23.32461154460907
2025-08-08 21:00:00,27.933509588241577
2025-08-08 21:30:00,38.30416667461395
2025-08-08 22:00:00,41.139917492866516
2025-08-08 22:30:00,23.73424458503723
2025-08-08 23:00:00,45.17988896369934
2025-08-08 23:30:00,26.441383481025696
2025-08-09 00:00:00,19.904956340789795
2025-08-09 00:30:00,33.63257110118866
2025-08-09 01:00:00,20.48737370967865
2025-08-09 01:30:00,23.140819787979126
2025-08-09 02:00:00,24.94119393825531
2025-08-09 02:30:00,23.784913301467896
2025-08-09 03:00:00,24.992188096046448
2025-08-09 03:30:00,41.78799641132355
2025-08-09 04:00:00,28.61801540851593
2025-08-09 04:30:00,35.26616156101227
2025-08-09 05:00:00,35.381019830703735
2025-08-09 05:30:00,19.38595998287201
2025-08-09 06:00:00,36.28984987735748
2025-08-09 06:30:00,23.4995938539505
2025-08-09 07:00:00,39.78443920612335
2025-08-09 07:30:00,41.32212960720062
2025-08-09 08:00:00,47.87907958030701
2025-08-09 08:30:00,33.728596329689026
2025-08-09 09:00:00,27.0298490524292
2025-08-09 09:30:00,24.106982588768005
2025-08-09 10:00:00,38.66034972667694
2025-08-09 10:30:00,39.85984647274017
2025-08-09 11:00:00,31.755287647247314
2025-08-09 11:30:00,29.554533004760742
2025-08-09 12:00:00,22.439188241958618
2025-08-09 12:30:00,43.3640638589859
2025-08-09 13:00:00,30.330795764923096
2025-08-09 13:30:00,35.67182672023773
2025-08-09 14:00:00,22.937070965766907
2025-08-09 14:30:00,30.604429364204407
2025-08-09 15:00:00,40.03848874568939
2025-08-09 15:30:00,43.255441546440125
2025-08-09 16:00:00,37.01926410198212
2025-08-09 16:30:00,28.866239547729492
2025-08-09 17:00:00,29.683740735054016
2025-08-09 17:30:00,41.22881054878235
2025-08-09 18:00:00,40.78245770931244
2025-08-09 18:30:00,37.885488867759705
2025-08-09 19:00:00,53.394124031066895
2025-08-09 19:30:00,44.27291643619537
2025-08-09 20:00:00,36.77998960018158
2025-08-09 20:30:00,28.03159010410309
2025-08-09 21:00:00,32.4919091463089
2025-08-09 21:30:00,35.24310028553009
2025-08-09 22:00:00,20.18240761756897
2025-08-09 22:30:00,31.02825164794922
2025-08-09 23:00:00,30.13435685634613
2025-08-09 23:30:00,46.38282537460327
2025-08-10 00:00:00,21.919000267982483
2025-08-10 00:30:00,25.19144082069397
2025-08-10 01:00:00,29.42312979698181
2025-08-10 01:30:00,26.087178111076355
2025-08-10 02:00:00,36.94379925727844
2025-08-10 02:30:00,38.31572234630585
2025-08-10 03:00:00,34.48500716686249
2025-08-10 03:30:00,23.84494972229004
2025-08-10 04:00:00,43.33595073223114
2025-08-10 04:30:00,45.035863637924194
2025-08-10 05:00:00,24.013886332511902
2025-08-10 05:30:00,22.452075719833374
2025-08-10 06:00:00,14.717776536941528
2025-08-10 06:30:00,15.453038692474365
2025-08-10 07:00:00,23.851303339004517
2025-08-10 07:30:00,24.17462933063507
2025-08-10 08:00:00,17.590587615966797
2025-08-10 08:30:00,30.412641763687134
2025-08-10 09:00:00,34.983808636665344
2025-08-10 09:30:00,23.32686710357666
2025-08-10 10:00:00,12.530369371175766
2025-08-10 10:30:00,30.60943615436554
2025-08-10 11:00:00,21.992287158966064
2025-08-10 11:30:00,27.297146558761597
2025-08-10 12:00:00,41.64613401889801
2025-08-10 12:30:00,42.11130738258362
2025-08-10 13:00:00,29.101133108139038
2025-08-10 13:30:00,26.325396180152893
2025-08-10 14:00:00,27.131619572639465
2025-08-10 14:30:00,23.068454146385193
2025-08-10 15:00:00,15.035760283470154
2025-08-10 15:30:00,26.74058175086975
2025-08-10 16:00:00,16.03054690361023
2025-08-10 16:30:00,13.414883941411972
2025-08-10 17:00:00,10.794548392295837
2025-08-10 17:30:00,24.653789162635803
2025-08-10 18:00:00,38.4039169549942
2025-08-10 18:30:00,60.94048833847046
2025-08-10 19:00:00,42.65960097312927
2025-08-10 19:30:00,31.60953998565674
2025-08-10 20:00:00,25.863727569580078
2025-08-10 20:30:00,39.86474311351776
2025-08-10 21:00:00,29.91328203678131
2025-08-10 21:30:00,32.20361566543579
2025-08-10 22:00:00,28.853967905044556
2025-08-10 22:30:00,40.22092115879059
2025-08-10 23:00:00,31.4219731092453
2025-08-10 23:30:00,36.60358536243439
2025-08-11 00:00:00,25.14274227619171
2025-08-11 00:30:00,41.61412060260773
2025-08-11 01:00:00,32.8175733089447
2025-08-11 01:30:00,33.24287760257721
2025-08-11 02:00:00,28.185704112052917
2025-08-11 02:30:00,22.811891198158264
2025-08-11 03:00:00,28.519957423210144
2025-08-11 03:30:00,19.881612181663513
2025-08-11 04:00:00,22.719265580177307
2025-08-11 04:30:00,27.8641254901886
2025-08-11 05:00:00,21.779931664466858
2025-08-11 05:30:00,40.21896851062775
2025-08-11 06:00:00,14.580310106277466
2025-08-11 06:30:00,28.295793414115906
2025-08-11 07:00:00,19.119824051856995
2025-08-11 07:30:00,35.566200971603394
2025-08-11 08:00:00,26.665409803390503
2025-08-11 08:30:00,23.835869908332825
2025-08-11 09:00:00,45.52110171318054
2025-08-11 09:30:00,30.84037435054779
2025-08-11 10:00:00,43.748830676078796
2025-08-11 10:30:00,47.0737624168396
2025-08-11 11:00:00,40.23312520980835
2025-08-11 11:30:00,42.66919648647308
2025-08-11 12:00:00,16.269075393676758
2025-08-11 12:30:00,23.529091358184814
2025-08-11 13:00:00,22.241702914237976
2025-08-11 13:30:00,35.24557113647461
2025-08-11 14:00:00,33.998377203941345
2025-08-11 14:30:00,33.100672245025635
2025-08-11 15:00:00,18.587514638900757
2025-08-11 15:30:00,31.47015345096588
2025-08-11 16:00:00,25.04709506034851
2025-08-11 16:30:00,25.084250450134277
2025-08-11 17:00:00,15.506045579910278
2025-08-11 17:30:00,5.432654142379761
2025-08-11 18:00:00,17.07962214946747
2025-08-11 18:30:00,25.64257514476776
2025-08-11 19:00:00,31.71399164199829
2025-08-11 19:30:00,36.07499849796295
2025-08-11 20:00:00,33.01419746875763
2025-08-11 20:30:00,31.99879789352417
2025-08-11 21:00:00,30.312969088554382
2025-08-11 21:30:00,19.786030054092407
2025-08-11 22:00:00,32.45523190498352
2025-08-11 22:30:00,25.63355040550232
2025-08-11 23:00:00,33.7001051902771
2025-08-11 23:30:00,31.938481092453003
2025-08-12 00:00:00,21.91177797317505
2025-08-12 00:30:00,25.51527750492096
2025-08-12 01:00:00,40.98372566699982
2025-08-12 01:30:00,30.198431253433228
2025-08-12 02:00:00,30.421045660972595
2025-08-12 02:30:00,32.74616897106171
2025-08-12 03:00:00,26.139909625053406
2025-08-12 03:30:00,25.04727029800415
2025-08-12 04:00:00,20.262744069099426
2025-08-12 04:30:00,22.607526540756226
2025-08-12 05:00:00,37.66567075252533
2025-08-12 05:30:00,29.707472920417786
2025-08-12 06:00:00,42.105374336242676
2025-08-12 06:30:00,34.31565749645233
2025-08-12 07:00:00,29.359731316566467
2025-08-12 07:30:00,24.019526481628418
2025-08-12 08:00:00,31.124860167503357
2025-08-12 08:30:00,35.28331732749939
2025-08-12 09:00:00,52.885369062423706
2025-08-12 09:30:00,35.87150251865387
2025-08-12 10:00:00,45.14712452888489
2025-08-12 10:30:00,43.297323346138
2025-08-12 11:00:00,50.936631202697754
2025-08-12 11:30:00,25.41622567176819
2025-08-12 12:00:00,39.85453176498413
2025-08-12 12:30:00,31.60804545879364
2025-08-12 13:00:00,42.06057858467102
2025-08-12 13:30:00,25.99540364742279
2025-08-12 14:00:00,20.732568740844727
2025-08-12 14:30:00,42.773422837257385
2025-08-12 15:00:00,48.546810150146484
2025-08-12 15:30:00,33.462740778923035
2025-08-12 16:00:00,24.384451389312744
2025-08-12 16:30:00,23.672600984573364
2025-08-12 17:00:00,40.409669637680054
2025-08-12 17:30:00,36.426677942276
2025-08-12 18:00:00,30.867493629455566
2025-08-12 18:30:00,31.595693707466125
2025-08-12 19:00:00,42.250335931777954
2025-08-12 19:30:00,36.023303389549255
2025-08-12 20:00:00,28.178784728050232
2025-08-12 20:30:00,27.809746742248535
2025-08-12 21:00:00,24.189774870872498
2025-08-12 21:30:00,21.79301691055298
2025-08-12 22:00:00,13.609398365020752
2025-08-12 22:30:00,32.975374817848206
2025-08-12 23:00:00,24.655561566352844
2025-08-12 23:30:00,48.981059074401855
2025-08-13 00:00:00,22.198256492614746
2025-08-13 00:30:00,18.34744656085968
2025-08-13 01:00:00,34.51189863681793
2025-08-13 01:30:00,34.826465249061584
2025-08-13 02:00:00,52.03843545913696
2025-08-13 02:30:00,33.89518225193024
2025-08-13 03:00:00,38.57825839519501
2025-08-13 03:30:00,49.14645338058472
2025-08-13 04:00:00,48.32848405838013
2025-08-13 04:30:00,33.24465000629425
2025-08-13 05:00:00,20.270171642303467
2025-08-13 05:30:00,43.39706361293793
2025-08-13 06:00:00,28.737151980400085
2025-08-13 06:30:00,24.91847062110901
2025-08-13 07:00:00,30.639572024345398
2025-08-13 07:30:00,25.011934876441956
2025-08-13 08:00:00,18.9816917181015
2025-08-13 08:30:00,41.31587862968445
2025-08-13 09:00:00,35.16381525993347
2025-08-13 09:30:00,29.13344943523407
2025-08-13 10:00:00,43.24999916553497
2025-08-13 10:30:00,49.16676092147827
2025-08-13 11:00:00,38.737269043922424
2025-08-13 11:30:00,40.62490904331207
2025-08-13 12:00:00,49.07627820968628
2025-08-13 12:30:00,31.38267982006073
2025-08-13 13:00:00,42.555572390556335
2025-08-13 13:30:00,38.17678391933441
2025-08-13 14:00:00,36.41284167766571
2025-08-13 14:30:00,28.520320415496826
2025-08-13 15:00:00,41.10355818271637
2025-08-13 15:30:00,25.03223991394043
2025-08-13 16:00:00,35.272650361061096
2025-08-13 16:30:00,22.541614651679993
2025-08-13 17:00:00,15.36762535572052
2025-08-13 17:30:00,26.419458746910095
2025-08-13 18:00:00,41.48634731769562
2025-08-13 18:30:00,33.06194722652435
2025-08-13 19:00:00,40.22231304645538
2025-08-13 19:30:00,41.39947700500488
2025-08-13 20:00:00,27.088786482810974
2025-08-13 20:30:00,38.830710768699646
2025-08-13 21:00:00,33.81175410747528
2025-08-13 21:30:00,15.863325119018555
2025-08-13 22:00:00,9.415435552597046
2025-08-13 22:30:00,26.56971502304077
2025-08-13 23:00:00,21.451719045639038
2025-08-13 23:30:00,27.63558304309845
2025-08-14 00:00:00,15.464297711849213
2025-08-14 00:30:00,21.26583445072174
2025-08-14 01:00:00,18.40259885787964
2025-08-14 01:30:00,26.78230333328247
2025-08-14 02:00:00,13.225836306810379
2025-08-14 02:30:00,10.463488161563873
2025-08-14 03:00:00,34.01537525653839
2025-08-14 03:30:00,29.284314036369324
2025-08-14 04:00:00,14.57639729976654
2025-08-14 04:30:00,21.312743067741394
2025-08-14 05:00:00,36.54741668701172
2025-08-14 05:30:00,26.15257179737091
2025-08-14 06:00:00,30.045636534690857
2025-08-14 06:30:00,32.41473948955536
2025-08-14 07:00:00,23.736372470855713
2025-08-14 07:30:00,28.87320649623871
2025-08-14 08:00:00,29.336637496948242
2025-08-14 08:30:00,27.599984765052795
2025-08-14 09:00:00,24.621492862701416
2025-08-14 09:30:00,14.34409475326538
2025-08-14 10:00:00,26.169594883918762
2025-08-14 10:30:00,31.25220286846161
2025-08-14 11:00:00,19.350494384765625
2025-08-14 11:30:00,38.32923066616058
2025-08-14 12:00:00,24.25112557411194
2025-08-14 12:30:00,24.67150068283081
2025-08-14 13:00:00,35.19860243797302
2025-08-14 13:30:00,31.198805451393127
2025-08-14 14:00:00,24.04858088493347
2025-08-14 14:30:00,37.13506364822388
2025-08-14 15:00:00,39.42278873920441
2025-08-14 15:30:00,30.154624342918396
2025-08-14 16:00:00,25.649399399757385
2025-08-14 16:30:00,30.21355676651001
2025-08-14 17:00:00,35.64220154285431
2025-08-14 17:30:00,25.976993680000305
2025-08-14 18:00:00,32.88709759712219
2025-08-14 18:30:00,19.275480151176453
2025-08-14 19:00:00,24.742714762687683
2025-08-14 19:30:00,32.75043976306915
2025-08-14 20:00:00,47.462820053100586
2025-08-14 20:30:00,26.089331030845642
2025-08-14 21:00:00,31.675904989242554
2025-08-14 21:30:00,43.9042364358902
2025-08-14 22:00:00,49.53562116622925
2025-08-14 22:30:00,41.952797412872314
2025-08-14 23:00:00,36.56501805782318
2025-08-14 23:30:00,33.493590116500854
2025-08-15 00:00:00,7.252950623631477
2025-08-15 00:30:00,20.42394769191742
2025-08-15 01:00:00,26.0459121465683
2025-08-15 01:30:00,30.612285017967224
2025-08-15 02:00:00,36.45042264461517
2025-08-15 02:30:00,53.56146597862244
2025-08-15 03:00:00,49.66432571411133
2025-08-15 03:30:00,41.15085983276367
2025-08-15 04:00:00,29.49918293952942
2025-08-15 04:30:00,30.220596313476562
2025-08-15 05:00:00,37.80578327178955
2025-08-15 05:30:00,33.3803790807724
2025-08-15 06:00:00,23.015146851539612
2025-08-15 06:30:00,30.239744782447815
2025-08-15 07:00:00,36.20229363441467
2025-08-15 07:30:00,28.491371154785156
2025-08-15 08:00:00,24.27530837059021
2025-08-15 08:30:00,37.2675758600235
2025-08-15 09:00:00,37.71633446216583
2025-08-15 09:30:00,41.30899679660797
2025-08-15 10:00:00,30.02536153793335
2025-08-15 10:30:00,29.374831795692444
2025-08-15 11:00:00,39.59775102138519
2025-08-15 11:30:00,28.828230500221252
2025-08-15 12:00:00,26.61629569530487
2025-08-15 12:30:00,24.015488505363464
2025-08-15 13:00:00,29.099365711212158
2025-08-15 13:30:00,32.18204891681671
2025-08-15 14:00:00,23.807085871696472
2025-08-15 14:30:00,19.937708258628845
2025-08-15 15:00:00,20.096388459205627
2025-08-15 15:30:00,11.983857572078705
2025-08-15 16:00:00,14.179864525794983
2025-08-15 16:30:00,23.470694661140442
2025-08-15 17:00:00,32.523234128952026
2025-08-15 17:30:00,34.687379121780396
2025-08-15 18:00:00,47.341886043548584
2025-08-15 18:30:00,37.15279269218445
2025-08-15 19:00:00,28.220959424972534
2025-08-15 19:30:00,25.729210138320923
2025-08-15 20:00:00,30.036291360855103
2025-08-15 20:30:00,36.14253759384155
2025-08-15 21:00:00,40.361231446266174
2025-08-15 21:30:00,33.16986858844757
2025-08-15 22:00:00,24.056606769561768
2025-08-15 22:30:00,36.8690128326416
2025-08-15 23:00:00,33.76250731945038
2025-08-15 23:30:00,40.713316440582275
2025-08-16 00:00:00,24.094465613365173
2025-08-16 00:30:00,25.17914915084839
2025-08-16 01:00:00,26.06413435935974
2025-08-16 01:30:00,21.560564160346985
2025-08-16 02:00:00,17.520129561424255
2025-08-16 02:30:00,19.762515664100647
2025-08-16 03:00:00,37.24428677558899
2025-08-16 03:30:00,22.620308876037598
2025-08-16 04:00:00,8.39134293794632
2025-08-16 04:30:00,35.97951900959015
2025-08-16 05:00:00,34.04220914840698
2025-08-16 05:30:00,20.743471026420593
2025-08-16 06:00:00,29.962523818016052
2025-08-16 06:30:00,36.29208791255951
2025-08-16 07:00:00,40.21846783161163
2025-08-16 07:30:00,39.28901481628418
2025-08-16 08:00:00,45.28862142562866
2025-08-16 08:30:00,30.69199311733246
2025-08-16 09:00:00,25.350711822509766
2025-08-16 09:30:00,5.85878486931324
2025-08-16 10:00:00,15.584141492843628
2025-08-16 10:30:00,34.26737701892853
2025-08-16 11:00:00,29.602044939994812
2025-08-16 11:30:00,39.999871373176575
2025-08-16 12:00:00,25.247341632843018
2025-08-16 12:30:00,28.0874183177948
2025-08-16 13:00:00,31.757150173187256
2025-08-16 13:30:00,33.55740416049957
2025-08-16 14:00:00,24.03973889350891
2025-08-16 14:30:00,22.60511076450348
2025-08-16 15:00:00,27.12633740901947
2025-08-16 15:30:00,29.951188445091248
2025-08-16 16:00:00,17.58056652545929
2025-08-16 16:30:00,23.156626224517822
2025-08-16 17:00:00,30.844159483909607
2025-08-16 17:30:00,40.66732156276703
2025-08-16 18:00:00,36.04220151901245
2025-08-16 18:30:00,23.083677291870117
2025-08-16 19:00:00,35.94575071334839
2025-08-16 19:30:00,43.63901674747467
2025-08-16 20:00:00,43.29396378993988
2025-08-16 20:30:00,39.90858256816864
2025-08-16 21:00:00,48.30176782608032
2025-08-16 21:30:00,45.45298933982849
2025-08-16 22:00:00,35.5813490152359
2025-08-16 22:30:00,30.58332073688507
2025-08-16 23:00:00,40.459269404411316
2025-08-16 23:30:00,34.003509163856506
2025-08-17 00:00:00,20.61033546924591
2025-08-17 00:30:00,38.64735209941864
2025-08-17 01:00:00,37.516761302948
2025-08-17 01:30:00,33.532880902290344
2025-08-17 02:00:00,35.45113241672516
2025-08-17 02:30:00,28.59343457221985
2025-08-17 03:00:00,19.126047492027283
2025-08-17 03:30:00,26.95616912841797
2025-08-17 04:00:00,19.308810353279114
2025-08-17 04:30:00,34.00630044937134
2025-08-17 05:00:00,31.476569652557373
2025-08-17 05:30:00,25.529181361198425
2025-08-17 06:00:00,35.5029376745224
2025-08-17 06:30:00,23.58715260028839
2025-08-17 07:00:00,37.76007878780365
2025-08-17 07:30:00,22.99900496006012
2025-08-17 08:00:00,34.70513570308685
2025-08-17 08:30:00,23.86055588722229
2025-08-17 09:00:00,27.150880694389343
2025-08-17 09:30:00,36.62751030921936
2025-08-17 10:00:00,34.25897812843323
2025-08-17 10:30:00,42.868276476860046
2025-08-17 11:00:00,38.34069120883942
2025-08-17 11:30:00,35.458144426345825
2025-08-17 12:00:00,28.149462461471558
2025-08-17 12:30:00,37.90725338459015
2025-08-17 13:00:00,35.307074546813965
2025-08-17 13:30:00,32.51303780078888
2025-08-17 14:00:00,33.67647564411163
2025-08-17 14:30:00,24.728225111961365
2025-08-17 15:00:00,11.25390449166298
2025-08-17 15:30:00,13.562604904174805
2025-08-17 16:00:00,28.259008526802063
2025-08-17 16:30:00,28.175269961357117
2025-08-17 17:00:00,28.534311890602112
2025-08-17 17:30:00,13.872004508972168
2025-08-17 18:00:00,10.973094284534454
2025-08-17 18:30:00,22.50836706161499
2025-08-17 19:00:00,30.703283429145813
2025-08-17 19:30:00,35.5250301361084
2025-08-17 20:00:00,32.51882565021515
2025-08-17 20:30:00,25.61866021156311
2025-08-17 21:00:00,28.36820411682129
2025-08-17 21:30:00,26.979398131370544
2025-08-17 22:00:00,24.625548362731934
2025-08-17 22:30:00,34.87976002693176
2025-08-17 23:00:00,45.21573758125305
2025-08-17 23:30:00,37.75782573223114
2025-08-18 00:00:00,31.913745045661926
2025-08-18 00:30:00,23.670713424682617
2025-08-18 01:00:00,12.58170273900032
2025-08-18 01:30:00,52.892789125442505
2025-08-18 02:00:00,37.83114266395569
2025-08-18 02:30:00,26.916868329048157
2025-08-18 03:00:00,29.57441747188568
2025-08-18 03:30:00,37.30536210536957
2025-08-18 04:00:00,53.91660261154175
2025-08-18 04:30:00,41.1141175031662
2025-08-18 05:00:00,37.65858864784241
2025-08-18 05:30:00,49.511303186416626
2025-08-18 06:00:00,30.462153911590576
2025-08-18 06:30:00,44.0935982465744
2025-08-18 07:00:00,42.62035024166107
2025-08-18 07:30:00,23.030139684677124
2025-08-18 08:00:00,9.400079101324081
2025-08-18 08:30:00,20.98862850666046
2025-08-18 09:00:00,40.310227274894714
2025-08-18 09:30:00,43.731366991996765
2025-08-18 10:00:00,29.3458149433136
2025-08-18 10:30:00,29.384820342063904
2025-08-18 11:00:00,34.24073588848114
2025-08-18 11:30:00,29.446874499320984
2025-08-18 12:00:00,39.88922131061554
2025-08-18 12:30:00,30.70309317111969
2025-08-18 13:00:00,13.4939424097538
2025-08-18 13:30:00,18.427477598190308
2025-08-18 14:00:00,35.09825384616852
2025-08-18 14:30:00,39.78827941417694
2025-08-18 15:00:00,36.99241769313812
2025-08-18 15:30:00,40.82899332046509
2025-08-18 16:00:00,24.868112325668335
2025-08-18 16:30:00,28.222428917884827
2025-08-18 17:00:00,30.183127999305725
2025-08-18 17:30:00,39.33602857589722
2025-08-18 18:00:00,34.776257157325745
2025-08-18 18:30:00,17.984346628189087
2025-08-18 19:00:00,17.285759210586548
2025-08-18 19:30:00,17.627870678901672
2025-08-18 20:00:00,22.61523449420929
2025-08-18 20:30:00,24.455172300338745
2025-08-18 21:00:00,28.815012574195862
2025-08-18 21:30:00,29.901806473731995
2025-08-18 22:00:00,38.623589873313904
2025-08-18 22:30:00,32.44581663608551
2025-08-18 23:00:00,50.944812297821045
2025-08-18 23:30:00,28.80236542224884
2025-08-19 00:00:00,0.4586327970027922
2025-08-19 00:30:00,12.758689016103745
2025-08-19 01:00:00,21.182446360588074
2025-08-19 01:30:00,31.117868185043335
2025-08-19 02:00:00,43.86582934856415
2025-08-19 02:30:00,31.52446210384369
2025-08-19 03:00:00,26.192533493041992
2025-08-19 03:30:00,27.477010488510132
2025-08-19 04:00:00,41.12083661556244
2025-08-19 04:30:00,33.27615773677826
2025-08-19 05:00:00,35.60005438327789
2025-08-19 05:30:00,32.229185342788696
2025-08-19 06:00:00,41.855833411216736
2025-08-19 06:30:00,41.624582290649414
2025-08-19 07:00:00,36.20284688472748
2025-08-19 07:30:00,26.181761384010315
2025-08-19 08:00:00,22.493151426315308
2025-08-19 08:30:00,29.335513472557068
2025-08-19 09:00:00,33.21255648136139
2025-08-19 09:30:00,51.117366313934326
2025-08-19 10:00:00,33.763463616371155
2025-08-19 10:30:00,34.196025252342224
2025-08-19 11:00:00,36.105019211769104
2025-08-19 11:30:00,36.78795540332794
2025-08-19 12:00:00,36.854530692100525
2025-08-19 12:30:00,37.29307794570923
2025-08-19 13:00:00,32.34822428226471
2025-08-19 13:30:00,32.48733294010162
2025-08-19 14:00:00,45.29678249359131
2025-08-19 14:30:00,47.10663199424744
2025-08-19 15:00:00,43.19381296634674
2025-08-19 15:30:00,36.633723735809326
2025-08-19 16:00:00,39.649911761283875
2025-08-19 16:30:00,48.530768394470215
2025-08-19 17:00:00,25.883784770965576
2025-08-19 17:30:00,41.3649126291275
2025-08-19 18:00:00,39.443068742752075
2025-08-19 18:30:00,28.81664228439331
2025-08-19 19:00:00,37.02001512050629
2025-08-19 19:30:00,24.37855839729309
2025-08-19 20:00:00,32.95029830932617
2025-08-19 20:30:00,36.29129683971405
2025-08-19 21:00:00,35.28543269634247
2025-08-19 21:30:00,35.892250657081604
2025-08-19 22:00:00,19.48929512500763
2025-08-19 22:30:00,41.32022202014923
2025-08-19 23:00:00,26.232420086860657
2025-08-19 23:30:00,39.367884278297424
2025-08-20 00:00:00,25.166053891181946
2025-08-20 00:30:00,19.635796308517456
2025-08-20 01:00:00,23.9386568069458
2025-08-20 01:30:00,32.294881939888
2025-08-20 02:00:00,34.895997047424316
2025-08-20 02:30:00,21.550137519836426
2025-08-20 03:00:00,31.573578715324402
2025-08-20 03:30:00,30.47012722492218
2025-08-20 04:00:00,38.702582001686096
2025-08-20 04:30:00,38.916101574897766
2025-08-20 05:00:00,42.30781638622284
2025-08-20 05:30:00,58.35173749923706
2025-08-20 06:00:00,42.670708537101746
2025-08-20 06:30:00,32.60854232311249
2025-08-20 07:00:00,34.8846892118454
2025-08-20 07:30:00,14.953729033470154
2025-08-20 08:00:00,19.3869788646698
2025-08-20 08:30:00,30.49404466152191
2025-08-20 09:00:00,23.559933185577393
2025-08-20 09:30:00,37.4859219789505
2025-08-20 10:00:00,38.94058978557587
2025-08-20 10:30:00,10.156041204929352
2025-08-20 11:00:00,26.50787615776062
2025-08-20 11:30:00,20.778315782546997
2025-08-20 12:00:00,32.07747209072113
2025-08-20 12:30:00,39.18893659114838
2025-08-20 13:00:00,47.557578563690186
2025-08-20 13:30:00,31.719271302223206
2025-08-20 14:00:00,31.77551007270813
2025-08-20 14:30:00,31.570529580116272
2025-08-20 15:00:00,30.9835284948349
2025-08-20 15:30:00,39.37419533729553
2025-08-20 16:00:00,25.19617223739624
2025-08-20 16:30:00,29.28212606906891
2025-08-20 17:00:00,33.296074748039246
2025-08-20 17:30:00,31.22162139415741
2025-08-20 18:00:00,20.313122391700745
2025-08-20 18:30:00,28.05414319038391
2025-08-20 19:00:00,43.547597765922546
2025-08-20 19:30:00,11.286093771457672
2025-08-20 20:00:00,17.21323585510254
2025-08-20 20:30:00,39.617027163505554
2025-08-20 21:00:00,33.66431665420532
2025-08-20 21:30:00,37.91756236553192
2025-08-20 22:00:00,22.253756761550903
2025-08-20 22:30:00,12.394381195306778
2025-08-20 23:00:00,28.25788700580597
2025-08-20 23:30:00,30.47250545024872
2025-08-21 00:00:00,4.487802118062973
2025-08-21 00:30:00,11.14221739768982
2025-08-21 01:00:00,25.222305178642273
2025-08-21 01:30:00,23.296448349952698
2025-08-21 02:00:00,25.93918240070343
2025-08-21 02:30:00,22.956737637519836
2025-08-21 03:00:00,29.58687436580658
2025-08-21 03:30:00,28.42540419101715
2025-08-21 04:00:00,30.466702580451965
2025-08-21 04:30:00,27.378384232521057
2025-08-21 05:00:00,42.2798935174942
2025-08-21 05:30:00,39.49666392803192
2025-08-21 06:00:00,24.721778869628906
2025-08-21 06:30:00,30.37841534614563
2025-08-21 07:00:00,23.94828236103058
2025-08-21 07:30:00,30.12591540813446
2025-08-21 08:00:00,34.80789506435394
2025-08-21 08:30:00,36.248528838157654
2025-08-21 09:00:00,32.1417818069458
2025-08-21 09:30:00,30.86768388748169
2025-08-21 10:00:00,35.44741487503052
2025-08-21 10:30:00,34.43860673904419
2025-08-21 11:00:00,32.59861385822296
2025-08-21 11:30:00,22.45462417602539
2025-08-21 12:00:00,24.537731766700745
2025-08-21 12:30:00,17.105146765708923
2025-08-21 13:00:00,23.357746481895447
2025-08-21 13:30:00,27.97157871723175
2025-08-21 14:00:00,24.39605462551117
2025-08-21 14:30:00,24.043544054031372
2025-08-21 15:00:00,27.379305481910706
2025-08-21 15:30:00,34.30469763278961
2025-08-21 16:00:00,33.627734541893005
2025-08-21 16:30:00,37.42097890377045
2025-08-21 17:00:00,42.269121408462524
2025-08-21 17:30:00,36.21024692058563
2025-08-21 18:00:00,35.47474443912506
2025-08-21 18:30:00,37.927385687828064
2025-08-21 19:00:00,30.69319224357605
2025-08-21 19:30:00,37.36155331134796
2025-08-21 20:00:00,24.08366847038269
2025-08-21 20:30:00,25.405078053474426
2025-08-21 21:00:00,25.779994010925293
2025-08-21 21:30:00,11.728133887052536
2025-08-21 22:00:00,33.027347803115845
2025-08-21 22:30:00,26.30249512195587
2025-08-21 23:00:00,31.150049328804016
2025-08-21 23:30:00,32.77513074874878
2025-08-22 00:00:00,24.74531078338623
2025-08-22 00:30:00,40.4276465177536
2025-08-22 01:00:00,25.16756844520569
2025-08-22 01:30:00,22.313920855522156
2025-08-22 02:00:00,39.299296259880066
2025-08-22 02:30:00,42.997997403144836
2025-08-22 03:00:00,37.4706312417984
2025-08-22 03:30:00,26.815686106681824
2025-08-22 04:00:00,27.907409191131592
2025-08-22 04:30:00,36.77407658100128
2025-08-22 05:00:00,38.06773602962494
2025-08-22 05:30:00,53.0436487197876
2025-08-22 06:00:00,36.77698802947998
2025-08-22 06:30:00,45.15779900550842
2025-08-22 07:00:00,36.13769853115082
2025-08-22 07:30:00,39.54769563674927
2025-08-22 08:00:00,29.796538710594177
2025-08-22 08:30:00,29.910898804664612
2025-08-22 09:00:00,32.65874540805817
2025-08-22 09:30:00,23.738805770874023
2025-08-22 10:00:00,22.68519937992096
2025-08-22 10:30:00,39.685402393341064
2025-08-22 11:00:00,34.60067403316498
2025-08-22 11:30:00,54.33353805541992
2025-08-22 12:00:00,36.48510217666626
2025-08-22 12:30:00,47.25485801696777
2025-08-22 13:00:00,37.89610576629639
2025-08-22 13:30:00,39.6234233379364
2025-08-22 14:00:00,35.93882131576538
2025-08-22 14:30:00,28.15539300441742
2025-08-22 15:00:00,36.18116748332977
2025-08-22 15:30:00,38.24231278896332
2025-08-22 16:00:00,31.397319674491882
2025-08-22 16:30:00,35.11617815494537
2025-08-22 17:00:00,28.127745509147644
2025-08-22 17:30:00,2.428463637828827
2025-08-22 18:00:00,12.305758506059647
2025-08-22 18:30:00,33.95701360702515
2025-08-22 19:00:00,27.070271372795105
2025-08-22 19:30:00,36.167516469955444
2025-08-22 20:00:00,31.184871554374695
2025-08-22 20:30:00,26.311747670173645
2025-08-22 21:00:00,45.14549231529236
2025-08-22 21:30:00,53.42795991897583
2025-08-22 22:00:00,43.79402697086334
2025-08-22 22:30:00,24.521549820899963
2025-08-22 23:00:00,26.59499680995941
2025-08-22 23:30:00,23.88026511669159
2025-08-23 00:00:00,20.075252294540405
2025-08-23 00:30:00,23.42064929008484
2025-08-23 01:00:00,38.8618129491806
2025-08-23 01:30:00,22.0959552526474
2025-08-23 02:00:00,25.435524344444275
2025-08-23 02:30:00,22.14758276939392
2025-08-23 03:00:00,29.880327343940735
2025-08-23 03:30:00,20.39730656147003
2025-08-23 04:00:00,31.614256381988525
2025-08-23 04:30:00,27.35325515270233
2025-08-23 05:00:00,37.337836146354675
2025-08-23 05:30:00,19.65521514415741
2025-08-23 06:00:00,21.05248510837555
2025-08-23 06:30:00,27.547428488731384
2025-08-23 07:00:00,31.124599814414978
2025-08-23 07:30:00,28.78013026714325
2025-08-23 08:00:00,44.398266434669495
2025-08-23 08:30:00,37.14856946468353
2025-08-23 09:00:00,35.55806744098663
2025-08-23 09:30:00,38.04870522022247
2025-08-23 10:00:00,30.094189882278442
2025-08-23 10:30:00,38.50933241844177
2025-08-23 11:00:00,32.719688057899475
2025-08-23 11:30:00,22.367118000984192
2025-08-23 12:00:00,29.967520594596863
2025-08-23 12:30:00,32.52599537372589
2025-08-23 13:00:00,32.3724170923233
2025-08-23 13:30:00,31.137524843215942
2025-08-23 14:00:00,40.954330801963806
2025-08-23 14:30:00,37.101996302604675
2025-08-23 15:00:00,38.67365527153015
2025-08-23 15:30:00,27.210942149162292
2025-08-23 16:00:00,29.18074107170105
2025-08-23 16:30:00,28.314306020736694
2025-08-23 17:00:00,36.16397166252136
2025-08-23 17:30:00,35.5138224363327
2025-08-23 18:00:00,31.62652552127838
2025-08-23 18:30:00,39.943482398986816
2025-08-23 19:00:00,41.41916871070862
2025-08-23 19:30:00,29.78377640247345
2025-08-23 20:00:00,18.3324236869812
2025-08-23 20:30:00,33.08652055263519
2025-08-23 21:00:00,25.69424271583557
2025-08-23 21:30:00,27.385276079177856
2025-08-23 22:00:00,29.113279581069946
2025-08-23 22:30:00,37.344555258750916
2025-08-23 23:00:00,39.42603313922882
2025-08-23 23:30:00,36.100210189819336
2025-08-24 00:00:00,14.965780377388
2025-08-24 00:30:00,29.923035264015198
2025-08-24 01:00:00,45.42398500442505
2025-08-24 01:30:00,37.306228280067444
2025-08-24 02:00:00,44.91315472126007
2025-08-24 02:30:00,33.861005902290344
2025-08-24 03:00:00,22.145139455795288
2025-08-24 03:30:00,44.63396108150482
2025-08-24 04:00:00,28.320146441459656
2025-08-24 04:30:00,55.46204352378845
2025-08-24 05:00:00,29.434157252311707
2025-08-24 05:30:00,47.50004053115845
2025-08-24 06:00:00,50.77670931816101
2025-08-24 06:30:00,48.00708317756653
2025-08-24 07:00:00,42.78745186328888
2025-08-24 07:30:00,43.73018038272858
2025-08-24 08:00:00,25.62904179096222
2025-08-24 08:30:00,32.4984405040741
2025-08-24 09:00:00,28.369693636894226
2025-08-24 09:30:00,20.048285722732544
2025-08-24 10:00:00,31.107043504714966
2025-08-24 10:30:00,40.084558725357056
2025-08-24 11:00:00,40.901994824409485
2025-08-24 11:30:00,49.89401721954346
2025-08-24 12:00:00,30.34005832672119
2025-08-24 12:30:00,24.937105894088745
2025-08-24 13:00:00,30.828297972679138
2025-08-24 13:30:00,25.10508370399475
2025-08-24 14:00:00,35.09467649459839
2025-08-24 14:30:00,39.527530789375305
2025-08-24 15:00:00,27.999606728553772
2025-08-24 15:30:00,33.97861039638519
2025-08-24 16:00:00,43.88746118545532
2025-08-24 16:30:00,30.647607922554016
2025-08-24 17:00:00,29.90222203731537
2025-08-24 17:30:00,19.89467489719391
2025-08-24 18:00:00,21.46807873249054
2025-08-24 18:30:00,8.891256541013718
2025-08-24 19:00:00,11.272054731845856
2025-08-24 19:30:00,19.214812874794006
2025-08-24 20:00:00,19.92318105697632
2025-08-24 20:30:00,24.23045253753662
2025-08-24 21:00:00,19.791842937469482
2025-08-24 21:30:00,31.625782012939453
2025-08-24 22:00:00,35.75142967700958
2025-08-24 22:30:00,48.706096172332764
2025-08-24 23:00:00,48.47973918914795
2025-08-24 23:30:00,35.04132914543152
2025-08-25 00:00:00,32.07078301906586
2025-08-25 00:30:00,32.83825385570526
2025-08-25 01:00:00,33.388805508613586
2025-08-25 01:30:00,37.73445403575897
2025-08-25 02:00:00,44.83747959136963
2025-08-25 02:30:00,33.79800045490265
2025-08-25 03:00:00,33.06087076663971
2025-08-25 03:30:00,40.610602140426636
2025-08-25 04:00:00,27.471800923347473
2025-08-25 04:30:00,60.70594525337219
2025-08-25 05:00:00,46.017279624938965
2025-08-25 05:30:00,49.74060416221619
2025-08-25 06:00:00,31.051741003990173
2025-08-25 06:30:00,28.88584864139557
2025-08-25 07:00:00,36.95135200023651
2025-08-25 07:30:00,30.086950063705444
2025-08-25 08:00:00,22.671070218086243
2025-08-25 08:30:00,17.278136372566223
2025-08-25 09:00:00,21.277357578277588
2025-08-25 09:30:00,31.547087788581848
2025-08-25 10:00:00,27.766618251800537
2025-08-25 10:30:00,60.10103988647461
2025-08-25 11:00:00,26.587496638298035
2025-08-25 11:30:00,32.66356945037842
2025-08-25 12:00:00,38.783591866493225
2025-08-25 12:30:00,33.74850583076477
2025-08-25 13:00:00,37.459904193878174
2025-08-25 13:30:00,40.36846125125885
2025-08-25 14:00:00,32.4460369348526
2025-08-25 14:30:00,35.559839844703674
2025-08-25 15:00:00,21.93237340450287
2025-08-25 15:30:00,15.195669651031494
2025-08-25 16:00:00,21.762783408164978
2025-08-25 16:30:00,31.62377429008484
2025-08-25 17:00:00,27.969463348388672
2025-08-25 17:30:00,26.92015528678894
2025-08-25 18:00:00,27.632468819618225
2025-08-25 18:30:00,29.97148847579956
2025-08-25 19:00:00,33.94332253932953
2025-08-25 19:30:00,23.172723054885864
2025-08-25 20:00:00,19.71218490600586
2025-08-25 20:30:00,37.69488537311554
2025-08-25 21:00:00,33.02697229385376
2025-08-25 21:30:00,17.882818937301636
2025-08-25 22:00:00,14.819577097892761
2025-08-25 22:30:00,15.12276577949524
2025-08-25 23:00:00,12.719276189804077
2025-08-25 23:30:00,14.510038554668427
2025-08-26 00:00:00,26.957420825958252
2025-08-26 00:30:00,36.688165068626404
2025-08-26 01:00:00,28.589576840400696
2025-08-26 01:30:00,47.538082122802734
2025-08-26 02:00:00,32.95914280414581
2025-08-26 02:30:00,21.773250102996826
2025-08-26 03:00:00,24.336583971977234
2025-08-26 03:30:00,32.82708120346069
2025-08-26 04:00:00,31.751124501228333
2025-08-26 04:30:00,44.82396876811981
2025-08-26 05:00:00,38.85135877132416
2025-08-26 05:30:00,35.87036597728729
2025-08-26 06:00:00,45.659669637680054
2025-08-26 06:30:00,41.51924693584442
2025-08-26 07:00:00,39.58183693885803
2025-08-26 07:30:00,35.01204693317413
2025-08-26 08:00:00,41.75163209438324
2025-08-26 08:30:00,35.558034896850586
2025-08-26 09:00:00,38.83470618724823
2025-08-26 09:30:00,24.532689929008484
2025-08-26 10:00:00,34.332993507385254
2025-08-26 10:30:00,40.2200049161911
2025-08-26 11:00:00,43.369160771369934
2025-08-26 11:30:00,57.91872024536133
2025-08-26 12:00:00,26.668651700019836
2025-08-26 12:30:00,27.96122717857361
2025-08-26 13:00:00,25.174986004829407
2025-08-26 13:30:00,35.37219786643982
2025-08-26 14:00:00,45.83941841125488
2025-08-26 14:30:00,34.30929136276245
2025-08-26 15:00:00,31.27889907360077
2025-08-26 15:30:00,32.72616183757782
2025-08-26 16:00:00,27.45561146736145
2025-08-26 16:30:00,26.959546208381653
2025-08-26 17:00:00,33.74129354953766
2025-08-26 17:30:00,37.21131455898285
2025-08-26 18:00:00,27.6178640127182
2025-08-26 18:30:00,18.160650730133057
2025-08-26 19:00:00,38.20440638065338
2025-08-26 19:30:00,36.13000810146332
2025-08-26 20:00:00,50.78113031387329
2025-08-26 20:30:00,44.9921418428421
2025-08-26 21:00:00,39.19446408748627
2025-08-26 21:30:00,36.37244188785553
2025-08-26 22:00:00,28.023664355278015
2025-08-26 22:30:00,32.12546718120575
2025-08-26 23:00:00,41.519397139549255
2025-08-26 23:30:00,30.790661931037903
2025-08-27 00:00:00,13.639502942562103
2025-08-27 00:30:00,24.683709740638733
2025-08-27 01:00:00,21.863309741020203
2025-08-27 01:30:00,26.28613543510437
2025-08-27 02:00:00,31.450511813163757
2025-08-27 02:30:00,28.144230365753174
2025-08-27 03:00:00,33.07151770591736
2025-08-27 03:30:00,27.862560868263245
2025-08-27 04:00:00,20.72042977809906
2025-08-27 04:30:00,44.70108211040497
2025-08-27 05:00:00,30.619039177894592
2025-08-27 05:30:00,55.72802925109863
2025-08-27 06:00:00,25.68283975124359
2025-08-27 06:30:00,29.986578941345215
2025-08-27 07:00:00,27.74033260345459
2025-08-27 07:30:00,35.852386593818665
2025-08-27 08:00:00,39.17791664600372
2025-08-27 08:30:00,27.92587172985077
2025-08-27 09:00:00,39.187649846076965
2025-08-27 09:30:00,43.39270269870758
2025-08-27 10:00:00,25.33919370174408
2025-08-27 10:30:00,35.922526717185974
2025-08-27 11:00:00,25.596722960472107
2025-08-27 11:30:00,32.76730263233185
2025-08-27 12:00:00,30.066975474357605
2025-08-27 12:30:00,19.494301915168762
2025-08-27 13:00:00,52.181819915771484
2025-08-27 13:30:00,25.830602645874023
2025-08-27 14:00:00,15.563693761825562
2025-08-27 14:30:00,27.98395049571991
2025-08-27 15:00:00,33.613632917404175
2025-08-27 15:30:00,23.291096091270447
2025-08-27 16:00:00,36.19565713405609
2025-08-27 16:30:00,40.70660734176636
2025-08-27 17:00:00,22.24436902999878
2025-08-27 17:30:00,24.18519115447998
2025-08-27 18:00:00,33.435163378715515
2025-08-27 18:30:00,51.85346961021423
2025-08-27 19:00:00,34.80019462108612
2025-08-27 19:30:00,40.22208023071289
2025-08-27 20:00:00,29.64967453479767
2025-08-27 20:30:00,41.080602049827576
2025-08-27 21:00:00,22.65545654296875
2025-08-27 21:30:00,32.55493462085724
2025-08-27 22:00:00,44.70253658294678
2025-08-27 22:30:00,24.653761625289917
2025-08-27 23:00:00,30.218648672103882
2025-08-27 23:30:00,18.597928762435913
2025-08-28 00:00:00,18.640411376953125
2025-08-28 00:30:00,6.37141290307045
2025-08-28 01:00:00,36.221975326538086
2025-08-28 01:30:00,23.037256836891174
2025-08-28 02:00:00,34.52487373352051
2025-08-28 02:30:00,32.925076603889465
2025-08-28 03:00:00,42.232534289360046
2025-08-28 03:30:00,45.877570152282715
2025-08-28 04:00:00,37.725977540016174
2025-08-28 04:30:00,43.89117872714996
2025-08-28 05:00:00,37.66232621669769
2025-08-28 05:30:00,43.564435601234436
2025-08-28 06:00:00,45.141061305999756
2025-08-28 06:30:00,37.87914526462555
2025-08-28 07:00:00,40.279863595962524
2025-08-28 07:30:00,31.044734001159668
2025-08-28 08:00:00,44.671231627464294
2025-08-28 08:30:00,51.36179780960083
2025-08-28 09:00:00,26.938074588775635
2025-08-28 09:30:00,23.64230990409851
2025-08-28 10:00:00,18.900659322738647
2025-08-28 10:30:00,29.61148774623871
2025-08-28 11:00:00,30.353098511695862
2025-08-28 11:30:00,37.647125601768494
2025-08-28 12:00:00,25.127333879470825
2025-08-28 12:30:00,19.829366326332092
2025-08-28 13:00:00,37.35249102115631
2025-08-28 13:30:00,39.269288063049316
2025-08-28 14:00:00,31.60676872730255
2025-08-28 14:30:00,29.683290123939514
2025-08-28 15:00:00,19.760380268096924
2025-08-28 15:30:00,22.00929021835327
2025-08-28 16:00:00,19.936501622200012
2025-08-28 16:30:00,31.245543837547302
2025-08-28 17:00:00,24.19972836971283
2025-08-28 17:30:00,17.078295350074768
2025-08-28 18:00:00,8.94151845574379
2025-08-28 18:30:00,20.82375991344452
2025-08-28 19:00:00,24.45390558242798
2025-08-28 19:30:00,34.559513211250305
2025-08-28 20:00:00,31.944556832313538
2025-08-28 20:30:00,33.26565098762512
2025-08-28 21:00:00,23.75921595096588
2025-08-28 21:30:00,32.03761804103851
2025-08-28 22:00:00,25.77480947971344
2025-08-28 22:30:00,29.73763883113861
2025-08-28 23:00:00,17.91885781288147
2025-08-28 23:30:00,22.219958424568176
2025-08-29 00:00:00,36.95312941074371
2025-08-29 00:30:00,35.25096094608307
2025-08-29 01:00:00,29.868959426879883
2025-08-29 01:30:00,25.67466366291046
2025-08-29 02:00:00,26.480393886566162
2025-08-29 02:30:00,37.5827157497406
2025-08-29 03:00:00,45.132079124450684
2025-08-29 03:30:00,34.10866177082062
2025-08-29 04:00:00,43.33231580257416
2025-08-29 04:30:00,43.89587759971619
2025-08-29 05:00:00,38.097326159477234
2025-08-29 05:30:00,34.043280601501465
2025-08-29 06:00:00,32.70648264884949
2025-08-29 06:30:00,31.078086733818054
2025-08-29 07:00:00,39.936490416526794
2025-08-29 07:30:00,65.49090957641602
2025-08-29 08:00:00,40.88213288784027
2025-08-29 08:30:00,48.398964643478394
2025-08-29 09:00:00,31.546224117279053
2025-08-29 09:30:00,32.31322181224823
2025-08-29 10:00:00,44.572277426719666
2025-08-29 10:30:00,47.71091651916504
2025-08-29 11:00:00,51.98130798339844
2025-08-29 11:30:00,40.26752436161041
2025-08-29 12:00:00,36.86778366565704
2025-08-29 12:30:00,46.481884717941284
2025-08-29 13:00:00,31.88387954235077
2025-08-29 13:30:00,41.01596438884735
2025-08-29 14:00:00,28.26332187652588
2025-08-29 14:30:00,34.29239344596863
2025-08-29 15:00:00,45.918280363082886
2025-08-29 15:30:00,34.87673342227936
2025-08-29 16:00:00,47.21644592285156
2025-08-29 16:30:00,45.967076539993286
2025-08-29 17:00:00,24.99635624885559
2025-08-29 17:30:00,28.04759931564331
2025-08-29 18:00:00,35.89891469478607
2025-08-29 18:30:00,39.523335099220276
2025-08-29 19:00:00,26.78861939907074
2025-08-29 19:30:00,30.21801781654358
2025-08-29 20:00:00,31.104642748832703
2025-08-29 20:30:00,36.45508396625519
2025-08-29 21:00:00,18.983842134475708
2025-08-29 21:30:00,28.00229787826538
2025-08-29 22:00:00,20.06130337715149
2025-08-29 22:30:00,30.146873831748962
2025-08-29 23:00:00,36.71317398548126
2025-08-29 23:30:00,33.08830547332764
2025-08-30 00:00:00,12.558748483657837
2025-08-30 00:30:00,23.27573025226593
2025-08-30 01:00:00,23.78922414779663
2025-08-30 01:30:00,33.4524267911911
2025-08-30 02:00:00,16.41759431362152
2025-08-30 02:30:00,13.968517899513245
2025-08-30 03:00:00,22.557741522789
2025-08-30 03:30:00,37.08107793331146
2025-08-30 04:00:00,39.49911725521088
2025-08-30 04:30:00,23.067047238349915
2025-08-30 05:00:00,28.017523527145386
2025-08-30 05:30:00,29.728962063789368
2025-08-30 06:00:00,28.19023025035858
2025-08-30 06:30:00,20.91300094127655
2025-08-30 07:00:00,32.1537230014801
2025-08-30 07:30:00,47.22877264022827
2025-08-30 08:00:00,32.532379031181335
2025-08-30 08:30:00,15.37841248512268
2025-08-30 09:00:00,25.952109932899475
2025-08-30 09:30:00,37.774683594703674
2025-08-30 10:00:00,30.52262842655182
2025-08-30 10:30:00,44.36337411403656
2025-08-30 11:00:00,22.078616738319397
2025-08-30 11:30:00,13.40881821513176
2025-08-30 12:00:00,20.85178291797638
2025-08-30 12:30:00,28.023987293243408
2025-08-30 13:00:00,25.201802372932434
2025-08-30 13:30:00,25.25862944126129
2025-08-30 14:00:00,19.48827874660492
2025-08-30 14:30:00,39.01847541332245
2025-08-30 15:00:00,31.578678131103516
2025-08-30 15:30:00,15.92200219631195
2025-08-30 16:00:00,28.35407245159149
2025-08-30 16:30:00,13.256090462207794
2025-08-30 17:00:00,11.423578351736069
2025-08-30 17:30:00,34.86983406543732
2025-08-30 18:00:00,30.893904447555542
2025-08-30 18:30:00,31.8712899684906
2025-08-30 19:00:00,24.373504042625427
2025-08-30 19:30:00,34.93306231498718
2025-08-30 20:00:00,33.48667323589325
2025-08-30 20:30:00,31.23922026157379
2025-08-30 21:00:00,26.807612657546997
2025-08-30 21:30:00,34.26650083065033
2025-08-30 22:00:00,34.59877145290375
2025-08-30 22:30:00,41.60361385345459
2025-08-30 23:00:00,35.74023699760437
2025-08-30 23:30:00,44.75555598735809
2025-08-31 00:00:00,29.687268018722534
2025-08-31 00:30:00,28.23460292816162
2025-08-31 01:00:00,36.902881264686584
2025-08-31 01:30:00,19.4276465177536
2025-08-31 02:00:00,29.11122179031372
2025-08-31 02:30:00,34.50287890434265
2025-08-31 03:00:00,24.858864784240723
2025-08-31 03:30:00,32.47882640361786
2025-08-31 04:00:00,38.0284777879715
2025-08-31 04:30:00,39.412665009498596
2025-08-31 05:00:00,39.60053730010986
2025-08-31 05:30:00,26.464482307434082
2025-08-31 06:00:00,30.839022517204285
2025-08-31 06:30:00,20.169612765312195
2025-08-31 07:00:00,39.542773962020874
2025-08-31 07:30:00,39.192328691482544
2025-08-31 08:00:00,25.351855874061584
2025-08-31 08:30:00,17.92097568511963
2025-08-31 09:00:00,26.084757328033447
2025-08-31 09:30:00,23.4797945022583
2025-08-31 10:00:00,30.15557062625885
2025-08-31 10:30:00,36.805156230926514
2025-08-31 11:00:00,43.49267828464508
2025-08-31 11:30:00,36.91562604904175
2025-08-31 12:00:00,41.34404933452606
2025-08-31 12:30:00,32.727065563201904
2025-08-31 13:00:00,26.652817726135254
2025-08-31 13:30:00,48.50634026527405
2025-08-31 14:00:00,37.622684955596924
2025-08-31 14:30:00,31.405600905418396
2025-08-31 15:00:00,20.732308387756348
2025-08-31 15:30:00,19.793610334396362
2025-08-31 16:00:00,27.741098642349243
2025-08-31 16:30:00,41.364657282829285
2025-08-31 17:00:00,38.723963499069214
2025-08-31 17:30:00,27.702093243598938
2025-08-31 18:00:00,15.194435477256775
2025-08-31 18:30:00,33.460703015327454
2025-08-31 19:00:00,32.889185428619385
2025-08-31 19:30:00,26.002287983894348
2025-08-31 20:00:00,43.310829162597656
2025-08-31 20:30:00,35.081185698509216
2025-08-31 21:00:00,42.90350675582886
2025-08-31 21:30:00,22.589787483215332
2025-08-31 22:00:00,37.37600541114807
2025-08-31 22:30:00,39.41302800178528
2025-08-31 23:00:00,43.354450821876526
2025-08-31 23:30:00,27.798871994018555
2025-09-01 00:00:00,24.885876417160034
2025-09-01 00:30:00,29.573428630828857
2025-09-01 01:00:00,39.72625529766083
2025-09-01 01:30:00,29.752428889274597
2025-09-01 02:00:00,36.286630511283875
2025-09-01 02:30:00,32.193817377090454
2025-09-01 03:00:00,24.597935914993286
2025-09-01 03:30:00,18.68528974056244
2025-09-01 04:00:00,22.557240843772888
2025-09-01 04:30:00,21.536519050598145
2025-09-01 05:00:00,7.768389031291008
2025-09-01 05:30:00,13.346695214509964
2025-09-01 06:00:00,18.247150540351868
2025-09-01 06:30:00,28.597442507743835
2025-09-01 07:00:00,45.30182433128357
2025-09-01 07:30:00,43.2836047410965
2025-09-01 08:00:00,41.68161463737488
2025-09-01 08:30:00,45.27458739280701
2025-09-01 09:00:00,28.935766339302063
2025-09-01 09:30:00,26.77700364589691
2025-09-01 10:00:00,29.179469347000122
2025-09-01 10:30:00,32.72964906692505
2025-09-01 11:00:00,17.227537751197815
2025-09-01 11:30:00,28.606765151023865
2025-09-01 12:00:00,31.998189568519592
2025-09-01 12:30:00,36.05208742618561
2025-09-01 13:00:00,40.42711079120636
2025-09-01 13:30:00,34.465410590171814
2025-09-01 14:00:00,28.22867739200592
2025-09-01 14:30:00,24.538560390472412
2025-09-01 15:00:00,21.797638177871704
2025-09-01 15:30:00,38.29158961772919
2025-09-01 16:00:00,36.07702624797821
2025-09-01 16:30:00,28.358368277549744
2025-09-01 17:00:00,24.387858510017395
2025-09-01 17:30:00,34.11729848384857
2025-09-01 18:00:00,28.745726108551025
2025-09-01 18:30:00,21.140113949775696
2025-09-01 19:00:00,35.55323588848114
2025-09-01 19:30:00,52.00305247306824
2025-09-01 20:00:00,51.26483631134033
2025-09-01 20:30:00,42.62029266357422
2025-09-01 21:00:00,37.06679606437683
2025-09-01 21:30:00,34.303383350372314
2025-09-01 22:00:00,32.25952398777008
2025-09-01 22:30:00,28.62958860397339
2025-09-01 23:00:00,23.904653191566467
2025-09-01 23:30:00,29.50339114665985
2025-09-02 00:00:00,17.970412731170654
2025-09-02 00:30:00,33.34166157245636
2025-09-02 01:00:00,30.704805493354797
2025-09-02 01:30:00,28.71110165119171
2025-09-02 02:00:00,26.553568124771118
2025-09-02 02:30:00,35.98677885532379
2025-09-02 03:00:00,33.91839373111725
2025-09-02 03:30:00,20.34275758266449
2025-09-02 04:00:00,45.30806279182434
2025-09-02 04:30:00,35.29679811000824
2025-09-02 05:00:00,41.663830518722534
2025-09-02 05:30:00,36.675217509269714
2025-09-02 06:00:00,45.52115178108215
2025-09-02 06:30:00,48.08480358123779
2025-09-02 07:00:00,46.10391712188721
2025-09-02 07:30:00,22.546611428260803
2025-09-02 08:00:00,27.467422485351562
2025-09-02 08:30:00,13.794592022895813
2025-09-02 09:00:00,22.17847967147827
2025-09-02 09:30:00,28.059815883636475
2025-09-02 10:00:00,22.189847588539124
2025-09-02 10:30:00,36.729538679122925
2025-09-02 11:00:00,32.358057618141174
2025-09-02 11:30:00,38.673580169677734
2025-09-02 12:00:00,28.550689101219177
2025-09-02 12:30:00,23.7141273021698
2025-09-02 13:00:00,34.49070489406586
2025-09-02 13:30:00,34.6164253950119
2025-09-02 14:00:00,28.267560124397278
2025-09-02 14:30:00,27.08316135406494
2025-09-02 15:00:00,25.175867199897766
2025-09-02 15:30:00,25.189508199691772
2025-09-02 16:00:00,28.411330103874207
2025-09-02 16:30:00,22.2369464635849
2025-09-02 17:00:00,40.51227629184723
2025-09-02 17:30:00,46.72578549385071
2025-09-02 18:00:00,41.018280029296875
2025-09-02 18:30:00,33.08942449092865
2025-09-02 19:00:00,37.37561237812042
2025-09-02 19:30:00,40.203625202178955
2025-09-02 20:00:00,48.94739842414856
2025-09-02 20:30:00,41.328102707862854
2025-09-02 21:00:00,50.60326409339905
2025-09-02 21:30:00,34.69640386104584
2025-09-02 22:00:00,42.06075632572174
2025-09-02 22:30:00,42.45675337314606
2025-09-02 23:00:00,48.046186208724976
2025-09-02 23:30:00,34.47932946681976
2025-09-03 00:00:00,25.249579668045044
2025-09-03 00:30:00,31.20103347301483
2025-09-03 01:00:00,28.919812202453613
2025-09-03 01:30:00,25.869976043701172
2025-09-03 02:00:00,32.20987415313721
2025-09-03 02:30:00,45.4662823677063
2025-09-03 03:00:00,43.57381331920624
2025-09-03 03:30:00,25.245531678199768
2025-09-03 04:00:00,27.898199200630188
2025-09-03 04:30:00,34.347410559654236
2025-09-03 05:00:00,28.78181254863739
2025-09-03 05:30:00,23.443167328834534
2025-09-03 06:00:00,36.145223736763
2025-09-03 06:30:00,19.50092589855194
2025-09-03 07:00:00,28.325618863105774
2025-09-03 07:30:00,20.205361247062683
2025-09-03 08:00:00,28.179205298423767
2025-09-03 08:30:00,21.862423539161682
2025-09-03 09:00:00,44.430848121643066
2025-09-03 09:30:00,36.860541343688965
2025-09-03 10:00:00,24.42779016494751
2025-09-03 10:30:00,13.069946765899658
2025-09-03 11:00:00,18.478702068328857
2025-09-03 11:30:00,13.904658794403076
2025-09-03 12:00:00,32.05983567237854
2025-09-03 12:30:00,36.581918478012085
2025-09-03 13:00:00,18.94584560394287
2025-09-03 13:30:00,27.92159342765808
2025-09-03 14:00:00,25.290950775146484
2025-09-03 14:30:00,37.72618281841278
2025-09-03 15:00:00,38.05442798137665
2025-09-03 15:30:00,31.15492343902588
2025-09-03 16:00:00,34.707393765449524
2025-09-03 16:30:00,23.518699765205383
2025-09-03 17:00:00,26.520493268966675
2025-09-03 17:30:00,35.38151299953461
2025-09-03 18:00:00,44.62105858325958
2025-09-03 18:30:00,22.528196454048157
2025-09-03 19:00:00,25.8890243768692
2025-09-03 19:30:00,39.94204795360565
2025-09-03 20:00:00,43.53024172782898
2025-09-03 20:30:00,30.798262238502502
2025-09-03 21:00:00,33.01160645484924
2025-09-03 21:30:00,32.67452681064606
2025-09-03 22:00:00,28.151845693588257
2025-09-03 22:30:00,23.976390480995178
2025-09-03 23:00:00,33.98672139644623
2025-09-03 23:30:00,31.360569834709167
2025-09-04 00:00:00,13.87368929386139
2025-09-04 00:30:00,30.79501783847809
2025-09-04 01:00:00,27.302831768989563
2025-09-04 01:30:00,32.097554326057434
2025-09-04 02:00:00,31.369076371192932
2025-09-04 02:30:00,33.44315421581268
2025-09-04 03:00:00,46.58572554588318
2025-09-04 03:30:00,19.445781111717224
2025-09-04 04:00:00,30.573715209960938
2025-09-04 04:30:00,21.721542477607727
2025-09-04 05:00:00,27.633968353271484
2025-09-04 05:30:00,31.23487937450409
2025-09-04 06:00:00,37.71730327606201
2025-09-04 06:30:00,29.451090216636658
2025-09-04 07:00:00,34.18768393993378
2025-09-04 07:30:00,24.42527425289154
2025-09-04 08:00:00,26.498528480529785
2025-09-04 08:30:00,23.602240562438965
2025-09-04 09:00:00,34.678539633750916
2025-09-04 09:30:00,29.994942784309387
2025-09-04 10:00:00,26.607383608818054
2025-09-04 10:30:00,25.52186894416809
2025-09-04 11:00:00,21.477471470832825
2025-09-04 11:30:00,22.70164167881012
2025-09-04 12:00:00,35.095104575157166
2025-09-04 12:30:00,39.320990681648254
2025-09-04 13:00:00,36.08298432826996
2025-09-04 13:30:00,43.17643940448761
2025-09-04 14:00:00,54.10496807098389
2025-09-04 14:30:00,37.89648127555847
2025-09-04 15:00:00,21.39006543159485
2025-09-04 15:30:00,38.32409870624542
2025-09-04 16:00:00,29.18936026096344
2025-09-04 16:30:00,25.29256546497345
2025-09-04 17:00:00,22.936717987060547
2025-09-04 17:30:00,22.891321420669556
2025-09-04 18:00:00,26.091055870056152
2025-09-04 18:30:00,24.506847381591797
2025-09-04 19:00:00,26.974413871765137
2025-09-04 19:30:00,22.718281745910645
2025-09-04 20:00:00,18.347957253456116
2025-09-04 20:30:00,40.9612752199173
2025-09-04 21:00:00,16.234808921813965
2025-09-04 21:30:00,32.26545453071594
2025-09-04 22:00:00,29.95000183582306
2025-09-04 22:30:00,34.006548285484314
2025-09-04 23:00:00,32.48522508144379
2025-09-04 23:30:00,40.71819305419922
2025-09-05 00:00:00,20.36551344394684
2025-09-05 00:30:00,16.002541422843933
2025-09-05 01:00:00,12.223844289779663
2025-09-05 01:30:00,21.114333987236023
2025-09-05 02:00:00,21.15568506717682
2025-09-05 02:30:00,15.859245836734772
2025-09-05 03:00:00,18.71730065345764
2025-09-05 03:30:00,32.01255404949188
2025-09-05 04:00:00,33.52729332447052
2025-09-05 04:30:00,30.336330771446228
2025-09-05 05:00:00,12.828179508447647
2025-09-05 05:30:00,15.601071953773499
2025-09-05 06:00:00,21.800244212150574
2025-09-05 06:30:00,41.877928376197815
2025-09-05 07:00:00,24.657734513282776
2025-09-05 07:30:00,34.510191321372986
2025-09-05 08:00:00,35.65003716945648
2025-09-05 08:30:00,31.522101402282715
2025-09-05 09:00:00,34.382097601890564
2025-09-05 09:30:00,39.16206514835358
2025-09-05 10:00:00,43.16349184513092
2025-09-05 10:30:00,44.68571376800537
2025-09-05 11:00:00,40.702263951301575
2025-09-05 11:30:00,27.072259068489075
2025-09-05 12:00:00,33.071635365486145
2025-09-05 12:30:00,50.040255546569824
2025-09-05 13:00:00,44.908273100852966
2025-09-05 13:30:00,29.066380977630615
2025-09-05 14:00:00,29.95795512199402
2025-09-05 14:30:00,22.55741858482361
2025-09-05 15:00:00,39.017138600349426
2025-09-05 15:30:00,41.524784445762634
2025-09-05 16:00:00,39.17523801326752
2025-09-05 16:30:00,45.24092173576355
2025-09-05 17:00:00,29.69590723514557
2025-09-05 17:30:00,38.142547488212585
2025-09-05 18:00:00,22.032429099082947
2025-09-05 18:30:00,23.338633060455322
2025-09-05 19:00:00,7.317944705486298
2025-09-05 19:30:00,11.14642184972763
2025-09-05 20:00:00,19.241756916046143
2025-09-05 20:30:00,31.69595968723297
2025-09-05 21:00:00,40.67479419708252
2025-09-05 21:30:00,43.61489152908325
2025-09-05 22:00:00,40.35333824157715
2025-09-05 22:30:00,41.296414732933044
2025-09-05 23:00:00,25.146041750907898
2025-09-05 23:30:00,31.808492302894592
2025-09-06 00:00:00,21.748484015464783
2025-09-06 00:30:00,42.19181406497955
2025-09-06 01:00:00,25.86435842514038
2025-09-06 01:30:00,23.028918027877808
2025-09-06 02:00:00,17.69119656085968
2025-09-06 02:30:00,15.360451877117157
2025-09-06 03:00:00,22.98420739173889
2025-09-06 03:30:00,28.239972710609436
2025-09-06 04:00:00,34.21372175216675
2025-09-06 04:30:00,43.34151327610016
2025-09-06 05:00:00,23.877316117286682
2025-09-06 05:30:00,16.85067915916443
2025-09-06 06:00:00,27.835063576698303
2025-09-06 06:30:00,30.58866798877716
2025-09-06 07:00:00,48.33587908744812
2025-09-06 07:30:00,25.82006585597992
2025-09-06 08:00:00,43.283905148506165
2025-09-06 08:30:00,39.30513668060303
2025-09-06 09:00:00,35.84449088573456
2025-09-06 09:30:00,31.42647421360016
2025-09-06 10:00:00,28.932451844215393
2025-09-06 10:30:00,26.791901350021362
2025-09-06 11:00:00,26.96376943588257
2025-09-06 11:30:00,32.23123562335968
2025-09-06 12:00:00,22.85253131389618
2025-09-06 12:30:00,25.42786395549774
2025-09-06 13:00:00,24.332951545715332
2025-09-06 13:30:00,32.16683828830719
2025-09-06 14:00:00,19.738640785217285
2025-09-06 14:30:00,36.4448801279068
2025-09-06 15:00:00,29.27969777584076
2025-09-06 15:30:00,18.719431042671204
2025-09-06 16:00:00,24.501838088035583
2025-09-06 16:30:00,24.19243597984314
2025-09-06 17:00:00,27.081086039543152
2025-09-06 17:30:00,23.138594269752502
2025-09-06 18:00:00,32.01236128807068
2025-09-06 18:30:00,41.58150637149811
2025-09-06 19:00:00,50.42591857910156
2025-09-06 19:30:00,47.43093180656433
2025-09-06 20:00:00,31.050824761390686
2025-09-06 20:30:00,38.0966602563858
2025-09-06 21:00:00,33.697431564331055
2025-09-06 21:30:00,39.46908152103424
2025-09-06 22:00:00,40.360397815704346
2025-09-06 22:30:00,40.8284125328064
2025-09-06 23:00:00,43.43644201755524
2025-09-06 23:30:00,31.464558362960815
2025-09-07 00:00:00,15.343953251838684
2025-09-07 00:30:00,26.73023021221161
2025-09-07 01:00:00,24.453883051872253
2025-09-07 01:30:00,41.13545644283295
2025-09-07 02:00:00,51.75179672241211
2025-09-07 02:30:00,34.75493574142456
2025-09-07 03:00:00,47.39964938163757
2025-09-07 03:30:00,46.70086669921875
2025-09-07 04:00:00,26.590380549430847
2025-09-07 04:30:00,36.30685544013977
2025-09-07 05:00:00,39.49821603298187
2025-09-07 05:30:00,37.16755020618439
2025-09-07 06:00:00,32.373576164245605
2025-09-07 06:30:00,32.53662979602814
2025-09-07 07:00:00,29.808469891548157
2025-09-07 07:30:00,26.343045115470886
2025-09-07 08:00:00,27.049155235290527
2025-09-07 08:30:00,28.976972222328186
2025-09-07 09:00:00,46.37611126899719
2025-09-07 09:30:00,14.079360723495483
2025-09-07 10:00:00,23.574119925498962
2025-09-07 10:30:00,28.88749086856842
2025-09-07 11:00:00,23.428902983665466
2025-09-07 11:30:00,16.890355467796326
2025-09-07 12:00:00,19.401506066322327
2025-09-07 12:30:00,40.75602436065674
2025-09-07 13:00:00,26.257914662361145
2025-09-07 13:30:00,34.169516801834106
2025-09-07 14:00:00,38.90574753284454
2025-09-07 14:30:00,30.80045771598816
2025-09-07 15:00:00,37.31775641441345
2025-09-07 15:30:00,25.44465172290802
2025-09-07 16:00:00,32.18861281871796
2025-09-07 16:30:00,13.579880833625793
2025-09-07 17:00:00,22.44918930530548
2025-09-07 17:30:00,15.030536949634552
2025-09-07 18:00:00,29.7966388463974
2025-09-07 18:30:00,27.741376519203186
2025-09-07 19:00:00,30.057397484779358
2025-09-07 19:30:00,46.43610763549805
2025-09-07 20:00:00,41.69602918624878
2025-09-07 20:30:00,60.74800229072571
2025-09-07 21:00:00,54.24881315231323
2025-09-07 21:30:00,40.190407276153564
2025-09-07 22:00:00,46.72929525375366
2025-09-07 22:30:00,40.908488631248474
2025-09-07 23:00:00,49.18055963516235
2025-09-07 23:30:00,29.411258697509766
2025-09-08 00:00:00,20.114598155021667
2025-09-08 00:30:00,13.567166090011597
2025-09-08 01:00:00,40.382009625434875
2025-09-08 01:30:00,46.62169432640076
2025-09-08 02:00:00,32.13342797756195
2025-09-08 02:30:00,45.96226501464844
2025-09-08 03:00:00,44.76989042758942
2025-09-08 03:30:00,48.11851930618286
2025-09-08 04:00:00,28.984647631645203
2025-09-08 04:30:00,13.145879119634628
2025-09-08 05:00:00,38.07067251205444
2025-09-08 05:30:00,35.63202774524689
2025-09-08 06:00:00,35.85253179073334
2025-09-08 06:30:00,24.44255518913269
2025-09-08 07:00:00,14.790627837181091
2025-09-08 07:30:00,26.493041038513184
2025-09-08 08:00:00,41.81006133556366
2025-09-08 08:30:00,38.91522538661957
2025-09-08 09:00:00,42.35928118228912
2025-09-08 09:30:00,23.046066284179688
2025-09-08 10:00:00,13.834170699119568
2025-09-08 10:30:00,16.36053192615509
2025-09-08 11:00:00,18.715187788009644
2025-09-08 11:30:00,32.33552706241608
2025-09-08 12:00:00,36.37169587612152
2025-09-08 12:30:00,33.639803409576416
2025-09-08 13:00:00,28.157528400421143
2025-09-08 13:30:00,26.446515440940857
2025-09-08 14:00:00,32.076788663864136
2025-09-08 14:30:00,19.76341688632965
2025-09-08 15:00:00,17.80903387069702
2025-09-08 15:30:00,17.098492741584778
2025-09-08 16:00:00,33.194066405296326
2025-09-08 16:30:00,37.710997223854065
2025-09-08 17:00:00,32.239083766937256
2025-09-08 17:30:00,33.89151227474213
2025-09-08 18:00:00,32.28068768978119
2025-09-08 18:30:00,36.60297954082489
2025-09-08 19:00:00,38.21771943569183
2025-09-08 19:30:00,49.03463172912598
2025-09-08 20:00:00,43.92055606842041
2025-09-08 20:30:00,40.1835755109787
2025-09-08 21:00:00,38.701290249824524
2025-09-08 21:30:00,41.597488045692444
2025-09-08 22:00:00,33.96802854537964
2025-09-08 22:30:00,38.269044041633606
2025-09-08 23:00:00,26.68099093437195
2025-09-08 23:30:00,49.591777324676514
2025-09-09 00:00:00,18.07814133167267
2025-09-09 00:30:00,13.511788487434387
2025-09-09 01:00:00,29.007458567619324
2025-09-09 01:30:00,26.737828016281128
2025-09-09 02:00:00,31.196642518043518
2025-09-09 02:30:00,24.034396648406982
2025-09-09 03:00:00,25.938403844833374
2025-09-09 03:30:00,23.14124035835266
2025-09-09 04:00:00,20.770610332489014
2025-09-09 04:30:00,37.166478753089905
2025-09-09 05:00:00,25.121578574180603
2025-09-09 05:30:00,33.27250778675079
2025-09-09 06:00:00,40.315354228019714
2025-09-09 06:30:00,32.93526041507721
2025-09-09 07:00:00,24.054992079734802
2025-09-09 07:30:00,23.861274361610413
2025-09-09 08:00:00,31.54560077190399
2025-09-09 08:30:00,35.71768641471863
2025-09-09 09:00:00,30.281115889549255
2025-09-09 09:30:00,42.57588243484497
2025-09-09 10:00:00,45.905863523483276
2025-09-09 10:30:00,31.164984583854675
2025-09-09 11:00:00,40.59112322330475
2025-09-09 11:30:00,28.869168519973755
2025-09-09 12:00:00,28.759106755256653
2025-09-09 12:30:00,39.38409125804901
2025-09-09 13:00:00,33.525593519210815
2025-09-09 13:30:00,32.13174068927765
2025-09-09 14:00:00,32.03825891017914
2025-09-09 14:30:00,17.125692129135132
2025-09-09 15:00:00,32.67139506340027
2025-09-09 15:30:00,28.302850484848022
2025-09-09 16:00:00,30.340651631355286
2025-09-09 16:30:00,36.60245883464813
2025-09-09 17:00:00,30.32541596889496
2025-09-09 17:30:00,24.06232452392578
2025-09-09 18:00:00,45.19689202308655
2025-09-09 18:30:00,37.61767566204071
2025-09-09 19:00:00,26.454143285751343
2025-09-09 19:30:00,33.369269013404846
2025-09-09 20:00:00,29.736317038536072
2025-09-09 20:30:00,29.38622224330902
2025-09-09 21:00:00,32.73875391483307
2025-09-09 21:30:00,31.298981308937073
2025-09-09 22:00:00,28.480894446372986
2025-09-09 22:30:00,21.553840041160583
2025-09-09 23:00:00,31.114736437797546
2025-09-09 23:30:00,24.791162967681885
2025-09-10 00:00:00,8.287453293800354
2025-09-10 00:30:00,29.420233368873596
2025-09-10 01:00:00,28.63117825984955
2025-09-10 01:30:00,38.78353178501129
2025-09-10 02:00:00,19.31201469898224
2025-09-10 02:30:00,18.58137881755829
2025-09-10 03:00:00,17.437287211418152
2025-09-10 03:30:00,28.516522765159607
2025-09-10 04:00:00,33.26233398914337
2025-09-10 04:30:00,32.25438702106476
2025-09-10 05:00:00,39.51646828651428
2025-09-10 05:30:00,44.222402930259705
2025-09-10 06:00:00,48.24372410774231
2025-09-10 06:30:00,43.930206656455994
2025-09-10 07:00:00,35.398786425590515
2025-09-10 07:30:00,34.229971289634705
2025-09-10 08:00:00,33.52761125564575
2025-09-10 08:30:00,29.94943606853485
2025-09-10 09:00:00,25.483173966407776
2025-09-10 09:30:00,17.482971668243408
2025-09-10 10:00:00,35.854018807411194
2025-09-10 10:30:00,25.922509789466858
2025-09-10 11:00:00,35.76484537124634
2025-09-10 11:30:00,37.26160275936127
2025-09-10 12:00:00,51.585371017456055
2025-09-10 12:30:00,51.856568813323975
2025-09-10 13:00:00,44.370726585388184
2025-09-10 13:30:00,63.36977291107178
2025-09-10 14:00:00,42.12330365180969
2025-09-10 14:30:00,54.05482006072998
2025-09-10 15:00:00,50.4577317237854
2025-09-10 15:30:00,31.493054509162903
2025-09-10 16:00:00,22.3005051612854
2025-09-10 16:30:00,27.01597023010254
2025-09-10 17:00:00,22.325421452522278
2025-09-10 17:30:00,41.445501923561096
2025-09-10 18:00:00,32.97225558757782
2025-09-10 18:30:00,23.897966623306274
2025-09-10 19:00:00,26.173635363578796
2025-09-10 19:30:00,21.14817237854004
2025-09-10 20:00:00,26.001306653022766
2025-09-10 20:30:00,29.71098268032074
2025-09-10 21:00:00,42.49932610988617
2025-09-10 21:30:00,27.160000562667847
2025-09-10 22:00:00,27.443973183631897
2025-09-10 22:30:00,16.80569815635681
2025-09-10 23:00:00,29.893415093421936
2025-09-10 23:30:00,30.882566571235657
2025-09-11 00:00:00,29.000714421272278
2025-09-11 00:30:00,34.34236121177673
2025-09-11 01:00:00,23.37618398666382
2025-09-11 01:30:00,23.516682028770447
2025-09-11 02:00:00,36.56893587112427
2025-09-11 02:30:00,29.96392321586609
2025-09-11 03:00:00,25.62957000732422
2025-09-11 03:30:00,42.31357419490814
2025-09-11 04:00:00,38.907084345817566
2025-09-11 04:30:00,44.41012501716614
2025-09-11 05:00:00,38.18205106258392
2025-09-11 05:30:00,36.657193064689636
2025-09-11 06:00:00,39.00266396999359
2025-09-11 06:30:00,30.83445632457733
2025-09-11 07:00:00,28.275092840194702
2025-09-11 07:30:00,9.415006220340729
2025-09-11 08:00:00,39.748475432395935
2025-09-11 08:30:00,24.028794050216675
2025-09-11 09:00:00,53.446495056152344
2025-09-11 09:30:00,25.449170351028442
2025-09-11 10:00:00,23.497213125228882
2025-09-11 10:30:00,24.20520830154419
2025-09-11 11:00:00,34.63907611370087
2025-09-11 11:30:00,24.656668066978455
2025-09-11 12:00:00,25.6705105304718
2025-09-11 12:30:00,37.010852694511414
2025-09-11 13:00:00,36.131194710731506
2025-09-11 13:30:00,33.25758254528046
2025-09-11 14:00:00,48.39484405517578
2025-09-11 14:30:00,38.50508415699005
2025-09-11 15:00:00,27.41592013835907
2025-09-11 15:30:00,20.75971806049347
2025-09-11 16:00:00,30.925875306129456
2025-09-11 16:30:00,24.134114384651184
2025-09-11 17:00:00,22.632189989089966
2025-09-11 17:30:00,32.61734175682068
2025-09-11 18:00:00,21.243496656417847
2025-09-11 18:30:00,23.945042967796326
2025-09-11 19:00:00,35.45600652694702
2025-09-11 19:30:00,21.701733112335205
2025-09-11 20:00:00,22.661367058753967
2025-09-11 20:30:00,6.124954909086227
2025-09-11 21:00:00,22.589018940925598
2025-09-11 21:30:00,23.571709156036377
2025-09-11 22:00:00,41.651366114616394
2025-09-11 22:30:00,53.115806579589844
2025-09-11 23:00:00,46.98785591125488
2025-09-11 23:30:00,36.095561385154724
2025-09-12 00:00:00,30.47967517375946
2025-09-12 00:30:00,28.325698971748352
2025-09-12 01:00:00,29.827415585517883
2025-09-12 01:30:00,21.699913144111633
2025-09-12 02:00:00,26.245635509490967
2025-09-12 02:30:00,35.797587275505066
2025-09-12 03:00:00,40.20308196544647
2025-09-12 03:30:00,25.569879055023193
2025-09-12 04:00:00,29.42865228652954
2025-09-12 04:30:00,50.39750003814697
2025-09-12 05:00:00,47.99781060218811
2025-09-12 05:30:00,36.32728064060211
2025-09-12 06:00:00,28.040542244911194
2025-09-12 06:30:00,36.79885518550873
2025-09-12 07:00:00,44.498239517211914
2025-09-12 07:30:00,40.71329391002655
2025-09-12 08:00:00,28.59525203704834
2025-09-12 08:30:00,37.8599967956543
2025-09-12 09:00:00,37.53872358798981
2025-09-12 09:30:00,44.17269051074982
2025-09-12 10:00:00,38.482558608055115
2025-09-12 10:30:00,33.24351346492767
2025-09-12 11:00:00,21.99531376361847
2025-09-12 11:30:00,18.852063417434692
2025-09-12 12:00:00,32.67547309398651
2025-09-12 12:30:00,33.43508577346802
2025-09-12 13:00:00,39.1091433763504
2025-09-12 13:30:00,37.111141204833984
2025-09-12 14:00:00,22.63243532180786
2025-09-12 14:30:00,28.002012491226196
2025-09-12 15:00:00,21.18269419670105
2025-09-12 15:30:00,20.46386182308197
2025-09-12 16:00:00,30.45015513896942
2025-09-12 16:30:00,26.47490894794464
2025-09-12 17:00:00,26.12879705429077
2025-09-12 17:30:00,16.025575160980225
2025-09-12 18:00:00,25.404457211494446
2025-09-12 18:30:00,16.434191823005676
2025-09-12 19:00:00,29.07236659526825
2025-09-12 19:30:00,28.917040944099426
2025-09-12 20:00:00,34.3301020860672
2025-09-12 20:30:00,26.04667067527771
2025-09-12 21:00:00,23.63616907596588
2025-09-12 21:30:00,17.977084279060364
2025-09-12 22:00:00,12.55588772892952
2025-09-12 22:30:00,27.425628304481506
2025-09-12 23:00:00,33.4378445148468
2025-09-12 23:30:00,33.165202260017395
2025-09-13 00:00:00,8.946542769670486
2025-09-13 00:30:00,20.061471104621887
2025-09-13 01:00:00,32.40665853023529
2025-09-13 01:30:00,27.909056425094604
2025-09-13 02:00:00,49.44918394088745
2025-09-13 02:30:00,38.71681880950928
2025-09-13 03:00:00,43.2937034368515
2025-09-13 03:30:00,20.07199788093567
2025-09-13 04:00:00,25.2078355550766
2025-09-13 04:30:00,30.991426706314087
2025-09-13 05:00:00,29.773244619369507
2025-09-13 05:30:00,15.14592969417572
2025-09-13 06:00:00,30.3955260515213
2025-09-13 06:30:00,26.485538363456726
2025-09-13 07:00:00,35.403928399086
2025-09-13 07:30:00,29.03639280796051
2025-09-13 08:00:00,36.743059515953064
2025-09-13 08:30:00,36.34785854816437
2025-09-13 09:00:00,32.44624471664429
2025-09-13 09:30:00,25.57405972480774
2025-09-13 10:00:00,37.71442687511444
2025-09-13 10:30:00,34.567729353904724
2025-09-13 11:00:00,38.81629121303558
2025-09-13 11:30:00,27.51855432987213
2025-09-13 12:00:00,36.00700128078461
2025-09-13 12:30:00,45.445228815078735
2025-09-13 13:00:00,53.296887159347534
2025-09-13 13:30:00,32.96610975265503
2025-09-13 14:00:00,47.15032124519348
2025-09-13 14:30:00,22.968884110450745
2025-09-13 15:00:00,44.8115519285202
2025-09-13 15:30:00,35.86222994327545
2025-09-13 16:00:00,31.31148326396942
2025-09-13 16:30:00,41.54155969619751
2025-09-13 17:00:00,25.679102182388306
2025-09-13 17:30:00,29.399274945259094
2025-09-13 18:00:00,28.040782570838928
2025-09-13 18:30:00,29.8610862493515
2025-09-13 19:00:00,39.014873027801514
2025-09-13 19:30:00,30.216493248939514
2025-09-13 20:00:00,30.539986968040466
2025-09-13 20:30:00,26.498803853988647
2025-09-13 21:00:00,26.303624153137207
2025-09-13 21:30:00,35.035964369773865
2025-09-13 22:00:00,23.108328223228455
2025-09-13 22:30:00,37.99732053279877
2025-09-13 23:00:00,43.267107367515564
2025-09-13 23:30:00,43.15744864940643
2025-09-14 00:00:00,30.8323734998703
2025-09-14 00:30:00,20.48887574672699
2025-09-14 01:00:00,33.31773662567139
2025-09-14 01:30:00,31.13909947872162
2025-09-14 02:00:00,43.05229604244232
2025-09-14 02:30:00,40.98953855037689
2025-09-14 03:00:00,27.511544823646545
2025-09-14 03:30:00,41.12753069400787
2025-09-14 04:00:00,37.22059214115143
2025-09-14 04:30:00,35.78254687786102
2025-09-14 05:00:00,37.005685687065125
2025-09-14 05:30:00,48.396155834198
2025-09-14 06:00:00,29.437591910362244
2025-09-14 06:30:00,24.67622709274292
2025-09-14 07:00:00,25.644415140151978
2025-09-14 07:30:00,26.966277837753296
2025-09-14 08:00:00,26.32374894618988
2025-09-14 08:30:00,30.530471563339233
2025-09-14 09:00:00,17.980574011802673
2025-09-14 09:30:00,26.623690724372864
2025-09-14 10:00:00,27.050299286842346
2025-09-14 10:30:00,16.875244975090027
2025-09-14 11:00:00,27.50939190387726
2025-09-14 11:30:00,48.392831325531006
2025-09-14 12:00:00,31.119067311286926
2025-09-14 12:30:00,36.727733731269836
2025-09-14 13:00:00,30.220198273658752
2025-09-14 13:30:00,15.38999319076538
2025-09-14 14:00:00,30.82569944858551
2025-09-14 14:30:00,33.721256375312805
2025-09-14 15:00:00,19.32926309108734
2025-09-14 15:30:00,22.30404245853424
2025-09-14 16:00:00,38.553234457969666
2025-09-14 16:30:00,46.323134422302246
2025-09-14 17:00:00,58.25604772567749
2025-09-14 17:30:00,38.830175042152405
2025-09-14 18:00:00,43.661664962768555
2025-09-14 18:30:00,44.13676679134369
2025-09-14 19:00:00,37.3263555765152
2025-09-14 19:30:00,33.62887358665466
2025-09-14 20:00:00,39.53783977031708
2025-09-14 20:30:00,43.26949059963226
2025-09-14 21:00:00,26.9777934551239
2025-09-14 21:30:00,40.61328828334808
2025-09-14 22:00:00,29.97803485393524
2025-09-14 22:30:00,24.76426649093628
2025-09-14 23:00:00,19.37521541118622
2025-09-14 23:30:00,30.713757634162903
2025-09-15 00:00:00,16.848593831062317
2025-09-15 00:30:00,10.321926176548004
2025-09-15 01:00:00,29.354949831962585
2025-09-15 01:30:00,49.33059811592102
2025-09-15 02:00:00,39.1929270029068
2025-09-15 02:30:00,53.52142667770386
2025-09-15 03:00:00,31.10361385345459
2025-09-15 03:30:00,34.64286124706268
2025-09-15 04:00:00,29.874284148216248
2025-09-15 04:30:00,30.74953866004944
2025-09-15 05:00:00,34.07384955883026
2025-09-15 05:30:00,34.007174134254456
2025-09-15 06:00:00,26.042364835739136
2025-09-15 06:30:00,32.541611552238464
2025-09-15 07:00:00,38.66525638103485
2025-09-15 07:30:00,24.16100585460663
2025-09-15 08:00:00,38.05425274372101
2025-09-15 08:30:00,27.857028365135193
2025-09-15 09:00:00,36.26558446884155
2025-09-15 09:30:00,31.706060886383057
2025-09-15 10:00:00,19.150678396224976
2025-09-15 10:30:00,31.118083477020264
2025-09-15 11:00:00,28.78498935699463
2025-09-15 11:30:00,32.97252094745636
2025-09-15 12:00:00,36.526358127593994
2025-09-15 12:30:00,30.9843270778656
2025-09-15 13:00:00,28.28489112854004
2025-09-15 13:30:00,15.38561475276947
2025-09-15 14:00:00,22.21052062511444
2025-09-15 14:30:00,9.742860227823257
2025-09-15 15:00:00,36.39573848247528
2025-09-15 15:30:00,25.052672624588013
2025-09-15 16:00:00,36.539443373680115
2025-09-15 16:30:00,35.19712293148041
2025-09-15 17:00:00,35.63834631443024
2025-09-15 17:30:00,42.60367012023926
2025-09-15 18:00:00,27.991125226020813
2025-09-15 18:30:00,39.644874930381775
2025-09-15 19:00:00,46.314022064208984
2025-09-15 19:30:00,24.019994616508484
2025-09-15 20:00:00,34.056055426597595
2025-09-15 20:30:00,30.026004910469055
2025-09-15 21:00:00,28.11549139022827
2025-09-15 21:30:00,40.32516252994537
2025-09-15 22:00:00,36.85591757297516
2025-09-15 22:30:00,31.575100779533386
2025-09-15 23:00:00,28.493801951408386
2025-09-15 23:30:00,40.66813766956329
2025-09-16 00:00:00,23.29606783390045
2025-09-16 00:30:00,30.467718958854675
2025-09-16 01:00:00,25.576740860939026
2025-09-16 01:30:00,39.04618299007416
2025-09-16 02:00:00,19.98121476173401
2025-09-16 02:30:00,20.352993965148926
2025-09-16 03:00:00,26.08825707435608
2025-09-16 03:30:00,32.24025785923004
2025-09-16 04:00:00,49.75040245056152
2025-09-16 04:30:00,35.457300782203674
2025-09-16 05:00:00,28.835405230522156
2025-09-16 05:30:00,38.94736397266388
2025-09-16 06:00:00,24.34775412082672
2025-09-16 06:30:00,23.234379172325134
2025-09-16 07:00:00,38.23294007778168
2025-09-16 07:30:00,26.875139236450195
2025-09-16 08:00:00,45.31270408630371
2025-09-16 08:30:00,34.34384572505951
2025-09-16 09:00:00,26.664260745048523
2025-09-16 09:30:00,32.7381055355072
2025-09-16 10:00:00,31.007015347480774
2025-09-16 10:30:00,24.064249634742737
2025-09-16 11:00:00,42.79364275932312
2025-09-16 11:30:00,27.14689028263092
2025-09-16 12:00:00,38.436994314193726
2025-09-16 12:30:00,33.320250034332275
2025-09-16 13:00:00,32.66849863529205
2025-09-16 13:30:00,54.653011322021484
2025-09-16 14:00:00,41.991029262542725
2025-09-16 14:30:00,35.283297300338745
2025-09-16 15:00:00,20.375962615013123
2025-09-16 15:30:00,24.323648929595947
2025-09-16 16:00:00,24.42368459701538
2025-09-16 16:30:00,24.126441478729248
2025-09-16 17:00:00,14.184348106384277
2025-09-16 17:30:00,19.0856351852417
2025-09-16 18:00:00,35.872629046440125
2025-09-16 18:30:00,37.18629062175751
2025-09-16 19:00:00,36.65366327762604
2025-09-16 19:30:00,56.607481956481934
2025-09-16 20:00:00,34.63602948188782
2025-09-16 20:30:00,37.361881256103516
2025-09-16 21:00:00,8.079606413841248
2025-09-16 21:30:00,9.7172329723835
2025-09-16 22:00:00,31.212839484214783
2025-09-16 22:30:00,17.513463020324707
2025-09-16 23:00:00,30.856936812400818
2025-09-16 23:30:00,45.0993447303772
2025-09-17 00:00:00,8.749782174825668
2025-09-17 00:30:00,17.275725603103638
2025-09-17 01:00:00,35.5370614528656
2025-09-17 01:30:00,29.796613812446594
2025-09-17 02:00:00,23.137810707092285
2025-09-17 02:30:00,36.67233860492706
2025-09-17 03:00:00,31.04407560825348
2025-09-17 03:30:00,26.904093503952026
2025-09-17 04:00:00,41.10783648490906
2025-09-17 04:30:00,29.689563632011414
2025-09-17 05:00:00,47.00900459289551
2025-09-17 05:30:00,31.428141474723816
2025-09-17 06:00:00,21.303916096687317
2025-09-17 06:30:00,14.483523845672607
2025-09-17 07:00:00,31.906132221221924
2025-09-17 07:30:00,26.587499141693115
2025-09-17 08:00:00,27.498992800712585
2025-09-17 08:30:00,41.14701461791992
2025-09-17 09:00:00,29.773865461349487
2025-09-17 09:30:00,19.20024311542511
2025-09-17 10:00:00,13.412465661764145
2025-09-17 10:30:00,19.61579668521881
2025-09-17 11:00:00,22.640493750572205
2025-09-17 11:30:00,16.549856185913086
2025-09-17 12:00:00,40.45787501335144
2025-09-17 12:30:00,34.56752908229828
2025-09-17 13:00:00,33.48645794391632
2025-09-17 13:30:00,40.10353195667267
2025-09-17 14:00:00,33.47757589817047
2025-09-17 14:30:00,37.76432454586029
2025-09-17 15:00:00,30.613176226615906
2025-09-17 15:30:00,25.848108887672424
2025-09-17 16:00:00,24.01790428161621
2025-09-17 16:30:00,21.523573994636536
2025-09-17 17:00:00,26.98959195613861
2025-09-17 17:30:00,30.01401114463806
2025-09-17 18:00:00,26.428746342658997
2025-09-17 18:30:00,30.424978494644165
2025-09-17 19:00:00,23.67408800125122
2025-09-17 19:30:00,37.43036663532257
2025-09-17 20:00:00,36.13722789287567
2025-09-17 20:30:00,26.178975105285645
2025-09-17 21:00:00,30.490159392356873
2025-09-17 21:30:00,20.397196412086487
2025-09-17 22:00:00,19.468544483184814
2025-09-17 22:30:00,23.221832156181335
2025-09-17 23:00:00,29.294492840766907
2025-09-17 23:30:00,36.71594274044037
2025-09-18 00:00:00,28.657957077026367
2025-09-18 00:30:00,33.413731813430786
2025-09-18 01:00:00,31.226462960243225
2025-09-18 01:30:00,17.181698083877563
2025-09-18 02:00:00,30.37338352203369
2025-09-18 02:30:00,27.590451836586
2025-09-18 03:00:00,33.58692920207977
2025-09-18 03:30:00,26.603510856628418
2025-09-18 04:00:00,34.40246021747589
2025-09-18 04:30:00,43.91731667518616
2025-09-18 05:00:00,34.3842054605484
2025-09-18 05:30:00,33.66965138912201
2025-09-18 06:00:00,32.38105380535126
2025-09-18 06:30:00,29.60331165790558
2025-09-18 07:00:00,45.10241889953613
2025-09-18 07:30:00,31.01880633831024
2025-09-18 08:00:00,36.954821705818176
2025-09-18 08:30:00,32.14812791347504
2025-09-18 09:00:00,32.02130091190338
2025-09-18 09:30:00,30.996758937835693
2025-09-18 10:00:00,31.577163577079773
2025-09-18 10:30:00,28.464977860450745
2025-09-18 11:00:00,38.736520528793335
2025-09-18 11:30:00,49.3610143661499
2025-09-18 12:00:00,39.063145995140076
2025-09-18 12:30:00,29.99959659576416
2025-09-18 13:00:00,34.275447964668274
2025-09-18 13:30:00,48.521846294403076
2025-09-18 14:00:00,39.043652057647705
2025-09-18 14:30:00,48.41431546211243
2025-09-18 15:00:00,23.077221035957336
2025-09-18 15:30:00,23.427806496620178
2025-09-18 16:00:00,12.477709203958511
2025-09-18 16:30:00,32.99372220039368
2025-09-18 17:00:00,29.906192421913147
2025-09-18 17:30:00,40.906285643577576
2025-09-18 18:00:00,25.555311799049377
2025-09-18 18:30:00,15.454996347427368
2025-09-18 19:00:00,21.667479157447815
2025-09-18 19:30:00,33.24081480503082
2025-09-18 20:00:00,24.123680233955383
2025-09-18 20:30:00,30.49271535873413
2025-09-18 21:00:00,20.567274570465088
2025-09-18 21:30:00,24.573678016662598
2025-09-18 22:00:00,32.63041949272156
2025-09-18 22:30:00,37.88449001312256
2025-09-18 23:00:00,18.537644505500793
2025-09-18 23:30:00,24.156269431114197
2025-09-19 00:00:00,24.61474120616913
2025-09-19 00:30:00,32.13372838497162
2025-09-19 01:00:00,30.019496083259583
2025-09-19 01:30:00,47.359795331954956
2025-09-19 02:00:00,36.24793803691864
2025-09-19 02:30:00,43.8946133852005
2025-09-19 03:00:00,31.457301020622253
2025-09-19 03:30:00,34.852630734443665
2025-09-19 04:00:00,32.097774624824524
2025-09-19 04:30:00,39.65111839771271
2025-09-19 05:00:00,33.11441087722778
2025-09-19 05:30:00,23.645081162452698
2025-09-19 06:00:00,39.92184555530548
2025-09-19 06:30:00,33.802403926849365
2025-09-19 07:00:00,25.5664644241333
2025-09-19 07:30:00,30.318241238594055
2025-09-19 08:00:00,27.84420096874237
2025-09-19 08:30:00,33.69092524051666
2025-09-19 09:00:00,30.16811764240265
2025-09-19 09:30:00,41.425259470939636
2025-09-19 10:00:00,31.43218195438385
2025-09-19 10:30:00,28.739497661590576
2025-09-19 11:00:00,38.93340253829956
2025-09-19 11:30:00,34.48997890949249
2025-09-19 12:00:00,24.627541065216064
2025-09-19 12:30:00,31.74320125579834
2025-09-19 13:00:00,35.456194281578064
2025-09-19 13:30:00,26.707985043525696
2025-09-19 14:00:00,37.21862196922302
2025-09-19 14:30:00,21.310802936553955
2025-09-19 15:00:00,23.232792019844055
2025-09-19 15:30:00,26.70216464996338
2025-09-19 16:00:00,29.803252816200256
2025-09-19 16:30:00,36.11781907081604
2025-09-19 17:00:00,34.10522711277008
2025-09-19 17:30:00,60.123159885406494
2025-09-19 18:00:00,49.96730661392212
2025-09-19 18:30:00,44.99342608451843
2025-09-19 19:00:00,38.85434532165527
2025-09-19 19:30:00,20.076498985290527
2025-09-19 20:00:00,18.393356323242188
2025-09-19 20:30:00,29.18595063686371
2025-09-19 21:00:00,27.757145404815674
2025-09-19 21:30:00,29.256859302520752
2025-09-19 22:00:00,24.44449532032013
2025-09-19 22:30:00,47.75449562072754
2025-09-19 23:00:00,29.555336594581604
2025-09-19 23:30:00,27.044318675994873
2025-09-20 00:00:00,20.50783145427704
2025-09-20 00:30:00,24.629721522331238
2025-09-20 01:00:00,23.552603244781494
2025-09-20 01:30:00,25.475956678390503
2025-09-20 02:00:00,34.79812431335449
2025-09-20 02:30:00,36.249014496803284
2025-09-20 03:00:00,26.157505989074707
2025-09-20 03:30:00,36.065075039863586
2025-09-20 04:00:00,34.68019187450409
2025-09-20 04:30:00,27.154435515403748
2025-09-20 05:00:00,15.889618277549744
2025-09-20 05:30:00,21.237205624580383
2025-09-20 06:00:00,29.93631076812744
2025-09-20 06:30:00,30.549569964408875
2025-09-20 07:00:00,46.52902364730835
2025-09-20 07:30:00,33.650270104408264
2025-09-20 08:00:00,25.27700936794281
2025-09-20 08:30:00,34.6321667432785
2025-09-20 09:00:00,35.438955903053284
2025-09-20 09:30:00,36.68778705596924
2025-09-20 10:00:00,22.674762725830078
2025-09-20 10:30:00,22.948103427886963
2025-09-20 11:00:00,17.711511611938477
2025-09-20 11:30:00,21.08710205554962
2025-09-20 12:00:00,14.477470636367798
2025-09-20 12:30:00,40.0684894323349
2025-09-20 13:00:00,28.078501224517822
2025-09-20 13:30:00,27.55934464931488
2025-09-20 14:00:00,30.32908594608307
2025-09-20 14:30:00,33.776861786842346
2025-09-20 15:00:00,31.74766480922699
2025-09-20 15:30:00,45.83241391181946
2025-09-20 16:00:00,37.31238663196564
2025-09-20 16:30:00,50.87354063987732
2025-09-20 17:00:00,32.19039523601532
2025-09-20 17:30:00,30.527429938316345
2025-09-20 18:00:00,31.61490225791931
2025-09-20 18:30:00,45.55345058441162
2025-09-20 19:00:00,42.69972288608551
2025-09-20 19:30:00,35.789621472358704
2025-09-20 20:00:00,37.83031153678894
2025-09-20 20:30:00,45.953322887420654
2025-09-20 21:00:00,37.09884202480316
2025-09-20 21:30:00,38.21031439304352
2025-09-20 22:00:00,28.42296588420868
2025-09-20 22:30:00,26.899352073669434
2025-09-20 23:00:00,33.202853322029114
2025-09-20 23:30:00,47.302687883377075
2025-09-21 00:00:00,33.927353382110596
2025-09-21 00:30:00,31.861676931381226
2025-09-21 01:00:00,22.5267995595932
2025-09-21 01:30:00,28.341670632362366
2025-09-21 02:00:00,23.819565296173096
2025-09-21 02:30:00,30.847453951835632
2025-09-21 03:00:00,20.442745685577393
2025-09-21 03:30:00,30.971489667892456
2025-09-21 04:00:00,33.40527784824371
2025-09-21 04:30:00,31.556898593902588
2025-09-21 05:00:00,20.649856567382812
2025-09-21 05:30:00,18.347288846969604
2025-09-21 06:00:00,18.350378036499023
2025-09-21 06:30:00,21.359463930130005
2025-09-21 07:00:00,31.691436052322388
2025-09-21 07:30:00,41.89846622943878
2025-09-21 08:00:00,32.59901440143585
2025-09-21 08:30:00,25.899681329727173
2025-09-21 09:00:00,37.79651069641113
2025-09-21 09:30:00,34.439951062202454
2025-09-21 10:00:00,24.146195769309998
2025-09-21 10:30:00,30.888038992881775
2025-09-21 11:00:00,17.705551028251648
2025-09-21 11:30:00,44.3867107629776
2025-09-21 12:00:00,47.144593477249146
2025-09-21 12:30:00,48.808595180511475
2025-09-21 13:00:00,46.89083933830261
2025-09-21 13:30:00,45.68970537185669
2025-09-21 14:00:00,33.464067578315735
2025-09-21 14:30:00,27.03002679347992
2025-09-21 15:00:00,38.77000844478607
2025-09-21 15:30:00,34.24882185459137
2025-09-21 16:00:00,26.211902260780334
2025-09-21 16:30:00,39.174915075302124
2025-09-21 17:00:00,48.120662212371826
2025-09-21 17:30:00,48.567718505859375
2025-09-21 18:00:00,44.8604382276535
2025-09-21 18:30:00,39.17544078826904
2025-09-21 19:00:00,44.85199427604675
2025-09-21 19:30:00,45.16526412963867
2025-09-21 20:00:00,38.30411660671234
2025-09-21 20:30:00,24.913226008415222
2025-09-21 21:00:00,26.808629035949707
2025-09-21 21:30:00,31.101300716400146
2025-09-21 22:00:00,21.709030508995056
2025-09-21 22:30:00,21.31749701499939
2025-09-21 23:00:00,27.92790448665619
2025-09-21 23:30:00,36.89383900165558
2025-09-22 00:00:00,15.322867155075073
2025-09-22 00:30:00,20.923848152160645
2025-09-22 01:00:00,38.56369113922119
2025-09-22 01:30:00,36.0209401845932
2025-09-22 02:00:00,31.789847016334534
2025-09-22 02:30:00,29.24934160709381
2025-09-22 03:00:00,27.292024612426758
2025-09-22 03:30:00,41.21806597709656
2025-09-22 04:00:00,38.12078297138214
2025-09-22 04:30:00,27.75562083721161
2025-09-22 05:00:00,23.79138207435608
2025-09-22 05:30:00,34.12107861042023
2025-09-22 06:00:00,23.354602217674255
2025-09-22 06:30:00,32.908719420433044
2025-09-22 07:00:00,25.550647974014282
2025-09-22 07:30:00,42.95983815193176
2025-09-22 08:00:00,37.4698451757431
2025-09-22 08:30:00,27.105444073677063
2025-09-22 09:00:00,48.35855484008789
2025-09-22 09:30:00,36.036601424217224
2025-09-22 10:00:00,34.34260153770447
2025-09-22 10:30:00,38.6600843667984
2025-09-22 11:00:00,53.965784311294556
2025-09-22 11:30:00,36.72727310657501
2025-09-22 12:00:00,31.833356022834778
2025-09-22 12:30:00,46.44190049171448
2025-09-22 13:00:00,38.22843897342682
2025-09-22 13:30:00,36.464882254600525
2025-09-22 14:00:00,28.993244290351868
2025-09-22 14:30:00,44.56572103500366
2025-09-22 15:00:00,38.35095262527466
2025-09-22 15:30:00,38.21922147274017
2025-09-22 16:00:00,28.420432448387146
2025-09-22 16:30:00,45.98472046852112
2025-09-22 17:00:00,22.989141583442688
2025-09-22 17:30:00,41.502779603004456
2025-09-22 18:00:00,27.515244841575623
2025-09-22 18:30:00,34.42898118495941
2025-09-22 19:00:00,31.205987691879272
2025-09-22 19:30:00,51.048502922058105
2025-09-22 20:00:00,47.19800090789795
2025-09-22 20:30:00,40.7940559387207
2025-09-22 21:00:00,40.607257604599
2025-09-22 21:30:00,35.670334696769714
2025-09-22 22:00:00,26.16454553604126
2025-09-22 22:30:00,20.348340153694153
2025-09-22 23:00:00,38.62180244922638
2025-09-22 23:30:00,26.365883588790894
2025-09-23 00:00:00,18.006917238235474
2025-09-23 00:30:00,28.5710266828537
2025-09-23 01:00:00,33.40592622756958
2025-09-23 01:30:00,33.57306790351868
2025-09-23 02:00:00,32.67746078968048
2025-09-23 02:30:00,48.11789846420288
2025-09-23 03:00:00,38.95911490917206
2025-09-23 03:30:00,46.01076579093933
2025-09-23 04:00:00,46.77512240409851
2025-09-23 04:30:00,34.071433782577515
2025-09-23 05:00:00,40.874500036239624
2025-09-23 05:30:00,51.11098766326904
2025-09-23 06:00:00,37.72356927394867
2025-09-23 06:30:00,23.92322587966919
2025-09-23 07:00:00,22.87029540538788
2025-09-23 07:30:00,18.27854061126709
2025-09-23 08:00:00,31.667924165725708
2025-09-23 08:30:00,35.95452010631561
2025-09-23 09:00:00,36.73358416557312
2025-09-23 09:30:00,32.376087069511414
2025-09-23 10:00:00,43.79719126224518
2025-09-23 10:30:00,40.371174931526184
2025-09-23 11:00:00,36.435232043266296
2025-09-23 11:30:00,45.494590759277344
2025-09-23 12:00:00,27.80093228816986
2025-09-23 12:30:00,26.442580103874207
2025-09-23 13:00:00,41.54022538661957
2025-09-23 13:30:00,42.42316281795502
2025-09-23 14:00:00,37.86673843860626
2025-09-23 14:30:00,30.237001061439514
2025-09-23 15:00:00,25.303462743759155
2025-09-23 15:30:00,30.45187747478485
2025-09-23 16:00:00,36.30480515956879
2025-09-23 16:30:00,27.786667943000793
2025-09-23 17:00:00,24.994991898536682
2025-09-23 17:30:00,26.888930439949036
2025-09-23 18:00:00,21.62666630744934
2025-09-23 18:30:00,17.166239619255066
2025-09-23 19:00:00,27.694525480270386
2025-09-23 19:30:00,27.41454827785492
2025-09-23 20:00:00,31.918201088905334
2025-09-23 20:30:00,42.321232080459595
2025-09-23 21:00:00,26.845168590545654
2025-09-23 21:30:00,28.0371150970459
2025-09-23 22:00:00,20.477718114852905
2025-09-23 22:30:00,40.19945704936981
2025-09-23 23:00:00,47.954962491989136
2025-09-23 23:30:00,38.499096035957336
2025-09-24 00:00:00,18.521660327911377
2025-09-24 00:30:00,14.491707444190979
2025-09-24 01:00:00,17.84248173236847
2025-09-24 01:30:00,13.51206636428833
2025-09-24 02:00:00,31.287863731384277
2025-09-24 02:30:00,38.35265493392944
2025-09-24 03:00:00,34.953447461128235
2025-09-24 03:30:00,38.39459431171417
2025-09-24 04:00:00,52.02789616584778
2025-09-24 04:30:00,42.20620858669281
2025-09-24 05:00:00,34.600581407547
2025-09-24 05:30:00,22.360328793525696
2025-09-24 06:00:00,29.283395290374756
2025-09-24 06:30:00,34.86435663700104
2025-09-24 07:00:00,34.818947553634644
2025-09-24 07:30:00,33.204190135002136
2025-09-24 08:00:00,33.54037356376648
2025-09-24 08:30:00,32.78864407539368
2025-09-24 09:00:00,36.86003315448761
2025-09-24 09:30:00,30.429652333259583
2025-09-24 10:00:00,27.130305290222168
2025-09-24 10:30:00,23.41004240512848
2025-09-24 11:00:00,18.36763644218445
2025-09-24 11:30:00,33.94908034801483
2025-09-24 12:00:00,42.45158386230469
2025-09-24 12:30:00,32.31392776966095
2025-09-24 13:00:00,37.38361072540283
2025-09-24 13:30:00,25.02769374847412
2025-09-24 14:00:00,25.19996738433838
2025-09-24 14:30:00,31.107716917991638
2025-09-24 15:00:00,18.270089149475098
2025-09-24 15:30:00,22.578437089920044
2025-09-24 16:00:00,28.329208731651306
2025-09-24 16:30:00,33.56999123096466
2025-09-24 17:00:00,29.866748929023743
2025-09-24 17:30:00,40.60974597930908
2025-09-24 18:00:00,49.34813189506531
2025-09-24 18:30:00,59.07318091392517
2025-09-24 19:00:00,46.70952343940735
2025-09-24 19:30:00,25.30657196044922
2025-09-24 20:00:00,19.400314450263977
2025-09-24 20:30:00,34.73598754405975
2025-09-24 21:00:00,29.103188395500183
2025-09-24 21:30:00,10.329696714878082
2025-09-24 22:00:00,18.069942712783813
2025-09-24 22:30:00,28.491623997688293
2025-09-24 23:00:00,19.179612636566162
2025-09-24 23:30:00,28.15291464328766
2025-09-25 00:00:00,18.61934781074524
2025-09-25 00:30:00,25.260491967201233
2025-09-25 01:00:00,41.03824460506439
2025-09-25 01:30:00,32.02229726314545
2025-09-25 02:00:00,13.413960188627243
2025-09-25 02:30:00,24.858078718185425
2025-09-25 03:00:00,36.84959900379181
2025-09-25 03:30:00,32.5379741191864
2025-09-25 04:00:00,39.801076769828796
2025-09-25 04:30:00,44.42601406574249
2025-09-25 05:00:00,21.263433694839478
2025-09-25 05:30:00,35.41012179851532
2025-09-25 06:00:00,18.36057686805725
2025-09-25 06:30:00,30.13258445262909
2025-09-25 07:00:00,32.00110352039337
2025-09-25 07:30:00,38.75989472866058
2025-09-25 08:00:00,27.10927677154541
2025-09-25 08:30:00,34.587406039237976
2025-09-25 09:00:00,28.947362065315247
2025-09-25 09:30:00,37.768149733543396
2025-09-25 10:00:00,52.01720666885376
2025-09-25 10:30:00,43.42659866809845
2025-09-25 11:00:00,38.75869810581207
2025-09-25 11:30:00,45.582414865493774
2025-09-25 12:00:00,47.532344341278076
2025-09-25 12:30:00,43.54409301280975
2025-09-25 13:00:00,35.87728035449982
2025-09-25 13:30:00,40.67348492145538
2025-09-25 14:00:00,30.471208691596985
2025-09-25 14:30:00,33.69726884365082
2025-09-25 15:00:00,36.452595591545105
2025-09-25 15:30:00,21.905582070350647
2025-09-25 16:00:00,16.445409536361694
2025-09-25 16:30:00,34.76831889152527
2025-09-25 17:00:00,26.327869534492493
2025-09-25 17:30:00,37.75283646583557
2025-09-25 18:00:00,27.436710834503174
2025-09-25 18:30:00,28.84324085712433
2025-09-25 19:00:00,37.45825695991516
2025-09-25 19:30:00,28.053497314453125
2025-09-25 20:00:00,17.726048827171326
2025-09-25 20:30:00,27.47050666809082
2025-09-25 21:00:00,37.625120759010315
2025-09-25 21:30:00,29.8936904668808
2025-09-25 22:00:00,37.091742396354675
2025-09-25 22:30:00,40.71663844585419
2025-09-25 23:00:00,30.87701404094696
2025-09-25 23:30:00,39.82800579071045
2025-09-26 00:00:00,15.169554233551025
2025-09-26 00:30:00,22.544418454170227
2025-09-26 01:00:00,21.726847171783447
2025-09-26 01:30:00,39.750728487968445
2025-09-26 02:00:00,28.257654190063477
2025-09-26 02:30:00,40.45859348773956
2025-09-26 03:00:00,39.20296311378479
2025-09-26 03:30:00,49.66401529312134
2025-09-26 04:00:00,24.092317700386047
2025-09-26 04:30:00,30.35322117805481
2025-09-26 05:00:00,30.05218541622162
2025-09-26 05:30:00,37.46096312999725
2025-09-26 06:00:00,40.000447154045105
2025-09-26 06:30:00,26.825374245643616
2025-09-26 07:00:00,42.80247473716736
2025-09-26 07:30:00,36.078017592430115
2025-09-26 08:00:00,34.69549012184143
2025-09-26 08:30:00,18.07364773750305
2025-09-26 09:00:00,22.550909757614136
2025-09-26 09:30:00,32.69132459163666
2025-09-26 10:00:00,31.79349195957184
2025-09-26 10:30:00,37.05574858188629
2025-09-26 11:00:00,35.666088938713074
2025-09-26 11:30:00,39.280733585357666
2025-09-26 12:00:00,51.007747650146484
2025-09-26 12:30:00,43.537646770477295
2025-09-26 13:00:00,49.487701177597046
2025-09-26 13:30:00,42.30665481090546
2025-09-26 14:00:00,25.77794122695923
2025-09-26 14:30:00,36.6891063451767
2025-09-26 15:00:00,36.55737769603729
2025-09-26 15:30:00,40.63568365573883
2025-09-26 16:00:00,26.872307896614075
2025-09-26 16:30:00,20.581358671188354
2025-09-26 17:00:00,23.943678617477417
2025-09-26 17:30:00,44.993298411369324
2025-09-26 18:00:00,43.6027375459671
2025-09-26 18:30:00,40.67829644680023
2025-09-26 19:00:00,33.62270271778107
2025-09-26 19:30:00,21.901957154273987
2025-09-26 20:00:00,31.330819487571716
2025-09-26 20:30:00,37.26685988903046
2025-09-26 21:00:00,34.49298298358917
2025-09-26 21:30:00,38.173224091529846
2025-09-26 22:00:00,26.313259720802307
2025-09-26 22:30:00,27.112060546875
2025-09-26 23:00:00,18.112833380699158
2025-09-26 23:30:00,9.994450807571411
2025-09-27 00:00:00,13.840268969535828
2025-09-27 00:30:00,14.742740392684937
2025-09-27 01:00:00,7.39207398891449
2025-09-27 01:30:00,34.98360586166382
2025-09-27 02:00:00,38.96782171726227
2025-09-27 02:30:00,33.61325490474701
2025-09-27 03:00:00,31.365591645240784
2025-09-27 03:30:00,24.676202058792114
2025-09-27 04:00:00,26.191967725753784
2025-09-27 04:30:00,41.064860701560974
2025-09-27 05:00:00,16.04716944694519
2025-09-27 05:30:00,12.832010328769684
2025-09-27 06:00:00,11.250265181064606
2025-09-27 06:30:00,14.791348814964294
2025-09-27 07:00:00,29.14618670940399
2025-09-27 07:30:00,26.53072214126587
2025-09-27 08:00:00,33.404176354408264
2025-09-27 08:30:00,28.55883765220642
2025-09-27 09:00:00,25.62794780731201
2025-09-27 09:30:00,28.657594084739685
2025-09-27 10:00:00,27.251962780952454
2025-09-27 10:30:00,26.18292546272278
2025-09-27 11:00:00,24.763680696487427
2025-09-27 11:30:00,31.01817297935486
2025-09-27 12:00:00,27.571385979652405
2025-09-27 12:30:00,31.34007954597473
2025-09-27 13:00:00,41.87512457370758
2025-09-27 13:30:00,43.76914572715759
2025-09-27 14:00:00,38.93000042438507
2025-09-27 14:30:00,30.92599046230316
2025-09-27 15:00:00,28.81222128868103
2025-09-27 15:30:00,29.22078287601471
2025-09-27 16:00:00,38.99194943904877
2025-09-27 16:30:00,25.72632622718811
2025-09-27 17:00:00,42.882898807525635
2025-09-27 17:30:00,28.450533270835876
2025-09-27 18:00:00,35.5878027677536
2025-09-27 18:30:00,31.165820717811584
2025-09-27 19:00:00,36.38297617435455
2025-09-27 19:30:00,28.45810854434967
2025-09-27 20:00:00,33.20588743686676
2025-09-27 20:30:00,30.80270826816559
2025-09-27 21:00:00,45.01952648162842
2025-09-27 21:30:00,43.95247685909271
2025-09-27 22:00:00,37.16451859474182
2025-09-27 22:30:00,34.961360692977905
2025-09-27 23:00:00,36.15975844860077
2025-09-27 23:30:00,22.747013211250305
2025-09-28 00:00:00,35.89541745185852
2025-09-28 00:30:00,24.3169047832489
2025-09-28 01:00:00,20.149805903434753
2025-09-28 01:30:00,40.94223439693451
2025-09-28 02:00:00,35.15572679042816
2025-09-28 02:30:00,24.203818917274475
2025-09-28 03:00:00,27.99438714981079
2025-09-28 03:30:00,28.37156617641449
2025-09-28 04:00:00,30.0530766248703
2025-09-28 04:30:00,22.55575382709503
2025-09-28 05:00:00,30.61284577846527
2025-09-28 05:30:00,21.182443857192993
2025-09-28 06:00:00,20.01591181755066
2025-09-28 06:30:00,33.52574622631073
2025-09-28 07:00:00,23.02261197566986
2025-09-28 07:30:00,22.448283076286316
2025-09-28 08:00:00,17.289759635925293
2025-09-28 08:30:00,29.229512214660645
2025-09-28 09:00:00,27.026987671852112
2025-09-28 09:30:00,30.75847828388214
2025-09-28 10:00:00,26.761415004730225
2025-09-28 10:30:00,47.12530732154846
2025-09-28 11:00:00,30.892727851867676
2025-09-28 11:30:00,38.195539355278015
2025-09-28 12:00:00,43.84992778301239
2025-09-28 12:30:00,49.837435483932495
2025-09-28 13:00:00,28.283248901367188
2025-09-28 13:30:00,29.813421607017517
2025-09-28 14:00:00,35.59566843509674
2025-09-28 14:30:00,20.76073694229126
2025-09-28 15:00:00,18.80025064945221
2025-09-28 15:30:00,24.657904744148254
2025-09-28 16:00:00,39.98870873451233
2025-09-28 16:30:00,27.360397338867188
2025-09-28 17:00:00,29.456202149391174
2025-09-28 17:30:00,38.79338765144348
2025-09-28 18:00:00,29.286269187927246
2025-09-28 18:30:00,34.839507937431335
2025-09-28 19:00:00,48.27253818511963
2025-09-28 19:30:00,35.67932689189911
2025-09-28 20:00:00,38.176483511924744
2025-09-28 20:30:00,25.094364166259766
2025-09-28 21:00:00,27.0355042219162
2025-09-28 21:30:00,40.996583104133606
2025-09-28 22:00:00,35.29962694644928
2025-09-28 22:30:00,37.95017910003662
2025-09-28 23:00:00,27.177128791809082
2025-09-28 23:30:00,29.137274622917175
2025-09-29 00:00:00,29.45905101299286
2025-09-29 00:30:00,39.69616949558258
2025-09-29 01:00:00,35.871267199516296
2025-09-29 01:30:00,20.419454097747803
2025-09-29 02:00:00,16.4825536608696
2025-09-29 02:30:00,14.540350914001465
2025-09-29 03:00:00,25.852101802825928
2025-09-29 03:30:00,25.266675353050232
2025-09-29 04:00:00,23.950265049934387
2025-09-29 04:30:00,31.965815663337708
2025-09-29 05:00:00,17.12881636619568
2025-09-29 05:30:00,9.46835920214653
2025-09-29 06:00:00,25.285906434059143
2025-09-29 06:30:00,31.20062291622162
2025-09-29 07:00:00,35.1851692199707
2025-09-29 07:30:00,37.24286484718323
2025-09-29 08:00:00,38.774527072906494
2025-09-29 08:30:00,25.034550547599792
2025-09-29 09:00:00,41.588390707969666
2025-09-29 09:30:00,35.783037543296814
2025-09-29 10:00:00,27.601576924324036
2025-09-29 10:30:00,25.53106391429901
2025-09-29 11:00:00,41.80671179294586
2025-09-29 11:30:00,29.90951442718506
2025-09-29 12:00:00,37.19137251377106
2025-09-29 12:30:00,41.22819221019745
2025-09-29 13:00:00,43.47936522960663
2025-09-29 13:30:00,35.334829688072205
2025-09-29 14:00:00,41.91292083263397
2025-09-29 14:30:00,23.430082082748413
2025-09-29 15:00:00,17.776001572608948
2025-09-29 15:30:00,41.63631570339203
2025-09-29 16:00:00,24.3526132106781
2025-09-29 16:30:00,35.60689866542816
2025-09-29 17:00:00,22.430286169052124
2025-09-29 17:30:00,28.82070028781891
2025-09-29 18:00:00,32.985047936439514
2025-09-29 18:30:00,28.537851691246033
2025-09-29 19:00:00,34.71680402755737
2025-09-29 19:30:00,23.961788177490234
2025-09-29 20:00:00,22.822357892990112
2025-09-29 20:30:00,27.396886825561523
2025-09-29 21:00:00,19.547216176986694
2025-09-29 21:30:00,22.59286916255951
2025-09-29 22:00:00,38.135963559150696
2025-09-29 22:30:00,31.92820966243744
2025-09-29 23:00:00,26.93080973625183
2025-09-29 23:30:00,17.729628682136536
2025-09-30 00:00:00,15.76509690284729
2025-09-30 00:30:00,19.062759160995483
2025-09-30 01:00:00,26.444347500801086
2025-09-30 01:30:00,41.78313982486725
2025-09-30 02:00:00,28.999948382377625
2025-09-30 02:30:00,25.44844686985016
2025-09-30 03:00:00,36.70093238353729
2025-09-30 03:30:00,28.35583984851837
2025-09-30 04:00:00,12.740845441818237
2025-09-30 04:30:00,32.37310802936554
2025-09-30 05:00:00,29.199624180793762
2025-09-30 05:30:00,24.76944100856781
2025-09-30 06:00:00,34.302279353141785
2025-09-30 06:30:00,23.933685064315796
2025-09-30 07:00:00,21.18914544582367
2025-09-30 07:30:00,15.708430051803589
2025-09-30 08:00:00,27.613988757133484
2025-09-30 08:30:00,30.713589906692505
2025-09-30 09:00:00,31.495367646217346
2025-09-30 09:30:00,15.925600826740265
2025-09-30 10:00:00,15.406718373298645
2025-09-30 10:30:00,29.202432990074158
2025-09-30 11:00:00,39.492653489112854
2025-09-30 11:30:00,27.941315174102783
2025-09-30 12:00:00,29.67098844051361
2025-09-30 12:30:00,30.367913603782654
2025-09-30 13:00:00,21.119688749313354
2025-09-30 13:30:00,28.094195008277893
2025-09-30 14:00:00,23.38772213459015
2025-09-30 14:30:00,30.08237886428833
2025-09-30 15:00:00,18.326868653297424
2025-09-30 15:30:00,14.61781096458435
2025-09-30 16:00:00,25.306146383285522
2025-09-30 16:30:00,27.865397214889526
2025-09-30 17:00:00,30.694594144821167
2025-09-30 17:30:00,26.99825119972229
2025-09-30 18:00:00,25.12934911251068
2025-09-30 18:30:00,35.475380301475525
2025-09-30 19:00:00,46.420496463775635
2025-09-30 19:30:00,44.36443555355072
2025-09-30 20:00:00,38.35923385620117
2025-09-30 20:30:00,47.01688027381897
2025-09-30 21:00:00,43.046037554740906
2025-09-30 21:30:00,34.06141018867493
2025-09-30 22:00:00,46.02366328239441
2025-09-30 22:30:00,32.99342930316925
2025-09-30 23:00:00,31.16271150112152
2025-09-30 23:30:00,41.44207727909088
2025-10-01 00:00:00,27.856422543525696
2025-10-01 00:30:00,35.645413398742676
2025-10-01 01:00:00,41.06620252132416
2025-10-01 01:30:00,22.18470561504364
2025-10-01 02:00:00,30.23945438861847
2025-10-01 02:30:00,32.73852860927582
2025-10-01 03:00:00,27.67796552181244
2025-10-01 03:30:00,15.602910697460175
2025-10-01 04:00:00,22.66420340538025
2025-10-01 04:30:00,27.624568104743958
2025-10-01 05:00:00,28.490217089653015
2025-10-01 05:30:00,25.971601366996765
2025-10-01 06:00:00,32.4446976184845
2025-10-01 06:30:00,36.6481808423996
2025-10-01 07:00:00,37.745556592941284
2025-10-01 07:30:00,25.518046259880066
2025-10-01 08:00:00,32.0942223072052
2025-10-01 08:30:00,20.2343430519104
2025-10-01 09:00:00,30.681008219718933
2025-10-01 09:30:00,21.307668685913086
2025-10-01 10:00:00,25.25849676132202
2025-10-01 10:30:00,25.675457239151
2025-10-01 11:00:00,25.795657753944397
2025-10-01 11:30:00,32.7495836019516
2025-10-01 12:00:00,23.976685881614685
2025-10-01 12:30:00,25.55576741695404
2025-10-01 13:00:00,12.475819766521454
2025-10-01 13:30:00,30.672611832618713
2025-10-01 14:00:00,36.04965913295746
2025-10-01 14:30:00,36.51271963119507
2025-10-01 15:00:00,34.842251658439636
2025-10-01 15:30:00,19.071085453033447
2025-10-01 16:00:00,29.72428071498871
2025-10-01 16:30:00,27.774919509887695
2025-10-01 17:00:00,31.015804767608643
2025-10-01 17:30:00,31.89926791191101
2025-10-01 18:00:00,24.63897156715393
2025-10-01 18:30:00,20.29396891593933
2025-10-01 19:00:00,16.925400495529175
2025-10-01 19:30:00,32.942049622535706
2025-10-01 20:00:00,44.221524238586426
2025-10-01 20:30:00,23.429473757743835
2025-10-01 21:00:00,28.966260194778442
2025-10-01 21:30:00,42.20793092250824
2025-10-01 22:00:00,38.21641266345978
2025-10-01 22:30:00,25.393985509872437
2025-10-01 23:00:00,37.71217381954193
2025-10-01 23:30:00,32.78931248188019
2025-10-02 00:00:00,25.267744302749634
2025-10-02 00:30:00,38.628231167793274
2025-10-02 01:00:00,28.491496324539185
2025-10-02 01:30:00,31.684674382209778
2025-10-02 02:00:00,31.156795978546143
2025-10-02 02:30:00,43.896220564842224
2025-10-02 03:00:00,30.29513990879059
2025-10-02 03:30:00,29.97576677799225
2025-10-02 04:00:00,22.859415650367737
2025-10-02 04:30:00,31.649396538734436
2025-10-02 05:00:00,33.55337119102478
2025-10-02 05:30:00,40.674861788749695
2025-10-02 06:00:00,55.883970737457275
2025-10-02 06:30:00,34.119876980781555
2025-10-02 07:00:00,36.18869769573212
2025-10-02 07:30:00,18.757500171661377
2025-10-02 08:00:00,40.50164186954498
2025-10-02 08:30:00,20.55777668952942
2025-10-02 09:00:00,37.996519446372986
2025-10-02 09:30:00,36.03478395938873
2025-10-02 10:00:00,48.744548320770264
2025-10-02 10:30:00,34.22125446796417
2025-10-02 11:00:00,25.649932622909546
2025-10-02 11:30:00,39.31850731372833
2025-10-02 12:00:00,46.94334053993225
2025-10-02 12:30:00,31.729204773902893
2025-10-02 13:00:00,33.80813920497894
2025-10-02 13:30:00,32.529985785484314
2025-10-02 14:00:00,33.55362153053284
2025-10-02 14:30:00,28.4351624250412
2025-10-02 15:00:00,24.6923965215683
2025-10-02 15:30:00,24.062707543373108
2025-10-02 16:00:00,40.32510995864868
2025-10-02 16:30:00,36.79789388179779
2025-10-02 17:00:00,33.21450662612915
2025-10-02 17:30:00,31.87632179260254
2025-10-02 18:00:00,19.874625205993652
2025-10-02 18:30:00,41.11010456085205
2025-10-02 19:00:00,42.47916376590729
2025-10-02 19:30:00,50.85696315765381
2025-10-02 20:00:00,32.982314229011536
2025-10-02 20:30:00,30.067198276519775
2025-10-02 21:00:00,20.396039843559265
2025-10-02 21:30:00,18.723511576652527
2025-10-02 22:00:00,25.842926859855652
2025-10-02 22:30:00,27.42149269580841
2025-10-02 23:00:00,35.535043716430664
2025-10-02 23:30:00,38.46767592430115
2025-10-03 00:00:00,29.983975410461426
2025-10-03 00:30:00,44.13261616230011
2025-10-03 01:00:00,21.25651180744171
2025-10-03 01:30:00,22.02054798603058
2025-10-03 02:00:00,26.414331793785095
2025-10-03 02:30:00,37.22382652759552
2025-10-03 03:00:00,32.25533831119537
2025-10-03 03:30:00,26.795043110847473
2025-10-03 04:00:00,31.367842197418213
2025-10-03 04:30:00,32.34823930263519
2025-10-03 05:00:00,22.31438648700714
2025-10-03 05:30:00,26.761207222938538
2025-10-03 06:00:00,43.99118435382843
2025-10-03 06:30:00,34.793230175971985
2025-10-03 07:00:00,36.79734814167023
2025-10-03 07:30:00,25.573020815849304
2025-10-03 08:00:00,32.035855650901794
2025-10-03 08:30:00,16.203525245189667
2025-10-03 09:00:00,23.019675493240356
2025-10-03 09:30:00,28.59237563610077
2025-10-03 10:00:00,18.681699872016907
2025-10-03 10:30:00,19.67315447330475
2025-10-03 11:00:00,36.108564019203186
2025-10-03 11:30:00,14.173097848892212
2025-10-03 12:00:00,19.587708592414856
2025-10-03 12:30:00,18.419251441955566
2025-10-03 13:00:00,29.025495529174805
2025-10-03 13:30:00,30.78128170967102
2025-10-03 14:00:00,24.2624534368515
2025-10-03 14:30:00,20.05299460887909
2025-10-03 15:00:00,35.826804399490356
2025-10-03 15:30:00,37.40966355800629
2025-10-03 16:00:00,41.09928739070892
2025-10-03 16:30:00,59.20134973526001
2025-10-03 17:00:00,41.28281629085541
2025-10-03 17:30:00,41.072864055633545
2025-10-03 18:00:00,40.56504786014557
2025-10-03 18:30:00,38.044339299201965
2025-10-03 19:00:00,40.0848491191864
2025-10-03 19:30:00,24.090272426605225
2025-10-03 20:00:00,27.99853026866913
2025-10-03 20:30:00,35.59876263141632
2025-10-03 21:00:00,18.4134761095047
2025-10-03 21:30:00,31.371995329856873
2025-10-03 22:00:00,36.908629059791565
2025-10-03 22:30:00,22.179478526115417
2025-10-03 23:00:00,21.78383445739746
2025-10-03 23:30:00,34.58234167098999
2025-10-04 00:00:00,33.61461424827576
2025-10-04 00:30:00,37.66345274448395
2025-10-04 01:00:00,21.260715007781982
2025-10-04 01:30:00,22.723193407058716
2025-10-04 02:00:00,23.907066464424133
2025-10-04 02:30:00,35.16539490222931
2025-10-04 03:00:00,17.958083510398865
2025-10-04 03:30:00,13.687742114067078
2025-10-04 04:00:00,42.78816282749176
2025-10-04 04:30:00,40.388588547706604
2025-10-04 05:00:00,29.486533284187317
2025-10-04 05:30:00,40.129457116127014
2025-10-04 06:00:00,26.018394827842712
2025-10-04 06:30:00,21.941105246543884
2025-10-04 07:00:00,28.60965406894684
2025-10-04 07:30:00,40.49496781826019
2025-10-04 08:00:00,19.197229027748108
2025-10-04 08:30:00,14.34028834104538
2025-10-04 09:00:00,13.087249606847763
2025-10-04 09:30:00,27.4819096326828
2025-10-04 10:00:00,38.63403403759003
2025-10-04 10:30:00,46.93998599052429
2025-10-04 11:00:00,49.18774938583374
2025-10-04 11:30:00,29.197909355163574
2025-10-04 12:00:00,33.651682019233704
2025-10-04 12:30:00,29.768017530441284
2025-10-04 13:00:00,39.76980435848236
2025-10-04 13:30:00,32.63983976840973
2025-10-04 14:00:00,29.396676421165466
2025-10-04 14:30:00,27.60836112499237
2025-10-04 15:00:00,28.420382380485535
2025-10-04 15:30:00,33.214484095573425
2025-10-04 16:00:00,45.95702791213989
2025-10-04 16:30:00,50.162381172180176
2025-10-04 17:00:00,55.224886894226074
2025-10-04 17:30:00,20.090277671813965
2025-10-04 18:00:00,23.07542109489441
2025-10-04 18:30:00,23.107699871063232
2025-10-04 19:00:00,25.095115184783936
2025-10-04 19:30:00,24.570343494415283
2025-10-04 20:00:00,25.41000723838806
2025-10-04 20:30:00,37.18634569644928
2025-10-04 21:00:00,38.057334423065186
2025-10-04 21:30:00,23.87942898273468
2025-10-04 22:00:00,39.640904545784
2025-10-04 22:30:00,48.300536155700684
2025-10-04 23:00:00,36.307273507118225
2025-10-04 23:30:00,28.554211378097534
2025-10-05 00:00:00,29.990792155265808
2025-10-05 00:30:00,28.43296444416046
2025-10-05 01:00:00,21.959182262420654
2025-10-05 01:30:00,26.540705680847168
2025-10-05 02:00:00,24.762045979499817
2025-10-05 02:30:00,23.592031717300415
2025-10-05 03:00:00,25.411181330680847
2025-10-05 03:30:00,29.6939195394516
2025-10-05 04:00:00,45.00655388832092
2025-10-05 04:30:00,45.23606514930725
2025-10-05 05:00:00,38.98560583591461
2025-10-05 05:30:00,50.71439981460571
2025-10-05 06:00:00,42.07994484901428
2025-10-05 06:30:00,45.06841278076172
2025-10-05 07:00:00,30.00004470348358
2025-10-05 07:30:00,30.193244218826294
2025-10-05 08:00:00,34.47749197483063
2025-10-05 08:30:00,36.40909659862518
2025-10-05 09:00:00,25.393219470977783
2025-10-05 09:30:00,29.326250910758972
2025-10-05 10:00:00,31.27532923221588
2025-10-05 10:30:00,39.24156045913696
2025-10-05 11:00:00,35.88629758358002
2025-10-05 11:30:00,36.12961006164551
2025-10-05 12:00:00,26.670541763305664
2025-10-05 12:30:00,23.934563755989075
2025-10-05 13:00:00,29.494491577148438
2025-10-05 13:30:00,30.1719753742218
2025-10-05 14:00:00,54.03077745437622
2025-10-05 14:30:00,25.810550451278687
2025-10-05 15:00:00,31.037206292152405
2025-10-05 15:30:00,30.519391536712646
2025-10-05 16:00:00,24.41284489631653
2025-10-05 16:30:00,28.67277467250824
2025-10-05 17:00:00,35.01957714557648
2025-10-05 17:30:00,26.60471999645233
2025-10-05 18:00:00,38.41080629825592
2025-10-05 18:30:00,31.289873957633972
2025-10-05 19:00:00,26.13878560066223
2025-10-05 19:30:00,32.38467872142792
2025-10-05 20:00:00,37.177663922309875
2025-10-05 20:30:00,42.2230339050293
2025-10-05 21:00:00,34.48546779155731
2025-10-05 21:30:00,36.576303362846375
2025-10-05 22:00:00,36.51785910129547
2025-10-05 22:30:00,39.08557891845703
2025-10-05 23:00:00,40.06892502307892
2025-10-05 23:30:00,32.725433349609375
2025-10-06 00:00:00,8.938585102558136
2025-10-06 00:30:00,17.12741446495056
2025-10-06 01:00:00,37.412927985191345
2025-10-06 01:30:00,17.649004340171814
2025-10-06 02:00:00,35.871522545814514
2025-10-06 02:30:00,20.872130513191223
2025-10-06 03:00:00,20.30205488204956
2025-10-06 03:30:00,8.049507781863213
2025-10-06 04:00:00,16.333119750022888
2025-10-06 04:30:00,24.55371594429016
2025-10-06 05:00:00,32.54132115840912
2025-10-06 05:30:00,23.530981421470642
2025-10-06 06:00:00,19.270951509475708
2025-10-06 06:30:00,33.262086153030396
2025-10-06 07:00:00,33.552424907684326
2025-10-06 07:30:00,31.779079914093018
2025-10-06 08:00:00,29.17397940158844
2025-10-06 08:30:00,40.25011074542999
2025-10-06 09:00:00,39.22347593307495
2025-10-06 09:30:00,37.76936638355255
2025-10-06 10:00:00,50.5783953666687
2025-10-06 10:30:00,50.1676082611084
2025-10-06 11:00:00,41.31410622596741
2025-10-06 11:30:00,30.513290762901306
2025-10-06 12:00:00,17.271860361099243
2025-10-06 12:30:00,18.901563048362732
2025-10-06 13:00:00,37.384023785591125
2025-10-06 13:30:00,31.32460105419159
2025-10-06 14:00:00,47.21134901046753
2025-10-06 14:30:00,33.150312066078186
2025-10-06 15:00:00,31.513034105300903
2025-10-06 15:30:00,42.18955850601196
2025-10-06 16:00:00,29.125380992889404
2025-10-06 16:30:00,23.925516486167908
2025-10-06 17:00:00,33.38374364376068
2025-10-06 17:30:00,25.430174589157104
2025-10-06 18:00:00,47.90009307861328
2025-10-06 18:30:00,34.42408204078674
2025-10-06 19:00:00,27.287959098815918
2025-10-06 19:30:00,35.639658093452454
2025-10-06 20:00:00,22.71476697921753
2025-10-06 20:30:00,26.15074932575226
2025-10-06 21:00:00,20.919602394104004
2025-10-06 21:30:00,24.163031101226807
2025-10-06 22:00:00,30.22138738632202
2025-10-06 22:30:00,21.85652804374695
2025-10-06 23:00:00,19.975189089775085
2025-10-06 23:30:00,33.25932490825653
2025-10-07 00:00:00,9.001156210899353
2025-10-07 00:30:00,28.5750972032547
2025-10-07 01:00:00,42.94890332221985
2025-10-07 01:30:00,42.67306673526764
2025-10-07 02:00:00,52.720810890197754
2025-10-07 02:30:00,46.825836181640625
2025-10-07 03:00:00,57.63203144073486
2025-10-07 03:30:00,29.03524124622345
2025-10-07 04:00:00,27.250683546066284
2025-10-07 04:30:00,18.055155158042908
2025-10-07 05:00:00,22.253596544265747
2025-10-07 05:30:00,24.63278067111969
2025-10-07 06:00:00,20.8070547580719
2025-10-07 06:30:00,26.918983697891235
2025-10-07 07:00:00,23.7159823179245
2025-10-07 07:30:00,29.075080275535583
2025-10-07 08:00:00,55.68752932548523
2025-10-07 08:30:00,46.240747690200806
2025-10-07 09:00:00,33.606475710868835
2025-10-07 09:30:00,39.44002711772919
2025-10-07 10:00:00,36.05802047252655
2025-10-07 10:30:00,25.054224729537964
2025-10-07 11:00:00,24.578657269477844
2025-10-07 11:30:00,17.840416431427002
2025-10-07 12:00:00,32.24333202838898
2025-10-07 12:30:00,31.58643615245819
2025-10-07 13:00:00,42.244770884513855
2025-10-07 13:30:00,48.6708984375
2025-10-07 14:00:00,56.08146357536316
2025-10-07 14:30:00,26.501630187034607
2025-10-07 15:00:00,30.91100263595581
2025-10-07 15:30:00,27.357550978660583
2025-10-07 16:00:00,16.680015206336975
2025-10-07 16:30:00,33.88913905620575
2025-10-07 17:00:00,23.482590794563293
2025-10-07 17:30:00,20.725879669189453
2025-10-07 18:00:00,33.62337112426758
2025-10-07 18:30:00,39.42519199848175
2025-10-07 19:00:00,38.74684703350067
2025-10-07 19:30:00,28.23553168773651
2025-10-07 20:00:00,22.258590817451477
2025-10-07 20:30:00,15.36307668685913
2025-10-07 21:00:00,7.403496980667114
2025-10-07 21:30:00,28.42187190055847
2025-10-07 22:00:00,17.381223678588867
2025-10-07 22:30:00,42.22361218929291
2025-10-07 23:00:00,38.63858771324158
2025-10-07 23:30:00,38.58644700050354
2025-10-08 00:00:00,25.765514373779297
2025-10-08 00:30:00,19.358417630195618
2025-10-08 01:00:00,22.868207573890686
2025-10-08 01:30:00,35.3878515958786
2025-10-08 02:00:00,36.7638201713562
2025-10-08 02:30:00,40.20576560497284
2025-10-08 03:00:00,45.87622332572937
2025-10-08 03:30:00,44.5960396528244
2025-10-08 04:00:00,37.9612090587616
2025-10-08 04:30:00,35.433879017829895
2025-10-08 05:00:00,32.770787358284
2025-10-08 05:30:00,36.89137065410614
2025-10-08 06:00:00,33.53930962085724
2025-10-08 06:30:00,28.15769612789154
2025-10-08 07:00:00,39.85253405570984
2025-10-08 07:30:00,31.099998950958252
2025-10-08 08:00:00,32.49743914604187
2025-10-08 08:30:00,28.626744747161865
2025-10-08 09:00:00,35.034324645996094
2025-10-08 09:30:00,18.511311292648315
2025-10-08 10:00:00,15.895308494567871
2025-10-08 10:30:00,26.642160773277283
2025-10-08 11:00:00,29.177456617355347
2025-10-08 11:30:00,32.21511375904083
2025-10-08 12:00:00,27.59796953201294
2025-10-08 12:30:00,19.427806735038757
2025-10-08 13:00:00,26.56736183166504
2025-10-08 13:30:00,46.555965185165405
2025-10-08 14:00:00,41.77157413959503
2025-10-08 14:30:00,31.82399833202362
2025-10-08 15:00:00,55.07646059989929
2025-10-08 15:30:00,38.61522853374481
2025-10-08 16:00:00,36.52987539768219
2025-10-08 16:30:00,27.932355523109436
2025-10-08 17:00:00,25.51448142528534
2025-10-08 17:30:00,30.15296459197998
2025-10-08 18:00:00,29.619563698768616
2025-10-08 18:30:00,20.297213315963745
2025-10-08 19:00:00,26.004085421562195
2025-10-08 19:30:00,40.36697173118591
2025-10-08 20:00:00,30.993747353553772
2025-10-08 20:30:00,18.659139275550842
2025-10-08 21:00:00,20.2948876619339
2025-10-08 21:30:00,27.38440489768982
2025-10-08 22:00:00,28.642571210861206
2025-10-08 22:30:00,3.027827739715576
2025-10-08 23:00:00,25.117172598838806
2025-10-08 23:30:00,36.34273159503937
2025-10-09 00:00:00,10.03757992386818
2025-10-09 00:30:00,32.64164221286774
2025-10-09 01:00:00,23.720160484313965
2025-10-09 01:30:00,40.816739201545715
2025-10-09 02:00:00,40.46045100688934
2025-10-09 02:30:00,30.014506816864014
2025-10-09 03:00:00,34.304226994514465
2025-10-09 03:30:00,16.026376247406006
2025-10-09 04:00:00,30.41553568840027
2025-10-09 04:30:00,32.337379574775696
2025-10-09 05:00:00,21.481857419013977
2025-10-09 05:30:00,27.65511202812195
2025-10-09 06:00:00,41.75186491012573
2025-10-09 06:30:00,31.683305025100708
2025-10-09 07:00:00,35.94532513618469
2025-10-09 07:30:00,44.52314579486847
2025-10-09 08:00:00,28.62919056415558
2025-10-09 08:30:00,39.829445242881775
2025-10-09 09:00:00,43.82513415813446
2025-10-09 09:30:00,27.46949529647827
2025-10-09 10:00:00,35.899906039237976
2025-10-09 10:30:00,32.35105812549591
2025-10-09 11:00:00,36.08219075202942
2025-10-09 11:30:00,26.142685890197754
2025-10-09 12:00:00,25.701404929161072
2025-10-09 12:30:00,27.420446276664734
2025-10-09 13:00:00,29.92065453529358
2025-10-09 13:30:00,35.75069868564606
2025-10-09 14:00:00,32.9584618806839
2025-10-09 14:30:00,26.78330969810486
2025-10-09 15:00:00,34.62423849105835
2025-10-09 15:30:00,42.59356892108917
2025-10-09 16:00:00,42.21791446208954
2025-10-09 16:30:00,38.48137950897217
2025-10-09 17:00:00,24.605809092521667
2025-10-09 17:30:00,30.32948398590088
2025-10-09 18:00:00,44.99062979221344
2025-10-09 18:30:00,34.75418221950531
2025-10-09 19:00:00,37.34387683868408
2025-10-09 19:30:00,34.57733738422394
2025-10-09 20:00:00,46.81105613708496
2025-10-09 20:30:00,42.17901170253754
2025-10-09 21:00:00,45.95600652694702
2025-10-09 21:30:00,31.576284885406494
2025-10-09 22:00:00,27.987029671669006
2025-10-09 22:30:00,16.394366562366486
2025-10-09 23:00:00,31.181652188301086
2025-10-09 23:30:00,23.36514151096344
2025-10-10 00:00:00,23.759050726890564
2025-10-10 00:30:00,29.41229009628296
2025-10-10 01:00:00,19.784167528152466
2025-10-10 01:30:00,31.66762125492096
2025-10-10 02:00:00,25.87452220916748
2025-10-10 02:30:00,43.54826867580414
2025-10-10 03:00:00,37.71967399120331
2025-10-10 03:30:00,37.076937317848206
2025-10-10 04:00:00,40.16069948673248
2025-10-10 04:30:00,30.72793686389923
2025-10-10 05:00:00,23.92118811607361
2025-10-10 05:30:00,19.488218665122986
2025-10-10 06:00:00,39.9736407995224
2025-10-10 06:30:00,45.55101728439331
2025-10-10 07:00:00,35.46432280540466
2025-10-10 07:30:00,44.84812152385712
2025-10-10 08:00:00,56.7151780128479
2025-10-10 08:30:00,44.049944043159485
2025-10-10 09:00:00,36.89747393131256
2025-10-10 09:30:00,35.38732588291168
2025-10-10 10:00:00,40.38773989677429
2025-10-10 10:30:00,30.94644320011139
2025-10-10 11:00:00,16.17804193496704
2025-10-10 11:30:00,30.5248464345932
2025-10-10 12:00:00,41.56809318065643
2025-10-10 12:30:00,27.82730805873871
2025-10-10 13:00:00,28.72819232940674
2025-10-10 13:30:00,11.082395017147064
2025-10-10 14:00:00,31.7435542345047
2025-10-10 14:30:00,32.0389598608017
2025-10-10 15:00:00,19.085655212402344
2025-10-10 15:30:00,12.580370932817459
2025-10-10 16:00:00,28.086602210998535
2025-10-10 16:30:00,35.8305344581604
2025-10-10 17:00:00,33.19204115867615
2025-10-10 17:30:00,40.597301602363586
2025-10-10 18:00:00,40.02302527427673
2025-10-10 18:30:00,40.07568418979645
2025-10-10 19:00:00,33.14172041416168
2025-10-10 19:30:00,35.74033212661743
2025-10-10 20:00:00,38.982922196388245
2025-10-10 20:30:00,35.921555399894714
2025-10-10 21:00:00,30.46786916255951
2025-10-10 21:30:00,19.80204677581787
2025-10-10 22:00:00,17.78401243686676
2025-10-10 22:30:00,11.659638494253159
2025-10-10 23:00:00,34.240805983543396
2025-10-10 23:30:00,25.85238468647003
2025-10-11 00:00:00,16.447229504585266
2025-10-11 00:30:00,25.199339032173157
2025-10-11 01:00:00,34.73554193973541
2025-10-11 01:30:00,36.21460783481598
2025-10-11 02:00:00,15.09085750579834
2025-10-11 02:30:00,15.307317316532135
2025-10-11 03:00:00,11.064996421337128
2025-10-11 03:30:00,28.019318461418152
2025-10-11 04:00:00,16.85033619403839
2025-10-11 04:30:00,21.313423991203308
2025-10-11 05:00:00,36.06960117816925
2025-10-11 05:30:00,17.371192574501038
2025-10-11 06:00:00,23.28314781188965
2025-10-11 06:30:00,35.6162588596344
2025-10-11 07:00:00,36.881001591682434
2025-10-11 07:30:00,48.377355337142944
2025-10-11 08:00:00,43.57285952568054
2025-10-11 08:30:00,41.3071893453598
2025-10-11 09:00:00,38.66541409492493
2025-10-11 09:30:00,51.858781814575195
2025-10-11 10:00:00,34.81205070018768
2025-10-11 10:30:00,28.999117255210876
2025-10-11 11:00:00,22.187602043151855
2025-10-11 11:30:00,22.127132534980774
2025-10-11 12:00:00,31.1554616689682
2025-10-11 12:30:00,34.58845496177673
2025-10-11 13:00:00,37.529653787612915
2025-10-11 13:30:00,42.92353391647339
2025-10-11 14:00:00,32.822357296943665
2025-10-11 14:30:00,28.485650897026062
2025-10-11 15:00:00,21.04289209842682
2025-10-11 15:30:00,49.441333293914795
2025-10-11 16:00:00,34.77495038509369
2025-10-11 16:30:00,53.77526092529297
2025-10-11 17:00:00,32.31444597244263
2025-10-11 17:30:00,14.602197289466858
2025-10-11 18:00:00,30.109110116958618
2025-10-11 18:30:00,34.779481530189514
2025-10-11 19:00:00,34.67370808124542
2025-10-11 19:30:00,28.866374731063843
2025-10-11 20:00:00,26.31752300262451
2025-10-11 20:30:00,23.301287412643433
2025-10-11 21:00:00,30.067801594734192
2025-10-11 21:30:00,44.744823932647705
2025-10-11 22:00:00,52.476584672927856
2025-10-11 22:30:00,38.136616945266724
2025-10-11 23:00:00,50.88322877883911
2025-10-11 23:30:00,34.90693688392639
2025-10-12 00:00:00,17.746055960655212
2025-10-12 00:30:00,19.658952713012695
2025-10-12 01:00:00,23.878397583961487
2025-10-12 01:30:00,25.61353325843811
2025-10-12 02:00:00,22.857998728752136
2025-10-12 02:30:00,21.119768857955933
2025-10-12 03:00:00,30.496482968330383
2025-10-12 03:30:00,20.42867910861969
2025-10-12 04:00:00,16.547543048858643
2025-10-12 04:30:00,19.358657956123352
2025-10-12 05:00:00,25.45870077610016
2025-10-12 05:30:00,20.270704865455627
2025-10-12 06:00:00,30.876248002052307
2025-10-12 06:30:00,25.13539731502533
2025-10-12 07:00:00,43.01701319217682
2025-10-12 07:30:00,34.54980504512787
2025-10-12 08:00:00,34.05177962779999
2025-10-12 08:30:00,29.80053412914276
2025-10-12 09:00:00,36.98419404029846
2025-10-12 09:30:00,39.29375874996185
2025-10-12 10:00:00,36.4726527929306
2025-10-12 10:30:00,59.15070104598999
2025-10-12 11:00:00,36.69530975818634
2025-10-12 11:30:00,13.199620127677917
2025-10-12 12:00:00,21.582754254341125
2025-10-12 12:30:00,31.495437741279602
2025-10-12 13:00:00,27.57083022594452
2025-10-12 13:30:00,37.4863600730896
2025-10-12 14:00:00,30.939488768577576
2025-10-12 14:30:00,31.47947108745575
2025-10-12 15:00:00,42.60797595977783
2025-10-12 15:30:00,27.10975992679596
2025-10-12 16:00:00,30.43768072128296
2025-10-12 16:30:00,40.9485729932785
2025-10-12 17:00:00,44.26097524166107
2025-10-12 17:30:00,31.75636661052704
2025-10-12 18:00:00,18.730916619300842
2025-10-12 18:30:00,29.62210214138031
2025-10-12 19:00:00,33.600505113601685
2025-10-12 19:30:00,48.74028253555298
2025-10-12 20:00:00,41.9325875043869
2025-10-12 20:30:00,51.53217887878418
2025-10-12 21:00:00,55.750529766082764
2025-10-12 21:30:00,55.78539705276489
2025-10-12 22:00:00,39.22169351577759
2025-10-12 22:30:00,46.9039671421051
2025-10-12 23:00:00,24.130131483078003
2025-10-12 23:30:00,25.787128686904907
2025-10-13 00:00:00,27.12837266921997
2025-10-13 00:30:00,35.32726693153381
2025-10-13 01:00:00,36.99248027801514
2025-10-13 01:30:00,30.890685081481934
2025-10-13 02:00:00,41.45997655391693
2025-10-13 02:30:00,30.88165283203125
2025-10-13 03:00:00,37.36049687862396
2025-10-13 03:30:00,45.07704949378967
2025-10-13 04:00:00,40.47692084312439
2025-10-13 04:30:00,38.343727827072144
2025-10-13 05:00:00,36.41451144218445
2025-10-13 05:30:00,36.34323728084564
2025-10-13 06:00:00,41.49462354183197
2025-10-13 06:30:00,24.96550691127777
2025-10-13 07:00:00,36.61898875236511
2025-10-13 07:30:00,27.429163098335266
2025-10-13 08:00:00,23.603432178497314
2025-10-13 08:30:00,13.663198828697205
2025-10-13 09:00:00,56.07841444015503
2025-10-13 09:30:00,33.26556587219238
2025-10-13 10:00:00,26.082857251167297
2025-10-13 10:30:00,27.922439575195312
2025-10-13 11:00:00,25.870912313461304
2025-10-13 11:30:00,14.36349105834961
2025-10-13 12:00:00,29.307422876358032
2025-10-13 12:30:00,25.96277940273285
2025-10-13 13:00:00,31.642051577568054
2025-10-13 13:30:00,36.801008105278015
2025-10-13 14:00:00,45.38333988189697
2025-10-13 14:30:00,28.683454155921936
2025-10-13 15:00:00,46.98902750015259
2025-10-13 15:30:00,26.214833736419678
2025-10-13 16:00:00,28.8043931722641
2025-10-13 16:30:00,31.813494086265564
2025-10-13 17:00:00,35.81191170215607
2025-10-13 17:30:00,52.616995096206665
2025-10-13 18:00:00,40.24288094043732
2025-10-13 18:30:00,39.9066299200058
2025-10-13 19:00:00,35.99730062484741
2025-10-13 19:30:00,22.02302885055542
2025-10-13 20:00:00,36.275981068611145
2025-10-13 20:30:00,30.855302095413208
2025-10-13 21:00:00,38.56094992160797
2025-10-13 21:30:00,47.7892427444458
2025-10-13 22:00:00,53.5551974773407
2025-10-13 22:30:00,50.356314182281494
2025-10-13 23:00:00,42.18136990070343
2025-10-13 23:30:00,34.8136328458786
2025-10-14 00:00:00,24.672324299812317
2025-10-14 00:30:00,30.282217383384705
2025-10-14 01:00:00,21.486786603927612
2025-10-14 01:30:00,14.328941702842712
2025-10-14 02:00:00,21.539355397224426
2025-10-14 02:30:00,25.485371947288513
2025-10-14 03:00:00,26.561962008476257
2025-10-14 03:30:00,25.25561285018921
2025-10-14 04:00:00,31.5691477060318
2025-10-14 04:30:00,25.5614150762558
2025-10-14 05:00:00,41.91605508327484
2025-10-14 05:30:00,28.969767451286316
2025-10-14 06:00:00,41.37233519554138
2025-10-14 06:30:00,31.643173098564148
2025-10-14 07:00:00,42.623772382736206
2025-10-14 07:30:00,29.19948148727417
2025-10-14 08:00:00,45.885701179504395
2025-10-14 08:30:00,23.647639632225037
2025-10-14 09:00:00,38.66716146469116
2025-10-14 09:30:00,35.01947200298309
2025-10-14 10:00:00,23.296921491622925
2025-10-14 10:30:00,34.26438295841217
2025-10-14 11:00:00,28.98105025291443
2025-10-14 11:30:00,34.410163164138794
2025-10-14 12:00:00,26.353066205978394
2025-10-14 12:30:00,20.383675575256348
2025-10-14 13:00:00,25.379653573036194
2025-10-14 13:30:00,26.37200689315796
2025-10-14 14:00:00,37.64033639431
2025-10-14 14:30:00,29.48994791507721
2025-10-14 15:00:00,22.033390402793884
2025-10-14 15:30:00,30.607163071632385
2025-10-14 16:00:00,21.944962978363037
2025-10-14 16:30:00,25.894161343574524
2025-10-14 17:00:00,32.419936537742615
2025-10-14 17:30:00,34.92902183532715
2025-10-14 18:00:00,33.08379685878754
2025-10-14 18:30:00,19.602919220924377
2025-10-14 19:00:00,12.59447568655014
2025-10-14 19:30:00,18.707417249679565
2025-10-14 20:00:00,26.490087032318115
2025-10-14 20:30:00,23.32204306125641
2025-10-14 21:00:00,17.505509734153748
2025-10-14 21:30:00,26.173274874687195
2025-10-14 22:00:00,17.96614944934845
2025-10-14 22:30:00,16.893039107322693
2025-10-14 23:00:00,16.994982361793518
2025-10-14 23:30:00,28.677000403404236
2025-10-15 00:00:00,25.69418513774872
2025-10-15 00:30:00,30.60878276824951
2025-10-15 01:00:00,22.36039638519287
2025-10-15 01:30:00,25.490674138069153
2025-10-15 02:00:00,13.98927104473114
2025-10-15 02:30:00,20.938037395477295
2025-10-15 03:00:00,33.709537982940674
2025-10-15 03:30:00,34.05473864078522
2025-10-15 04:00:00,38.06464684009552
2025-10-15 04:30:00,29.02065145969391
2025-10-15 05:00:00,38.36426818370819
2025-10-15 05:30:00,55.02483057975769
2025-10-15 06:00:00,36.5379638671875
2025-10-15 06:30:00,21.471460819244385
2025-10-15 07:00:00,40.59357154369354
2025-10-15 07:30:00,46.25357508659363
2025-10-15 08:00:00,38.577667593955994
2025-10-15 08:30:00,34.356948494911194
2025-10-15 09:00:00,46.125561475753784
2025-10-15 09:30:00,42.628586411476135
2025-10-15 10:00:00,47.67521810531616
2025-10-15 10:30:00,17.43339192867279
2025-10-15 11:00:00,27.847840905189514
2025-10-15 11:30:00,29.910430669784546
2025-10-15 12:00:00,39.36215901374817
2025-10-15 12:30:00,25.834405303001404
2025-10-15 13:00:00,38.04818952083588
2025-10-15 13:30:00,43.248196721076965
2025-10-15 14:00:00,26.27084970474243
2025-10-15 14:30:00,39.24920833110809
2025-10-15 15:00:00,24.50938582420349
2025-10-15 15:30:00,28.873719692230225
2025-10-15 16:00:00,22.73801600933075
2025-10-15 16:30:00,30.165571689605713
2025-10-15 17:00:00,24.761460185050964
2025-10-15 17:30:00,33.69574427604675
2025-10-15 18:00:00,35.716256976127625
2025-10-15 18:30:00,33.75991880893707
2025-10-15 19:00:00,40.84570348262787
2025-10-15 19:30:00,39.155646443367004
2025-10-15 20:00:00,27.16881251335144
2025-10-15 20:30:00,32.83842408657074
2025-10-15 21:00:00,40.946009516716
2025-10-15 21:30:00,34.45393753051758
2025-10-15 22:00:00,34.79788148403168
2025-10-15 22:30:00,46.171959400177
2025-10-15 23:00:00,33.301291823387146
2025-10-15 23:30:00,32.499799847602844
2025-10-16 00:00:00,19.09625208377838
2025-10-16 00:30:00,18.189855337142944
2025-10-16 01:00:00,17.62007761001587
2025-10-16 01:30:00,36.4532014131546
2025-10-16 02:00:00,30.293182253837585
2025-10-16 02:30:00,24.544005274772644
2025-10-16 03:00:00,23.50454807281494
2025-10-16 03:30:00,28.834879517555237
2025-10-16 04:00:00,52.17945671081543
2025-10-16 04:30:00,47.572518825531006
2025-10-16 05:00:00,33.23748528957367
2025-10-16 05:30:00,32.543957233428955
2025-10-16 06:00:00,23.149819493293762
2025-10-16 06:30:00,17.257358193397522
2025-10-16 07:00:00,19.387634754180908
2025-10-16 07:30:00,15.858856558799744
2025-10-16 08:00:00,32.04662775993347
2025-10-16 08:30:00,33.94919049739838
2025-10-16 09:00:00,33.90382647514343
2025-10-16 09:30:00,47.06939649581909
2025-10-16 10:00:00,29.5393123626709
2025-10-16 10:30:00,24.244776964187622
2025-10-16 11:00:00,23.9737468957901
2025-10-16 11:30:00,19.925719499588013
2025-10-16 12:00:00,18.27647030353546
2025-10-16 12:30:00,33.91685664653778
2025-10-16 13:00:00,38.88668167591095
2025-10-16 13:30:00,35.618224024772644
2025-10-16 14:00:00,28.966638207435608
2025-10-16 14:30:00,35.72380721569061
2025-10-16 15:00:00,28.4478120803833
2025-10-16 15:30:00,33.42214572429657
2025-10-16 16:00:00,36.986724972724915
2025-10-16 16:30:00,40.848342061042786
2025-10-16 17:00:00,32.96479046344757
2025-10-16 17:30:00,27.654959321022034
2025-10-16 18:00:00,35.38222897052765
2025-10-16 18:30:00,52.41542673110962
2025-10-16 19:00:00,42.06951069831848
2025-10-16 19:30:00,49.76368045806885
2025-10-16 20:00:00,51.58501052856445
2025-10-16 20:30:00,50.10769701004028
2025-10-16 21:00:00,45.52534246444702
2025-10-16 21:30:00,33.336109042167664
2025-10-16 22:00:00,31.106815695762634
2025-10-16 22:30:00,46.96524524688721
2025-10-16 23:00:00,16.453379094600677
2025-10-16 23:30:00,28.350725412368774
2025-10-17 00:00:00,29.44341731071472
2025-10-17 00:30:00,30.964092135429382
2025-10-17 01:00:00,27.95788264274597
2025-10-17 01:30:00,10.87142327427864
2025-10-17 02:00:00,36.38799297809601
2025-10-17 02:30:00,24.334779024124146
2025-10-17 03:00:00,42.99789476394653
2025-10-17 03:30:00,27.100675106048584
2025-10-17 04:00:00,29.36146867275238
2025-10-17 04:30:00,20.366059184074402
2025-10-17 05:00:00,39.60516357421875
2025-10-17 05:30:00,29.48729681968689
2025-10-17 06:00:00,28.50381052494049
2025-10-17 06:30:00,28.40428054332733
2025-10-17 07:00:00,24.989687204360962
2025-10-17 07:30:00,36.40811026096344
2025-10-17 08:00:00,38.25907301902771
2025-10-17 08:30:00,23.964008688926697
2025-10-17 09:00:00,24.998624324798584
2025-10-17 09:30:00,43.89562976360321
2025-10-17 10:00:00,42.929091453552246
2025-10-17 10:30:00,25.420108437538147
2025-10-17 11:00:00,13.421102374792099
2025-10-17 11:30:00,33.5897980928421
2025-10-17 12:00:00,28.36767590045929
2025-10-17 12:30:00,21.87515079975128
2025-10-17 13:00:00,20.758236050605774
2025-10-17 13:30:00,28.99648368358612
2025-10-17 14:00:00,23.010222673416138
2025-10-17 14:30:00,24.407752990722656
2025-10-17 15:00:00,37.098987221717834
2025-10-17 15:30:00,51.19172716140747
2025-10-17 16:00:00,24.62120246887207
2025-10-17 16:30:00,21.268227696418762
2025-10-17 17:00:00,11.501629829406738
2025-10-17 17:30:00,23.09371840953827
2025-10-17 18:00:00,34.41298949718475
2025-10-17 18:30:00,39.78189826011658
2025-10-17 19:00:00,33.31809210777283
2025-10-17 19:30:00,44.02211129665375
2025-10-17 20:00:00,37.30448091030121
2025-10-17 20:30:00,25.264837861061096
2025-10-17 21:00:00,24.27796196937561
2025-10-17 21:30:00,27.055639028549194
2025-10-17 22:00:00,18.622742414474487
2025-10-17 22:30:00,17.37150800228119
2025-10-17 23:00:00,23.551051139831543
2025-10-17 23:30:00,28.384724020957947
2025-10-18 00:00:00,15.73217099905014
2025-10-18 00:30:00,8.073571667075157
2025-10-18 01:00:00,10.392375469207764
2025-10-18 01:30:00,15.317499876022339
2025-10-18 02:00:00,25.03467071056366
2025-10-18 02:30:00,24.559358596801758
2025-10-18 03:00:00,20.859112858772278
2025-10-18 03:30:00,34.080758929252625
2025-10-18 04:00:00,32.89901375770569
2025-10-18 04:30:00,20.718684911727905
2025-10-18 05:00:00,13.827894687652588
2025-10-18 05:30:00,22.87719225883484
2025-10-18 06:00:00,10.090550512075424
2025-10-18 06:30:00,32.11022651195526
2025-10-18 07:00:00,32.01812160015106
2025-10-18 07:30:00,30.953462719917297
2025-10-18 08:00:00,25.756895184516907
2025-10-18 08:30:00,30.59255826473236
2025-10-18 09:00:00,42.342137932777405
2025-10-18 09:30:00,28.473294138908386
2025-10-18 10:00:00,29.872296452522278
2025-10-18 10:30:00,36.18920588493347
2025-10-18 11:00:00,29.648680686950684
2025-10-18 11:30:00,43.547680377960205
2025-10-18 12:00:00,53.863595724105835
2025-10-18 12:30:00,33.62598967552185
2025-10-18 13:00:00,45.35845613479614
2025-10-18 13:30:00,41.27755415439606
2025-10-18 14:00:00,54.19434428215027
2025-10-18 14:30:00,26.06094002723694
2025-10-18 15:00:00,21.88442587852478
2025-10-18 15:30:00,7.9203742146492
2025-10-18 16:00:00,18.471407175064087
2025-10-18 16:30:00,25.179920196533203
2025-10-18 17:00:00,26.343160271644592
2025-10-18 17:30:00,22.271633505821228
2025-10-18 18:00:00,42.055163741111755
2025-10-18 18:30:00,38.32758343219757
2025-10-18 19:00:00,40.989591121673584
2025-10-18 19:30:00,26.518370389938354
2025-10-18 20:00:00,38.595091223716736
2025-10-18 20:30:00,34.87263286113739
2025-10-18 21:00:00,18.452025890350342
2025-10-18 21:30:00,34.01338756084442
2025-10-18 22:00:00,37.83264219760895
2025-10-18 22:30:00,30.76311457157135
2025-10-18 23:00:00,27.78113043308258
2025-10-18 23:30:00,19.81844401359558
2025-10-19 00:00:00,10.20230895280838
2025-10-19 00:30:00,19.96438193321228
2025-10-19 01:00:00,43.60463762283325
2025-10-19 01:30:00,25.704869627952576
2025-10-19 02:00:00,28.821471333503723
2025-10-19 02:30:00,33.11226797103882
2025-10-19 03:00:00,26.911420941352844
2025-10-19 03:30:00,37.41870331764221
2025-10-19 04:00:00,35.37547481060028
2025-10-19 04:30:00,36.94451022148132
2025-10-19 05:00:00,34.87633788585663
2025-10-19 05:30:00,24.42995810508728
2025-10-19 06:00:00,30.672056078910828
2025-10-19 06:30:00,45.81460976600647
2025-10-19 07:00:00,21.60601830482483
2025-10-19 07:30:00,38.29505932331085
2025-10-19 08:00:00,25.865622639656067
2025-10-19 08:30:00,47.0849826335907
2025-10-19 09:00:00,46.02467465400696
2025-10-19 09:30:00,37.66084671020508
2025-10-19 10:00:00,36.3340448141098
2025-10-19 10:30:00,37.16393780708313
2025-10-19 11:00:00,44.84551548957825
2025-10-19 11:30:00,32.91942894458771
2025-10-19 12:00:00,35.86491358280182
2025-10-19 12:30:00,40.19330370426178
2025-10-19 13:00:00,36.15816378593445
2025-10-19 13:30:00,42.34199774265289
2025-10-19 14:00:00,34.654842495918274
2025-10-19 14:30:00,47.440980434417725
2025-10-19 15:00:00,44.459001302719116
2025-10-19 15:30:00,19.754682540893555
2025-10-19 16:00:00,34.903061628341675
2025-10-19 16:30:00,36.43374502658844
2025-10-19 17:00:00,31.939194560050964
2025-10-19 17:30:00,33.23320949077606
2025-10-19 18:00:00,22.459853768348694
2025-10-19 18:30:00,33.22099792957306
2025-10-19 19:00:00,45.44672083854675
2025-10-19 19:30:00,21.932090520858765
2025-10-19 20:00:00,17.819788455963135
2025-10-19 20:30:00,9.870457023382187
2025-10-19 21:00:00,41.19602108001709
2025-10-19 21:30:00,30.07088577747345
2025-10-19 22:00:00,20.604372382164
2025-10-19 22:30:00,32.06119501590729
2025-10-19 23:00:00,19.898422479629517
2025-10-19 23:30:00,21.560121059417725
2025-10-20 00:00:00,13.424898147583008
2025-10-20 00:30:00,0.35386946797370894
2025-10-20 01:00:00,14.785245537757874
2025-10-20 01:30:00,32.43012535572052
2025-10-20 02:00:00,20.505603432655334
2025-10-20 02:30:00,33.805675864219666
2025-10-20 03:00:00,23.514696836471558
2025-10-20 03:30:00,27.131259083747864
2025-10-20 04:00:00,40.63643968105316
2025-10-20 04:30:00,34.43116915225983
2025-10-20 05:00:00,22.13931906223297
2025-10-20 05:30:00,46.20654630661011
2025-10-20 06:00:00,47.41765379905701
2025-10-20 06:30:00,27.953729510307312
2025-10-20 07:00:00,40.81584048271179
2025-10-20 07:30:00,39.82354474067688
2025-10-20 08:00:00,39.90220391750336
2025-10-20 08:30:00,39.25953733921051
2025-10-20 09:00:00,32.648488998413086
2025-10-20 09:30:00,31.90911376476288
2025-10-20 10:00:00,39.36708319187164
2025-10-20 10:30:00,23.843775629997253
2025-10-20 11:00:00,29.395224452018738
2025-10-20 11:30:00,28.129903435707092
2025-10-20 12:00:00,25.78103792667389
2025-10-20 12:30:00,27.747925400733948
2025-10-20 13:00:00,39.9188414812088
2025-10-20 13:30:00,55.230995178222656
2025-10-20 14:00:00,38.49623966217041
2025-10-20 14:30:00,35.39544689655304
2025-10-20 15:00:00,47.71613359451294
2025-10-20 15:30:00,54.16488432884216
2025-10-20 16:00:00,43.60348856449127
2025-10-20 16:30:00,45.15491509437561
2025-10-20 17:00:00,28.198566555976868
2025-10-20 17:30:00,46.079859495162964
2025-10-20 18:00:00,20.692794799804688
2025-10-20 18:30:00,26.30292320251465
2025-10-20 19:00:00,23.99018168449402
2025-10-20 19:30:00,29.963367462158203
2025-10-20 20:00:00,31.707740664482117
2025-10-20 20:30:00,41.83300745487213
2025-10-20 21:00:00,45.26462388038635
2025-10-20 21:30:00,29.40990936756134
2025-10-20 22:00:00,21.784375190734863
2025-10-20 22:30:00,29.17884600162506
2025-10-20 23:00:00,24.92302930355072
2025-10-20 23:30:00,38.311862111091614
2025-10-21 00:00:00,13.806725978851318
2025-10-21 00:30:00,14.815485298633575
2025-10-21 01:00:00,15.011892914772034
2025-10-21 01:30:00,20.976945161819458
2025-10-21 02:00:00,22.619955897331238
2025-10-21 02:30:00,16.53308093547821
2025-10-21 03:00:00,32.50984847545624
2025-10-21 03:30:00,21.599231600761414
2025-10-21 04:00:00,18.408682107925415
2025-10-21 04:30:00,24.285897731781006
2025-10-21 05:00:00,30.187278628349304
2025-10-21 05:30:00,31.211602807044983
2025-10-21 06:00:00,28.860994935035706
2025-10-21 06:30:00,64.80763292312622
2025-10-21 07:00:00,31.75611126422882
2025-10-21 07:30:00,54.04022026062012
2025-10-21 08:00:00,45.70779490470886
2025-10-21 08:30:00,34.415470361709595
2025-10-21 09:00:00,24.01426935195923
2025-10-21 09:30:00,26.816940307617188
2025-10-21 10:00:00,44.59524857997894
2025-10-21 10:30:00,36.59550940990448
2025-10-21 11:00:00,25.372541427612305
2025-10-21 11:30:00,19.647284388542175
2025-10-21 12:00:00,29.894922137260437
2025-10-21 12:30:00,19.896830320358276
2025-10-21 13:00:00,39.15766167640686
2025-10-21 13:30:00,19.09442710876465
2025-10-21 14:00:00,38.55952298641205
2025-10-21 14:30:00,17.00554668903351
2025-10-21 15:00:00,41.788336873054504
2025-10-21 15:30:00,48.248745918273926
2025-10-21 16:00:00,37.61860191822052
2025-10-21 16:30:00,33.72199738025665
2025-10-21 17:00:00,34.56364381313324
2025-10-21 17:30:00,31.532898545265198
2025-10-21 18:00:00,25.794418573379517
2025-10-21 18:30:00,22.514122366905212
2025-10-21 19:00:00,48.04634642601013
2025-10-21 19:30:00,48.7048544883728
2025-10-21 20:00:00,36.01832664012909
2025-10-21 20:30:00,26.522358298301697
2025-10-21 21:00:00,37.023104310035706
2025-10-21 21:30:00,42.321494936943054
2025-10-21 22:00:00,40.58048379421234
2025-10-21 22:30:00,40.02253210544586
2025-10-21 23:00:00,57.37407159805298
2025-10-21 23:30:00,44.5954087972641
2025-10-22 00:00:00,23.954237937927246
2025-10-22 00:30:00,16.055733561515808
2025-10-22 01:00:00,18.271763920783997
2025-10-22 01:30:00,30.440311789512634
2025-10-22 02:00:00,23.80410933494568
2025-10-22 02:30:00,36.01894247531891
2025-10-22 03:00:00,37.270785212516785
2025-10-22 03:30:00,39.014034390449524
2025-10-22 04:00:00,36.21436250209808
2025-10-22 04:30:00,31.68167531490326
2025-10-22 05:00:00,25.390583395957947
2025-10-22 05:30:00,21.27480661869049
2025-10-22 06:00:00,32.765915751457214
2025-10-22 06:30:00,44.59299302101135
2025-10-22 07:00:00,36.18858253955841
2025-10-22 07:30:00,28.096448063850403
2025-10-22 08:00:00,13.173902124166489
2025-10-22 08:30:00,33.91836369037628
2025-10-22 09:00:00,48.09167289733887
2025-10-22 09:30:00,35.208866357803345
2025-10-22 10:00:00,36.914814949035645
2025-10-22 10:30:00,30.860191226005554
2025-10-22 11:00:00,52.937479734420776
2025-10-22 11:30:00,30.782040238380432
2025-10-22 12:00:00,46.74661374092102
2025-10-22 12:30:00,34.39853489398956
2025-10-22 13:00:00,56.922834634780884
2025-10-22 13:30:00,51.486587047576904
2025-10-22 14:00:00,33.61918544769287
2025-10-22 14:30:00,38.484068155288696
2025-10-22 15:00:00,42.84481465816498
2025-10-22 15:30:00,37.43778669834137
2025-10-22 16:00:00,38.28643763065338
2025-10-22 16:30:00,49.7031934261322
2025-10-22 17:00:00,41.21272623538971
2025-10-22 17:30:00,25.76790761947632
2025-10-22 18:00:00,14.652003586292267
2025-10-22 18:30:00,30.666786432266235
2025-10-22 19:00:00,28.405086636543274
2025-10-22 19:30:00,29.1592218875885
2025-10-22 20:00:00,26.22266685962677
2025-10-22 20:30:00,25.978893756866455
2025-10-22 21:00:00,28.99475133419037
2025-10-22 21:30:00,19.059905290603638
2025-10-22 22:00:00,26.557400822639465
2025-10-22 22:30:00,27.07392382621765
2025-10-22 23:00:00,35.937376856803894
2025-10-22 23:30:00,16.256470799446106
2025-10-23 00:00:00,11.101708710193634
2025-10-23 00:30:00,20.175771117210388
2025-10-23 01:00:00,16.07761323451996
2025-10-23 01:30:00,38.923471570014954
2025-10-23 02:00:00,24.494673371315002
2025-10-23 02:30:00,34.595667243003845
2025-10-23 03:00:00,35.13990032672882
2025-10-23 03:30:00,46.184040784835815
2025-10-23 04:00:00,44.41858649253845
2025-10-23 04:30:00,41.12195813655853
2025-10-23 05:00:00,42.15875422954559
2025-10-23 05:30:00,26.280157327651978
2025-10-23 06:00:00,24.991076588630676
2025-10-23 06:30:00,25.022574305534363
2025-10-23 07:00:00,34.210877895355225
2025-10-23 07:30:00,20.07186269760132
2025-10-23 08:00:00,17.593191146850586
2025-10-23 08:30:00,13.788103222846985
2025-10-23 09:00:00,10.15545979142189
2025-10-23 09:30:00,40.89114260673523
2025-10-23 10:00:00,30.19711697101593
2025-10-23 10:30:00,21.87417447566986
2025-10-23 11:00:00,24.20931887626648
2025-10-23 11:30:00,19.53132963180542
2025-10-23 12:00:00,27.2040878534317
2025-10-23 12:30:00,35.72374713420868
2025-10-23 13:00:00,33.09140717983246
2025-10-23 13:30:00,24.331604719161987
2025-10-23 14:00:00,23.573293805122375
2025-10-23 14:30:00,18.36384880542755
2025-10-23 15:00:00,10.120913565158844
2025-10-23 15:30:00,24.15946626663208
2025-10-23 16:00:00,12.090721249580383
2025-10-23 16:30:00,24.812957525253296
2025-10-23 17:00:00,24.351701974868774
2025-10-23 17:30:00,16.055896282196045
2025-10-23 18:00:00,19.011975288391113
2025-10-23 18:30:00,29.684827208518982
2025-10-23 19:00:00,41.40767061710358
2025-10-23 19:30:00,41.86509096622467
2025-10-23 20:00:00,47.9657621383667
2025-10-23 20:30:00,25.871858596801758
2025-10-23 21:00:00,34.390368819236755
2025-10-23 21:30:00,29.77493691444397
2025-10-23 22:00:00,34.534812211990356
2025-10-23 22:30:00,34.753581404685974
2025-10-23 23:00:00,38.47250497341156
2025-10-23 23:30:00,40.37693774700165
2025-10-24 00:00:00,5.9443230628967285
2025-10-24 00:30:00,14.427169919013977
2025-10-24 01:00:00,20.211411952972412
2025-10-24 01:30:00,35.03597688674927
2025-10-24 02:00:00,28.852057814598083
2025-10-24 02:30:00,38.07976984977722
2025-10-24 03:00:00,42.168617606163025
2025-10-24 03:30:00,31.752939462661743
2025-10-24 04:00:00,39.35783565044403
2025-10-24 04:30:00,38.430047392845154
2025-10-24 05:00:00,27.040919065475464
2025-10-24 05:30:00,20.374876141548157
2025-10-24 06:00:00,31.049410343170166
2025-10-24 06:30:00,24.546165704727173
2025-10-24 07:00:00,22.174556851387024
2025-10-24 07:30:00,37.345000863075256
2025-10-24 08:00:00,28.586707949638367
2025-10-24 08:30:00,30.143354058265686
2025-10-24 09:00:00,29.335110425949097
2025-10-24 09:30:00,35.45689523220062
2025-10-24 10:00:00,18.372800946235657
2025-10-24 10:30:00,37.66718280315399
2025-10-24 11:00:00,37.53949213027954
2025-10-24 11:30:00,39.22903597354889
2025-10-24 12:00:00,21.986977458000183
2025-10-24 12:30:00,25.572938203811646
2025-10-24 13:00:00,17.509552717208862
2025-10-24 13:30:00,24.174749493598938
2025-10-24 14:00:00,13.495683521032333
2025-10-24 14:30:00,25.916984796524048
2025-10-24 15:00:00,31.256859183311462
2025-10-24 15:30:00,25.47041666507721
2025-10-24 16:00:00,20.08659017086029
2025-10-24 16:30:00,29.28156280517578
2025-10-24 17:00:00,44.58935308456421
2025-10-24 17:30:00,50.6881742477417
2025-10-24 18:00:00,36.44067442417145
2025-10-24 18:30:00,24.547680258750916
2025-10-24 19:00:00,28.043563842773438
2025-10-24 19:30:00,24.430779218673706
2025-10-24 20:00:00,36.81162750720978
2025-10-24 20:30:00,38.18688762187958
2025-10-24 21:00:00,29.037576913833618
2025-10-24 21:30:00,57.29407811164856
2025-10-24 22:00:00,41.97530543804169
2025-10-24 22:30:00,35.18534195423126
2025-10-24 23:00:00,42.3238981962204
2025-10-24 23:30:00,35.87635660171509
2025-10-25 00:00:00,23.939778327941895
2025-10-25 00:30:00,22.156670093536377
2025-10-25 01:00:00,4.516241937875748
2025-10-25 01:30:00,25.364578127861023
2025-10-25 02:00:00,28.584835410118103
2025-10-25 02:30:00,27.576870918273926
2025-10-25 03:00:00,41.800979018211365
2025-10-25 03:30:00,36.66410493850708
2025-10-25 04:00:00,30.491716504096985
2025-10-25 04:30:00,35.76821494102478
2025-10-25 05:00:00,27.457358837127686
2025-10-25 05:30:00,32.97040057182312
2025-10-25 06:00:00,22.926454067230225
2025-10-25 06:30:00,25.834087371826172
2025-10-25 07:00:00,23.87558126449585
2025-10-25 07:30:00,28.93248188495636
2025-10-25 08:00:00,20.02109134197235
2025-10-25 08:30:00,23.132996678352356
2025-10-25 09:00:00,7.924884080886841
2025-10-25 09:30:00,27.93970549106598
2025-10-25 10:00:00,30.497246503829956
2025-10-25 10:30:00,40.194735646247864
2025-10-25 11:00:00,12.940026193857193
2025-10-25 11:30:00,18.688847064971924
2025-10-25 12:00:00,31.441094040870667
2025-10-25 12:30:00,29.71209168434143
2025-10-25 13:00:00,30.866792678833008
2025-10-25 13:30:00,43.77009451389313
2025-10-25 14:00:00,52.17193150520325
2025-10-25 14:30:00,46.61115503311157
2025-10-25 15:00:00,32.71380007266998
2025-10-25 15:30:00,34.946292757987976
2025-10-25 16:00:00,22.13109040260315
2025-10-25 16:30:00,28.524834036827087
2025-10-25 17:00:00,40.145631551742554
2025-10-25 17:30:00,27.83200192451477
2025-10-25 18:00:00,41.739680886268616
2025-10-25 18:30:00,32.39339804649353
2025-10-25 19:00:00,37.51437056064606
2025-10-25 19:30:00,39.97854244709015
2025-10-25 20:00:00,24.46863555908203
2025-10-25 20:30:00,34.521411538124084
2025-10-25 21:00:00,30.284815907478333
2025-10-25 21:30:00,32.751551270484924
2025-10-25 22:00:00,36.10221540927887
2025-10-25 22:30:00,28.494510412216187
2025-10-25 23:00:00,40.27808368206024
2025-10-25 23:30:00,21.642715573310852
2025-10-26 00:00:00,15.260999500751495
2025-10-26 00:30:00,27.041184425354004
2025-10-26 01:00:00,23.161462783813477
2025-10-26 01:30:00,33.568151235580444
2025-10-26 02:00:00,19.824151754379272
2025-10-26 02:30:00,38.446584820747375
2025-10-26 03:00:00,30.190508008003235
2025-10-26 03:30:00,37.932820558547974
2025-10-26 04:00:00,49.49955725669861
2025-10-26 04:30:00,32.37548625469208
2025-10-26 05:00:00,37.77201998233795
2025-10-26 05:30:00,41.08050191402435
2025-10-26 06:00:00,49.762518882751465
2025-10-26 06:30:00,41.29256451129913
2025-10-26 07:00:00,27.004296898841858
2025-10-26 07:30:00,25.124244689941406
2025-10-26 08:00:00,16.046487271785736
2025-10-26 08:30:00,28.618553638458252
2025-10-26 09:00:00,26.991542100906372
2025-10-26 09:30:00,45.76755094528198
2025-10-26 10:00:00,44.165610909461975
2025-10-26 10:30:00,45.04509115219116
2025-10-26 11:00:00,33.570669651031494
2025-10-26 11:30:00,16.599568605422974
2025-10-26 12:00:00,30.487042665481567
2025-10-26 12:30:00,28.880138397216797
2025-10-26 13:00:00,56.39792776107788
2025-10-26 13:30:00,30.118507862091064
2025-10-26 14:00:00,21.559860706329346
2025-10-26 14:30:00,24.245002269744873
2025-10-26 15:00:00,28.03000044822693
2025-10-26 15:30:00,42.5108767747879
2025-10-26 16:00:00,41.33021056652069
2025-10-26 16:30:00,38.7888640165329
2025-10-26 17:00:00,32.193379282951355
2025-10-26 17:30:00,39.905333161354065
2025-10-26 18:00:00,41.71066653728485
2025-10-26 18:30:00,43.45026075839996
2025-10-26 19:00:00,45.69232892990112
2025-10-26 19:30:00,34.506916880607605
2025-10-26 20:00:00,37.106983065605164
2025-10-26 20:30:00,36.28510594367981
2025-10-26 21:00:00,41.98397719860077
2025-10-26 21:30:00,33.28684222698212
2025-10-26 22:00:00,49.41182827949524
2025-10-26 22:30:00,24.766241669654846
2025-10-26 23:00:00,37.54787850379944
2025-10-26 23:30:00,36.98604655265808
2025-10-27 00:00:00,17.76505172252655
2025-10-27 00:30:00,21.04541051387787
2025-10-27 01:00:00,23.371890664100647
2025-10-27 01:30:00,34.44153070449829
2025-10-27 02:00:00,47.4243278503418
2025-10-27 02:30:00,34.62477672100067
2025-10-27 03:00:00,50.482895851135254
2025-10-27 03:30:00,39.16730225086212
2025-10-27 04:00:00,58.8966965675354
2025-10-27 04:30:00,43.03687763214111
2025-10-27 05:00:00,41.64914810657501
2025-10-27 05:30:00,53.848219871520996
2025-10-27 06:00:00,47.92961311340332
2025-10-27 06:30:00,44.82944619655609
2025-10-27 07:00:00,45.90763592720032
2025-10-27 07:30:00,50.56459665298462
2025-10-27 08:00:00,35.40823423862457
2025-10-27 08:30:00,42.15184986591339
2025-10-27 09:00:00,26.953533053398132
2025-10-27 09:30:00,38.3047399520874
2025-10-27 10:00:00,26.050708651542664
2025-10-27 10:30:00,36.15902495384216
2025-10-27 11:00:00,28.20547091960907
2025-10-27 11:30:00,27.23413860797882
2025-10-27 12:00:00,26.70314848423004
2025-10-27 12:30:00,24.826037764549255
2025-10-27 13:00:00,32.69230842590332
2025-10-27 13:30:00,31.43138587474823
2025-10-27 14:00:00,28.18329083919525
2025-10-27 14:30:00,25.321622371673584
2025-10-27 15:00:00,15.160674691200256
2025-10-27 15:30:00,19.87523853778839
2025-10-27 16:00:00,17.995509266853333
2025-10-27 16:30:00,17.69110643863678
2025-10-27 17:00:00,24.81372857093811
2025-10-27 17:30:00,24.886762619018555
2025-10-27 18:00:00,26.08467471599579
2025-10-27 18:30:00,34.547752261161804
2025-10-27 19:00:00,49.59263849258423
2025-10-27 19:30:00,36.02954685688019
2025-10-27 20:00:00,29.001064896583557
2025-10-27 20:30:00,33.3727662563324
2025-10-27 21:00:00,19.981282353401184
2025-10-27 21:30:00,29.039286732673645
2025-10-27 22:00:00,29.673476815223694
2025-10-27 22:30:00,28.00755751132965
2025-10-27 23:00:00,39.47919273376465
2025-10-27 23:30:00,35.446736454963684
2025-10-28 00:00:00,5.879140287637711
2025-10-28 00:30:00,27.0058114528656
2025-10-28 01:00:00,44.59944927692413
2025-10-28 01:30:00,34.31622326374054
2025-10-28 02:00:00,31.40468466281891
2025-10-28 02:30:00,51.420737743377686
2025-10-28 03:00:00,47.4036648273468
2025-10-28 03:30:00,38.628899574279785
2025-10-28 04:00:00,39.65726673603058
2025-10-28 04:30:00,38.80545401573181
2025-10-28 05:00:00,42.66293549537659
2025-10-28 05:30:00,44.84500730037689
2025-10-28 06:00:00,44.68763887882233
2025-10-28 06:30:00,29.86652362346649
2025-10-28 07:00:00,26.993146777153015
2025-10-28 07:30:00,27.938816785812378
2025-10-28 08:00:00,44.58010804653168
2025-10-28 08:30:00,39.71083438396454
2025-10-28 09:00:00,41.806854486465454
2025-10-28 09:30:00,34.1946884393692
2025-10-28 10:00:00,50.87080693244934
2025-10-28 10:30:00,34.759687185287476
2025-10-28 11:00:00,33.13219749927521
2025-10-28 11:30:00,32.00790274143219
2025-10-28 12:00:00,27.020058274269104
2025-10-28 12:30:00,31.823367476463318
2025-10-28 13:00:00,28.92996346950531
2025-10-28 13:30:00,33.703880310058594
2025-10-28 14:00:00,32.102911591529846
2025-10-28 14:30:00,33.98234295845032
2025-10-28 15:00:00,24.300177097320557
2025-10-28 15:30:00,28.640989065170288
2025-10-28 16:00:00,27.598775625228882
2025-10-28 16:30:00,40.721805453300476
2025-10-28 17:00:00,29.93263328075409
2025-10-28 17:30:00,25.451005339622498
2025-10-28 18:00:00,40.421700954437256
2025-10-28 18:30:00,42.9512414932251
2025-10-28 19:00:00,37.562005162239075
2025-10-28 19:30:00,43.85257637500763
2025-10-28 20:00:00,29.702561259269714
2025-10-28 20:30:00,23.613550901412964
2025-10-28 21:00:00,18.749444246292114
2025-10-28 21:30:00,27.671261429786682
2025-10-28 22:00:00,17.829516649246216
2025-10-28 22:30:00,36.69947040081024
2025-10-28 23:00:00,31.336957812309265
2025-10-28 23:30:00,16.48950684070587
2025-10-29 00:00:00,20.220872282981873
2025-10-29 00:30:00,28.954076170921326
2025-10-29 01:00:00,30.399604082107544
2025-10-29 01:30:00,40.526798486709595
2025-10-29 02:00:00,34.91293752193451
2025-10-29 02:30:00,48.25308680534363
2025-10-29 03:00:00,35.27899646759033
2025-10-29 03:30:00,35.00766599178314
2025-10-29 04:00:00,27.798353791236877
2025-10-29 04:30:00,35.72269570827484
2025-10-29 05:00:00,39.25177180767059
2025-10-29 05:30:00,48.48653841018677
2025-10-29 06:00:00,30.098137736320496
2025-10-29 06:30:00,29.541988492012024
2025-10-29 07:00:00,27.643864274024963
2025-10-29 07:30:00,26.307329177856445
2025-10-29 08:00:00,26.408639073371887
2025-10-29 08:30:00,16.351800084114075
2025-10-29 09:00:00,23.95350193977356
2025-10-29 09:30:00,25.58135461807251
2025-10-29 10:00:00,40.67196536064148
2025-10-29 10:30:00,47.256184816360474
2025-10-29 11:00:00,36.70519816875458
2025-10-29 11:30:00,40.52967989444733
2025-10-29 12:00:00,41.39034712314606
2025-10-29 12:30:00,30.226081252098083
2025-10-29 13:00:00,41.86191666126251
2025-10-29 13:30:00,31.399354934692383
2025-10-29 14:00:00,25.992011547088623
2025-10-29 14:30:00,17.33115828037262
2025-10-29 15:00:00,28.205240607261658
2025-10-29 15:30:00,30.0094074010849
2025-10-29 16:00:00,23.55259072780609
2025-10-29 16:30:00,30.135758757591248
2025-10-29 17:00:00,43.82370221614838
2025-10-29 17:30:00,31.666674971580505
2025-10-29 18:00:00,38.14989244937897
2025-10-29 18:30:00,40.74497187137604
2025-10-29 19:00:00,38.18800413608551
2025-10-29 19:30:00,20.178882837295532
2025-10-29 20:00:00,13.782375454902649
2025-10-29 20:30:00,33.856462240219116
2025-10-29 21:00:00,28.68873631954193
2025-10-29 21:30:00,34.431079030036926
2025-10-29 22:00:00,33.52859008312225
2025-10-29 22:30:00,37.62935149669647
2025-10-29 23:00:00,34.199747800827026
2025-10-29 23:30:00,21.019895911216736
2025-10-30 00:00:00,22.714832067489624
2025-10-30 00:30:00,22.72776460647583
2025-10-30 01:00:00,19.007837176322937
2025-10-30 01:30:00,27.904848217964172
2025-10-30 02:00:00,20.218143582344055
2025-10-30 02:30:00,27.043034434318542
2025-10-30 03:00:00,35.4364675283432
2025-10-30 03:30:00,32.39972412586212
2025-10-30 04:00:00,22.340291619300842
2025-10-30 04:30:00,27.009631633758545
2025-10-30 05:00:00,23.59864568710327
2025-10-30 05:30:00,19.996054887771606
2025-10-30 06:00:00,26.004260659217834
2025-10-30 06:30:00,23.24509370326996
2025-10-30 07:00:00,19.135612964630127
2025-10-30 07:30:00,29.875911355018616
2025-10-30 08:00:00,25.987568020820618
2025-10-30 08:30:00,22.88815462589264
2025-10-30 09:00:00,28.821669101715088
2025-10-30 09:30:00,30.277280688285828
2025-10-30 10:00:00,32.71446096897125
2025-10-30 10:30:00,31.397519946098328
2025-10-30 11:00:00,40.48789322376251
2025-10-30 11:30:00,36.882153153419495
2025-10-30 12:00:00,29.19638478755951
2025-10-30 12:30:00,23.467077255249023
2025-10-30 13:00:00,27.163032174110413
2025-10-30 13:30:00,17.055028796195984
2025-10-30 14:00:00,15.787234425544739
2025-10-30 14:30:00,22.862049221992493
2025-10-30 15:00:00,21.6208359003067
2025-10-30 15:30:00,20.451292276382446
2025-10-30 16:00:00,15.606316566467285
2025-10-30 16:30:00,36.58707296848297
2025-10-30 17:00:00,27.664905309677124
2025-10-30 17:30:00,39.8278831243515
2025-10-30 18:00:00,20.018312573432922
2025-10-30 18:30:00,31.14210855960846
2025-10-30 19:00:00,30.077149271965027
2025-10-30 19:30:00,17.797393083572388
2025-10-30 20:00:00,35.11387252807617
2025-10-30 20:30:00,27.512911677360535
2025-10-30 21:00:00,45.89448308944702
2025-10-30 21:30:00,20.118826389312744
2025-10-30 22:00:00,22.343305706977844
2025-10-30 22:30:00,27.164634346961975
2025-10-30 23:00:00,33.75032579898834
2025-10-30 23:30:00,33.598209500312805
2025-10-31 00:00:00,16.350666046142578
2025-10-31 00:30:00,23.63616156578064
2025-10-31 01:00:00,35.08618748188019
2025-10-31 01:30:00,24.873149156570435
2025-10-31 02:00:00,38.99248516559601
2025-10-31 02:30:00,39.89226043224335
2025-10-31 03:00:00,46.175504207611084
2025-10-31 03:30:00,45.27324557304382
2025-10-31 04:00:00,42.628976941108704
2025-10-31 04:30:00,38.82651507854462
2025-10-31 05:00:00,35.7477171421051
2025-10-31 05:30:00,47.23129606246948
2025-10-31 06:00:00,36.679147839546204
2025-10-31 06:30:00,28.340509057044983
2025-10-31 07:00:00,40.20551526546478
2025-10-31 07:30:00,35.43146574497223
2025-10-31 08:00:00,23.155144214630127
2025-10-31 08:30:00,29.46507167816162
2025-10-31 09:00:00,28.603801131248474
2025-10-31 09:30:00,28.976882100105286
2025-10-31 10:00:00,48.77258634567261
2025-10-31 10:30:00,35.29326832294464
2025-10-31 11:00:00,14.961594700813293
2025-10-31 11:30:00,10.58444595336914
2025-10-31 12:00:00,32.429306745529175
2025-10-31 12:30:00,37.52649450302124
2025-10-31 13:00:00,28.180659770965576
2025-10-31 13:30:00,41.88647997379303
2025-10-31 14:00:00,36.602779269218445
2025-10-31 14:30:00,38.65199339389801
2025-10-31 15:00:00,28.13054931163788
2025-10-31 15:30:00,35.976943016052246
2025-10-31 16:00:00,38.671552419662476
2025-10-31 16:30:00,38.42239201068878
2025-10-31 17:00:00,41.013155579566956
2025-10-31 17:30:00,23.092461705207825
2025-10-31 18:00:00,31.528029441833496
2025-10-31 18:30:00,25.462984085083008
2025-10-31 19:00:00,23.08872163295746
2025-10-31 19:30:00,33.463051199913025
2025-10-31 20:00:00,36.00581216812134
2025-10-31 20:30:00,29.575153470039368
2025-10-31 21:00:00,32.6031950712204
2025-10-31 21:30:00,23.509124279022217
2025-10-31 22:00:00,45.52705478668213
2025-10-31 22:30:00,27.150259852409363
2025-10-31 23:00:00,44.799270272254944
2025-10-31 23:30:00,40.65892767906189
2025-11-01 00:00:00,26.50809645652771
2025-11-01 00:30:00,33.038270115852356
2025-11-01 01:00:00,35.250855803489685
2025-11-01 01:30:00,28.01666486263275
2025-11-01 02:00:00,23.835737228393555
2025-11-01 02:30:00,30.31622350215912
2025-11-01 03:00:00,27.501426100730896
2025-11-01 03:30:00,38.5937819480896
2025-11-01 04:00:00,28.1647607088089
2025-11-01 04:30:00,46.06030297279358
2025-11-01 05:00:00,29.99075210094452
2025-11-01 05:30:00,32.638808369636536
2025-11-01 06:00:00,49.57443380355835
2025-11-01 06:30:00,35.106817960739136
2025-11-01 07:00:00,33.07616400718689
2025-11-01 07:30:00,25.586020946502686
2025-11-01 08:00:00,41.93822515010834
2025-11-01 08:30:00,38.355626463890076
2025-11-01 09:00:00,18.102023720741272
2025-11-01 09:30:00,23.759421229362488
2025-11-01 10:00:00,26.397754311561584
2025-11-01 10:30:00,25.545751333236694
2025-11-01 11:00:00,29.81211483478546
2025-11-01 11:30:00,24.558544993400574
2025-11-01 12:00:00,23.684629797935486
2025-11-01 12:30:00,57.03551244735718
2025-11-01 13:00:00,19.63762128353119
2025-11-01 13:30:00,27.758124232292175
2025-11-01 14:00:00,35.103591084480286
2025-11-01 14:30:00,33.777117133140564
2025-11-01 15:00:00,39.49364483356476
2025-11-01 15:30:00,22.54425823688507
2025-11-01 16:00:00,20.141154170036316
2025-11-01 16:30:00,35.25460088253021
2025-11-01 17:00:00,21.814706325531006
2025-11-01 17:30:00,20.74968194961548
2025-11-01 18:00:00,25.21062433719635
2025-11-01 18:30:00,11.485394686460495
2025-11-01 19:00:00,18.904659748077393
2025-11-01 19:30:00,25.039875268936157
2025-11-01 20:00:00,34.66031491756439
2025-11-01 20:30:00,52.752904415130615
2025-11-01 21:00:00,36.49229943752289
2025-11-01 21:30:00,30.27857494354248
2025-11-01 22:00:00,30.165524125099182
2025-11-01 22:30:00,39.258803844451904
2025-11-01 23:00:00,22.439002990722656
2025-11-01 23:30:00,30.8130122423172
2025-11-02 00:00:00,24.44189429283142
2025-11-02 00:30:00,32.05582523345947
2025-11-02 01:00:00,30.784874081611633
2025-11-02 01:30:00,30.934719800949097
2025-11-02 02:00:00,24.846362829208374
2025-11-02 02:30:00,26.17847442626953
2025-11-02 03:00:00,11.082088351249695
2025-11-02 03:30:00,40.34153974056244
2025-11-02 04:00:00,20.299070835113525
2025-11-02 04:30:00,17.38287341594696
2025-11-02 05:00:00,44.67968308925629
2025-11-02 05:30:00,35.350656151771545
2025-11-02 06:00:00,35.372756123542786
2025-11-02 06:30:00,44.289679169654846
2025-11-02 07:00:00,37.266008734703064
2025-11-02 07:30:00,38.213220834732056
2025-11-02 08:00:00,50.731733322143555
2025-11-02 08:30:00,31.032489895820618
2025-11-02 09:00:00,29.129539132118225
2025-11-02 09:30:00,21.989328145980835
2025-11-02 10:00:00,46.26844024658203
2025-11-02 10:30:00,27.9440438747406
2025-11-02 11:00:00,33.468801498413086
2025-11-02 11:30:00,33.42081642150879
2025-11-02 12:00:00,19.104167819023132
2025-11-02 12:30:00,21.014543652534485
2025-11-02 13:00:00,37.56709957122803
2025-11-02 13:30:00,25.25808620452881
2025-11-02 14:00:00,37.97539579868317
2025-11-02 14:30:00,38.3763370513916
2025-11-02 15:00:00,29.440260529518127
2025-11-02 15:30:00,43.154136657714844
2025-11-02 16:00:00,43.97221863269806
2025-11-02 16:30:00,40.12492847442627
2025-11-02 17:00:00,35.128697633743286
2025-11-02 17:30:00,38.44108736515045
2025-11-02 18:00:00,37.4222731590271
2025-11-02 18:30:00,34.866071462631226
2025-11-02 19:00:00,17.321590304374695
2025-11-02 19:30:00,13.768827080726624
2025-11-02 20:00:00,35.413896918296814
2025-11-02 20:30:00,41.10946869850159
2025-11-02 21:00:00,28.49045491218567
2025-11-02 21:30:00,42.74622595310211
2025-11-02 22:00:00,41.64868247509003
2025-11-02 22:30:00,45.869574308395386
2025-11-02 23:00:00,38.73716390132904
2025-11-02 23:30:00,31.580095052719116
2025-11-03 00:00:00,22.254590392112732
2025-11-03 00:30:00,13.434086859226227
2025-11-03 01:00:00,24.823198914527893
2025-11-03 01:30:00,16.43689799308777
2025-11-03 02:00:00,15.952507317066193
2025-11-03 02:30:00,36.09364879131317
2025-11-03 03:00:00,33.153801798820496
2025-11-03 03:30:00,30.4202721118927
2025-11-03 04:00:00,20.04167675971985
2025-11-03 04:30:00,23.137800693511963
2025-11-03 05:00:00,17.503076434135437
2025-11-03 05:30:00,28.53638219833374
2025-11-03 06:00:00,31.404659628868103
2025-11-03 06:30:00,23.589468240737915
2025-11-03 07:00:00,31.679194450378418
2025-11-03 07:30:00,41.13965713977814
2025-11-03 08:00:00,51.27312755584717
2025-11-03 08:30:00,38.47892618179321
2025-11-03 09:00:00,29.37358009815216
2025-11-03 09:30:00,8.88645252585411
2025-11-03 10:00:00,38.18142521381378
2025-11-03 10:30:00,17.43259584903717
2025-11-03 11:00:00,30.981245398521423
2025-11-03 11:30:00,28.663865089416504
2025-11-03 12:00:00,36.73562443256378
2025-11-03 12:30:00,26.01674258708954
2025-11-03 13:00:00,17.861414909362793
2025-11-03 13:30:00,17.95841145515442
2025-11-03 14:00:00,25.82487988471985
2025-11-03 14:30:00,22.802868962287903
2025-11-03 15:00:00,29.789864659309387
2025-11-03 15:30:00,30.488371968269348
2025-11-03 16:00:00,43.7146292924881
2025-11-03 16:30:00,37.167495131492615
2025-11-03 17:00:00,40.12590229511261
2025-11-03 17:30:00,39.317591071128845
2025-11-03 18:00:00,29.031118154525757
2025-11-03 18:30:00,35.86593496799469
2025-11-03 19:00:00,15.739512205123901
2025-11-03 19:30:00,25.357793927192688
2025-11-03 20:00:00,24.71485197544098
2025-11-03 20:30:00,37.619112610816956
2025-11-03 21:00:00,33.55920159816742
2025-11-03 21:30:00,31.89201557636261
2025-11-03 22:00:00,28.57562291622162
2025-11-03 22:30:00,24.621843338012695
2025-11-03 23:00:00,20.485376000404358
2025-11-03 23:30:00,26.80050802230835
2025-11-04 00:00:00,23.615904092788696
2025-11-04 00:30:00,17.392256140708923
2025-11-04 01:00:00,11.905357986688614
2025-11-04 01:30:00,23.931692361831665
2025-11-04 02:00:00,20.602527379989624
2025-11-04 02:30:00,38.30375111103058
2025-11-04 03:00:00,22.60948920249939
2025-11-04 03:30:00,32.77443730831146
2025-11-04 04:00:00,37.12783133983612
2025-11-04 04:30:00,20.96059548854828
2025-11-04 05:00:00,21.791377186775208
2025-11-04 05:30:00,31.750736474990845
2025-11-04 06:00:00,31.69639027118683
2025-11-04 06:30:00,31.46060299873352
2025-11-04 07:00:00,27.95442044734955
2025-11-04 07:30:00,17.522705554962158
2025-11-04 08:00:00,14.504964172840118
2025-11-04 08:30:00,23.394208431243896
2025-11-04 09:00:00,15.247344732284546
2025-11-04 09:30:00,17.085965752601624
2025-11-04 10:00:00,24.878088355064392
2025-11-04 10:30:00,30.01214110851288
2025-11-04 11:00:00,29.885581970214844
2025-11-04 11:30:00,23.149156093597412
2025-11-04 12:00:00,13.576169550418854
2025-11-04 12:30:00,18.964778780937195
2025-11-04 13:00:00,32.16154611110687
2025-11-04 13:30:00,21.980446100234985
2025-11-04 14:00:00,20.017584085464478
2025-11-04 14:30:00,20.8097984790802
2025-11-04 15:00:00,27.229332089424133
2025-11-04 15:30:00,39.36861276626587
2025-11-04 16:00:00,31.098592042922974
2025-11-04 16:30:00,14.305907964706421
2025-11-04 17:00:00,21.365704894065857
2025-11-04 17:30:00,41.14572036266327
2025-11-04 18:00:00,27.66050684452057
2025-11-04 18:30:00,28.37099289894104
2025-11-04 19:00:00,25.48553466796875
2025-11-04 19:30:00,32.550050497055054
2025-11-04 20:00:00,27.301509976387024
2025-11-04 20:30:00,22.82663369178772
2025-11-04 21:00:00,22.126654386520386
2025-11-04 21:30:00,33.45198118686676
2025-11-04 22:00:00,23.51436138153076
2025-11-04 22:30:00,38.76346957683563
2025-11-04 23:00:00,25.99345850944519
2025-11-04 23:30:00,25.193996787071228
2025-11-05 00:00:00,22.55932867527008
2025-11-05 00:30:00,26.50181794166565
2025-11-05 01:00:00,40.894344449043274
2025-11-05 01:30:00,30.266826510429382
2025-11-05 02:00:00,32.341134667396545
2025-11-05 02:30:00,22.582054495811462
2025-11-05 03:00:00,36.93794882297516
2025-11-05 03:30:00,40.57638323307037
2025-11-05 04:00:00,45.18894624710083
2025-11-05 04:30:00,43.04503118991852
2025-11-05 05:00:00,28.94436800479889
2025-11-05 05:30:00,33.09476673603058
2025-11-05 06:00:00,35.110265135765076
2025-11-05 06:30:00,43.58070266246796
2025-11-05 07:00:00,38.96591913700104
2025-11-05 07:30:00,50.37734270095825
2025-11-05 08:00:00,66.56616282463074
2025-11-05 08:30:00,40.91801905632019
2025-11-05 09:00:00,37.757940888404846
2025-11-05 09:30:00,42.90365445613861
2025-11-05 10:00:00,42.47936153411865
2025-11-05 10:30:00,29.08532416820526
2025-11-05 11:00:00,33.1806857585907
2025-11-05 11:30:00,41.3332496881485
2025-11-05 12:00:00,46.70584845542908
2025-11-05 12:30:00,26.747313380241394
2025-11-05 13:00:00,23.49830710887909
2025-11-05 13:30:00,30.660022258758545
2025-11-05 14:00:00,37.23142683506012
2025-11-05 14:30:00,34.21572947502136
2025-11-05 15:00:00,34.538912773132324
2025-11-05 15:30:00,44.15922224521637
2025-11-05 16:00:00,47.246731996536255
2025-11-05 16:30:00,41.524438977241516
2025-11-05 17:00:00,36.14925420284271
2025-11-05 17:30:00,30.639697194099426
2025-11-05 18:00:00,33.32292366027832
2025-11-05 18:30:00,37.4825474023819
2025-11-05 19:00:00,28.525872945785522
2025-11-05 19:30:00,34.00598752498627
2025-11-05 20:00:00,26.364171266555786
2025-11-05 20:30:00,27.683432936668396
2025-11-05 21:00:00,35.254305481910706
2025-11-05 21:30:00,19.553772568702698
2025-11-05 22:00:00,43.19625627994537
2025-11-05 22:30:00,36.06194579601288
2025-11-05 23:00:00,30.905377507209778
2025-11-05 23:30:00,50.233497619628906
2025-11-06 00:00:00,24.17625904083252
2025-11-06 00:30:00,25.340728282928467
2025-11-06 01:00:00,21.096099257469177
2025-11-06 01:30:00,23.3247492313385
2025-11-06 02:00:00,20.90354812145233
2025-11-06 02:30:00,22.491779565811157
2025-11-06 03:00:00,39.229854583740234
2025-11-06 03:30:00,35.93489348888397
2025-11-06 04:00:00,25.64017939567566
2025-11-06 04:30:00,16.17692542076111
2025-11-06 05:00:00,22.506444454193115
2025-11-06 05:30:00,40.99509108066559
2025-11-06 06:00:00,32.88088417053223
2025-11-06 06:30:00,32.373899102211
2025-11-06 07:00:00,30.008546233177185
2025-11-06 07:30:00,32.287962555885315
2025-11-06 08:00:00,44.05534887313843
2025-11-06 08:30:00,47.23154139518738
2025-11-06 09:00:00,44.880775809288025
2025-11-06 09:30:00,42.846216559410095
2025-11-06 10:00:00,46.31140851974487
2025-11-06 10:30:00,28.90711748600006
2025-11-06 11:00:00,40.04120743274689
2025-11-06 11:30:00,35.466668486595154
2025-11-06 12:00:00,24.690736770629883
2025-11-06 12:30:00,35.816768288612366
2025-11-06 13:00:00,17.564599871635437
2025-11-06 13:30:00,15.381171226501465
2025-11-06 14:00:00,31.04097890853882
2025-11-06 14:30:00,38.34805119037628
2025-11-06 15:00:00,27.02282702922821
2025-11-06 15:30:00,41.471397042274475
2025-11-06 16:00:00,32.11193382740021
2025-11-06 16:30:00,26.134199380874634
2025-11-06 17:00:00,28.855202078819275
2025-11-06 17:30:00,50.27160930633545
2025-11-06 18:00:00,30.839012503623962
2025-11-06 18:30:00,35.09848415851593
2025-11-06 19:00:00,48.6253867149353
2025-11-06 19:30:00,24.588067531585693
2025-11-06 20:00:00,31.73055410385132
2025-11-06 20:30:00,26.35379469394684
2025-11-06 21:00:00,31.125571131706238
2025-11-06 21:30:00,33.37410056591034
2025-11-06 22:00:00,23.56018853187561
2025-11-06 22:30:00,32.35600483417511
2025-11-06 23:00:00,30.076651096343994
2025-11-06 23:30:00,42.15617573261261
2025-11-07 00:00:00,14.534603118896484
2025-11-07 00:30:00,42.26537382602692
2025-11-07 01:00:00,42.46821391582489
2025-11-07 01:30:00,37.344460129737854
2025-11-07 02:00:00,41.64893281459808
2025-11-07 02:30:00,22.967171788215637
2025-11-07 03:00:00,32.723002552986145
2025-11-07 03:30:00,26.346121788024902
2025-11-07 04:00:00,37.39253282546997
2025-11-07 04:30:00,24.910795211791992
2025-11-07 05:00:00,37.3383994102478
2025-11-07 05:30:00,30.445083260536194
2025-11-07 06:00:00,22.38354778289795
2025-11-07 06:30:00,38.267051339149475
2025-11-07 07:00:00,47.08796167373657
2025-11-07 07:30:00,51.13518047332764
2025-11-07 08:00:00,37.65682876110077
2025-11-07 08:30:00,33.99591886997223
2025-11-07 09:00:00,27.410983443260193
2025-11-07 09:30:00,28.857855677604675
2025-11-07 10:00:00,31.318978428840637
2025-11-07 10:30:00,26.640228152275085
2025-11-07 11:00:00,33.86387479305267
2025-11-07 11:30:00,28.10505473613739
2025-11-07 12:00:00,32.01978385448456
2025-11-07 12:30:00,38.97571241855621
2025-11-07 13:00:00,41.964383125305176
2025-11-07 13:30:00,31.90504825115204
2025-11-07 14:00:00,36.36643874645233
2025-11-07 14:30:00,22.197670698165894
2025-11-07 15:00:00,22.349459052085876
2025-11-07 15:30:00,19.60063362121582
2025-11-07 16:00:00,23.233112454414368
2025-11-07 16:30:00,28.8626571893692
2025-11-07 17:00:00,22.8916894197464
2025-11-07 17:30:00,15.87059998512268
2025-11-07 18:00:00,20.93137836456299
2025-11-07 18:30:00,21.622650861740112
2025-11-07 19:00:00,13.98206627368927
2025-11-07 19:30:00,26.87750995159149
2025-11-07 20:00:00,32.626696944236755
2025-11-07 20:30:00,18.828781843185425
2025-11-07 21:00:00,25.64610493183136
2025-11-07 21:30:00,33.65066313743591
2025-11-07 22:00:00,40.7772581577301
2025-11-07 22:30:00,43.852336049079895
2025-11-07 23:00:00,41.96316397190094
2025-11-07 23:30:00,44.987916111946106
2025-11-08 00:00:00,16.93802261352539
2025-11-08 00:30:00,40.31391227245331
2025-11-08 01:00:00,33.893802881240845
2025-11-08 01:30:00,39.55928134918213
2025-11-08 02:00:00,31.28358292579651
2025-11-08 02:30:00,16.13914918899536
2025-11-08 03:00:00,42.02419173717499
2025-11-08 03:30:00,47.06625723838806
2025-11-08 04:00:00,44.19479548931122
2025-11-08 04:30:00,47.04287052154541
2025-11-08 05:00:00,28.024360299110413
2025-11-08 05:30:00,38.20074141025543
2025-11-08 06:00:00,44.39359259605408
2025-11-08 06:30:00,24.972383737564087
2025-11-08 07:00:00,27.522189259529114
2025-11-08 07:30:00,21.38591480255127
2025-11-08 08:00:00,18.23840868473053
2025-11-08 08:30:00,23.60408306121826
2025-11-08 09:00:00,18.65170669555664
2025-11-08 09:30:00,22.521910429000854
2025-11-08 10:00:00,35.94544279575348
2025-11-08 10:30:00,31.979206323623657
2025-11-08 11:00:00,36.97681903839111
2025-11-08 11:30:00,27.59987461566925
2025-11-08 12:00:00,36.63651502132416
2025-11-08 12:30:00,43.96872389316559
2025-11-08 13:00:00,31.73762619495392
2025-11-08 13:30:00,38.180468916893005
2025-11-08 14:00:00,31.90756666660309
2025-11-08 14:30:00,26.5361545085907
2025-11-08 15:00:00,24.905893564224243
2025-11-08 15:30:00,21.307445883750916
2025-11-08 16:00:00,18.77359700202942
2025-11-08 16:30:00,40.77874267101288
2025-11-08 17:00:00,42.96358072757721
2025-11-08 17:30:00,38.64712178707123
2025-11-08 18:00:00,30.878125548362732
2025-11-08 18:30:00,34.69580805301666
2025-11-08 19:00:00,29.730586767196655
2025-11-08 19:30:00,24.40644121170044
2025-11-08 20:00:00,19.050572633743286
2025-11-08 20:30:00,19.47241473197937
2025-11-08 21:00:00,24.878015756607056
2025-11-08 21:30:00,19.289193749427795
2025-11-08 22:00:00,10.349435985088348
2025-11-08 22:30:00,26.12869691848755
2025-11-08 23:00:00,22.95985186100006
2025-11-08 23:30:00,18.866029858589172
2025-11-09 00:00:00,19.724411487579346
2025-11-09 00:30:00,28.01533055305481
2025-11-09 01:00:00,27.221549034118652
2025-11-09 01:30:00,30.17139458656311
2025-11-09 02:00:00,18.45952606201172
2025-11-09 02:30:00,17.446932792663574
2025-11-09 03:00:00,22.571359992027283
2025-11-09 03:30:00,28.061510682106018
2025-11-09 04:00:00,34.91121017932892
2025-11-09 04:30:00,25.5726478099823
2025-11-09 05:00:00,34.990978360176086
2025-11-09 05:30:00,19.460553646087646
2025-11-09 06:00:00,33.35778093338013
2025-11-09 06:30:00,24.730510711669922
2025-11-09 07:00:00,34.04400908946991
2025-11-09 07:30:00,40.76766765117645
2025-11-09 08:00:00,23.173624277114868
2025-11-09 08:30:00,21.772403955459595
2025-11-09 09:00:00,22.83251667022705
2025-11-09 09:30:00,39.30509912967682
2025-11-09 10:00:00,26.58054220676422
2025-11-09 10:30:00,45.65385675430298
2025-11-09 11:00:00,32.254189252853394
2025-11-09 11:30:00,31.433393597602844
2025-11-09 12:00:00,20.97399616241455
2025-11-09 12:30:00,21.767144322395325
2025-11-09 13:00:00,16.55875074863434
2025-11-09 13:30:00,24.513431310653687
2025-11-09 14:00:00,27.711613655090332
2025-11-09 14:30:00,19.30414652824402
2025-11-09 15:00:00,26.582101821899414
2025-11-09 15:30:00,26.661739826202393
2025-11-09 16:00:00,31.159687399864197
2025-11-09 16:30:00,51.357181549072266
2025-11-09 17:00:00,40.929046511650085
2025-11-09 17:30:00,37.61388552188873
2025-11-09 18:00:00,30.78419816493988
2025-11-09 18:30:00,22.843749403953552
2025-11-09 19:00:00,38.43251323699951
2025-11-09 19:30:00,42.16214382648468
2025-11-09 20:00:00,38.4464145898819
2025-11-09 20:30:00,45.14924240112305
2025-11-09 21:00:00,37.6802054643631
2025-11-09 21:30:00,30.790308952331543
2025-11-09 22:00:00,17.3178151845932
2025-11-09 22:30:00,25.74479377269745
2025-11-09 23:00:00,37.69494044780731
2025-11-09 23:30:00,11.143002212047577
2025-11-10 00:00:00,29.34573984146118
2025-11-10 00:30:00,33.192829728126526
2025-11-10 01:00:00,20.65771722793579
2025-11-10 01:30:00,32.03534996509552
2025-11-10 02:00:00,22.631479024887085
2025-11-10 02:30:00,21.633680820465088
2025-11-10 03:00:00,18.20124328136444
2025-11-10 03:30:00,15.253618240356445
2025-11-10 04:00:00,30.62883746623993
2025-11-10 04:30:00,31.800866961479187
2025-11-10 05:00:00,23.507664799690247
2025-11-10 05:30:00,26.61413025856018
2025-11-10 06:00:00,28.570781350135803
2025-11-10 06:30:00,26.67379367351532
2025-11-10 07:00:00,47.80903959274292
2025-11-10 07:30:00,37.240819573402405
2025-11-10 08:00:00,35.559183955192566
2025-11-10 08:30:00,33.22479057312012
2025-11-10 09:00:00,30.343931078910828
2025-11-10 09:30:00,40.63979423046112
2025-11-10 10:00:00,28.703073263168335
2025-11-10 10:30:00,24.365453124046326
2025-11-10 11:00:00,31.81215226650238
2025-11-10 11:30:00,43.332571148872375
2025-11-10 12:00:00,41.04044258594513
2025-11-10 12:30:00,36.61682832241058
2025-11-10 13:00:00,42.81800830364227
2025-11-10 13:30:00,45.99122428894043
2025-11-10 14:00:00,27.82474958896637
2025-11-10 14:30:00,35.3673437833786
2025-11-10 15:00:00,22.550318956375122
2025-11-10 15:30:00,23.888463735580444
2025-11-10 16:00:00,49.85974073410034
2025-11-10 16:30:00,37.23705196380615
2025-11-10 17:00:00,29.22397220134735
2025-11-10 17:30:00,42.012686133384705
2025-11-10 18:00:00,37.050897002220154
2025-11-10 18:30:00,26.965166330337524
2025-11-10 19:00:00,14.561970233917236
2025-11-10 19:30:00,26.930599451065063
2025-11-10 20:00:00,19.958869457244873
2025-11-10 20:30:00,18.989655017852783
2025-11-10 21:00:00,26.325273513793945
2025-11-10 21:30:00,29.962656497955322
2025-11-10 22:00:00,29.652135372161865
2025-11-10 22:30:00,16.573062658309937
2025-11-10 23:00:00,37.325414299964905
2025-11-10 23:30:00,27.342670798301697
2025-11-11 00:00:00,12.293260931968689
2025-11-11 00:30:00,17.292558431625366
2025-11-11 01:00:00,17.395918607711792
2025-11-11 01:30:00,29.51823377609253
2025-11-11 02:00:00,33.42833411693573
2025-11-11 02:30:00,28.817713737487793
2025-11-11 03:00:00,15.992428958415985
2025-11-11 03:30:00,25.19042694568634
2025-11-11 04:00:00,16.388978004455566
2025-11-11 04:30:00,8.933274775743484
2025-11-11 05:00:00,15.289193987846375
2025-11-11 05:30:00,36.06592869758606
2025-11-11 06:00:00,44.54719591140747
2025-11-11 06:30:00,29.678956747055054
2025-11-11 07:00:00,35.49232828617096
2025-11-11 07:30:00,39.55901098251343
2025-11-11 08:00:00,29.51244342327118
2025-11-11 08:30:00,30.08516263961792
2025-11-11 09:00:00,51.941604137420654
2025-11-11 09:30:00,28.939749240875244
2025-11-11 10:00:00,30.99878418445587
2025-11-11 10:30:00,29.756962537765503
2025-11-11 11:00:00,33.472814440727234
2025-11-11 11:30:00,27.534671187400818
2025-11-11 12:00:00,41.26912271976471
2025-11-11 12:30:00,33.108365178108215
2025-11-11 13:00:00,37.34149360656738
2025-11-11 13:30:00,40.90068554878235
2025-11-11 14:00:00,47.61753487586975
2025-11-11 14:30:00,34.965163350105286
2025-11-11 15:00:00,20.740947604179382
2025-11-11 15:30:00,22.65889620780945
2025-11-11 16:00:00,23.565190315246582
2025-11-11 16:30:00,37.00040602684021
2025-11-11 17:00:00,36.634687542915344
2025-11-11 17:30:00,31.227954983711243
2025-11-11 18:00:00,21.376559615135193
2025-11-11 18:30:00,16.463407695293427
2025-11-11 19:00:00,14.472391247749329
2025-11-11 19:30:00,27.886726140975952
2025-11-11 20:00:00,32.62730276584625
2025-11-11 20:30:00,35.11076331138611
2025-11-11 21:00:00,38.48407816886902
2025-11-11 21:30:00,37.54483187198639
2025-11-11 22:00:00,37.602264761924744
2025-11-11 22:30:00,22.913008332252502
2025-11-11 23:00:00,32.83439362049103
2025-11-11 23:30:00,43.30739200115204
2025-11-12 00:00:00,28.43264150619507
2025-11-12 00:30:00,30.535523414611816
2025-11-12 01:00:00,25.059987545013428
2025-11-12 01:30:00,31.44500184059143
2025-11-12 02:00:00,40.194124817848206
2025-11-12 02:30:00,34.94672334194183
2025-11-12 03:00:00,45.60626721382141
2025-11-12 03:30:00,22.287299752235413
2025-11-12 04:00:00,47.74043154716492
2025-11-12 04:30:00,20.07700216770172
2025-11-12 05:00:00,26.114369988441467
2025-11-12 05:30:00,34.111175179481506
2025-11-12 06:00:00,29.789601802825928
2025-11-12 06:30:00,34.548688530921936
2025-11-12 07:00:00,27.828081607818604
2025-11-12 07:30:00,18.95861542224884
2025-11-12 08:00:00,27.923558592796326
2025-11-12 08:30:00,31.676117777824402
2025-11-12 09:00:00,29.632786631584167
2025-11-12 09:30:00,15.262274980545044
2025-11-12 10:00:00,19.489668130874634
2025-11-12 10:30:00,31.966504096984863
2025-11-12 11:00:00,35.10864794254303
2025-11-12 11:30:00,41.79464292526245
2025-11-12 12:00:00,42.045435547828674
2025-11-12 12:30:00,34.30345845222473
2025-11-12 13:00:00,29.960320830345154
2025-11-12 13:30:00,41.31934583187103
2025-11-12 14:00:00,48.57634520530701
2025-11-12 14:30:00,45.7087562084198
2025-11-12 15:00:00,50.63146734237671
2025-11-12 15:30:00,44.51034343242645
2025-11-12 16:00:00,24.732413291931152
2025-11-12 16:30:00,33.49806869029999
2025-11-12 17:00:00,40.550801038742065
2025-11-12 17:30:00,41.62133288383484
2025-11-12 18:00:00,22.092973709106445
2025-11-12 18:30:00,35.06299352645874
2025-11-12 19:00:00,37.687755703926086
2025-11-12 19:30:00,36.7572637796402
2025-11-12 20:00:00,30.425066113471985
2025-11-12 20:30:00,27.769131660461426
2025-11-12 21:00:00,25.341424226760864
2025-11-12 21:30:00,22.554704904556274
2025-11-12 22:00:00,29.041326999664307
2025-11-12 22:30:00,21.572412729263306
2025-11-12 23:00:00,39.75460374355316
2025-11-12 23:30:00,26.077717781066895
2025-11-13 00:00:00,9.533467501401901
2025-11-13 00:30:00,16.249674081802368
2025-11-13 01:00:00,18.813398480415344
2025-11-13 01:30:00,25.21062433719635
2025-11-13 02:00:00,33.325109124183655
2025-11-13 02:30:00,28.028170466423035
2025-11-13 03:00:00,24.484577178955078
2025-11-13 03:30:00,38.16476762294769
2025-11-13 04:00:00,40.360215067863464
2025-11-13 04:30:00,28.8325914144516
2025-11-13 05:00:00,32.68330121040344
2025-11-13 05:30:00,36.95054090023041
2025-11-13 06:00:00,25.693246364593506
2025-11-13 06:30:00,36.07437014579773
2025-11-13 07:00:00,14.898499131202698
2025-11-13 07:30:00,32.75688600540161
2025-11-13 08:00:00,28.17055857181549
2025-11-13 08:30:00,26.113421201705933
2025-11-13 09:00:00,41.38272178173065
2025-11-13 09:30:00,28.331236481666565
2025-11-13 10:00:00,46.458953619003296
2025-11-13 10:30:00,30.916900634765625
2025-11-13 11:00:00,27.473811149597168
2025-11-13 11:30:00,27.07881796360016
2025-11-13 12:00:00,32.882691621780396
2025-11-13 12:30:00,41.56564486026764
2025-11-13 13:00:00,33.58298635482788
2025-11-13 13:30:00,27.448684573173523
2025-11-13 14:00:00,16.479370594024658
2025-11-13 14:30:00,26.07354962825775
2025-11-13 15:00:00,28.415913820266724
2025-11-13 15:30:00,26.65338099002838
2025-11-13 16:00:00,32.73411512374878
2025-11-13 16:30:00,39.74880838394165
2025-11-13 17:00:00,38.00140607357025
2025-11-13 17:30:00,35.473122239112854
2025-11-13 18:00:00,35.115877747535706
2025-11-13 18:30:00,40.97292602062225
2025-11-13 19:00:00,34.674691915512085
2025-11-13 19:30:00,38.93110191822052
2025-11-13 20:00:00,55.20726299285889
2025-11-13 20:30:00,36.036248445510864
2025-11-13 21:00:00,27.609134674072266
2025-11-13 21:30:00,42.14586675167084
2025-11-13 22:00:00,16.99141252040863
2025-11-13 22:30:00,36.38246548175812
2025-11-13 23:00:00,35.34510862827301
2025-11-13 23:30:00,26.741305232048035
2025-11-14 00:00:00,17.327641010284424
2025-11-14 00:30:00,36.95116674900055
2025-11-14 01:00:00,38.71019232273102
2025-11-14 01:30:00,24.73765790462494
2025-11-14 02:00:00,24.21692669391632
2025-11-14 02:30:00,24.21546220779419
2025-11-14 03:00:00,30.552438855171204
2025-11-14 03:30:00,32.729636549949646
2025-11-14 04:00:00,10.910731583833694
2025-11-14 04:30:00,21.99867331981659
2025-11-14 05:00:00,26.37395453453064
2025-11-14 05:30:00,30.887738585472107
2025-11-14 06:00:00,35.785125374794006
2025-11-14 06:30:00,30.937811493873596
2025-11-14 07:00:00,42.32549035549164
2025-11-14 07:30:00,35.01299571990967
2025-11-14 08:00:00,48.208966970443726
2025-11-14 08:30:00,36.76791071891785
2025-11-14 09:00:00,40.04468214511871
2025-11-14 09:30:00,36.46180307865143
2025-11-14 10:00:00,30.493073344230652
2025-11-14 10:30:00,28.368837475776672
2025-11-14 11:00:00,44.137407660484314
2025-11-14 11:30:00,43.51553928852081
2025-11-14 12:00:00,38.19638550281525
2025-11-14 12:30:00,35.28377544879913
2025-11-14 13:00:00,41.39412224292755
2025-11-14 13:30:00,37.59539794921875
2025-11-14 14:00:00,35.413323640823364
2025-11-14 14:30:00,30.76280415058136
2025-11-14 15:00:00,32.912915110588074
2025-11-14 15:30:00,36.75558650493622
2025-11-14 16:00:00,34.560744881629944
2025-11-14 16:30:00,26.217660069465637
2025-11-14 17:00:00,21.8765527009964
2025-11-14 17:30:00,34.9698121547699
2025-11-14 18:00:00,27.55814301967621
2025-11-14 18:30:00,24.00335204601288
2025-11-14 19:00:00,26.519038796424866
2025-11-14 19:30:00,23.021335244178772
2025-11-14 20:00:00,36.28200924396515
2025-11-14 20:30:00,28.002448081970215
2025-11-14 21:00:00,33.18396770954132
2025-11-14 21:30:00,24.797719359397888
2025-11-14 22:00:00,36.30854773521423
2025-11-14 22:30:00,39.30347692966461
2025-11-14 23:00:00,37.488420367240906
2025-11-14 23:30:00,47.764328956604004
2025-11-15 00:00:00,16.74231469631195
2025-11-15 00:30:00,19.941508412361145
2025-11-15 01:00:00,14.082279682159424
2025-11-15 01:30:00,26.798713088035583
2025-11-15 02:00:00,32.282044529914856
2025-11-15 02:30:00,45.83635926246643
2025-11-15 03:00:00,44.26830017566681
2025-11-15 03:30:00,36.03552997112274
2025-11-15 04:00:00,31.14246904850006
2025-11-15 04:30:00,19.319554924964905
2025-11-15 05:00:00,24.458356618881226
2025-11-15 05:30:00,19.648999214172363
2025-11-15 06:00:00,27.246182441711426
2025-11-15 06:30:00,29.703707814216614
2025-11-15 07:00:00,30.17722499370575
2025-11-15 07:30:00,24.48750865459442
2025-11-15 08:00:00,25.425195336341858
2025-11-15 08:30:00,42.496837735176086
2025-11-15 09:00:00,39.8206307888031
2025-11-15 09:30:00,40.349325299263
2025-11-15 10:00:00,45.16985034942627
2025-11-15 10:30:00,40.734617829322815
2025-11-15 11:00:00,41.683021545410156
2025-11-15 11:30:00,51.02619767189026
2025-11-15 12:00:00,50.07450199127197
2025-11-15 12:30:00,47.43016576766968
2025-11-15 13:00:00,42.354509711265564
2025-11-15 13:30:00,39.81314313411713
2025-11-15 14:00:00,44.14643740653992
2025-11-15 14:30:00,29.607061743736267
2025-11-15 15:00:00,29.41560709476471
2025-11-15 15:30:00,35.67601490020752
2025-11-15 16:00:00,46.27670645713806
2025-11-15 16:30:00,19.95682919025421
2025-11-15 17:00:00,23.208186149597168
2025-11-15 17:30:00,30.25338077545166
2025-11-15 18:00:00,20.14028298854828
2025-11-15 18:30:00,42.96960890293121
2025-11-15 19:00:00,29.261152625083923
2025-11-15 19:30:00,35.17582154273987
2025-11-15 20:00:00,39.21900236606598
2025-11-15 20:30:00,23.72393810749054
2025-11-15 21:00:00,24.520726203918457
2025-11-15 21:30:00,19.350639581680298
2025-11-15 22:00:00,29.9822655916214
2025-11-15 22:30:00,36.063968539237976
2025-11-15 23:00:00,54.53461575508118
2025-11-15 23:30:00,28.031006813049316
2025-11-16 00:00:00,43.378936529159546
2025-11-16 00:30:00,40.36117136478424
2025-11-16 01:00:00,41.36301004886627
2025-11-16 01:30:00,18.076709389686584
2025-11-16 02:00:00,11.83909186720848
2025-11-16 02:30:00,21.703267693519592
2025-11-16 03:00:00,27.93962788581848
2025-11-16 03:30:00,25.864428520202637
2025-11-16 04:00:00,56.60132360458374
2025-11-16 04:30:00,37.42943787574768
2025-11-16 05:00:00,37.94380295276642
2025-11-16 05:30:00,29.27807056903839
2025-11-16 06:00:00,35.97263216972351
2025-11-16 06:30:00,32.838399052619934
2025-11-16 07:00:00,44.90716910362244
2025-11-16 07:30:00,30.879655122756958
2025-11-16 08:00:00,38.92765474319458
2025-11-16 08:30:00,36.5469685792923
2025-11-16 09:00:00,29.41110348701477
2025-11-16 09:30:00,28.498821258544922
2025-11-16 10:00:00,32.43109667301178
2025-11-16 10:30:00,40.12494349479675
2025-11-16 11:00:00,40.35123538970947
2025-11-16 11:30:00,32.555320143699646
2025-11-16 12:00:00,32.92802059650421
2025-11-16 12:30:00,28.066933035850525
2025-11-16 13:00:00,20.278550505638123
2025-11-16 13:30:00,29.761350989341736
2025-11-16 14:00:00,16.460566341876984
2025-11-16 14:30:00,22.04755461215973
2025-11-16 15:00:00,38.06133234500885
2025-11-16 15:30:00,26.560837984085083
2025-11-16 16:00:00,36.81835663318634
2025-11-16 16:30:00,27.775673031806946
2025-11-16 17:00:00,40.37861502170563
2025-11-16 17:30:00,39.42606317996979
2025-11-16 18:00:00,35.046708941459656
2025-11-16 18:30:00,35.31571877002716
2025-11-16 19:00:00,35.31618940830231
2025-11-16 19:30:00,42.460505962371826
2025-11-16 20:00:00,35.669012904167175
2025-11-16 20:30:00,33.642454504966736
2025-11-16 21:00:00,33.3008086681366
2025-11-16 21:30:00,28.647600531578064
2025-11-16 22:00:00,19.048282027244568
2025-11-16 22:30:00,33.2966605424881
2025-11-16 23:00:00,11.317000061273575
2025-11-16 23:30:00,26.818860411643982
2025-11-17 00:00:00,19.489280104637146
2025-11-17 00:30:00,23.31590723991394
2025-11-17 01:00:00,38.90945506095886
2025-11-17 01:30:00,28.28838837146759
2025-11-17 02:00:00,16.83034658432007
2025-11-17 02:30:00,23.60119664669037
2025-11-17 03:00:00,40.949283957481384
2025-11-17 03:30:00,25.32443118095398
2025-11-17 04:00:00,30.60361075401306
2025-11-17 04:30:00,24.443559050559998
2025-11-17 05:00:00,23.11427128314972
2025-11-17 05:30:00,10.250788450241089
2025-11-17 06:00:00,19.314377903938293
2025-11-17 06:30:00,32.94090807437897
2025-11-17 07:00:00,28.196478724479675
2025-11-17 07:30:00,19.074342370033264
2025-11-17 08:00:00,26.483620762825012
2025-11-17 08:30:00,26.9319988489151
2025-11-17 09:00:00,37.118658900260925
2025-11-17 09:30:00,24.96316623687744
2025-11-17 10:00:00,27.38834524154663
2025-11-17 10:30:00,18.859776377677917
2025-11-17 11:00:00,17.770651817321777
2025-11-17 11:30:00,44.74519193172455
2025-11-17 12:00:00,23.222237706184387
2025-11-17 12:30:00,36.36872935295105
2025-11-17 13:00:00,28.957608461380005
2025-11-17 13:30:00,18.958057165145874
2025-11-17 14:00:00,24.65412712097168
2025-11-17 14:30:00,17.788280725479126
2025-11-17 15:00:00,20.538412928581238
2025-11-17 15:30:00,28.797654032707214
2025-11-17 16:00:00,26.886154174804688
2025-11-17 16:30:00,27.633167266845703
2025-11-17 17:00:00,25.03485345840454
2025-11-17 17:30:00,27.563485264778137
2025-11-17 18:00:00,24.778120279312134
2025-11-17 18:30:00,17.289316534996033
2025-11-17 19:00:00,14.668697476387024
2025-11-17 19:30:00,23.137908339500427
2025-11-17 20:00:00,22.519131660461426
2025-11-17 20:30:00,10.804468095302582
2025-11-17 21:00:00,34.188737869262695
2025-11-17 21:30:00,16.615137219429016
2025-11-17 22:00:00,15.953224539756775
2025-11-17 22:30:00,11.04993224143982
2025-11-17 23:00:00,29.568945050239563
2025-11-17 23:30:00,20.963592052459717
2025-11-18 00:00:00,22.59937298297882
2025-11-18 00:30:00,11.317614018917084
2025-11-18 01:00:00,31.147923946380615
2025-11-18 01:30:00,23.744303226470947
2025-11-18 02:00:00,23.909464716911316
2025-11-18 02:30:00,35.733317613601685
2025-11-18 03:00:00,27.512300848960876
2025-11-18 03:30:00,49.048099994659424
2025-11-18 04:00:00,41.128729820251465
2025-11-18 04:30:00,46.61454963684082
2025-11-18 05:00:00,42.80810737609863
2025-11-18 05:30:00,36.125709772109985
2025-11-18 06:00:00,26.877314686775208
2025-11-18 06:30:00,34.8883992433548
2025-11-18 07:00:00,29.700343251228333
2025-11-18 07:30:00,37.42160475254059
2025-11-18 08:00:00,29.366710782051086
2025-11-18 08:30:00,38.48262870311737
2025-11-18 09:00:00,36.91785657405853
2025-11-18 09:30:00,31.13379979133606
2025-11-18 10:00:00,20.655744552612305
2025-11-18 10:30:00,22.208427786827087
2025-11-18 11:00:00,18.0598965883255
2025-11-18 11:30:00,33.780927300453186
2025-11-18 12:00:00,21.12391197681427
2025-11-18 12:30:00,27.903834342956543
2025-11-18 13:00:00,35.45802676677704
2025-11-18 13:30:00,32.519156098365784
2025-11-18 14:00:00,38.91451442241669
2025-11-18 14:30:00,35.17043173313141
2025-11-18 15:00:00,6.743671506643295
2025-11-18 15:30:00,12.507351279258728
2025-11-18 16:00:00,18.373892426490784
2025-11-18 16:30:00,42.45065259933472
2025-11-18 17:00:00,27.060998797416687
2025-11-18 17:30:00,25.34799563884735
2025-11-18 18:00:00,37.99182057380676
2025-11-18 18:30:00,59.471065521240234
2025-11-18 19:00:00,41.55230176448822
2025-11-18 19:30:00,38.31145405769348
2025-11-18 20:00:00,35.85922837257385
2025-11-18 20:30:00,35.67650055885315
2025-11-18 21:00:00,31.573939204216003
2025-11-18 21:30:00,47.6057288646698
2025-11-18 22:00:00,47.75212240219116
2025-11-18 22:30:00,42.4772812128067
2025-11-18 23:00:00,33.41833055019379
2025-11-18 23:30:00,33.503531098365784
2025-11-19 00:00:00,12.092024892568588
2025-11-19 00:30:00,32.90668165683746
2025-11-19 01:00:00,32.59589767456055
2025-11-19 01:30:00,21.764893770217896
2025-11-19 02:00:00,22.47650384902954
2025-11-19 02:30:00,28.719505548477173
2025-11-19 03:00:00,28.000678181648254
2025-11-19 03:30:00,21.093783617019653
2025-11-19 04:00:00,42.96067178249359
2025-11-19 04:30:00,30.4308865070343
2025-11-19 05:00:00,34.562782645225525
2025-11-19 05:30:00,29.671659350395203
2025-11-19 06:00:00,26.78473663330078
2025-11-19 06:30:00,31.179782152175903
2025-11-19 07:00:00,35.30228304862976
2025-11-19 07:30:00,29.33958899974823
2025-11-19 08:00:00,37.2824285030365
2025-11-19 08:30:00,38.410696148872375
2025-11-19 09:00:00,22.65960967540741
2025-11-19 09:30:00,22.136695504188538
2025-11-19 10:00:00,28.614312887191772
2025-11-19 10:30:00,37.5530880689621
2025-11-19 11:00:00,27.901633858680725
2025-11-19 11:30:00,21.50065541267395
2025-11-19 12:00:00,17.703583359718323
2025-11-19 12:30:00,26.46261978149414
2025-11-19 13:00:00,16.599581122398376
2025-11-19 13:30:00,28.12873685359955
2025-11-19 14:00:00,45.926105976104736
2025-11-19 14:30:00,49.402040004730225
2025-11-19 15:00:00,43.86058223247528
2025-11-19 15:30:00,54.46838092803955
2025-11-19 16:00:00,41.414865374565125
2025-11-19 16:30:00,37.075785756111145
2025-11-19 17:00:00,34.31322920322418
2025-11-19 17:30:00,29.831874132156372
2025-11-19 18:00:00,25.47900080680847
2025-11-19 18:30:00,22.741082668304443
2025-11-19 19:00:00,34.293041825294495
2025-11-19 19:30:00,27.71434986591339
2025-11-19 20:00:00,28.66494905948639
2025-11-19 20:30:00,25.765033721923828
2025-11-19 21:00:00,33.19652724266052
2025-11-19 21:30:00,18.684068083763123
2025-11-19 22:00:00,38.21788966655731
2025-11-19 22:30:00,23.517250299453735
2025-11-19 23:00:00,30.673891067504883
2025-11-19 23:30:00,21.138654470443726
2025-11-20 00:00:00,26.711021661758423
2025-11-20 00:30:00,16.8357013463974
2025-11-20 01:00:00,32.47704899311066
2025-11-20 01:30:00,30.060621857643127
2025-11-20 02:00:00,32.21889388561249
2025-11-20 02:30:00,8.327203452587128
2025-11-20 03:00:00,16.573660969734192
2025-11-20 03:30:00,17.542257070541382
2025-11-20 04:00:00,20.341676115989685
2025-11-20 04:30:00,31.18811345100403
2025-11-20 05:00:00,42.122164607048035
2025-11-20 05:30:00,45.715940952301025
2025-11-20 06:00:00,51.642393350601196
2025-11-20 06:30:00,19.90016734600067
2025-11-20 07:00:00,29.19710075855255
2025-11-20 07:30:00,34.510011076927185
2025-11-20 08:00:00,51.369152784347534
2025-11-20 08:30:00,47.66923499107361
2025-11-20 09:00:00,39.04116368293762
2025-11-20 09:30:00,37.188403487205505
2025-11-20 10:00:00,21.34798836708069
2025-11-20 10:30:00,33.3849903345108
2025-11-20 11:00:00,24.423556923866272
2025-11-20 11:30:00,38.60996639728546
2025-11-20 12:00:00,45.34466743469238
2025-11-20 12:30:00,46.7129430770874
2025-11-20 13:00:00,39.67548143863678
2025-11-20 13:30:00,25.912961840629578
2025-11-20 14:00:00,20.23425042629242
2025-11-20 14:30:00,30.365004658699036
2025-11-20 15:00:00,37.11106860637665
2025-11-20 15:30:00,23.73401927947998
2025-11-20 16:00:00,35.12490499019623
2025-11-20 16:30:00,38.58198344707489
2025-11-20 17:00:00,31.331310153007507
2025-11-20 17:30:00,19.86448645591736
2025-11-20 18:00:00,24.37661576271057
2025-11-20 18:30:00,23.579429626464844
2025-11-20 19:00:00,31.023387551307678
2025-11-20 19:30:00,25.117790937423706
2025-11-20 20:00:00,41.50006341934204
2025-11-20 20:30:00,23.72022807598114
2025-11-20 21:00:00,7.807088702917099
2025-11-20 21:30:00,31.53065550327301
2025-11-20 22:00:00,37.50996959209442
2025-11-20 22:30:00,38.61830019950867
2025-11-20 23:00:00,45.64142990112305
2025-11-20 23:30:00,42.52969229221344
2025-11-21 00:00:00,25.110463500022888
2025-11-21 00:30:00,30.063260436058044
2025-11-21 01:00:00,29.277735114097595
2025-11-21 01:30:00,25.502572774887085
2025-11-21 02:00:00,19.219088673591614
2025-11-21 02:30:00,32.47900664806366
2025-11-21 03:00:00,21.856285214424133
2025-11-21 03:30:00,34.663774609565735
2025-11-21 04:00:00,23.53671669960022
2025-11-21 04:30:00,16.56021523475647
2025-11-21 05:00:00,24.200296640396118
2025-11-21 05:30:00,32.81735801696777
2025-11-21 06:00:00,36.24461352825165
2025-11-21 06:30:00,28.633368730545044
2025-11-21 07:00:00,28.613123774528503
2025-11-21 07:30:00,25.188369154930115
2025-11-21 08:00:00,29.44827139377594
2025-11-21 08:30:00,31.009020566940308
2025-11-21 09:00:00,35.56728994846344
2025-11-21 09:30:00,32.90946042537689
2025-11-21 10:00:00,36.96962928771973
2025-11-21 10:30:00,47.95797157287598
2025-11-21 11:00:00,37.36396658420563
2025-11-21 11:30:00,19.622488260269165
2025-11-21 12:00:00,23.371662855148315
2025-11-21 12:30:00,28.886502027511597
2025-11-21 13:00:00,26.352462887763977
2025-11-21 13:30:00,31.526121854782104
2025-11-21 14:00:00,39.58818304538727
2025-11-21 14:30:00,29.39916479587555
2025-11-21 15:00:00,26.55282211303711
2025-11-21 15:30:00,35.857954144477844
2025-11-21 16:00:00,22.122088193893433
2025-11-21 16:30:00,36.53567576408386
2025-11-21 17:00:00,33.80857229232788
2025-11-21 17:30:00,29.120917439460754
2025-11-21 18:00:00,30.31968319416046
2025-11-21 18:30:00,20.665948390960693
2025-11-21 19:00:00,25.06468892097473
2025-11-21 19:30:00,27.305705666542053
2025-11-21 20:00:00,28.65921127796173
2025-11-21 20:30:00,20.87039566040039
2025-11-21 21:00:00,29.428314328193665
2025-11-21 21:30:00,19.345818042755127
2025-11-21 22:00:00,27.533564686775208
2025-11-21 22:30:00,38.73646795749664
2025-11-21 23:00:00,39.17523550987244
2025-11-21 23:30:00,31.498276591300964
2025-11-22 00:00:00,27.50684344768524
2025-11-22 00:30:00,31.84397041797638
2025-11-22 01:00:00,25.687273263931274
2025-11-22 01:30:00,14.996126532554626
2025-11-22 02:00:00,26.080781936645508
2025-11-22 02:30:00,44.73844027519226
2025-11-22 03:00:00,35.616724491119385
2025-11-22 03:30:00,16.696685314178467
2025-11-22 04:00:00,22.426743865013123
2025-11-22 04:30:00,22.046267867088318
2025-11-22 05:00:00,39.14039325714111
2025-11-22 05:30:00,26.94397008419037
2025-11-22 06:00:00,27.16280686855316
2025-11-22 06:30:00,30.500608563423157
2025-11-22 07:00:00,32.17729997634888
2025-11-22 07:30:00,39.93085277080536
2025-11-22 08:00:00,39.2243971824646
2025-11-22 08:30:00,41.07784831523895
2025-11-22 09:00:00,29.94425404071808
2025-11-22 09:30:00,29.230929136276245
2025-11-22 10:00:00,26.764061093330383
2025-11-22 10:30:00,16.50925612449646
2025-11-22 11:00:00,35.42139458656311
2025-11-22 11:30:00,27.181397080421448
2025-11-22 12:00:00,15.430440545082092
2025-11-22 12:30:00,20.925698161125183
2025-11-22 13:00:00,26.7335547208786
2025-11-22 13:30:00,37.762216687202454
2025-11-22 14:00:00,36.07893133163452
2025-11-22 14:30:00,26.411195039749146
2025-11-22 15:00:00,39.948248863220215
2025-11-22 15:30:00,34.87823045253754
2025-11-22 16:00:00,38.06743562221527
2025-11-22 16:30:00,31.639275312423706
2025-11-22 17:00:00,32.415735840797424
2025-11-22 17:30:00,38.92963492870331
2025-11-22 18:00:00,48.14653730392456
2025-11-22 18:30:00,30.244258403778076
2025-11-22 19:00:00,20.675864338874817
2025-11-22 19:30:00,30.10249364376068
2025-11-22 20:00:00,11.164288580417633
2025-11-22 20:30:00,21.047483325004578
2025-11-22 21:00:00,15.002124667167664
2025-11-22 21:30:00,14.797922730445862
2025-11-22 22:00:00,24.28197991847992
2025-11-22 22:30:00,29.69144117832184
2025-11-22 23:00:00,31.96458399295807
2025-11-22 23:30:00,42.15754759311676
2025-11-23 00:00:00,22.27327072620392
2025-11-23 00:30:00,19.615336060523987
2025-11-23 01:00:00,25.877103209495544
2025-11-23 01:30:00,30.587060809135437
2025-11-23 02:00:00,41.3929306268692
2025-11-23 02:30:00,24.090059638023376
2025-11-23 03:00:00,24.49670112133026
2025-11-23 03:30:00,31.131353974342346
2025-11-23 04:00:00,38.19551682472229
2025-11-23 04:30:00,25.060458183288574
2025-11-23 05:00:00,28.395513653755188
2025-11-23 05:30:00,18.9366055727005
2025-11-23 06:00:00,30.825849652290344
2025-11-23 06:30:00,34.62009537220001
2025-11-23 07:00:00,30.068422436714172
2025-11-23 07:30:00,20.989409565925598
2025-11-23 08:00:00,17.126200318336487
2025-11-23 08:30:00,13.400741636753082
2025-11-23 09:00:00,41.57966887950897
2025-11-23 09:30:00,57.36404800415039
2025-11-23 10:00:00,32.829669713974
2025-11-23 10:30:00,37.443108916282654
2025-11-23 11:00:00,33.285510420799255
2025-11-23 11:30:00,48.1370644569397
2025-11-23 12:00:00,33.440600752830505
2025-11-23 12:30:00,33.12694787979126
2025-11-23 13:00:00,48.82182312011719
2025-11-23 13:30:00,39.4411336183548
2025-11-23 14:00:00,27.771612524986267
2025-11-23 14:30:00,27.617303252220154
2025-11-23 15:00:00,40.517823815345764
2025-11-23 15:30:00,50.205910205841064
2025-11-23 16:00:00,41.4539133310318
2025-11-23 16:30:00,39.828866958618164
2025-11-23 17:00:00,19.80433738231659
2025-11-23 17:30:00,31.74655830860138
2025-11-23 18:00:00,43.251150727272034
2025-11-23 18:30:00,29.564709305763245
2025-11-23 19:00:00,39.40334236621857
2025-11-23 19:30:00,34.29602587223053
2025-11-23 20:00:00,21.197521805763245
2025-11-23 20:30:00,22.894663453102112
2025-11-23 21:00:00,21.52461540699005
2025-11-23 21:30:00,37.87825405597687
2025-11-23 22:00:00,26.152183771133423
2025-11-23 22:30:00,42.05413484573364
2025-11-23 23:00:00,43.828598856925964
2025-11-23 23:30:00,34.0156706571579
2025-11-24 00:00:00,29.755568146705627
2025-11-24 00:30:00,20.665780663490295
2025-11-24 01:00:00,23.938937187194824
2025-11-24 01:30:00,24.074904084205627
2025-11-24 02:00:00,22.053677916526794
2025-11-24 02:30:00,21.5573673248291
2025-11-24 03:00:00,25.653655171394348
2025-11-24 03:30:00,37.37295877933502
2025-11-24 04:00:00,35.11919975280762
2025-11-24 04:30:00,31.971473336219788
2025-11-24 05:00:00,41.651143312454224
2025-11-24 05:30:00,33.31166338920593
2025-11-24 06:00:00,34.684154748916626
2025-11-24 06:30:00,27.91964328289032
2025-11-24 07:00:00,40.8988755941391
2025-11-24 07:30:00,32.88885748386383
2025-11-24 08:00:00,27.845512747764587
2025-11-24 08:30:00,20.679359078407288
2025-11-24 09:00:00,27.495598196983337
2025-11-24 09:30:00,25.03237760066986
2025-11-24 10:00:00,20.5358544588089
2025-11-24 10:30:00,29.21601390838623
2025-11-24 11:00:00,31.741401314735413
2025-11-24 11:30:00,34.0737669467926
2025-11-24 12:00:00,39.35487163066864
2025-11-24 12:30:00,31.081140875816345
2025-11-24 13:00:00,25.259583234786987
2025-11-24 13:30:00,27.346726298332214
2025-11-24 14:00:00,33.69991993904114
2025-11-24 14:30:00,34.58229660987854
2025-11-24 15:00:00,14.011581301689148
2025-11-24 15:30:00,32.478941559791565
2025-11-24 16:00:00,29.739298582077026
2025-11-24 16:30:00,25.175962328910828
2025-11-24 17:00:00,20.989497184753418
2025-11-24 17:30:00,24.503605484962463
2025-11-24 18:00:00,22.248161673545837
2025-11-24 18:30:00,31.089970350265503
2025-11-24 19:00:00,16.957323789596558
2025-11-24 19:30:00,13.260176628828049
2025-11-24 20:00:00,36.58078944683075
2025-11-24 20:30:00,35.3030891418457
2025-11-24 21:00:00,24.717127561569214
2025-11-24 21:30:00,45.918320417404175
2025-11-24 22:00:00,33.104565024375916
2025-11-24 22:30:00,25.3635116815567
2025-11-24 23:00:00,31.356143832206726
2025-11-24 23:30:00,34.24470126628876
2025-11-25 00:00:00,22.968703866004944
2025-11-25 00:30:00,11.623573333024979
2025-11-25 01:00:00,28.140873312950134
2025-11-25 01:30:00,20.42731475830078
2025-11-25 02:00:00,27.825886130332947
2025-11-25 02:30:00,25.777360439300537
2025-11-25 03:00:00,33.14467442035675
2025-11-25 03:30:00,32.37625229358673
2025-11-25 04:00:00,30.53916835784912
2025-11-25 04:30:00,29.840373158454895
2025-11-25 05:00:00,43.43065667152405
2025-11-25 05:30:00,39.35346972942352
2025-11-25 06:00:00,33.35641157627106
2025-11-25 06:30:00,25.132856369018555
2025-11-25 07:00:00,26.478513836860657
2025-11-25 07:30:00,22.005334854125977
2025-11-25 08:00:00,22.277984619140625
2025-11-25 08:30:00,33.77750766277313
2025-11-25 09:00:00,31.39284360408783
2025-11-25 09:30:00,19.36046540737152
2025-11-25 10:00:00,20.63357698917389
2025-11-25 10:30:00,29.759653687477112
2025-11-25 11:00:00,26.563223719596863
2025-11-25 11:30:00,27.958901524543762
2025-11-25 12:00:00,30.98127043247223
2025-11-25 12:30:00,28.576621770858765
2025-11-25 13:00:00,32.2481085062027
2025-11-25 13:30:00,27.130783438682556
2025-11-25 14:00:00,39.51288092136383
2025-11-25 14:30:00,25.108405709266663
2025-11-25 15:00:00,14.520196080207825
2025-11-25 15:30:00,20.105040192604065
2025-11-25 16:00:00,16.216606736183167
2025-11-25 16:30:00,17.176102995872498
2025-11-25 17:00:00,18.90403640270233
2025-11-25 17:30:00,16.195598244667053
2025-11-25 18:00:00,18.31032121181488
2025-11-25 18:30:00,34.934314012527466
2025-11-25 19:00:00,31.10011661052704
2025-11-25 19:30:00,35.08664309978485
2025-11-25 20:00:00,33.78077709674835
2025-11-25 20:30:00,30.77782702445984
2025-11-25 21:00:00,39.048110604286194
2025-11-25 21:30:00,37.17219150066376
2025-11-25 22:00:00,16.715227961540222
2025-11-25 22:30:00,15.437249779701233
2025-11-25 23:00:00,19.514464259147644
2025-11-25 23:30:00,19.498064517974854
2025-11-26 00:00:00,12.265472620725632
2025-11-26 00:30:00,28.360408544540405
2025-11-26 01:00:00,35.76767671108246
2025-11-26 01:30:00,27.06224298477173
2025-11-26 02:00:00,34.47821795940399
2025-11-26 02:30:00,29.679923057556152
2025-11-26 03:00:00,28.00494396686554
2025-11-26 03:30:00,29.082370162010193
2025-11-26 04:00:00,22.490930914878845
2025-11-26 04:30:00,31.872278809547424
2025-11-26 05:00:00,28.882353901863098
2025-11-26 05:30:00,29.184784054756165
2025-11-26 06:00:00,34.58207631111145
2025-11-26 06:30:00,61.177765130996704
2025-11-26 07:00:00,30.580036282539368
2025-11-26 07:30:00,34.1345694065094
2025-11-26 08:00:00,23.25774836540222
2025-11-26 08:30:00,36.07380187511444
2025-11-26 09:00:00,22.696064114570618
2025-11-26 09:30:00,23.519728660583496
2025-11-26 10:00:00,26.906246423721313
2025-11-26 10:30:00,32.90561270713806
2025-11-26 11:00:00,19.250829219818115
2025-11-26 11:30:00,17.596765995025635
2025-11-26 12:00:00,22.38986885547638
2025-11-26 12:30:00,28.456881880760193
2025-11-26 13:00:00,30.74385094642639
2025-11-26 13:30:00,28.484071254730225
2025-11-26 14:00:00,21.6784565448761
2025-11-26 14:30:00,30.849246382713318
2025-11-26 15:00:00,22.148383855819702
2025-11-26 15:30:00,28.400350213050842
2025-11-26 16:00:00,22.969014286994934
2025-11-26 16:30:00,23.68752121925354
2025-11-26 17:00:00,36.83498919010162
2025-11-26 17:30:00,24.93190884590149
2025-11-26 18:00:00,24.480236291885376
2025-11-26 18:30:00,40.485029339790344
2025-11-26 19:00:00,22.82848370075226
2025-11-26 19:30:00,32.17377018928528
2025-11-26 20:00:00,28.94551706314087
2025-11-26 20:30:00,27.527806878089905
2025-11-26 21:00:00,15.37191492319107
2025-11-26 21:30:00,19.950610756874084
2025-11-26 22:00:00,31.12946391105652
2025-11-26 22:30:00,27.74015486240387
2025-11-26 23:00:00,16.117144346237183
2025-11-26 23:30:00,35.24149560928345
2025-11-27 00:00:00,28.087258100509644
2025-11-27 00:30:00,36.70414924621582
2025-11-27 01:00:00,38.899035930633545
2025-11-27 01:30:00,22.082486987113953
2025-11-27 02:00:00,22.812381863594055
2025-11-27 02:30:00,18.45334017276764
2025-11-27 03:00:00,28.64944303035736
2025-11-27 03:30:00,27.965400338172913
2025-11-27 04:00:00,40.831804633140564
2025-11-27 04:30:00,38.90454089641571
2025-11-27 05:00:00,19.08497428894043
2025-11-27 05:30:00,22.632505416870117
2025-11-27 06:00:00,14.647229611873627
2025-11-27 06:30:00,16.220962643623352
2025-11-27 07:00:00,29.2337304353714
2025-11-27 07:30:00,35.20752954483032
2025-11-27 08:00:00,23.798829674720764
2025-11-27 08:30:00,44.17327880859375
2025-11-27 09:00:00,46.79045820236206
2025-11-27 09:30:00,43.282575845718384
2025-11-27 10:00:00,31.748756289482117
2025-11-27 10:30:00,30.612640500068665
2025-11-27 11:00:00,38.10549223423004
2025-11-27 11:30:00,29.805318117141724
2025-11-27 12:00:00,34.71391260623932
2025-11-27 12:30:00,25.61398136615753
2025-11-27 13:00:00,25.52557647228241
2025-11-27 13:30:00,44.07308793067932
2025-11-27 14:00:00,41.40414333343506
2025-11-27 14:30:00,31.811551451683044
2025-11-27 15:00:00,32.06152546405792
2025-11-27 15:30:00,28.145867586135864
2025-11-27 16:00:00,22.087411165237427
2025-11-27 16:30:00,35.92255175113678
2025-11-27 17:00:00,20.949117422103882
2025-11-27 17:30:00,37.59548556804657
2025-11-27 18:00:00,30.23287546634674
2025-11-27 18:30:00,36.86082172393799
2025-11-27 19:00:00,31.173678874969482
2025-11-27 19:30:00,21.818944573402405
2025-11-27 20:00:00,30.53805685043335
2025-11-27 20:30:00,35.862595438957214
2025-11-27 21:00:00,37.22511827945709
2025-11-27 21:30:00,36.69654142856598
2025-11-27 22:00:00,46.32209801673889
2025-11-27 22:30:00,35.21961843967438
2025-11-27 23:00:00,30.08609390258789
2025-11-27 23:30:00,32.396422147750854
2025-11-28 00:00:00,24.877001881599426
2025-11-28 00:30:00,15.735535562038422
2025-11-28 01:00:00,16.53011691570282
2025-11-28 01:30:00,18.561662077903748
2025-11-28 02:00:00,23.2869930267334
2025-11-28 02:30:00,25.831098318099976
2025-11-28 03:00:00,23.093933701515198
2025-11-28 03:30:00,18.651761770248413
2025-11-28 04:00:00,27.663976550102234
2025-11-28 04:30:00,28.458221197128296
2025-11-28 05:00:00,46.337363719940186
2025-11-28 05:30:00,32.54772484302521
2025-11-28 06:00:00,42.605077028274536
2025-11-28 06:30:00,36.202263593673706
2025-11-28 07:00:00,44.2639342546463
2025-11-28 07:30:00,42.82083714008331
2025-11-28 08:00:00,34.434388518333435
2025-11-28 08:30:00,57.10147190093994
2025-11-28 09:00:00,36.87263023853302
2025-11-28 09:30:00,45.427409648895264
2025-11-28 10:00:00,39.33670198917389
2025-11-28 10:30:00,31.882657885551453
2025-11-28 11:00:00,33.471938252449036
2025-11-28 11:30:00,43.752275347709656
2025-11-28 12:00:00,38.477301478385925
2025-11-28 12:30:00,27.861314177513123
2025-11-28 13:00:00,17.712039828300476
2025-11-28 13:30:00,42.865798115730286
2025-11-28 14:00:00,40.50517916679382
2025-11-28 14:30:00,27.791011333465576
2025-11-28 15:00:00,35.361886382102966
2025-11-28 15:30:00,30.406020283699036
2025-11-28 16:00:00,43.59287917613983
2025-11-28 16:30:00,35.539735078811646
2025-11-28 17:00:00,35.18600535392761
2025-11-28 17:30:00,24.01552104949951
2025-11-28 18:00:00,36.58617675304413
2025-11-28 18:30:00,31.13835847377777
2025-11-28 19:00:00,29.206493496894836
2025-11-28 19:30:00,38.22039806842804
2025-11-28 20:00:00,35.348270416259766
2025-11-28 20:30:00,35.87969362735748
2025-11-28 21:00:00,22.411290407180786
2025-11-28 21:30:00,26.986264944076538
2025-11-28 22:00:00,32.37493550777435
2025-11-28 22:30:00,37.50880801677704
2025-11-28 23:00:00,44.66925644874573
2025-11-28 23:30:00,33.40446174144745
2025-11-29 00:00:00,15.805817127227783
2025-11-29 00:30:00,8.497451215982437
2025-11-29 01:00:00,20.68140435218811
2025-11-29 01:30:00,32.62809884548187
2025-11-29 02:00:00,30.22178041934967
2025-11-29 02:30:00,38.13504230976105
2025-11-29 03:00:00,35.124935030937195
2025-11-29 03:30:00,43.01431703567505
2025-11-29 04:00:00,35.695308566093445
2025-11-29 04:30:00,31.70868444442749
2025-11-29 05:00:00,25.691784381866455
2025-11-29 05:30:00,30.374545097351074
2025-11-29 06:00:00,43.80834138393402
2025-11-29 06:30:00,34.98609673976898
2025-11-29 07:00:00,40.368876814842224
2025-11-29 07:30:00,24.448891282081604
2025-11-29 08:00:00,37.27552914619446
2025-11-29 08:30:00,43.84630286693573
2025-11-29 09:00:00,38.13310968875885
2025-11-29 09:30:00,33.70155465602875
2025-11-29 10:00:00,38.08581054210663
2025-11-29 10:30:00,38.79523766040802
2025-11-29 11:00:00,41.56516921520233
2025-11-29 11:30:00,43.62576878070831
2025-11-29 12:00:00,30.037175059318542
2025-11-29 12:30:00,29.030634999275208
2025-11-29 13:00:00,21.016874313354492
2025-11-29 13:30:00,40.50038015842438
2025-11-29 14:00:00,37.97787415981293
2025-11-29 14:30:00,38.36550986766815
2025-11-29 15:00:00,40.40935170650482
2025-11-29 15:30:00,32.02219212055206
2025-11-29 16:00:00,35.93878877162933
2025-11-29 16:30:00,45.208012104034424
2025-11-29 17:00:00,27.915993332862854
2025-11-29 17:30:00,32.626073598861694
2025-11-29 18:00:00,42.30781137943268
2025-11-29 18:30:00,31.389699339866638
2025-11-29 19:00:00,40.22004747390747
2025-11-29 19:30:00,41.1796213388443
2025-11-29 20:00:00,33.02395570278168
2025-11-29 20:30:00,35.467694878578186
2025-11-29 21:00:00,33.906803011894226
2025-11-29 21:30:00,38.0351368188858
2025-11-29 22:00:00,37.24872529506683
2025-11-29 22:30:00,27.28244161605835
2025-11-29 23:00:00,22.892059922218323
2025-11-29 23:30:00,10.104381769895554
2025-11-30 00:00:00,27.3113032579422
2025-11-30 00:30:00,36.5348596572876
2025-11-30 01:00:00,17.686717987060547
2025-11-30 01:30:00,21.38079285621643
2025-11-30 02:00:00,32.74282443523407
2025-11-30 02:30:00,41.55383634567261
2025-11-30 03:00:00,47.60454225540161
2025-11-30 03:30:00,37.910898327827454
2025-11-30 04:00:00,38.226831793785095
2025-11-30 04:30:00,28.238468170166016
2025-11-30 05:00:00,22.99307942390442
2025-11-30 05:30:00,22.67888581752777
2025-11-30 06:00:00,22.852391123771667
2025-11-30 06:30:00,25.12735140323639
2025-11-30 07:00:00,26.475224375724792
2025-11-30 07:30:00,26.70301330089569
2025-11-30 08:00:00,19.669639706611633
2025-11-30 08:30:00,40.71736443042755
2025-11-30 09:00:00,39.06224977970123
2025-11-30 09:30:00,30.87723934650421
2025-11-30 10:00:00,39.0550274848938
2025-11-30 10:30:00,34.98549842834473
2025-11-30 11:00:00,19.299259901046753
2025-11-30 11:30:00,16.70885682106018
2025-11-30 12:00:00,9.391267150640488
2025-11-30 12:30:00,24.784769296646118
2025-11-30 13:00:00,29.718392729759216
2025-11-30 13:30:00,41.00580561161041
2025-11-30 14:00:00,36.37934124469757
2025-11-30 14:30:00,25.24147367477417
2025-11-30 15:00:00,32.258001923561096
2025-11-30 15:30:00,31.00262439250946
2025-11-30 16:00:00,30.942477822303772
2025-11-30 16:30:00,22.919902682304382
2025-11-30 17:00:00,20.826038002967834
2025-11-30 17:30:00,38.76637351512909
2025-11-30 18:00:00,22.4503333568573
2025-11-30 18:30:00,23.75324785709381
2025-11-30 19:00:00,24.870908617973328
2025-11-30 19:30:00,23.62581753730774
2025-11-30 20:00:00,27.94209122657776
2025-11-30 20:30:00,30.459109783172607
2025-11-30 21:00:00,36.59942972660065
2025-11-30 21:30:00,28.675253033638
2025-11-30 22:00:00,45.83831191062927
2025-11-30 22:30:00,33.965322375297546
2025-11-30 23:00:00,44.97784495353699
2025-11-30 23:30:00,40.51595377922058
2025-12-01 00:00:00,35.19964134693146
2025-12-01 00:30:00,36.15198290348053
2025-12-01 01:00:00,31.34065282344818
2025-12-01 01:30:00,27.279772996902466
2025-12-01 02:00:00,22.70672106742859
2025-12-01 02:30:00,30.583428382873535
2025-12-01 03:00:00,21.24226999282837
2025-12-01 03:30:00,39.78515017032623
2025-12-01 04:00:00,32.65181601047516
2025-12-01 04:30:00,49.35781002044678
2025-12-01 05:00:00,32.54134118556976
2025-12-01 05:30:00,36.862841963768005
2025-12-01 06:00:00,28.825667023658752
2025-12-01 06:30:00,26.440269470214844
2025-12-01 07:00:00,23.93674921989441
2025-12-01 07:30:00,33.00362312793732
2025-12-01 08:00:00,33.12802183628082
2025-12-01 08:30:00,42.80247724056244
2025-12-01 09:00:00,43.66744530200958
2025-12-01 09:30:00,53.695693016052246
2025-12-01 10:00:00,50.89992642402649
2025-12-01 10:30:00,42.46819889545441
2025-12-01 11:00:00,33.65437066555023
2025-12-01 11:30:00,38.563969016075134
2025-12-01 12:00:00,24.28210759162903
2025-12-01 12:30:00,28.008148312568665
2025-12-01 13:00:00,25.557512283325195
2025-12-01 13:30:00,24.706004977226257
2025-12-01 14:00:00,19.303200244903564
2025-12-01 14:30:00,26.172754168510437
2025-12-01 15:00:00,25.55160677433014
2025-12-01 15:30:00,26.260112643241882
2025-12-01 16:00:00,27.26078975200653
2025-12-01 16:30:00,31.746545791625977
2025-12-01 17:00:00,25.006244659423828
2025-12-01 17:30:00,28.200859665870667
2025-12-01 18:00:00,37.76530086994171
2025-12-01 18:30:00,30.357043862342834
2025-12-01 19:00:00,30.591021180152893
2025-12-01 19:30:00,35.498984813690186
2025-12-01 20:00:00,32.744046092033386
2025-12-01 20:30:00,29.85312044620514
2025-12-01 21:00:00,32.509533047676086
2025-12-01 21:30:00,33.59227645397186
2025-12-01 22:00:00,34.636102080345154
2025-12-01 22:30:00,22.003041744232178
2025-12-01 23:00:00,36.11684775352478
2025-12-01 23:30:00,37.40728533267975
2025-12-02 00:00:00,27.897172808647156
2025-12-02 00:30:00,15.356032133102417
2025-12-02 01:00:00,29.76870846748352
2025-12-02 01:30:00,32.77177619934082
2025-12-02 02:00:00,31.027082562446594
2025-12-02 02:30:00,24.673946499824524
2025-12-02 03:00:00,42.534443736076355
2025-12-02 03:30:00,57.26481342315674
2025-12-02 04:00:00,43.491058588027954
2025-12-02 04:30:00,37.559571862220764
2025-12-02 05:00:00,30.47290349006653
2025-12-02 05:30:00,45.46566152572632
2025-12-02 06:00:00,35.45694279670715
2025-12-02 06:30:00,22.617635250091553
2025-12-02 07:00:00,22.9364275932312
2025-12-02 07:30:00,38.16657507419586
2025-12-02 08:00:00,28.135383367538452
2025-12-02 08:30:00,23.99818754196167
2025-12-02 09:00:00,21.759771823883057
2025-12-02 09:30:00,51.78402543067932
2025-12-02 10:00:00,34.83346474170685
2025-12-02 10:30:00,55.88858699798584
2025-12-02 11:00:00,53.94874119758606
2025-12-02 11:30:00,53.5388503074646
2025-12-02 12:00:00,39.8328423500061
2025-12-02 12:30:00,43.64207088947296
2025-12-02 13:00:00,24.218804240226746
2025-12-02 13:30:00,40.68155586719513
2025-12-02 14:00:00,23.832457780838013
2025-12-02 14:30:00,35.8354811668396
2025-12-02 15:00:00,37.8835186958313
2025-12-02 15:30:00,37.38082695007324
2025-12-02 16:00:00,38.29247581958771
2025-12-02 16:30:00,38.69080603122711
2025-12-02 17:00:00,22.98976242542267
2025-12-02 17:30:00,39.87737774848938
2025-12-02 18:00:00,22.547808051109314
2025-12-02 18:30:00,22.65814769268036
2025-12-02 19:00:00,35.39183449745178
2025-12-02 19:30:00,21.060238122940063
2025-12-02 20:00:00,26.383560061454773
2025-12-02 20:30:00,20.02010750770569
2025-12-02 21:00:00,17.3907390832901
2025-12-02 21:30:00,35.30315172672272
2025-12-02 22:00:00,27.952695608139038
2025-12-02 22:30:00,33.58753001689911
2025-12-02 23:00:00,29.37459647655487
2025-12-02 23:30:00,33.62325847148895
2025-12-03 00:00:00,9.239187777042389
2025-12-03 00:30:00,16.50231045484543
2025-12-03 01:00:00,30.382843852043152
2025-12-03 01:30:00,21.388025164604187
2025-12-03 02:00:00,35.748347997665405
2025-12-03 02:30:00,38.58074676990509
2025-12-03 03:00:00,33.67478835582733
2025-12-03 03:30:00,31.013133645057678
2025-12-03 04:00:00,22.4461727142334
2025-12-03 04:30:00,24.252267122268677
2025-12-03 05:00:00,32.65839493274689
2025-12-03 05:30:00,48.423462867736816
2025-12-03 06:00:00,38.29870426654816
2025-12-03 06:30:00,43.599438071250916
2025-12-03 07:00:00,30.424850821495056
2025-12-03 07:30:00,21.92973232269287
2025-12-03 08:00:00,26.836949944496155
2025-12-03 08:30:00,30.650949954986572
2025-12-03 09:00:00,27.032868146896362
2025-12-03 09:30:00,30.05916738510132
2025-12-03 10:00:00,35.93889892101288
2025-12-03 10:30:00,29.01243031024933
2025-12-03 11:00:00,36.13089680671692
2025-12-03 11:30:00,23.06835651397705
2025-12-03 12:00:00,30.627265334129333
2025-12-03 12:30:00,33.67477583885193
2025-12-03 13:00:00,44.30921816825867
2025-12-03 13:30:00,19.952968955039978
2025-12-03 14:00:00,28.74609410762787
2025-12-03 14:30:00,40.134589076042175
2025-12-03 15:00:00,35.86205470561981
2025-12-03 15:30:00,35.62970209121704
2025-12-03 16:00:00,19.912959694862366
2025-12-03 16:30:00,30.041085362434387
2025-12-03 17:00:00,26.030749082565308
2025-12-03 17:30:00,14.310066103935242
2025-12-03 18:00:00,32.708773255348206
2025-12-03 18:30:00,37.349018812179565
2025-12-03 19:00:00,41.99639654159546
2025-12-03 19:30:00,31.385791540145874
2025-12-03 20:00:00,27.51598334312439
2025-12-03 20:30:00,37.453540563583374
2025-12-03 21:00:00,21.32713758945465
2025-12-03 21:30:00,28.552759408950806
2025-12-03 22:00:00,39.976800084114075
2025-12-03 22:30:00,38.395400404930115
2025-12-03 23:00:00,49.69261407852173
2025-12-03 23:30:00,53.78409290313721
2025-12-04 00:00:00,17.72288954257965
2025-12-04 00:30:00,6.613380745053291
2025-12-04 01:00:00,14.157654404640198
2025-12-04 01:30:00,31.76843547821045
2025-12-04 02:00:00,23.07061457633972
2025-12-04 02:30:00,29.786795496940613
2025-12-04 03:00:00,8.273884892463684
2025-12-04 03:30:00,27.435158729553223
2025-12-04 04:00:00,37.49899971485138
2025-12-04 04:30:00,35.05208122730255
2025-12-04 05:00:00,41.0938675403595
2025-12-04 05:30:00,27.41485869884491
2025-12-04 06:00:00,12.897080451250076
2025-12-04 06:30:00,27.39761531352997
2025-12-04 07:00:00,34.30132305622101
2025-12-04 07:30:00,47.51614236831665
2025-12-04 08:00:00,27.488330841064453
2025-12-04 08:30:00,34.33369195461273
2025-12-04 09:00:00,17.73176658153534
2025-12-04 09:30:00,19.574312925338745
2025-12-04 10:00:00,34.273590445518494
2025-12-04 10:30:00,28.16141366958618
2025-12-04 11:00:00,30.732873558998108
2025-12-04 11:30:00,7.514076322317123
2025-12-04 12:00:00,12.869598180055618
2025-12-04 12:30:00,20.734283566474915
2025-12-04 13:00:00,25.388993740081787
2025-12-04 13:30:00,12.53502506017685
2025-12-04 14:00:00,35.39938223361969
2025-12-04 14:30:00,27.73895823955536
2025-12-04 15:00:00,22.131961584091187
2025-12-04 15:30:00,13.677312970161438
2025-12-04 16:00:00,9.094015270471573
2025-12-04 16:30:00,24.585116028785706
2025-12-04 17:00:00,21.17947232723236
2025-12-04 17:30:00,33.25688910484314
2025-12-04 18:00:00,35.76507568359375
2025-12-04 18:30:00,42.91310977935791
2025-12-04 19:00:00,28.82914423942566
2025-12-04 19:30:00,20.1239333152771
2025-12-04 20:00:00,20.993557691574097
2025-12-04 20:30:00,19.271857738494873
2025-12-04 21:00:00,20.131688833236694
2025-12-04 21:30:00,32.95111691951752
2025-12-04 22:00:00,42.69012987613678
2025-12-04 22:30:00,40.25363302230835
2025-12-04 23:00:00,44.194074511528015
2025-12-04 23:30:00,31.903781533241272
2025-12-05 00:00:00,23.756046652793884
2025-12-05 00:30:00,32.572793841362
2025-12-05 01:00:00,43.325674295425415
2025-12-05 01:30:00,32.911685943603516
2025-12-05 02:00:00,23.235655903816223
2025-12-05 02:30:00,37.62046444416046
2025-12-05 03:00:00,33.79061543941498
2025-12-05 03:30:00,31.185712695121765
2025-12-05 04:00:00,23.114023447036743
2025-12-05 04:30:00,13.766949534416199
2025-12-05 05:00:00,26.444833159446716
2025-12-05 05:30:00,33.74210715293884
2025-12-05 06:00:00,27.099701285362244
2025-12-05 06:30:00,35.77342450618744
2025-12-05 07:00:00,45.643277406692505
2025-12-05 07:30:00,40.4216183423996
2025-12-05 08:00:00,49.098358154296875
2025-12-05 08:30:00,35.14815151691437
2025-12-05 09:00:00,25.078094601631165
2025-12-05 09:30:00,22.444200038909912
2025-12-05 10:00:00,40.69739234447479
2025-12-05 10:30:00,46.32735514640808
2025-12-05 11:00:00,52.1257438659668
2025-12-05 11:30:00,25.41507911682129
2025-12-05 12:00:00,17.836806535720825
2025-12-05 12:30:00,27.50179159641266
2025-12-05 13:00:00,31.105083346366882
2025-12-05 13:30:00,42.32634651660919
2025-12-05 14:00:00,49.27376103401184
2025-12-05 14:30:00,41.45919048786163
2025-12-05 15:00:00,47.417468547821045
2025-12-05 15:30:00,54.115617513656616
2025-12-05 16:00:00,46.79033303260803
2025-12-05 16:30:00,25.90492844581604
2025-12-05 17:00:00,16.875239968299866
2025-12-05 17:30:00,30.222323656082153
2025-12-05 18:00:00,26.126942038536072
2025-12-05 18:30:00,32.115323424339294
2025-12-05 19:00:00,23.870266556739807
2025-12-05 19:30:00,37.44603788852692
2025-12-05 20:00:00,36.30535590648651
2025-12-05 20:30:00,29.743221402168274
2025-12-05 21:00:00,21.6733295917511
2025-12-05 21:30:00,37.21777331829071
2025-12-05 22:00:00,29.652981519699097
2025-12-05 22:30:00,26.01630699634552
2025-12-05 23:00:00,32.33956003189087
2025-12-05 23:30:00,22.968348383903503
2025-12-06 00:00:00,14.594063758850098
2025-12-06 00:30:00,19.659793853759766
2025-12-06 01:00:00,34.15862703323364
2025-12-06 01:30:00,24.115233778953552
2025-12-06 02:00:00,29.890310883522034
2025-12-06 02:30:00,24.54239809513092
2025-12-06 03:00:00,31.686266541481018
2025-12-06 03:30:00,34.16811239719391
2025-12-06 04:00:00,33.90789198875427
2025-12-06 04:30:00,33.20279324054718
2025-12-06 05:00:00,36.69026291370392
2025-12-06 05:30:00,24.822555541992188
2025-12-06 06:00:00,34.96163606643677
2025-12-06 06:30:00,39.25490355491638
2025-12-06 07:00:00,40.137240171432495
2025-12-06 07:30:00,45.40799832344055
2025-12-06 08:00:00,43.84772229194641
2025-12-06 08:30:00,37.73167276382446
2025-12-06 09:00:00,37.70147430896759
2025-12-06 09:30:00,19.514469265937805
2025-12-06 10:00:00,38.14269518852234
2025-12-06 10:30:00,27.557682394981384
2025-12-06 11:00:00,25.981101751327515
2025-12-06 11:30:00,19.37022864818573
2025-12-06 12:00:00,30.42147123813629
2025-12-06 12:30:00,25.86996352672577
2025-12-06 13:00:00,48.83019948005676
2025-12-06 13:30:00,26.88907563686371
2025-12-06 14:00:00,17.651960849761963
2025-12-06 14:30:00,21.96083950996399
2025-12-06 15:00:00,25.408880710601807
2025-12-06 15:30:00,37.51875400543213
2025-12-06 16:00:00,27.903233528137207
2025-12-06 16:30:00,30.32524573802948
2025-12-06 17:00:00,33.7413911819458
2025-12-06 17:30:00,31.727582573890686
2025-12-06 18:00:00,27.09176802635193
2025-12-06 18:30:00,21.021340370178223
2025-12-06 19:00:00,21.194550275802612
2025-12-06 19:30:00,32.09352135658264
2025-12-06 20:00:00,18.307339668273926
2025-12-06 20:30:00,28.4085613489151
2025-12-06 21:00:00,40.96260201931
2025-12-06 21:30:00,27.586764335632324
2025-12-06 22:00:00,21.561390280723572
2025-12-06 22:30:00,25.75098466873169
2025-12-06 23:00:00,26.710225582122803
2025-12-06 23:30:00,30.33006727695465
2025-12-07 00:00:00,24.576151371002197
2025-12-07 00:30:00,22.79220449924469
2025-12-07 01:00:00,29.045385003089905
2025-12-07 01:30:00,24.113201022148132
2025-12-07 02:00:00,34.79553830623627
2025-12-07 02:30:00,32.24321937561035
2025-12-07 03:00:00,39.251381278038025
2025-12-07 03:30:00,27.640464663505554
2025-12-07 04:00:00,39.72396719455719
2025-12-07 04:30:00,54.552024364471436
2025-12-07 05:00:00,38.23896825313568
2025-12-07 05:30:00,44.193936824798584
2025-12-07 06:00:00,32.72734594345093
2025-12-07 06:30:00,43.22451210021973
2025-12-07 07:00:00,43.859983921051025
2025-12-07 07:30:00,24.785452723503113
2025-12-07 08:00:00,47.83732795715332
2025-12-07 08:30:00,46.76871371269226
2025-12-07 09:00:00,29.24019420146942
2025-12-07 09:30:00,24.401066422462463
2025-12-07 10:00:00,16.702195286750793
2025-12-07 10:30:00,29.57582437992096
2025-12-07 11:00:00,23.429025650024414
2025-12-07 11:30:00,22.367616176605225
2025-12-07 12:00:00,39.9860976934433
2025-12-07 12:30:00,38.41432857513428
2025-12-07 13:00:00,37.11060297489166
2025-12-07 13:30:00,38.920602679252625
2025-12-07 14:00:00,37.391093373298645
2025-12-07 14:30:00,37.22836518287659
2025-12-07 15:00:00,17.407959938049316
2025-12-07 15:30:00,22.414036631584167
2025-12-07 16:00:00,24.296584725379944
2025-12-07 16:30:00,26.835170030593872
2025-12-07 17:00:00,27.802579522132874
2025-12-07 17:30:00,19.783028483390808
2025-12-07 18:00:00,32.21103823184967
2025-12-07 18:30:00,31.822989463806152
2025-12-07 19:00:00,27.12585425376892
2025-12-07 19:30:00,34.27835941314697
2025-12-07 20:00:00,38.33824288845062
2025-12-07 20:30:00,37.997923851013184
2025-12-07 21:00:00,30.3041170835495
2025-12-07 21:30:00,36.79675233364105
2025-12-07 22:00:00,26.350920796394348
2025-12-07 22:30:00,39.34754168987274
2025-12-07 23:00:00,28.647910952568054
2025-12-07 23:30:00,26.03981637954712
2025-12-08 00:00:00,16.677594423294067
2025-12-08 00:30:00,30.384636282920837
2025-12-08 01:00:00,29.081904530525208
2025-12-08 01:30:00,26.864049196243286
2025-12-08 02:00:00,25.46764039993286
2025-12-08 02:30:00,34.5594756603241
2025-12-08 03:00:00,31.143640637397766
2025-12-08 03:30:00,26.589176416397095
2025-12-08 04:00:00,44.573028445243835
2025-12-08 04:30:00,42.46038579940796
2025-12-08 05:00:00,41.15760147571564
2025-12-08 05:30:00,37.38903057575226
2025-12-08 06:00:00,35.079408288002014
2025-12-08 06:30:00,44.754364371299744
2025-12-08 07:00:00,46.70854210853577
2025-12-08 07:30:00,45.02620553970337
2025-12-08 08:00:00,31.981849908828735
2025-12-08 08:30:00,34.7955983877182
2025-12-08 09:00:00,34.1378538608551
2025-12-08 09:30:00,51.53199863433838
2025-12-08 10:00:00,51.98997974395752
2025-12-08 10:30:00,47.76163029670715
2025-12-08 11:00:00,35.5809885263443
2025-12-08 11:30:00,25.515520334243774
2025-12-08 12:00:00,29.983091711997986
2025-12-08 12:30:00,20.49024260044098
2025-12-08 13:00:00,37.24258196353912
2025-12-08 13:30:00,33.675644516944885
2025-12-08 14:00:00,16.681955337524414
2025-12-08 14:30:00,23.08223783969879
2025-12-08 15:00:00,36.07666575908661
2025-12-08 15:30:00,21.72150993347168
2025-12-08 16:00:00,14.376393556594849
2025-12-08 16:30:00,18.20424485206604
2025-12-08 17:00:00,20.820210099220276
2025-12-08 17:30:00,12.471110254526138
2025-12-08 18:00:00,20.630457758903503
2025-12-08 18:30:00,20.17657971382141
2025-12-08 19:00:00,37.52709782123566
2025-12-08 19:30:00,32.25788176059723
2025-12-08 20:00:00,29.88520896434784
2025-12-08 20:30:00,35.60480582714081
2025-12-08 21:00:00,38.720916867256165
2025-12-08 21:30:00,44.73009145259857
2025-12-08 22:00:00,22.67794704437256
2025-12-08 22:30:00,34.39623177051544
2025-12-08 23:00:00,43.49789535999298
2025-12-08 23:30:00,31.214051127433777
2025-12-09 00:00:00,21.85498595237732
2025-12-09 00:30:00,28.987311244010925
2025-12-09 01:00:00,26.593940377235413
2025-12-09 01:30:00,22.69531810283661
2025-12-09 02:00:00,41.37546694278717
2025-12-09 02:30:00,19.846181631088257
2025-12-09 03:00:00,21.073405981063843
2025-12-09 03:30:00,27.42581856250763
2025-12-09 04:00:00,42.11617648601532
2025-12-09 04:30:00,42.70530545711517
2025-12-09 05:00:00,32.61831057071686
2025-12-09 05:30:00,30.45938265323639
2025-12-09 06:00:00,31.569292902946472
2025-12-09 06:30:00,43.245991230010986
2025-12-09 07:00:00,40.4293338060379
2025-12-09 07:30:00,35.610488533973694
2025-12-09 08:00:00,24.74486017227173
2025-12-09 08:30:00,30.505117177963257
2025-12-09 09:00:00,35.209930300712585
2025-12-09 09:30:00,24.644015908241272
2025-12-09 10:00:00,26.166062593460083
2025-12-09 10:30:00,25.82245910167694
2025-12-09 11:00:00,38.43776786327362
2025-12-09 11:30:00,21.599714756011963
2025-12-09 12:00:00,19.391472458839417
2025-12-09 12:30:00,33.832587361335754
2025-12-09 13:00:00,32.93610906600952
2025-12-09 13:30:00,36.43059575557709
2025-12-09 14:00:00,26.603545904159546
2025-12-09 14:30:00,17.239604115486145
2025-12-09 15:00:00,30.84899353981018
2025-12-09 15:30:00,26.513068199157715
2025-12-09 16:00:00,32.97933518886566
2025-12-09 16:30:00,57.962289333343506
2025-12-09 17:00:00,43.3703373670578
2025-12-09 17:30:00,28.11062228679657
2025-12-09 18:00:00,21.130949020385742
2025-12-09 18:30:00,28.478713989257812
2025-12-09 19:00:00,25.979369401931763
2025-12-09 19:30:00,37.84837353229523
2025-12-09 20:00:00,46.07426190376282
2025-12-09 20:30:00,29.60419535636902
2025-12-09 21:00:00,36.007569551467896
2025-12-09 21:30:00,27.65914499759674
2025-12-09 22:00:00,39.19862973690033
2025-12-09 22:30:00,35.39026486873627
2025-12-09 23:00:00,22.27849280834198
2025-12-09 23:30:00,32.647780537605286
2025-12-10 00:00:00,12.986146241426468
2025-12-10 00:30:00,22.268384099006653
2025-12-10 01:00:00,31.895830750465393
2025-12-10 01:30:00,27.156543374061584
2025-12-10 02:00:00,32.98654246330261
2025-12-10 02:30:00,30.755964875221252
2025-12-10 03:00:00,46.10359168052673
2025-12-10 03:30:00,50.245689153671265
2025-12-10 04:00:00,51.31248092651367
2025-12-10 04:30:00,40.6498829126358
2025-12-10 05:00:00,20.783437728881836
2025-12-10 05:30:00,40.201497316360474
2025-12-10 06:00:00,25.01005983352661
2025-12-10 06:30:00,20.262035608291626
2025-12-10 07:00:00,16.74227464199066
2025-12-10 07:30:00,28.140743136405945
2025-12-10 08:00:00,35.829310297966
2025-12-10 08:30:00,24.10576093196869
2025-12-10 09:00:00,19.416140913963318
2025-12-10 09:30:00,16.869712471961975
2025-12-10 10:00:00,17.505442142486572
2025-12-10 10:30:00,24.293320298194885
2025-12-10 11:00:00,8.318316400051117
2025-12-10 11:30:00,26.98115301132202
2025-12-10 12:00:00,23.11802887916565
2025-12-10 12:30:00,28.690874218940735
2025-12-10 13:00:00,21.17336404323578
2025-12-10 13:30:00,25.327828288078308
2025-12-10 14:00:00,30.818642377853394
2025-12-10 14:30:00,36.525569558143616
2025-12-10 15:00:00,34.969316482543945
2025-12-10 15:30:00,50.57430982589722
2025-12-10 16:00:00,47.45700216293335
2025-12-10 16:30:00,22.466537833213806
2025-12-10 17:00:00,23.290783166885376
2025-12-10 17:30:00,21.655630588531494
2025-12-10 18:00:00,42.54829752445221
2025-12-10 18:30:00,30.02788496017456
2025-12-10 19:00:00,35.852744579315186
2025-12-10 19:30:00,40.499969601631165
2025-12-10 20:00:00,29.020010590553284
2025-12-10 20:30:00,27.32854914665222
2025-12-10 21:00:00,21.19511103630066
2025-12-10 21:30:00,39.20304322242737
2025-12-10 22:00:00,20.711790561676025
2025-12-10 22:30:00,40.53574812412262
2025-12-10 23:00:00,30.377999782562256
2025-12-10 23:30:00,35.96764290332794
2025-12-11 00:00:00,24.900939345359802
2025-12-11 00:30:00,26.33033037185669
2025-12-11 01:00:00,13.573539733886719
2025-12-11 01:30:00,30.948856472969055
2025-12-11 02:00:00,9.943623125553131
2025-12-11 02:30:00,32.78914225101471
2025-12-11 03:00:00,35.85647964477539
2025-12-11 03:30:00,41.32572948932648
2025-12-11 04:00:00,27.227442026138306
2025-12-11 04:30:00,14.492760121822357
2025-12-11 05:00:00,15.763291954994202
2025-12-11 05:30:00,36.639811992645264
2025-12-11 06:00:00,35.64910590648651
2025-12-11 06:30:00,36.27574074268341
2025-12-11 07:00:00,37.25243031978607
2025-12-11 07:30:00,33.14848458766937
2025-12-11 08:00:00,41.370177268981934
2025-12-11 08:30:00,35.339598655700684
2025-12-11 09:00:00,36.298253774642944
2025-12-11 09:30:00,20.840715408325195
2025-12-11 10:00:00,34.57385015487671
2025-12-11 10:30:00,34.420865178108215
2025-12-11 11:00:00,35.3536502122879
2025-12-11 11:30:00,35.91414284706116
2025-12-11 12:00:00,27.606268286705017
2025-12-11 12:30:00,24.569832801818848
2025-12-11 13:00:00,35.95259249210358
2025-12-11 13:30:00,34.754998326301575
2025-12-11 14:00:00,39.053512930870056
2025-12-11 14:30:00,21.260276913642883
2025-12-11 15:00:00,28.572078108787537
2025-12-11 15:30:00,22.75335931777954
2025-12-11 16:00:00,23.27595055103302
2025-12-11 16:30:00,35.85038387775421
2025-12-11 17:00:00,47.62075424194336
2025-12-11 17:30:00,27.975631713867188
2025-12-11 18:00:00,29.442738890647888
2025-12-11 18:30:00,23.843152284622192
2025-12-11 19:00:00,31.192531943321228
2025-12-11 19:30:00,40.517338156700134
2025-12-11 20:00:00,26.32144331932068
2025-12-11 20:30:00,43.47340965270996
2025-12-11 21:00:00,28.309842467308044
2025-12-11 21:30:00,26.344329357147217
2025-12-11 22:00:00,13.80531656742096
2025-12-11 22:30:00,24.080198764801025
2025-12-11 23:00:00,31.20770752429962
2025-12-11 23:30:00,32.60327768325806
2025-12-12 00:00:00,33.076191544532776
2025-12-12 00:30:00,31.7270268201828
2025-12-12 01:00:00,34.79355561733246
2025-12-12 01:30:00,22.48793935775757
2025-12-12 02:00:00,47.545597314834595
2025-12-12 02:30:00,30.08856725692749
2025-12-12 03:00:00,30.630419611930847
2025-12-12 03:30:00,31.232616305351257
2025-12-12 04:00:00,35.26696014404297
2025-12-12 04:30:00,24.563133716583252
2025-12-12 05:00:00,33.877628445625305
2025-12-12 05:30:00,40.33307325839996
2025-12-12 06:00:00,45.53222179412842
2025-12-12 06:30:00,39.7481324672699
2025-12-12 07:00:00,28.148598790168762
2025-12-12 07:30:00,37.359888553619385
2025-12-12 08:00:00,30.662145137786865
2025-12-12 08:30:00,31.624605417251587
2025-12-12 09:00:00,30.463328003883362
2025-12-12 09:30:00,37.20989763736725
2025-12-12 10:00:00,29.070318818092346
2025-12-12 10:30:00,41.23089587688446
2025-12-12 11:00:00,35.25613296031952
2025-12-12 11:30:00,31.101518511772156
2025-12-12 12:00:00,29.27369463443756
2025-12-12 12:30:00,43.19704234600067
2025-12-12 13:00:00,33.0150386095047
2025-12-12 13:30:00,31.661848425865173
2025-12-12 14:00:00,42.37790644168854
2025-12-12 14:30:00,43.88551104068756
2025-12-12 15:00:00,41.23736214637756
2025-12-12 15:30:00,35.1348534822464
2025-12-12 16:00:00,51.980902433395386
2025-12-12 16:30:00,36.534584283828735
2025-12-12 17:00:00,32.75717639923096
2025-12-12 17:30:00,37.56065583229065
2025-12-12 18:00:00,31.772691249847412
2025-12-12 18:30:00,41.855913519859314
2025-12-12 19:00:00,28.80139911174774
2025-12-12 19:30:00,40.36784541606903
2025-12-12 20:00:00,46.56171798706055
2025-12-12 20:30:00,27.087940335273743
2025-12-12 21:00:00,27.25927770137787
2025-12-12 21:30:00,25.15418779850006
2025-12-12 22:00:00,27.371437311172485
2025-12-12 22:30:00,26.60193371772766
2025-12-12 23:00:00,36.34388816356659
2025-12-12 23:30:00,45.22854495048523
2025-12-13 00:00:00,28.169509649276733
2025-12-13 00:30:00,25.16173803806305
2025-12-13 01:00:00,26.799118638038635
2025-12-13 01:30:00,35.0317987203598
2025-12-13 02:00:00,32.21837317943573
2025-12-13 02:30:00,25.475175619125366
2025-12-13 03:00:00,20.106592297554016
2025-12-13 03:30:00,23.865317344665527
2025-12-13 04:00:00,26.421181082725525
2025-12-13 04:30:00,24.150554180145264
2025-12-13 05:00:00,20.888718008995056
2025-12-13 05:30:00,29.356579542160034
2025-12-13 06:00:00,43.31364548206329
2025-12-13 06:30:00,37.906254529953
2025-12-13 07:00:00,34.25536072254181
2025-12-13 07:30:00,34.24598550796509
2025-12-13 08:00:00,31.393216609954834
2025-12-13 08:30:00,32.23222196102142
2025-12-13 09:00:00,23.093004941940308
2025-12-13 09:30:00,27.092992186546326
2025-12-13 10:00:00,32.493664026260376
2025-12-13 10:30:00,27.949618935585022
2025-12-13 11:00:00,52.19175338745117
2025-12-13 11:30:00,29.612571716308594
2025-12-13 12:00:00,28.803186535835266
2025-12-13 12:30:00,21.82170581817627
2025-12-13 13:00:00,28.12759780883789
2025-12-13 13:30:00,26.32737135887146
2025-12-13 14:00:00,18.667295336723328
2025-12-13 14:30:00,33.036277413368225
2025-12-13 15:00:00,23.622540593147278
2025-12-13 15:30:00,38.0979620218277
2025-12-13 16:00:00,23.694618344306946
2025-12-13 16:30:00,21.58176040649414
2025-12-13 17:00:00,38.31237530708313
2025-12-13 17:30:00,17.629250049591064
2025-12-13 18:00:00,39.662729144096375
2025-12-13 18:30:00,51.717430114746094
2025-12-13 19:00:00,41.687129616737366
2025-12-13 19:30:00,38.74913012981415
2025-12-13 20:00:00,34.24026024341583
2025-12-13 20:30:00,29.781235456466675
2025-12-13 21:00:00,30.102916717529297
2025-12-13 21:30:00,32.38330435752869
2025-12-13 22:00:00,43.71012818813324
2025-12-13 22:30:00,39.96232545375824
2025-12-13 23:00:00,32.09033954143524
2025-12-13 23:30:00,34.842426896095276
2025-12-14 00:00:00,26.207230925559998
2025-12-14 00:30:00,16.398380756378174
2025-12-14 01:00:00,29.64605462551117
2025-12-14 01:30:00,34.40324878692627
2025-12-14 02:00:00,35.09851670265198
2025-12-14 02:30:00,35.30807089805603
2025-12-14 03:00:00,28.34315264225006
2025-12-14 03:30:00,30.12039041519165
2025-12-14 04:00:00,23.172335028648376
2025-12-14 04:30:00,25.70763087272644
2025-12-14 05:00:00,17.186792492866516
2025-12-14 05:30:00,6.515109032392502
2025-12-14 06:00:00,9.830616116523743
2025-12-14 06:30:00,25.546940445899963
2025-12-14 07:00:00,21.189030289649963
2025-12-14 07:30:00,19.133004426956177
2025-12-14 08:00:00,34.81304955482483
2025-12-14 08:30:00,35.36933648586273
2025-12-14 09:00:00,33.12923347949982
2025-12-14 09:30:00,32.91863286495209
2025-12-14 10:00:00,28.29130733013153
2025-12-14 10:30:00,38.91050899028778
2025-12-14 11:00:00,30.29774844646454
2025-12-14 11:30:00,36.04377865791321
2025-12-14 12:00:00,33.07982647418976
2025-12-14 12:30:00,45.30636548995972
2025-12-14 13:00:00,44.2156537771225
2025-12-14 13:30:00,35.63649880886078
2025-12-14 14:00:00,30.619439721107483
2025-12-14 14:30:00,42.93342733383179
2025-12-14 15:00:00,31.38948655128479
2025-12-14 15:30:00,31.862387895584106
2025-12-14 16:00:00,44.44924557209015
2025-12-14 16:30:00,57.16577911376953
2025-12-14 17:00:00,38.84528052806854
2025-12-14 17:30:00,30.033202171325684
2025-12-14 18:00:00,43.32707369327545
2025-12-14 18:30:00,38.37256944179535
2025-12-14 19:00:00,44.33251976966858
2025-12-14 19:30:00,43.469584465026855
2025-12-14 20:00:00,38.576706290245056
2025-12-14 20:30:00,21.847055196762085
2025-12-14 21:00:00,40.754997968673706
2025-12-14 21:30:00,17.33584213256836
2025-12-14 22:00:00,18.80997383594513
2025-12-14 22:30:00,24.732683658599854
2025-12-14 23:00:00,19.01703715324402
2025-12-14 23:30:00,11.74967935681343
2025-12-15 00:00:00,29.099783778190613
2025-12-15 00:30:00,41.99079644680023
2025-12-15 01:00:00,25.057183742523193
2025-12-15 01:30:00,34.55820143222809
2025-12-15 02:00:00,30.3340026140213
2025-12-15 02:30:00,42.81495916843414
2025-12-15 03:00:00,24.588996291160583
2025-12-15 03:30:00,35.83099007606506
2025-12-15 04:00:00,25.61123263835907
2025-12-15 04:30:00,34.53006827831268
2025-12-15 05:00:00,32.27909052371979
2025-12-15 05:30:00,27.1095871925354
2025-12-15 06:00:00,38.654977440834045
2025-12-15 06:30:00,29.167207717895508
2025-12-15 07:00:00,45.93045687675476
2025-12-15 07:30:00,37.80966353416443
2025-12-15 08:00:00,18.050235986709595
2025-12-15 08:30:00,18.17521047592163
2025-12-15 09:00:00,25.073861360549927
2025-12-15 09:30:00,33.723284125328064
2025-12-15 10:00:00,31.68900775909424
2025-12-15 10:30:00,8.903319776058197
2025-12-15 11:00:00,5.700626000761986
2025-12-15 11:30:00,19.954233169555664
2025-12-15 12:00:00,40.395527958869934
2025-12-15 12:30:00,27.624635696411133
2025-12-15 13:00:00,44.11980628967285
2025-12-15 13:30:00,39.21713483333588
2025-12-15 14:00:00,40.71125864982605
2025-12-15 14:30:00,35.535136342048645
2025-12-15 15:00:00,33.13057029247284
2025-12-15 15:30:00,25.185102224349976
2025-12-15 16:00:00,13.73530662059784
2025-12-15 16:30:00,37.19303476810455
2025-12-15 17:00:00,15.363462209701538
2025-12-15 17:30:00,17.08308184146881
2025-12-15 18:00:00,36.2071977853775
2025-12-15 18:30:00,41.11761724948883
2025-12-15 19:00:00,41.86881601810455
2025-12-15 19:30:00,49.49197196960449
2025-12-15 20:00:00,37.5046648979187
2025-12-15 20:30:00,31.932485461235046
2025-12-15 21:00:00,33.53947985172272
2025-12-15 21:30:00,20.205065846443176
2025-12-15 22:00:00,17.849673986434937
2025-12-15 22:30:00,26.79428458213806
2025-12-15 23:00:00,50.20271587371826
2025-12-15 23:30:00,36.021360754966736
2025-12-16 00:00:00,19.53168511390686
2025-12-16 00:30:00,20.479472994804382
2025-12-16 01:00:00,19.693827509880066
2025-12-16 01:30:00,28.609120845794678
2025-12-16 02:00:00,25.26078987121582
2025-12-16 02:30:00,37.43619203567505
2025-12-16 03:00:00,30.97434103488922
2025-12-16 03:30:00,38.67476677894592
2025-12-16 04:00:00,48.20820593833923
2025-12-16 04:30:00,45.62344551086426
2025-12-16 05:00:00,38.9065260887146
2025-12-16 05:30:00,37.683910489082336
2025-12-16 06:00:00,30.220739006996155
2025-12-16 06:30:00,19.906110405921936
2025-12-16 07:00:00,45.74035906791687
2025-12-16 07:30:00,41.010717272758484
2025-12-16 08:00:00,20.927570700645447
2025-12-16 08:30:00,39.74258494377136
2025-12-16 09:00:00,52.43314576148987
2025-12-16 09:30:00,35.71251690387726
2025-12-16 10:00:00,42.312355041503906
2025-12-16 10:30:00,40.80426228046417
2025-12-16 11:00:00,21.552032589912415
2025-12-16 11:30:00,17.46507239341736
2025-12-16 12:00:00,25.06256854534149
2025-12-16 12:30:00,18.13025951385498
2025-12-16 13:00:00,19.444416761398315
2025-12-16 13:30:00,12.84228864312172
2025-12-16 14:00:00,31.333898663520813
2025-12-16 14:30:00,20.951157689094543
2025-12-16 15:00:00,25.42701530456543
2025-12-16 15:30:00,24.906171441078186
2025-12-16 16:00:00,33.83826756477356
2025-12-16 16:30:00,15.925426840782166
2025-12-16 17:00:00,24.515018463134766
2025-12-16 17:30:00,34.30557382106781
2025-12-16 18:00:00,31.376546502113342
2025-12-16 18:30:00,37.27946698665619
2025-12-16 19:00:00,41.95100247859955
2025-12-16 19:30:00,27.23829174041748
2025-12-16 20:00:00,47.76872491836548
2025-12-16 20:30:00,57.4890775680542
2025-12-16 21:00:00,27.214354276657104
2025-12-16 21:30:00,34.40447795391083
2025-12-16 22:00:00,18.638558864593506
2025-12-16 22:30:00,42.41301655769348
2025-12-16 23:00:00,26.55233144760132
2025-12-16 23:30:00,19.66493332386017
2025-12-17 00:00:00,33.59221887588501
2025-12-17 00:30:00,31.7645902633667
2025-12-17 01:00:00,35.36966693401337
2025-12-17 01:30:00,39.13290309906006
2025-12-17 02:00:00,38.29939019680023
2025-12-17 02:30:00,33.495710492134094
2025-12-17 03:00:00,31.30435359477997
2025-12-17 03:30:00,17.86741054058075
2025-12-17 04:00:00,30.144060015678406
2025-12-17 04:30:00,26.104361414909363
2025-12-17 05:00:00,38.77383863925934
2025-12-17 05:30:00,57.582178831100464
2025-12-17 06:00:00,48.46003246307373
2025-12-17 06:30:00,39.528767466545105
2025-12-17 07:00:00,40.088972210884094
2025-12-17 07:30:00,25.634243845939636
2025-12-17 08:00:00,29.170454621315002
2025-12-17 08:30:00,31.318082213401794
2025-12-17 09:00:00,13.705642640590668
2025-12-17 09:30:00,33.078755021095276
2025-12-17 10:00:00,29.48708403110504
2025-12-17 10:30:00,38.263291239738464
2025-12-17 11:00:00,30.403717160224915
2025-12-17 11:30:00,34.70746386051178
2025-12-17 12:00:00,30.87701404094696
2025-12-17 12:30:00,24.754220366477966
2025-12-17 13:00:00,24.39566159248352
2025-12-17 13:30:00,45.708951473236084
2025-12-17 14:00:00,21.803526163101196
2025-12-17 14:30:00,36.76709961891174
2025-12-17 15:00:00,41.37642824649811
2025-12-17 15:30:00,19.678544282913208
2025-12-17 16:00:00,30.060962319374084
2025-12-17 16:30:00,22.61572265625
2025-12-17 17:00:00,35.537484526634216
2025-12-17 17:30:00,38.80589210987091
2025-12-17 18:00:00,27.92286765575409
2025-12-17 18:30:00,33.107388854026794
2025-12-17 19:00:00,38.99868607521057
2025-12-17 19:30:00,34.579004645347595
2025-12-17 20:00:00,34.759987592697144
2025-12-17 20:30:00,20.04778754711151
2025-12-17 21:00:00,28.975412607192993
2025-12-17 21:30:00,38.63582146167755
2025-12-17 22:00:00,49.25367879867554
2025-12-17 22:30:00,27.295642018318176
2025-12-17 23:00:00,30.264623522758484
2025-12-17 23:30:00,38.77976667881012
2025-12-18 00:00:00,16.172365486621857
2025-12-18 00:30:00,24.45374286174774
2025-12-18 01:00:00,23.702045917510986
2025-12-18 01:30:00,44.102014660835266
2025-12-18 02:00:00,35.13334143161774
2025-12-18 02:30:00,31.996126770973206
2025-12-18 03:00:00,32.56622242927551
2025-12-18 03:30:00,42.98268663883209
2025-12-18 04:00:00,33.19622182846069
2025-12-18 04:30:00,35.67084038257599
2025-12-18 05:00:00,36.43346965312958
2025-12-18 05:30:00,29.878129363059998
2025-12-18 06:00:00,34.0111620426178
2025-12-18 06:30:00,16.297917008399963
2025-12-18 07:00:00,17.122790694236755
2025-12-18 07:30:00,31.613976001739502
2025-12-18 08:00:00,34.25020372867584
2025-12-18 08:30:00,11.123028248548508
2025-12-18 09:00:00,23.74378502368927
2025-12-18 09:30:00,23.01699686050415
2025-12-18 10:00:00,38.15529727935791
2025-12-18 10:30:00,43.11667335033417
2025-12-18 11:00:00,34.56569159030914
2025-12-18 11:30:00,36.30412423610687
2025-12-18 12:00:00,54.37335205078125
2025-12-18 12:30:00,45.554927587509155
2025-12-18 13:00:00,44.987906098365784
2025-12-18 13:30:00,37.885363698005676
2025-12-18 14:00:00,31.016518235206604
2025-12-18 14:30:00,32.68783986568451
2025-12-18 15:00:00,30.13934862613678
2025-12-18 15:30:00,27.442278385162354
2025-12-18 16:00:00,31.092278480529785
2025-12-18 16:30:00,28.16489589214325
2025-12-18 17:00:00,29.357383131980896
2025-12-18 17:30:00,29.777693152427673
2025-12-18 18:00:00,21.63802671432495
2025-12-18 18:30:00,29.688389539718628
2025-12-18 19:00:00,25.67761766910553
2025-12-18 19:30:00,30.20936608314514
2025-12-18 20:00:00,28.620018124580383
2025-12-18 20:30:00,35.26404368877411
2025-12-18 21:00:00,29.148061752319336
2025-12-18 21:30:00,22.714832067489624
2025-12-18 22:00:00,27.40190613269806
2025-12-18 22:30:00,29.91314685344696
2025-12-18 23:00:00,47.350813150405884
2025-12-18 23:30:00,45.187949895858765
2025-12-19 00:00:00,21.138038635253906
2025-12-19 00:30:00,19.373703360557556
2025-12-19 01:00:00,26.04305076599121
2025-12-19 01:30:00,31.79106867313385
2025-12-19 02:00:00,39.516971468925476
2025-12-19 02:30:00,26.26629602909088
2025-12-19 03:00:00,49.32536602020264
2025-12-19 03:30:00,48.16840195655823
2025-12-19 04:00:00,40.12307596206665
2025-12-19 04:30:00,32.14868366718292
2025-12-19 05:00:00,42.39475929737091
2025-12-19 05:30:00,28.592768669128418
2025-12-19 06:00:00,27.97617244720459
2025-12-19 06:30:00,35.69197654724121
2025-12-19 07:00:00,32.13688766956329
2025-12-19 07:30:00,25.38321340084076
2025-12-19 08:00:00,29.737784028053284
2025-12-19 08:30:00,27.130425453186035
2025-12-19 09:00:00,26.78034818172455
2025-12-19 09:30:00,27.108055114746094
2025-12-19 10:00:00,27.18901491165161
2025-12-19 10:30:00,26.25007402896881
2025-12-19 11:00:00,47.283817291259766
2025-12-19 11:30:00,26.914948225021362
2025-12-19 12:00:00,28.30142104625702
2025-12-19 12:30:00,35.586273193359375
2025-12-19 13:00:00,42.794105887413025
2025-12-19 13:30:00,51.8270788192749
2025-12-19 14:00:00,31.387741684913635
2025-12-19 14:30:00,27.687188029289246
2025-12-19 15:00:00,27.762985825538635
2025-12-19 15:30:00,28.140340089797974
2025-12-19 16:00:00,41.434794902801514
2025-12-19 16:30:00,35.967970848083496
2025-12-19 17:00:00,31.158570885658264
2025-12-19 17:30:00,23.635342955589294
2025-12-19 18:00:00,18.903793573379517
2025-12-19 18:30:00,18.066593170166016
2025-12-19 19:00:00,23.003748893737793
2025-12-19 19:30:00,19.473899245262146
2025-12-19 20:00:00,26.07747745513916
2025-12-19 20:30:00,40.65845453739166
2025-12-19 21:00:00,31.123070240020752
2025-12-19 21:30:00,36.67595851421356
2025-12-19 22:00:00,22.209161281585693
2025-12-19 22:30:00,26.91723382472992
2025-12-19 23:00:00,22.91144871711731
2025-12-19 23:30:00,25.633092284202576
2025-12-20 00:00:00,28.03601610660553
2025-12-20 00:30:00,31.262434244155884
2025-12-20 01:00:00,37.571593165397644
2025-12-20 01:30:00,36.066361784935
2025-12-20 02:00:00,27.15290093421936
2025-12-20 02:30:00,45.53214168548584
2025-12-20 03:00:00,25.43527901172638
2025-12-20 03:30:00,24.008636713027954
2025-12-20 04:00:00,35.568246245384216
2025-12-20 04:30:00,32.474430441856384
2025-12-20 05:00:00,37.61615860462189
2025-12-20 05:30:00,20.309157013893127
2025-12-20 06:00:00,26.455087065696716
2025-12-20 06:30:00,30.238673329353333
2025-12-20 07:00:00,32.1696320772171
2025-12-20 07:30:00,27.11387801170349
2025-12-20 08:00:00,14.135112583637238
2025-12-20 08:30:00,21.257856130599976
2025-12-20 09:00:00,19.23463225364685
2025-12-20 09:30:00,5.167147032916546
2025-12-20 10:00:00,20.23902690410614
2025-12-20 10:30:00,15.729642570018768
2025-12-20 11:00:00,22.720524787902832
2025-12-20 11:30:00,23.727220058441162
2025-12-20 12:00:00,36.589255928993225
2025-12-20 12:30:00,24.62341296672821
2025-12-20 13:00:00,22.86698341369629
2025-12-20 13:30:00,22.70942223072052
2025-12-20 14:00:00,28.522658586502075
2025-12-20 14:30:00,24.083610892295837
2025-12-20 15:00:00,26.849449396133423
2025-12-20 15:30:00,29.988714337348938
2025-12-20 16:00:00,25.700148224830627
2025-12-20 16:30:00,12.237939655780792
2025-12-20 17:00:00,23.935505032539368
2025-12-20 17:30:00,22.316093802452087
2025-12-20 18:00:00,28.784340977668762
2025-12-20 18:30:00,26.037891268730164
2025-12-20 19:00:00,29.45193886756897
2025-12-20 19:30:00,47.11346626281738
2025-12-20 20:00:00,49.74011850357056
2025-12-20 20:30:00,30.82520878314972
2025-12-20 21:00:00,35.65255558490753
2025-12-20 21:30:00,45.18983244895935
2025-12-20 22:00:00,48.05216431617737
2025-12-20 22:30:00,29.41848850250244
2025-12-20 23:00:00,32.61557686328888
2025-12-20 23:30:00,37.5916553735733
2025-12-21 00:00:00,12.453269809484482
2025-12-21 00:30:00,19.333250999450684
2025-12-21 01:00:00,7.688843339681625
2025-12-21 01:30:00,34.70376133918762
2025-12-21 02:00:00,24.28136157989502
2025-12-21 02:30:00,26.671220183372498
2025-12-21 03:00:00,31.955101132392883
2025-12-21 03:30:00,33.240384221076965
2025-12-21 04:00:00,43.44928193092346
2025-12-21 04:30:00,24.23173177242279
2025-12-21 05:00:00,39.94702470302582
2025-12-21 05:30:00,27.752994775772095
2025-12-21 06:00:00,30.284748315811157
2025-12-21 06:30:00,33.810274600982666
2025-12-21 07:00:00,42.45228981971741
2025-12-21 07:30:00,46.08672380447388
2025-12-21 08:00:00,28.967118859291077
2025-12-21 08:30:00,42.62921226024628
2025-12-21 09:00:00,39.88294780254364
2025-12-21 09:30:00,50.998475074768066
2025-12-21 10:00:00,29.289007902145386
2025-12-21 10:30:00,43.99471914768219
2025-12-21 11:00:00,40.443973660469055
2025-12-21 11:30:00,24.86662530899048
2025-12-21 12:00:00,16.394096195697784
2025-12-21 12:30:00,26.92868435382843
2025-12-21 13:00:00,32.985808968544006
2025-12-21 13:30:00,34.78563988208771
2025-12-21 14:00:00,42.612409472465515
2025-12-21 14:30:00,28.180206656455994
2025-12-21 15:00:00,48.47647476196289
2025-12-21 15:30:00,46.2010338306427
2025-12-21 16:00:00,38.795660734176636
2025-12-21 16:30:00,39.60163128376007
2025-12-21 17:00:00,41.577200531959534
2025-12-21 17:30:00,27.250320553779602
2025-12-21 18:00:00,38.42013645172119
2025-12-21 18:30:00,29.18047821521759
2025-12-21 19:00:00,38.512609362602234
2025-12-21 19:30:00,40.20970594882965
2025-12-21 20:00:00,34.68734657764435
2025-12-21 20:30:00,30.90096652507782
2025-12-21 21:00:00,36.73137366771698
2025-12-21 21:30:00,41.00133204460144
2025-12-21 22:00:00,40.44102215766907
2025-12-21 22:30:00,44.84591603279114
2025-12-21 23:00:00,46.56054139137268
2025-12-21 23:30:00,32.361815214157104
2025-12-22 00:00:00,21.581562638282776
2025-12-22 00:30:00,17.841352701187134
2025-12-22 01:00:00,6.934775993227959
2025-12-22 01:30:00,20.941890120506287
2025-12-22 02:00:00,33.24226677417755
2025-12-22 02:30:00,25.230053186416626
2025-12-22 03:00:00,26.64091658592224
2025-12-22 03:30:00,45.2897629737854
2025-12-22 04:00:00,27.895392894744873
2025-12-22 04:30:00,45.301148414611816
2025-12-22 05:00:00,41.368101954460144
2025-12-22 05:30:00,31.591843485832214
2025-12-22 06:00:00,28.697232842445374
2025-12-22 06:30:00,24.697540998458862
2025-12-22 07:00:00,54.18483638763428
2025-12-22 07:30:00,44.78020942211151
2025-12-22 08:00:00,21.83957004547119
2025-12-22 08:30:00,36.46128737926483
2025-12-22 09:00:00,28.83317720890045
2025-12-22 09:30:00,38.77040898799896
2025-12-22 10:00:00,37.435959219932556
2025-12-22 10:30:00,32.45997083187103
2025-12-22 11:00:00,24.243983387947083
2025-12-22 11:30:00,24.87524700164795
2025-12-22 12:00:00,20.202579975128174
2025-12-22 12:30:00,19.043630719184875
2025-12-22 13:00:00,14.197723746299744
2025-12-22 13:30:00,19.75877058506012
2025-12-22 14:00:00,21.298989415168762
2025-12-22 14:30:00,27.614569544792175
2025-12-22 15:00:00,19.63201868534088
2025-12-22 15:30:00,28.46902334690094
2025-12-22 16:00:00,31.468363523483276
2025-12-22 16:30:00,32.83229577541351
2025-12-22 17:00:00,23.245221376419067
2025-12-22 17:30:00,32.761980414390564
2025-12-22 18:00:00,26.055928230285645
2025-12-22 18:30:00,32.32156562805176
2025-12-22 19:00:00,21.695532202720642
2025-12-22 19:30:00,30.20132267475128
2025-12-22 20:00:00,18.38386845588684
2025-12-22 20:30:00,27.64764440059662
2025-12-22 21:00:00,31.206676125526428
2025-12-22 21:30:00,28.4519602060318
2025-12-22 22:00:00,36.548367977142334
2025-12-22 22:30:00,43.63869881629944
2025-12-22 23:00:00,39.870022773742676
2025-12-22 23:30:00,49.28366446495056
2025-12-23 00:00:00,6.475145772099495
2025-12-23 00:30:00,20.44012713432312
2025-12-23 01:00:00,28.818815231323242
2025-12-23 01:30:00,37.15624737739563
2025-12-23 02:00:00,26.756908893585205
2025-12-23 02:30:00,26.841596245765686
2025-12-23 03:00:00,12.207262426614761
2025-12-23 03:30:00,36.457672476768494
2025-12-23 04:00:00,27.882262587547302
2025-12-23 04:30:00,29.408507466316223
2025-12-23 05:00:00,31.43385922908783
2025-12-23 05:30:00,33.34458303451538
2025-12-23 06:00:00,28.921642184257507
2025-12-23 06:30:00,14.064516842365265
2025-12-23 07:00:00,23.979239344596863
2025-12-23 07:30:00,33.008564829826355
2025-12-23 08:00:00,37.29205405712128
2025-12-23 08:30:00,37.58402502536774
2025-12-23 09:00:00,38.579470038414
2025-12-23 09:30:00,41.31292712688446
2025-12-23 10:00:00,31.399752974510193
2025-12-23 10:30:00,26.620694160461426
2025-12-23 11:00:00,27.38732635974884
2025-12-23 11:30:00,37.446964144706726
2025-12-23 12:00:00,31.820954203605652
2025-12-23 12:30:00,28.57677447795868
2025-12-23 13:00:00,34.30986213684082
2025-12-23 13:30:00,39.70932984352112
2025-12-23 14:00:00,53.6065571308136
2025-12-23 14:30:00,44.44771349430084
2025-12-23 15:00:00,28.15119230747223
2025-12-23 15:30:00,31.28840696811676
2025-12-23 16:00:00,44.03936469554901
2025-12-23 16:30:00,19.192545175552368
2025-12-23 17:00:00,11.911138325929642
2025-12-23 17:30:00,29.468411207199097
2025-12-23 18:00:00,46.35320019721985
2025-12-23 18:30:00,45.87866163253784
2025-12-23 19:00:00,40.47643268108368
2025-12-23 19:30:00,30.812418937683105
2025-12-23 20:00:00,20.909218311309814
2025-12-23 20:30:00,53.7894401550293
2025-12-23 21:00:00,37.51173198223114
2025-12-23 21:30:00,35.4355012178421
2025-12-23 22:00:00,35.06603515148163
2025-12-23 22:30:00,29.133905053138733
2025-12-23 23:00:00,21.783539056777954
2025-12-23 23:30:00,21.723204731941223
2025-12-24 00:00:00,14.757933497428894
2025-12-24 00:30:00,34.181933641433716
2025-12-24 01:00:00,22.85788607597351
2025-12-24 01:30:00,27.765534281730652
2025-12-24 02:00:00,29.803548216819763
2025-12-24 02:30:00,16.826961994171143
2025-12-24 03:00:00,19.63881540298462
2025-12-24 03:30:00,21.071783781051636
2025-12-24 04:00:00,23.877321124076843
2025-12-24 04:30:00,23.74122154712677
2025-12-24 05:00:00,27.97956955432892
2025-12-24 05:30:00,21.30371332168579
2025-12-24 06:00:00,17.63607680797577
2025-12-24 06:30:00,18.08332085609436
2025-12-24 07:00:00,30.84678053855896
2025-12-24 07:30:00,41.73333728313446
2025-12-24 08:00:00,38.762017607688904
2025-12-24 08:30:00,31.938400983810425
2025-12-24 09:00:00,45.58479309082031
2025-12-24 09:30:00,21.137683153152466
2025-12-24 10:00:00,30.659353852272034
2025-12-24 10:30:00,23.905494332313538
2025-12-24 11:00:00,24.922698855400085
2025-12-24 11:30:00,32.006330609321594
2025-12-24 12:00:00,39.76154816150665
2025-12-24 12:30:00,35.277854919433594
2025-12-24 13:00:00,25.681835889816284
2025-12-24 13:30:00,23.15047538280487
2025-12-24 14:00:00,26.815290570259094
2025-12-24 14:30:00,37.513694643974304
2025-12-24 15:00:00,22.74428951740265
2025-12-24 15:30:00,36.71329665184021
2025-12-24 16:00:00,23.534053087234497
2025-12-24 16:30:00,38.744473814964294
2025-12-24 17:00:00,32.22441387176514
2025-12-24 17:30:00,15.488168835639954
2025-12-24 18:00:00,11.542231768369675
2025-12-24 18:30:00,20.174266576766968
2025-12-24 19:00:00,38.827035784721375
2025-12-24 19:30:00,40.10147166252136
2025-12-24 20:00:00,45.1222357749939
2025-12-24 20:30:00,48.7521436214447
2025-12-24 21:00:00,37.0486114025116
2025-12-24 21:30:00,32.03816628456116
2025-12-24 22:00:00,39.40435874462128
2025-12-24 22:30:00,35.48210692405701
2025-12-24 23:00:00,46.0095591545105
2025-12-24 23:30:00,47.34939622879028
2025-12-25 00:00:00,11.409597516059875
2025-12-25 00:30:00,25.97949457168579
2025-12-25 01:00:00,13.472791850566864
2025-12-25 01:30:00,12.518577128648758
2025-12-25 02:00:00,23.33977711200714
2025-12-25 02:30:00,23.079744458198547
2025-12-25 03:00:00,13.975760221481323
2025-12-25 03:30:00,35.860833048820496
2025-12-25 04:00:00,40.74395549297333
2025-12-25 04:30:00,34.47132861614227
2025-12-25 05:00:00,33.108482837677
2025-12-25 05:30:00,26.479157209396362
2025-12-25 06:00:00,49.964728116989136
2025-12-25 06:30:00,40.70802426338196
2025-12-25 07:00:00,22.132807731628418
2025-12-25 07:30:00,56.432109117507935
2025-12-25 08:00:00,63.397921085357666
2025-12-25 08:30:00,44.21659004688263
2025-12-25 09:00:00,32.39869272708893
2025-12-25 09:30:00,30.52816593647003
2025-12-25 10:00:00,23.607532739639282
2025-12-25 10:30:00,36.25241410732269
2025-12-25 11:00:00,30.324815154075623
2025-12-25 11:30:00,30.68258535861969
2025-12-25 12:00:00,21.625682473182678
2025-12-25 12:30:00,35.479310631752014
2025-12-25 13:00:00,39.10269212722778
2025-12-25 13:30:00,45.82171440124512
2025-12-25 14:00:00,27.983041763305664
2025-12-25 14:30:00,34.477486968040466
2025-12-25 15:00:00,27.100870370864868
2025-12-25 15:30:00,23.993396043777466
2025-12-25 16:00:00,18.7685626745224
2025-12-25 16:30:00,23.55422794818878
2025-12-25 17:00:00,32.20568597316742
2025-12-25 17:30:00,41.102566838264465
2025-12-25 18:00:00,35.17016637325287
2025-12-25 18:30:00,28.231433629989624
2025-12-25 19:00:00,35.46609270572662
2025-12-25 19:30:00,29.96021568775177
2025-12-25 20:00:00,26.950794339179993
2025-12-25 20:30:00,21.625699996948242
2025-12-25 21:00:00,27.85692822933197
2025-12-25 21:30:00,37.247400999069214
2025-12-25 22:00:00,23.332106709480286
2025-12-25 22:30:00,21.906756162643433
2025-12-25 23:00:00,22.7036794424057
2025-12-25 23:30:00,15.461657881736755
2025-12-26 00:00:00,15.662840723991394
2025-12-26 00:30:00,26.778260350227356
2025-12-26 01:00:00,9.78887763619423
2025-12-26 01:30:00,19.03591775894165
2025-12-26 02:00:00,36.191561579704285
2025-12-26 02:30:00,30.016995191574097
2025-12-26 03:00:00,35.59366571903229
2025-12-26 03:30:00,34.98380362987518
2025-12-26 04:00:00,42.26701104640961
2025-12-26 04:30:00,36.880127906799316
2025-12-26 05:00:00,39.90320026874542
2025-12-26 05:30:00,32.928836703300476
2025-12-26 06:00:00,32.2734979391098
2025-12-26 06:30:00,19.816774249076843
2025-12-26 07:00:00,12.739566832780838
2025-12-26 07:30:00,29.586558938026428
2025-12-26 08:00:00,29.10667312145233
2025-12-26 08:30:00,36.05267572402954
2025-12-26 09:00:00,37.88956439495087
2025-12-26 09:30:00,34.40967500209808
2025-12-26 10:00:00,40.017770648002625
2025-12-26 10:30:00,43.90649449825287
2025-12-26 11:00:00,23.236642241477966
2025-12-26 11:30:00,28.166815996170044
2025-12-26 12:00:00,32.35119831562042
2025-12-26 12:30:00,41.481295466423035
2025-12-26 13:00:00,50.6559054851532
2025-12-26 13:30:00,49.110419511795044
2025-12-26 14:00:00,32.71956288814545
2025-12-26 14:30:00,30.706400156021118
2025-12-26 15:00:00,27.195038080215454
2025-12-26 15:30:00,22.340158939361572
2025-12-26 16:00:00,48.225319147109985
2025-12-26 16:30:00,43.592844128608704
2025-12-26 17:00:00,42.983182311058044
2025-12-26 17:30:00,47.915278673172
2025-12-26 18:00:00,34.95355260372162
2025-12-26 18:30:00,42.767229437828064
2025-12-26 19:00:00,44.8427392244339
2025-12-26 19:30:00,35.014395117759705
2025-12-26 20:00:00,47.911783933639526
2025-12-26 20:30:00,30.714508652687073
2025-12-26 21:00:00,39.208152651786804
2025-12-26 21:30:00,30.945181488990784
2025-12-26 22:00:00,13.45536133646965
2025-12-26 22:30:00,21.117615938186646
2025-12-26 23:00:00,21.363454341888428
2025-12-26 23:30:00,19.84000074863434
2025-12-27 00:00:00,20.563682198524475
2025-12-27 00:30:00,26.34442698955536
2025-12-27 01:00:00,28.556421875953674
2025-12-27 01:30:00,19.527982592582703
2025-12-27 02:00:00,11.177688002586365
2025-12-27 02:30:00,14.2793869972229
2025-12-27 03:00:00,10.515475541353226
2025-12-27 03:30:00,20.347118496894836
2025-12-27 04:00:00,22.97651696205139
2025-12-27 04:30:00,23.5527184009552
2025-12-27 05:00:00,13.866829991340637
2025-12-27 05:30:00,20.560245037078857
2025-12-27 06:00:00,19.70914578437805
2025-12-27 06:30:00,32.50399553775787
2025-12-27 07:00:00,31.228763580322266
2025-12-27 07:30:00,20.164936423301697
2025-12-27 08:00:00,32.4690181016922
2025-12-27 08:30:00,31.544243931770325
2025-12-27 09:00:00,15.87514615058899
2025-12-27 09:30:00,21.194998383522034
2025-12-27 10:00:00,21.105717301368713
2025-12-27 10:30:00,23.7070552110672
2025-12-27 11:00:00,27.858352661132812
2025-12-27 11:30:00,35.84370481967926
2025-12-27 12:00:00,44.970845460891724
2025-12-27 12:30:00,43.52044594287872
2025-12-27 13:00:00,37.84592521190643
2025-12-27 13:30:00,32.12060058116913
2025-12-27 14:00:00,37.47492706775665
2025-12-27 14:30:00,35.92922580242157
2025-12-27 15:00:00,36.67352521419525
2025-12-27 15:30:00,24.07058823108673
2025-12-27 16:00:00,29.40411150455475
2025-12-27 16:30:00,27.995235800743103
2025-12-27 17:00:00,27.980936408042908
2025-12-27 17:30:00,15.81937050819397
2025-12-27 18:00:00,26.065446138381958
2025-12-27 18:30:00,29.711278080940247
2025-12-27 19:00:00,34.40551936626434
2025-12-27 19:30:00,35.41510856151581
2025-12-27 20:00:00,30.145772337913513
2025-12-27 20:30:00,23.065630316734314
2025-12-27 21:00:00,26.612478017807007
2025-12-27 21:30:00,28.484434247016907
2025-12-27 22:00:00,22.139279007911682
2025-12-27 22:30:00,35.717050552368164
2025-12-27 23:00:00,38.08183515071869
2025-12-27 23:30:00,28.213371634483337
2025-12-28 00:00:00,12.34112960100174
2025-12-28 00:30:00,5.944471389055252
2025-12-28 01:00:00,5.769409283995628
2025-12-28 01:30:00,29.004236698150635
2025-12-28 02:00:00,23.270503163337708
2025-12-28 02:30:00,25.813844919204712
2025-12-28 03:00:00,33.57718348503113
2025-12-28 03:30:00,34.81182539463043
2025-12-28 04:00:00,40.685774087905884
2025-12-28 04:30:00,29.28200590610504
2025-12-28 05:00:00,31.998585104942322
2025-12-28 05:30:00,26.83383822441101
2025-12-28 06:00:00,48.73880052566528
2025-12-28 06:30:00,45.68573498725891
2025-12-28 07:00:00,46.372236013412476
2025-12-28 07:30:00,36.61182403564453
2025-12-28 08:00:00,25.705042362213135
2025-12-28 08:30:00,27.176613092422485
2025-12-28 09:00:00,35.37842381000519
2025-12-28 09:30:00,27.044724225997925
2025-12-28 10:00:00,11.312662303447723
2025-12-28 10:30:00,28.94848608970642
2025-12-28 11:00:00,26.317620635032654
2025-12-28 11:30:00,39.80259382724762
2025-12-28 12:00:00,41.86841297149658
2025-12-28 12:30:00,30.482223629951477
2025-12-28 13:00:00,27.54612672328949
2025-12-28 13:30:00,32.954118490219116
2025-12-28 14:00:00,29.992189049720764
2025-12-28 14:30:00,24.88324534893036
2025-12-28 15:00:00,19.65133237838745
2025-12-28 15:30:00,29.65714967250824
2025-12-28 16:00:00,17.965946674346924
2025-12-28 16:30:00,22.28150188922882
2025-12-28 17:00:00,28.876455903053284
2025-12-28 17:30:00,33.92113745212555
2025-12-28 18:00:00,23.337048411369324
2025-12-28 18:30:00,14.766958236694336
2025-12-28 19:00:00,20.835177898406982
2025-12-28 19:30:00,37.19353544712067
2025-12-28 20:00:00,33.348846316337585
2025-12-28 20:30:00,37.30204260349274
2025-12-28 21:00:00,34.24666392803192
2025-12-28 21:30:00,39.10382616519928
2025-12-28 22:00:00,45.731632232666016
2025-12-28 22:30:00,33.19133520126343
2025-12-28 23:00:00,30.31268870830536
2025-12-28 23:30:00,28.280712962150574
2025-12-29 00:00:00,6.1102152317762375
2025-12-29 00:30:00,19.846492052078247
2025-12-29 01:00:00,20.390910387039185
2025-12-29 01:30:00,33.05481004714966
2025-12-29 02:00:00,24.282758474349976
2025-12-29 02:30:00,21.870784878730774
2025-12-29 03:00:00,17.343737840652466
2025-12-29 03:30:00,38.43042290210724
2025-12-29 04:00:00,44.523441195487976
2025-12-29 04:30:00,36.09496057033539
2025-12-29 05:00:00,40.96355080604553
2025-12-29 05:30:00,49.85152459144592
2025-12-29 06:00:00,44.75175583362579
2025-12-29 06:30:00,39.71942603588104
2025-12-29 07:00:00,29.274290442466736
2025-12-29 07:30:00,36.66426765918732
2025-12-29 08:00:00,22.810692071914673
2025-12-29 08:30:00,35.37735736370087
2025-12-29 09:00:00,16.7629576921463
2025-12-29 09:30:00,30.561986804008484
2025-12-29 10:00:00,28.592751145362854
2025-12-29 10:30:00,44.11265408992767
2025-12-29 11:00:00,29.717814445495605
2025-12-29 11:30:00,38.13924551010132
2025-12-29 12:00:00,34.19805550575256
2025-12-29 12:30:00,28.01829206943512
2025-12-29 13:00:00,24.72612226009369
2025-12-29 13:30:00,34.8985630273819
2025-12-29 14:00:00,30.94936716556549
2025-12-29 14:30:00,41.986831068992615
2025-12-29 15:00:00,47.286025285720825
2025-12-29 15:30:00,39.68396294116974
2025-12-29 16:00:00,38.998928904533386
2025-12-29 16:30:00,24.848698496818542
2025-12-29 17:00:00,55.97852897644043
2025-12-29 17:30:00,41.61332452297211
2025-12-29 18:00:00,36.31939244270325
2025-12-29 18:30:00,16.02989226579666
2025-12-29 19:00:00,17.386172890663147
2025-12-29 19:30:00,12.695850044488907
2025-12-29 20:00:00,27.834264993667603
2025-12-29 20:30:00,27.32305419445038
2025-12-29 21:00:00,33.52971661090851
2025-12-29 21:30:00,19.36581516265869
2025-12-29 22:00:00,33.63212549686432
2025-12-29 22:30:00,28.830896615982056
2025-12-29 23:00:00,15.531356155872345
2025-12-29 23:30:00,29.682904601097107
2025-12-30 00:00:00,17.791845560073853
2025-12-30 00:30:00,30.080000638961792
2025-12-30 01:00:00,29.807320833206177
2025-12-30 01:30:00,30.15596616268158
2025-12-30 02:00:00,26.76975131034851
2025-12-30 02:30:00,22.842445135116577
2025-12-30 03:00:00,40.36479377746582
2025-12-30 03:30:00,39.67626249790192
2025-12-30 04:00:00,51.27540063858032
2025-12-30 04:30:00,42.21554124355316
2025-12-30 05:00:00,38.14222705364227
2025-12-30 05:30:00,34.728387236595154
2025-12-30 06:00:00,37.2185343503952
2025-12-30 06:30:00,36.62274134159088
2025-12-30 07:00:00,32.9142769575119
2025-12-30 07:30:00,36.924760937690735
2025-12-30 08:00:00,30.92766523361206
2025-12-30 08:30:00,29.781247973442078
2025-12-30 09:00:00,32.146440625190735
2025-12-30 09:30:00,31.723787426948547
2025-12-30 10:00:00,25.276556253433228
2025-12-30 10:30:00,24.298399686813354
2025-12-30 11:00:00,25.907612085342407
2025-12-30 11:30:00,34.5760931968689
2025-12-30 12:00:00,17.402870535850525
2025-12-30 12:30:00,20.046976447105408
2025-12-30 13:00:00,25.030772924423218
2025-12-30 13:30:00,15.34521746635437
2025-12-30 14:00:00,23.567145466804504
2025-12-30 14:30:00,37.9730726480484
2025-12-30 15:00:00,39.21245348453522
2025-12-30 15:30:00,32.11857283115387
2025-12-30 16:00:00,25.283388018608093
2025-12-30 16:30:00,37.21430861949921
2025-12-30 17:00:00,42.560348868370056
2025-12-30 17:30:00,43.110212087631226
2025-12-30 18:00:00,34.541165828704834
2025-12-30 18:30:00,36.92660343647003
2025-12-30 19:00:00,30.920074939727783
2025-12-30 19:30:00,43.40763795375824
2025-12-30 20:00:00,46.89148020744324
2025-12-30 20:30:00,34.312843680381775
2025-12-30 21:00:00,33.17504811286926
2025-12-30 21:30:00,30.565654277801514
2025-12-30 22:00:00,21.17270314693451
2025-12-30 22:30:00,16.951470851898193
2025-12-30 23:00:00,24.841366052627563
2025-12-30 23:30:00,29.61219620704651
2025-12-31 00:00:00,27.16894519329071
2025-12-31 00:30:00,36.3239461183548
2025-12-31 01:00:00,19.508536219596863
2025-12-31 01:30:00,25.90195941925049
2025-12-31 02:00:00,20.95728099346161
2025-12-31 02:30:00,22.990936517715454
2025-12-31 03:00:00,37.10886561870575
2025-12-31 03:30:00,41.50400125980377
2025-12-31 04:00:00,38.36377501487732
2025-12-31 04:30:00,33.09915769100189
2025-12-31 05:00:00,28.619712710380554
2025-12-31 05:30:00,29.927809238433838
2025-12-31 06:00:00,40.37516534328461
2025-12-31 06:30:00,44.28539335727692
2025-12-31 07:00:00,34.92385232448578
2025-12-31 07:30:00,49.56899642944336
2025-12-31 08:00:00,38.67320716381073
2025-12-31 08:30:00,28.405412077903748
2025-12-31 09:00:00,32.25215399265289
2025-12-31 09:30:00,34.25407648086548
2025-12-31 10:00:00,38.2613285779953
2025-12-31 10:30:00,27.912738919258118
2025-12-31 11:00:00,42.947784304618835
2025-12-31 11:30:00,27.293306350708008
2025-12-31 12:00:00,34.23905861377716
2025-12-31 12:30:00,24.767518401145935
2025-12-31 13:00:00,16.257402062416077
2025-12-31 13:30:00,18.35685682296753
2025-12-31 14:00:00,26.038199186325073
2025-12-31 14:30:00,38.31863629817963
2025-12-31 15:00:00,26.91475796699524
2025-12-31 15:30:00,33.029338002204895
2025-12-31 16:00:00,34.317915558815
2025-12-31 16:30:00,32.946340441703796
2025-12-31 17:00:00,27.42418134212494
2025-12-31 17:30:00,29.74727189540863
2025-12-31 18:00:00,39.829264998435974
2025-12-31 18:30:00,16.04840111732483
2025-12-31 19:00:00,34.3833042383194
2025-12-31 19:30:00,28.7210351228714
2025-12-31 20:00:00,42.62532198429108
2025-12-31 20:30:00,31.959086537361145
2025-12-31 21:00:00,24.49138641357422
2025-12-31 21:30:00,30.223467707633972
2025-12-31 22:00:00,26.851264357566833
2025-12-31 22:30:00,45.421842098236084
2025-12-31 23:00:00,43.339901089668274
2025-12-31 23:30:00,23.841580152511597
