datetime,cpu
2025-01-01 00:00:00,41.474143862724304
2025-01-01 00:30:00,65.12944906949997
2025-01-01 01:00:00,32.54662209749222
2025-01-01 01:30:00,24.91048112511635
2025-01-01 02:00:00,30.93625897169113
2025-01-01 02:30:00,21.646638214588165
2025-01-01 03:00:00,29.942586928606033
2025-01-01 03:30:00,50.424615889787674
2025-01-01 04:00:00,23.035292387008667
2025-01-01 04:30:00,50.73521772027016
2025-01-01 05:00:00,45.46217319369316
2025-01-01 05:30:00,62.95812129974365
2025-01-01 06:00:00,44.78681570291519
2025-01-01 06:30:00,43.883519530296326
2025-01-01 07:00:00,27.317205905914307
2025-01-01 07:30:00,54.82991850376129
2025-01-01 08:00:00,42.61135983467102
2025-01-01 08:30:00,43.67773613333702
2025-01-01 09:00:00,46.305522322654724
2025-01-01 09:30:00,40.76816385984421
2025-01-01 10:00:00,23.33216568827629
2025-01-01 10:30:00,26.182160943746567
2025-01-01 11:00:00,24.910138562321663
2025-01-01 11:30:00,20.658487647771835
2025-01-01 12:00:00,19.750970870256424
2025-01-01 12:30:00,31.968809723854065
2025-01-01 13:00:00,48.88709577918053
2025-01-01 13:30:00,79.00628340244293
2025-01-01 14:00:00,59.55116808414459
2025-01-01 14:30:00,58.3412652015686
2025-01-01 15:00:00,38.48317462205887
2025-01-01 15:30:00,52.65130007266998
2025-01-01 16:00:00,46.47103363275528
2025-01-01 16:30:00,23.90789522230625
2025-01-01 17:00:00,37.33447340130806
2025-01-01 17:30:00,56.42594313621521
2025-01-01 18:00:00,36.73619398474693
2025-01-01 18:30:00,72.30772668123245
2025-01-01 19:00:00,32.87207409739494
2025-01-01 19:30:00,48.143081188201904
2025-01-01 20:00:00,39.54257535934448
2025-01-01 20:30:00,47.985103368759155
2025-01-01 21:00:00,53.4295449256897
2025-01-01 21:30:00,37.3412090241909
2025-01-01 22:00:00,35.92540422081947
2025-01-01 22:30:00,59.82263970375061
2025-01-01 23:00:00,34.48549860715866
2025-01-01 23:30:00,13.555690929293633
2025-01-02 00:00:00,25.90451741218567
2025-01-02 00:30:00,17.358834639191628
2025-01-02 01:00:00,76.83528518676758
2025-01-02 01:30:00,20.36225900053978
2025-01-02 02:00:00,35.97274726629257
2025-01-02 02:30:00,9.684589698910713
2025-01-02 03:00:00,39.10187482833862
2025-01-02 03:30:00,8.198487251996994
2025-01-02 04:00:00,15.372911393642426
2025-01-02 04:30:00,27.6799755692482
2025-01-02 05:00:00,57.987751960754395
2025-01-02 05:30:00,46.22914093732834
2025-01-02 06:00:00,52.43227958679199
2025-01-02 06:30:00,57.15988898277283
2025-01-02 07:00:00,36.987265050411224
2025-01-02 07:30:00,53.245069801807404
2025-01-02 08:00:00,33.66366010904312
2025-01-02 08:30:00,10.325547814369202
2025-01-02 09:00:00,5.543984778225422
2025-01-02 09:30:00,22.097196459770203
2025-01-02 10:00:00,57.599756956100464
2025-01-02 10:30:00,38.40499225258827
2025-01-02 11:00:00,44.03298965096474
2025-01-02 11:30:00,61.51934599876404
2025-01-02 12:00:00,67.88397771120071
2025-01-02 12:30:00,59.46764636039734
2025-01-02 13:00:00,29.44735097885132
2025-01-02 13:30:00,51.244925141334534
2025-01-02 14:00:00,33.91498267650604
2025-01-02 14:30:00,41.59846958518028
2025-01-02 15:00:00,29.064932376146317
2025-01-02 15:30:00,29.353786528110504
2025-01-02 16:00:00,11.598888412117958
2025-01-02 16:30:00,38.89293175935745
2025-01-02 17:00:00,32.26138436794281
2025-01-02 17:30:00,31.44609647989273
2025-01-02 18:00:00,49.26262265443802
2025-01-02 18:30:00,54.53615862131119
2025-01-02 19:00:00,26.35342499613762
2025-01-02 19:30:00,42.43309998512268
2025-01-02 20:00:00,43.469033002853394
2025-01-02 20:30:00,57.61947238445282
2025-01-02 21:00:00,58.62205684185028
2025-01-02 21:30:00,44.93195825815201
2025-01-02 22:00:00,46.04609966278076
2025-01-02 22:30:00,38.84264874458313
2025-01-02 23:00:00,34.99960586428642
2025-01-02 23:30:00,54.07496792078018
2025-01-03 00:00:00,35.170259952545166
2025-01-03 00:30:00,30.038105577230453
2025-01-03 01:00:00,60.65509331226349
2025-01-03 01:30:00,44.450745701789856
2025-01-03 02:00:00,47.69607576727867
2025-01-03 02:30:00,49.75851193070412
2025-01-03 03:00:00,38.785271644592285
2025-01-03 03:30:00,21.31415717303753
2025-01-03 04:00:00,21.121681690216064
2025-01-03 04:30:00,21.75360019505024
2025-01-03 05:00:00,31.876028686761856
2025-01-03 05:30:00,31.51703444123268
2025-01-03 06:00:00,51.903246998786926
2025-01-03 06:30:00,72.13183152675629
2025-01-03 07:00:00,66.42778807878494
2025-01-03 07:30:00,22.732371479272842
2025-01-03 08:00:00,41.440222918987274
2025-01-03 08:30:00,59.463842034339905
2025-01-03 09:00:00,36.03201496601105
2025-01-03 09:30:00,38.878359109163284
2025-01-03 10:00:00,39.13485336303711
2025-01-03 10:30:00,14.442337393760681
2025-01-03 11:00:00,5.8483612164855
2025-01-03 11:30:00,34.80349516868591
2025-01-03 12:00:00,28.50852656364441
2025-01-03 12:30:00,28.31525754928589
2025-01-03 13:00:00,38.44711446762085
2025-01-03 13:30:00,28.168767869472504
2025-01-03 14:00:00,55.17205345630646
2025-01-03 14:30:00,22.261800050735474
2025-01-03 15:00:00,31.18680390715599
2025-01-03 15:30:00,52.11914539337158
2025-01-03 16:00:00,58.8656319975853
2025-01-03 16:30:00,31.48345172405243
2025-01-03 17:00:00,57.04175251722336
2025-01-03 17:30:00,44.80078995227814
2025-01-03 18:00:00,57.91867280006409
2025-01-03 18:30:00,22.518886923789978
2025-01-03 19:00:00,41.4350281059742
2025-01-03 19:30:00,36.78260040283203
2025-01-03 20:00:00,13.894962519407272
2025-01-03 20:30:00,27.15737073123455
2025-01-03 21:00:00,27.51587787270546
2025-01-03 21:30:00,41.06203070282936
2025-01-03 22:00:00,40.80505657196045
2025-01-03 22:30:00,27.580560088157654
2025-01-03 23:00:00,41.10917428135872
2025-01-03 23:30:00,85.02189999818802
2025-01-04 00:00:00,32.310788571834564
2025-01-04 00:30:00,42.524594604969025
2025-01-04 01:00:00,54.34530055522919
2025-01-04 01:30:00,59.14895021915436
2025-01-04 02:00:00,56.238478899002075
2025-01-04 02:30:00,72.92529946565628
2025-01-04 03:00:00,50.587311536073685
2025-01-04 03:30:00,50.274556040763855
2025-01-04 04:00:00,67.82746785879135
2025-01-04 04:30:00,29.772198796272278
2025-01-04 05:00:00,35.805700927972794
2025-01-04 05:30:00,28.214408218860626
2025-01-04 06:00:00,14.00481966137886
2025-01-04 06:30:00,53.016284108161926
2025-01-04 07:00:00,36.93285393714905
2025-01-04 07:30:00,40.461216032505035
2025-01-04 08:00:00,10.014356255531311
2025-01-04 08:30:00,47.3996245265007
2025-01-04 09:00:00,62.26066344976425
2025-01-04 09:30:00,53.47764825820923
2025-01-04 10:00:00,29.87932699918747
2025-01-04 10:30:00,25.0540828704834
2025-01-04 11:00:00,16.129142612218857
2025-01-04 11:30:00,31.3443683385849
2025-01-04 12:00:00,45.21988445520401
2025-01-04 12:30:00,33.92332270741463
2025-01-04 13:00:00,21.0178851634264
2025-01-04 13:30:00,23.820651561021805
2025-01-04 14:00:00,42.28425717353821
2025-01-04 14:30:00,39.925066232681274
2025-01-04 15:00:00,40.23088663816452
2025-01-04 15:30:00,72.60007005929947
2025-01-04 16:00:00,45.686579287052155
2025-01-04 16:30:00,21.13613437116146
2025-01-04 17:00:00,22.608771353960037
2025-01-04 17:30:00,30.38189697265625
2025-01-04 18:00:00,20.89639823138714
2025-01-04 18:30:00,32.953216671943665
2025-01-04 19:00:00,30.983229100704193
2025-01-04 19:30:00,48.4782694876194
2025-01-04 20:00:00,17.038321614265442
2025-01-04 20:30:00,15.941416755318642
2025-01-04 21:00:00,32.56849408149719
2025-01-04 21:30:00,44.81287071108818
2025-01-04 22:00:00,50.35474753379822
2025-01-04 22:30:00,49.78104591369629
2025-01-04 23:00:00,61.1276969909668
2025-01-04 23:30:00,52.79411840438843
2025-01-05 00:00:00,48.19813406467438
2025-01-05 00:30:00,79.91641348600388
2025-01-05 01:00:00,49.306794464588165
2025-01-05 01:30:00,79.71903371810913
2025-01-05 02:00:00,40.33766794204712
2025-01-05 02:30:00,40.15065756440163
2025-01-05 03:00:00,39.56583493947983
2025-01-05 03:30:00,48.76772782206535
2025-01-05 04:00:00,44.246118634939194
2025-01-05 04:30:00,25.464899495244026
2025-01-05 05:00:00,16.383373349905014
2025-01-05 05:30:00,19.7213254570961
2025-01-05 06:00:00,45.99389135837555
2025-01-05 06:30:00,27.248634085059166
2025-01-05 07:00:00,53.150724828243256
2025-01-05 07:30:00,71.95318430662155
2025-01-05 08:00:00,84.78524547815323
2025-01-05 08:30:00,30.46985900402069
2025-01-05 09:00:00,60.326909482479095
2025-01-05 09:30:00,32.01609206199646
2025-01-05 10:00:00,34.68380343914032
2025-01-05 10:30:00,23.93755653500557
2025-01-05 11:00:00,45.54183277487755
2025-01-05 11:30:00,34.364216923713684
2025-01-05 12:00:00,70.45335477590561
2025-01-05 12:30:00,40.708196580410004
2025-01-05 13:00:00,25.00044794380665
2025-01-05 13:30:00,33.2033973634243
2025-01-05 14:00:00,30.869446218013763
2025-01-05 14:30:00,58.53832697868347
2025-01-05 15:00:00,79.91167831420898
2025-01-05 15:30:00,24.066053718328476
2025-01-05 16:00:00,39.446449637413025
2025-01-05 16:30:00,71.77084839344025
2025-01-05 17:00:00,69.61269700527191
2025-01-05 17:30:00,55.61402016878128
2025-01-05 18:00:00,55.069406032562256
2025-01-05 18:30:00,39.790174543857574
2025-01-05 19:00:00,87.87390148639679
2025-01-05 19:30:00,35.8553132712841
2025-01-05 20:00:00,55.20543670654297
2025-01-05 20:30:00,24.041004717350006
2025-01-05 21:00:00,22.529554069042206
2025-01-05 21:30:00,19.148670315742493
2025-01-05 22:00:00,50.84808421134949
2025-01-05 22:30:00,30.98244857788086
2025-01-05 23:00:00,54.117746353149414
2025-01-05 23:30:00,37.683751583099365
2025-01-06 00:00:00,21.155472546815872
2025-01-06 00:30:00,44.43135115504265
2025-01-06 01:00:00,21.261247843503952
2025-01-06 01:30:00,33.078429877758026
2025-01-06 02:00:00,23.910032987594604
2025-01-06 02:30:00,35.05672279000282
2025-01-06 03:00:00,37.48020279407501
2025-01-06 03:30:00,35.98402437567711
2025-01-06 04:00:00,24.087659746408463
2025-01-06 04:30:00,78.28233402967453
2025-01-06 05:00:00,27.270221322774887
2025-01-06 05:30:00,40.68231791257858
2025-01-06 06:00:00,55.10369122028351
2025-01-06 06:30:00,46.872734040021896
2025-01-06 07:00:00,40.46138370037079
2025-01-06 07:30:00,26.300875574350357
2025-01-06 08:00:00,35.20906928181648
2025-01-06 08:30:00,36.38051551580429
2025-01-06 09:00:00,47.207494497299194
2025-01-06 09:30:00,33.822346180677414
2025-01-06 10:00:00,28.042768359184265
2025-01-06 10:30:00,59.68211090564728
2025-01-06 11:00:00,27.52154967188835
2025-01-06 11:30:00,45.78376883268356
2025-01-06 12:00:00,49.101973712444305
2025-01-06 12:30:00,36.455202877521515
2025-01-06 13:00:00,34.037120044231415
2025-01-06 13:30:00,6.894608698785305
2025-01-06 14:00:00,58.26841640472412
2025-01-06 14:30:00,33.449345886707306
2025-01-06 15:00:00,19.467940285801888
2025-01-06 15:30:00,35.51780652999878
2025-01-06 16:00:00,30.667383313179016
2025-01-06 16:30:00,22.340005546808243
2025-01-06 17:00:00,25.54353427886963
2025-01-06 17:30:00,10.976119369268417
2025-01-06 18:00:00,34.83676278591156
2025-01-06 18:30:00,1.4478450864553454
2025-01-06 19:00:00,34.7433660030365
2025-01-06 19:30:00,26.44138991832733
2025-01-06 20:00:00,38.381512969732285
2025-01-06 20:30:00,49.59949052333832
2025-01-06 21:00:00,40.29569894075394
2025-01-06 21:30:00,34.767672061920166
2025-01-06 22:00:00,25.735013872385025
2025-01-06 22:30:00,32.20600771903992
2025-01-06 23:00:00,32.73478591442108
2025-01-06 23:30:00,21.529672533273697
2025-01-07 00:00:00,30.283961594104767
2025-01-07 00:30:00,53.55116194486618
2025-01-07 01:00:00,40.9347505569458
2025-01-07 01:30:00,35.68766275048256
2025-01-07 02:00:00,64.02083492279053
2025-01-07 02:30:00,58.02021014690399
2025-01-07 03:00:00,50.606370747089386
2025-01-07 03:30:00,42.086755990982056
2025-01-07 04:00:00,59.57740521430969
2025-01-07 04:30:00,58.102725863456726
2025-01-07 05:00:00,52.951356172561646
2025-01-07 05:30:00,37.37047863006592
2025-01-07 06:00:00,29.450877785682678
2025-01-07 06:30:00,27.076667562127113
2025-01-07 07:00:00,27.22183468937874
2025-01-07 07:30:00,27.18326385319233
2025-01-07 08:00:00,17.1756661683321
2025-01-07 08:30:00,24.01885376870632
2025-01-07 09:00:00,30.363609611988068
2025-01-07 09:30:00,30.15073212981224
2025-01-07 10:00:00,30.430066794157028
2025-01-07 10:30:00,11.502714991569519
2025-01-07 11:00:00,33.121471375226974
2025-01-07 11:30:00,13.734934382140636
2025-01-07 12:00:00,39.75902301073074
2025-01-07 12:30:00,42.05557844042778
2025-01-07 13:00:00,47.22677919268608
2025-01-07 13:30:00,36.16860646009445
2025-01-07 14:00:00,57.508360624313354
2025-01-07 14:30:00,48.363038301467896
2025-01-07 15:00:00,18.042527824640274
2025-01-07 15:30:00,45.59447181224823
2025-01-07 16:00:00,10.965275883674622
2025-01-07 16:30:00,62.46351844072342
2025-01-07 17:00:00,34.18319344520569
2025-01-07 17:30:00,49.922878473997116
2025-01-07 18:00:00,48.77597823739052
2025-01-07 18:30:00,58.42734241485596
2025-01-07 19:00:00,49.81913831830025
2025-01-07 19:30:00,71.71868056058884
2025-01-07 20:00:00,46.022857427597046
2025-01-07 20:30:00,35.937031120061874
2025-01-07 21:00:00,40.26874199509621
2025-01-07 21:30:00,48.157783925533295
2025-01-07 22:00:00,31.584220111370087
2025-01-07 22:30:00,59.10964077711105
2025-01-07 23:00:00,35.41102233529091
2025-01-07 23:30:00,40.06536954641342
2025-01-08 00:00:00,0.4639411419630052
2025-01-08 00:30:00,25.08793443441391
2025-01-08 01:00:00,23.988469749689102
2025-01-08 01:30:00,27.08886106312275
2025-01-08 02:00:00,33.319472670555115
2025-01-08 02:30:00,24.638132140040398
2025-01-08 03:00:00,61.71678936481476
2025-01-08 03:30:00,76.40979039669037
2025-01-08 04:00:00,43.645584374666214
2025-01-08 04:30:00,53.614008486270905
2025-01-08 05:00:00,47.07343536615372
2025-01-08 05:30:00,52.069879949092865
2025-01-08 06:00:00,43.4484561085701
2025-01-08 06:30:00,33.289240419864655
2025-01-08 07:00:00,56.396549224853516
2025-01-08 07:30:00,37.66054692864418
2025-01-08 08:00:00,33.084870636463165
2025-01-08 08:30:00,73.0077458024025
2025-01-08 09:00:00,29.990687370300293
2025-01-08 09:30:00,45.50369989871979
2025-01-08 10:00:00,17.542592838406563
2025-01-08 10:30:00,43.55002525448799
2025-01-08 11:00:00,27.55989646911621
2025-01-08 11:30:00,42.656335294246674
2025-01-08 12:00:00,26.62961733341217
2025-01-08 12:30:00,39.22759681940079
2025-01-08 13:00:00,50.33517664670944
2025-01-08 13:30:00,60.418126583099365
2025-01-08 14:00:00,53.00985491275787
2025-01-08 14:30:00,42.20226180553436
2025-01-08 15:00:00,25.95040637254715
2025-01-08 15:30:00,55.01184391975403
2025-01-08 16:00:00,45.09369993209839
2025-01-08 16:30:00,32.73685285449028
2025-01-08 17:00:00,65.54798275232315
2025-01-08 17:30:00,61.49885004758835
2025-01-08 18:00:00,57.970135271549225
2025-01-08 18:30:00,22.024648308753967
2025-01-08 19:00:00,34.26460775732994
2025-01-08 19:30:00,15.927861675620079
2025-01-08 20:00:00,43.88782396912575
2025-01-08 20:30:00,46.24409228563309
2025-01-08 21:00:00,69.91557455062866
2025-01-08 21:30:00,73.89000254869461
2025-01-08 22:00:00,58.29380941390991
2025-01-08 22:30:00,59.324683487415314
2025-01-08 23:00:00,14.433244302868843
2025-01-08 23:30:00,52.62061107158661
2025-01-09 00:00:00,58.40913599729538
2025-01-09 00:30:00,80.500175178051
2025-01-09 01:00:00,43.687822222709656
2025-01-09 01:30:00,29.5259929895401
2025-01-09 02:00:00,11.508609384298325
2025-01-09 02:30:00,46.130451053380966
2025-01-09 03:00:00,69.86441272497177
2025-01-09 03:30:00,57.61850106716156
2025-01-09 04:00:00,54.6928876042366
2025-01-09 04:30:00,50.22617518901825
2025-01-09 05:00:00,61.35592186450958
2025-01-09 05:30:00,34.103452920913696
2025-01-09 06:00:00,77.25166809558868
2025-01-09 06:30:00,39.76189360022545
2025-01-09 07:00:00,53.55596071481705
2025-01-09 07:30:00,25.82550248503685
2025-01-09 08:00:00,51.29424840211868
2025-01-09 08:30:00,74.2464297413826
2025-01-09 09:00:00,68.73784077167511
2025-01-09 09:30:00,62.1165326833725
2025-01-09 10:00:00,61.42530167102814
2025-01-09 10:30:00,65.036063849926
2025-01-09 11:00:00,46.46468538045883
2025-01-09 11:30:00,59.427169024944305
2025-01-09 12:00:00,52.963110268116
2025-01-09 12:30:00,43.22834289073944
2025-01-09 13:00:00,35.01092055439949
2025-01-09 13:30:00,52.23310750722885
2025-01-09 14:00:00,59.22446435689926
2025-01-09 14:30:00,46.24096441268921
2025-01-09 15:00:00,28.600605130195618
2025-01-09 15:30:00,29.763381779193878
2025-01-09 16:00:00,47.89630588889122
2025-01-09 16:30:00,25.89795957505703
2025-01-09 17:00:00,40.123556077480316
2025-01-09 17:30:00,51.675409495830536
2025-01-09 18:00:00,50.67600205540657
2025-01-09 18:30:00,31.567719280719757
2025-01-09 19:00:00,48.331314384937286
2025-01-09 19:30:00,47.1019042134285
2025-01-09 20:00:00,50.83009749650955
2025-01-09 20:30:00,22.265167862176895
2025-01-09 21:00:00,65.8757734298706
2025-01-09 21:30:00,47.29464131593704
2025-01-09 22:00:00,63.436951816082
2025-01-09 22:30:00,55.40201282501221
2025-01-09 23:00:00,57.7071453332901
2025-01-09 23:30:00,39.06506884098053
2025-01-10 00:00:00,57.38742005825043
2025-01-10 00:30:00,15.952498733997345
2025-01-10 01:00:00,30.19829487800598
2025-01-10 01:30:00,42.6323963701725
2025-01-10 02:00:00,53.2882182598114
2025-01-10 02:30:00,45.820499658584595
2025-01-10 03:00:00,53.12186282873154
2025-01-10 03:30:00,10.939138486981392
2025-01-10 04:00:00,32.91662460565567
2025-01-10 04:30:00,44.6316015124321
2025-01-10 05:00:00,65.91685205698013
2025-01-10 05:30:00,46.65236932039261
2025-01-10 06:00:00,35.763124853372574
2025-01-10 06:30:00,47.271740198135376
2025-01-10 07:00:00,54.62705194950104
2025-01-10 07:30:00,64.71437859535217
2025-01-10 08:00:00,31.19318974018097
2025-01-10 08:30:00,8.880555793642998
2025-01-10 09:00:00,56.16928988695145
2025-01-10 09:30:00,40.96064367890358
2025-01-10 10:00:00,56.62788462638855
2025-01-10 10:30:00,33.8383526802063
2025-01-10 11:00:00,55.02689355611801
2025-01-10 11:30:00,32.13552939891815
2025-01-10 12:00:00,41.21361690759659
2025-01-10 12:30:00,42.27559915184975
2025-01-10 13:00:00,20.89447294175625
2025-01-10 13:30:00,14.070131354033947
2025-01-10 14:00:00,22.498836159706116
2025-01-10 14:30:00,17.232223719358444
2025-01-10 15:00:00,28.62414512038231
2025-01-10 15:30:00,8.42876099795103
2025-01-10 16:00:00,65.84558743238449
2025-01-10 16:30:00,67.78706568479538
2025-01-10 17:00:00,32.93104115128517
2025-01-10 17:30:00,48.44028115272522
2025-01-10 18:00:00,26.967557698488235
2025-01-10 18:30:00,28.267414391040802
2025-01-10 19:00:00,38.4184490442276
2025-01-10 19:30:00,58.60445749759674
2025-01-10 20:00:00,92.09385305643082
2025-01-10 20:30:00,47.024808794260025
2025-01-10 21:00:00,46.02995729446411
2025-01-10 21:30:00,47.16773119568825
2025-01-10 22:00:00,56.865897834300995
2025-01-10 22:30:00,59.8480327129364
2025-01-10 23:00:00,59.49338626861572
2025-01-10 23:30:00,29.036316096782684
2025-01-11 00:00:00,30.60897707939148
2025-01-11 00:30:00,21.57655304670334
2025-01-11 01:00:00,26.99180594086647
2025-01-11 01:30:00,22.007336601614952
2025-01-11 02:00:00,76.48440259695053
2025-01-11 02:30:00,33.96930706501007
2025-01-11 03:00:00,26.158876791596413
2025-01-11 03:30:00,24.570181846618652
2025-01-11 04:00:00,14.474094554781914
2025-01-11 04:30:00,12.20970244705677
2025-01-11 05:00:00,35.29706022143364
2025-01-11 05:30:00,61.35622251033783
2025-01-11 06:00:00,59.409910798072815
2025-01-11 06:30:00,42.31484788656235
2025-01-11 07:00:00,35.31952193379402
2025-01-11 07:30:00,47.450557976961136
2025-01-11 08:00:00,20.838837563991547
2025-01-11 08:30:00,48.09556180238724
2025-01-11 09:00:00,63.13916212320328
2025-01-11 09:30:00,37.18223387002945
2025-01-11 10:00:00,43.38408899307251
2025-01-11 10:30:00,42.79127323627472
2025-01-11 11:00:00,63.258391320705414
2025-01-11 11:30:00,35.131551802158356
2025-01-11 12:00:00,46.30994528532028
2025-01-11 12:30:00,61.05517774820328
2025-01-11 13:00:00,28.511379808187485
2025-01-11 13:30:00,61.7464434504509
2025-01-11 14:00:00,55.817048609256744
2025-01-11 14:30:00,46.48926895856857
2025-01-11 15:00:00,24.153905898332596
2025-01-11 15:30:00,30.645493984222412
2025-01-11 16:00:00,19.269255310297012
2025-01-11 16:30:00,47.82943820953369
2025-01-11 17:00:00,41.201628655195236
2025-01-11 17:30:00,51.09980571269989
2025-01-11 18:00:00,28.96316087245941
2025-01-11 18:30:00,29.743649005889893
2025-01-11 19:00:00,22.310922399163246
2025-01-11 19:30:00,19.852863788604736
2025-01-11 20:00:00,36.77527505159378
2025-01-11 20:30:00,31.68254864215851
2025-01-11 21:00:00,39.729840129613876
2025-01-11 21:30:00,33.68595415353775
2025-01-11 22:00:00,33.155481934547424
2025-01-11 22:30:00,42.35715511441231
2025-01-11 23:00:00,61.35742509365082
2025-01-11 23:30:00,61.073939204216
2025-01-12 00:00:00,30.951852083206177
2025-01-12 00:30:00,33.576354295015335
2025-01-12 01:00:00,15.094352193176746
2025-01-12 01:30:00,23.149815320968628
2025-01-12 02:00:00,32.54669725894928
2025-01-12 02:30:00,65.06086713075638
2025-01-12 03:00:00,59.23843860626221
2025-01-12 03:30:00,45.487933337688446
2025-01-12 04:00:00,42.23007154464722
2025-01-12 04:30:00,24.42714236676693
2025-01-12 05:00:00,54.418877840042114
2025-01-12 05:30:00,39.86903914809227
2025-01-12 06:00:00,48.481105387210846
2025-01-12 06:30:00,34.27108609676361
2025-01-12 07:00:00,12.760304927825928
2025-01-12 07:30:00,0.9703848212957383
2025-01-12 08:00:00,17.553995698690414
2025-01-12 08:30:00,26.891549229621887
2025-01-12 09:00:00,49.24434107542038
2025-01-12 09:30:00,66.78853994607925
2025-01-12 10:00:00,43.16690996289253
2025-01-12 10:30:00,56.278499484062195
2025-01-12 11:00:00,18.700086504220963
2025-01-12 11:30:00,39.56498792767525
2025-01-12 12:00:00,41.14113813638687
2025-01-12 12:30:00,57.376793384552
2025-01-12 13:00:00,34.06968230009079
2025-01-12 13:30:00,70.56502735614777
2025-01-12 14:00:00,64.49659538269043
2025-01-12 14:30:00,21.46427483856678
2025-01-12 15:00:00,18.003611534833908
2025-01-12 15:30:00,17.073209539055824
2025-01-12 16:00:00,31.879801213741302
2025-01-12 16:30:00,50.73934870958328
2025-01-12 17:00:00,25.781402945518494
2025-01-12 17:30:00,46.5027459859848
2025-01-12 18:00:00,10.702228128910065
2025-01-12 18:30:00,29.144328892230988
2025-01-12 19:00:00,29.046092867851257
2025-01-12 19:30:00,43.63781672716141
2025-01-12 20:00:00,36.93221217393875
2025-01-12 20:30:00,28.517459213733673
2025-01-12 21:00:00,11.509346544742584
2025-01-12 21:30:00,29.529219150543213
2025-01-12 22:00:00,43.788969308137894
2025-01-12 22:30:00,25.67823228240013
2025-01-12 23:00:00,45.79284602403641
2025-01-12 23:30:00,22.550943285226822
2025-01-13 00:00:00,51.702762484550476
2025-01-13 00:30:00,51.668084144592285
2025-01-13 01:00:00,57.37561392784119
2025-01-13 01:30:00,14.96379168331623
2025-01-13 02:00:00,25.453855097293854
2025-01-13 02:30:00,55.87633943557739
2025-01-13 03:00:00,47.34705775976181
2025-01-13 03:30:00,44.613903880119324
2025-01-13 04:00:00,37.7235466837883
2025-01-13 04:30:00,59.43635606765747
2025-01-13 05:00:00,30.834183931350708
2025-01-13 05:30:00,52.959652841091156
2025-01-13 06:00:00,36.33867371082306
2025-01-13 06:30:00,52.32741779088974
2025-01-13 07:00:00,30.14666184782982
2025-01-13 07:30:00,13.826781682670116
2025-01-13 08:00:00,18.303745687007904
2025-01-13 08:30:00,27.059247449040413
2025-01-13 09:00:00,39.39072608947754
2025-01-13 09:30:00,46.810740292072296
2025-01-13 10:00:00,31.65492969751358
2025-01-13 10:30:00,22.741503596305847
2025-01-13 11:00:00,35.09472268819809
2025-01-13 11:30:00,31.081705063581467
2025-01-13 12:00:00,80.37244117259979
2025-01-13 12:30:00,15.314919993281364
2025-01-13 13:00:00,68.40802651643753
2025-01-13 13:30:00,37.93411439657211
2025-01-13 14:00:00,46.44299840927124
2025-01-13 14:30:00,53.22386848926544
2025-01-13 15:00:00,43.736122131347656
2025-01-13 15:30:00,46.27958583831787
2025-01-13 16:00:00,60.27411723136902
2025-01-13 16:30:00,63.2168732881546
2025-01-13 17:00:00,62.49238622188568
2025-01-13 17:30:00,73.90090674161911
2025-01-13 18:00:00,48.58093136548996
2025-01-13 18:30:00,45.21486020088196
2025-01-13 19:00:00,35.762801080942154
2025-01-13 19:30:00,17.673749580979347
2025-01-13 20:00:00,35.6368333697319
2025-01-13 20:30:00,37.98814392089844
2025-01-13 21:00:00,62.01292550563812
2025-01-13 21:30:00,63.57083171606064
2025-01-13 22:00:00,73.44374006986618
2025-01-13 22:30:00,26.07685251533985
2025-01-13 23:00:00,36.307157933712006
2025-01-13 23:30:00,34.40359863638878
2025-01-14 00:00:00,38.67354702949524
2025-01-14 00:30:00,9.330214992165565
2025-01-14 01:00:00,22.96597906947136
2025-01-14 01:30:00,49.46116164326668
2025-01-14 02:00:00,50.1373690366745
2025-01-14 02:30:00,22.704600766301155
2025-01-14 03:00:00,66.47452116012573
2025-01-14 03:30:00,33.33047515153885
2025-01-14 04:00:00,14.446194477379322
2025-01-14 04:30:00,48.57035672664642
2025-01-14 05:00:00,49.644043922424316
2025-01-14 05:30:00,73.80503541231155
2025-01-14 06:00:00,18.578025743365288
2025-01-14 06:30:00,25.69170930981636
2025-01-14 07:00:00,62.354135394096375
2025-01-14 07:30:00,32.67005455493927
2025-01-14 08:00:00,46.50722676515579
2025-01-14 08:30:00,57.353100180625916
2025-01-14 09:00:00,35.86097350716591
2025-01-14 09:30:00,18.86450219154358
2025-01-14 10:00:00,51.66351664066315
2025-01-14 10:30:00,36.51945725083351
2025-01-14 11:00:00,58.47978776693344
2025-01-14 11:30:00,50.70202526450157
2025-01-14 12:00:00,30.44909131526947
2025-01-14 12:30:00,30.484790116548538
2025-01-14 13:00:00,35.25053817033768
2025-01-14 13:30:00,25.749048829078674
2025-01-14 14:00:00,50.017370879650116
2025-01-14 14:30:00,20.24381321668625
2025-01-14 15:00:00,8.678934462368488
2025-01-14 15:30:00,17.66230769455433
2025-01-14 16:00:00,61.915105760097504
2025-01-14 16:30:00,44.295121014118195
2025-01-14 17:00:00,48.38431477546692
2025-01-14 17:30:00,45.120434284210205
2025-01-14 18:00:00,42.4162580370903
2025-01-14 18:30:00,59.451122403144836
2025-01-14 19:00:00,72.68000137805939
2025-01-14 19:30:00,30.237948328256607
2025-01-14 20:00:00,11.789193607866764
2025-01-14 20:30:00,44.611189395189285
2025-01-14 21:00:00,46.1126406788826
2025-01-14 21:30:00,24.183536857366562
2025-01-14 22:00:00,33.54825258255005
2025-01-14 22:30:00,47.03444969654083
2025-01-14 23:00:00,59.175829112529755
2025-01-14 23:30:00,57.2385830283165
2025-01-15 00:00:00,20.633415520191193
2025-01-15 00:30:00,54.21329391002655
2025-01-15 01:00:00,26.35049080848694
2025-01-15 01:30:00,43.492359071969986
2025-01-15 02:00:00,21.679281413555145
2025-01-15 02:30:00,19.431914821267128
2025-01-15 03:00:00,49.918738812208176
2025-01-15 03:30:00,28.35548049211502
2025-01-15 04:00:00,31.36114090681076
2025-01-15 04:30:00,36.1849627494812
2025-01-15 05:00:00,47.20660412311554
2025-01-15 05:30:00,51.254898488521576
2025-01-15 06:00:00,50.82784554362297
2025-01-15 06:30:00,52.88769441843033
2025-01-15 07:00:00,39.87954729795456
2025-01-15 07:30:00,34.79809510707855
2025-01-15 08:00:00,32.773713767528534
2025-01-15 08:30:00,26.17095610499382
2025-01-15 09:00:00,44.60180866718292
2025-01-15 09:30:00,23.13664761185646
2025-01-15 10:00:00,39.022804975509644
2025-01-15 10:30:00,26.48913623392582
2025-01-15 11:00:00,35.53002315759659
2025-01-15 11:30:00,13.044067613780499
2025-01-15 12:00:00,5.530471615493298
2025-01-15 12:30:00,11.10130800306797
2025-01-15 13:00:00,40.32613065838814
2025-01-15 13:30:00,49.973462134599686
2025-01-15 14:00:00,80.10791331529617
2025-01-15 14:30:00,43.66923999786377
2025-01-15 15:00:00,45.30153292417526
2025-01-15 15:30:00,60.826218605041504
2025-01-15 16:00:00,50.6850705742836
2025-01-15 16:30:00,20.930705100297928
2025-01-15 17:00:00,29.840720027685165
2025-01-15 17:30:00,48.54966998100281
2025-01-15 18:00:00,25.191979572176933
2025-01-15 18:30:00,16.538406863808632
2025-01-15 19:00:00,17.10518206655979
2025-01-15 19:30:00,69.6376217007637
2025-01-15 20:00:00,54.72692996263504
2025-01-15 20:30:00,86.97648525238037
2025-01-15 21:00:00,50.83217889070511
2025-01-15 21:30:00,14.902895003557205
2025-01-15 22:00:00,45.4830102622509
2025-01-15 22:30:00,72.51391190290451
2025-01-15 23:00:00,35.91412132978439
2025-01-15 23:30:00,28.343304336071014
2025-01-16 00:00:00,25.8837598413229
2025-01-16 00:30:00,31.829870879650116
2025-01-16 01:00:00,23.987249821424484
2025-01-16 01:30:00,33.20496129989624
2025-01-16 02:00:00,33.461400628089905
2025-01-16 02:30:00,27.73560082912445
2025-01-16 03:00:00,25.327531814575195
2025-01-16 03:30:00,55.33309555053711
2025-01-16 04:00:00,64.01671838760376
2025-01-16 04:30:00,74.60828590393066
2025-01-16 05:00:00,60.746229469776154
2025-01-16 05:30:00,68.52203488349915
2025-01-16 06:00:00,62.14155566692352
2025-01-16 06:30:00,73.68585246801376
2025-01-16 07:00:00,27.363158464431763
2025-01-16 07:30:00,11.912378899753094
2025-01-16 08:00:00,23.821771755814552
2025-01-16 08:30:00,13.47810985147953
2025-01-16 09:00:00,15.41755585372448
2025-01-16 09:30:00,36.80016216635704
2025-01-16 10:00:00,54.8042711019516
2025-01-16 10:30:00,53.050546169281006
2025-01-16 11:00:00,58.17150437831879
2025-01-16 11:30:00,22.740791007876396
2025-01-16 12:00:00,47.002604365348816
2025-01-16 12:30:00,23.4653662443161
2025-01-16 13:00:00,41.488485246896744
2025-01-16 13:30:00,7.114295519888401
2025-01-16 14:00:00,45.19432955980301
2025-01-16 14:30:00,30.86154270172119
2025-01-16 15:00:00,13.877366065979004
2025-01-16 15:30:00,25.349805623292923
2025-01-16 16:00:00,14.432334415614605
2025-01-16 16:30:00,37.170942306518555
2025-01-16 17:00:00,51.490451604127884
2025-01-16 17:30:00,67.41864734888077
2025-01-16 18:00:00,39.835849583148956
2025-01-16 18:30:00,35.18302294611931
2025-01-16 19:00:00,27.90095603466034
2025-01-16 19:30:00,34.18738803267479
2025-01-16 20:00:00,46.59642896056175
2025-01-16 20:30:00,62.96959209442139
2025-01-16 21:00:00,64.88228350877762
2025-01-16 21:30:00,70.3727816939354
2025-01-16 22:00:00,57.274065017700195
2025-01-16 22:30:00,77.83085650205612
2025-01-16 23:00:00,71.35754710435867
2025-01-16 23:30:00,56.26922571659088
2025-01-17 00:00:00,46.30132484436035
2025-01-17 00:30:00,55.82349514961243
2025-01-17 01:00:00,15.771676167845726
2025-01-17 01:30:00,18.5254228413105
2025-01-17 02:00:00,32.87307721376419
2025-01-17 02:30:00,27.613671600818634
2025-01-17 03:00:00,29.861912667751312
2025-01-17 03:30:00,29.342934370040894
2025-01-17 04:00:00,53.07374793291092
2025-01-17 04:30:00,44.75233682990074
2025-01-17 05:00:00,36.30241698026657
2025-01-17 05:30:00,42.64586183428764
2025-01-17 06:00:00,60.91683441400528
2025-01-17 06:30:00,35.55760741233826
2025-01-17 07:00:00,58.030004262924194
2025-01-17 07:30:00,45.69367626309395
2025-01-17 08:00:00,13.424532741308212
2025-01-17 08:30:00,18.377600491046906
2025-01-17 09:00:00,36.466991662979126
2025-01-17 09:30:00,70.39135813713074
2025-01-17 10:00:00,39.56795680522919
2025-01-17 10:30:00,54.11343324184418
2025-01-17 11:00:00,50.79750344157219
2025-01-17 11:30:00,25.636247381567955
2025-01-17 12:00:00,44.74434369802475
2025-01-17 12:30:00,58.03276211023331
2025-01-17 13:00:00,72.05089420080185
2025-01-17 13:30:00,53.68488574028015
2025-01-17 14:00:00,55.1649015545845
2025-01-17 14:30:00,70.04880112409592
2025-01-17 15:00:00,77.16039317846298
2025-01-17 15:30:00,60.16648602485657
2025-01-17 16:00:00,56.12801468372345
2025-01-17 16:30:00,48.542252123355865
2025-01-17 17:00:00,12.438960790634155
2025-01-17 17:30:00,36.47363477945328
2025-01-17 18:00:00,13.111879870295525
2025-01-17 18:30:00,36.77365618944168
2025-01-17 19:00:00,28.259695887565613
2025-01-17 19:30:00,40.92161753773689
2025-01-17 20:00:00,71.74148339033127
2025-01-17 20:30:00,38.03799331188202
2025-01-17 21:00:00,47.93773430585861
2025-01-17 21:30:00,20.54668064415455
2025-01-17 22:00:00,40.52415797114372
2025-01-17 22:30:00,42.0883806347847
2025-01-17 23:00:00,36.34831461310387
2025-01-17 23:30:00,78.713483273983
2025-01-18 00:00:00,-2.754557728767395
2025-01-18 00:30:00,41.91559022665024
2025-01-18 01:00:00,19.227601408958435
2025-01-18 01:30:00,59.53640753030777
2025-01-18 02:00:00,52.162952959537506
2025-01-18 02:30:00,40.04868370294571
2025-01-18 03:00:00,35.04716283082962
2025-01-18 03:30:00,40.02405387163162
2025-01-18 04:00:00,14.116152569651604
2025-01-18 04:30:00,44.322511583566666
2025-01-18 05:00:00,34.834666937589645
2025-01-18 05:30:00,35.71068528294563
2025-01-18 06:00:00,46.97459226846695
2025-01-18 06:30:00,65.58778363466263
2025-01-18 07:00:00,45.68088725209236
2025-01-18 07:30:00,38.935317039489746
2025-01-18 08:00:00,33.86762806773186
2025-01-18 08:30:00,33.729203790426254
2025-01-18 09:00:00,50.18806254863739
2025-01-18 09:30:00,54.79230308532715
2025-01-18 10:00:00,24.381127655506134
2025-01-18 10:30:00,39.59070760011673
2025-01-18 11:00:00,20.177633553743362
2025-01-18 11:30:00,42.95864623785019
2025-01-18 12:00:00,34.839185297489166
2025-01-18 12:30:00,59.17970860004425
2025-01-18 13:00:00,64.03139221668243
2025-01-18 13:30:00,39.547079265117645
2025-01-18 14:00:00,42.74345609545708
2025-01-18 14:30:00,31.384993106126785
2025-01-18 15:00:00,18.037072837352753
2025-01-18 15:30:00,52.83444541692734
2025-01-18 16:00:00,38.561556458473206
2025-01-18 16:30:00,28.813343852758408
2025-01-18 17:00:00,21.65410666167736
2025-01-18 17:30:00,32.70291167497635
2025-01-18 18:00:00,25.836565673351288
2025-01-18 18:30:00,21.047309428453445
2025-01-18 19:00:00,25.251049250364304
2025-01-18 19:30:00,48.39840465784073
2025-01-18 20:00:00,45.18872135877609
2025-01-18 20:30:00,45.562773913145065
2025-01-18 21:00:00,28.70528769493103
2025-01-18 21:30:00,23.43803782761097
2025-01-18 22:00:00,40.102623611688614
2025-01-18 22:30:00,45.376359045505524
2025-01-18 23:00:00,46.768933176994324
2025-01-18 23:30:00,39.70532304048538
2025-01-19 00:00:00,39.5189833343029
2025-01-19 00:30:00,71.56315994262695
2025-01-19 01:00:00,67.44793719053268
2025-01-19 01:30:00,38.26442876458168
2025-01-19 02:00:00,44.310147523880005
2025-01-19 02:30:00,40.999880850315094
2025-01-19 03:00:00,19.85618245601654
2025-01-19 03:30:00,27.29350981116295
2025-01-19 04:00:00,19.811652183532715
2025-01-19 04:30:00,51.91563129425049
2025-01-19 05:00:00,29.562851011753082
2025-01-19 05:30:00,33.32718828320503
2025-01-19 06:00:00,24.181124463677406
2025-01-19 06:30:00,11.548922665417194
2025-01-19 07:00:00,20.277718260884285
2025-01-19 07:30:00,29.65647327899933
2025-01-19 08:00:00,30.434183329343796
2025-01-19 08:30:00,45.308627009391785
2025-01-19 09:00:00,53.31907492876053
2025-01-19 09:30:00,52.316357493400574
2025-01-19 10:00:00,31.92075264453888
2025-01-19 10:30:00,41.64233207702637
2025-01-19 11:00:00,44.61608934402466
2025-01-19 11:30:00,58.46511971950531
2025-01-19 12:00:00,52.36721867322922
2025-01-19 12:30:00,63.979767858982086
2025-01-19 13:00:00,25.95197030901909
2025-01-19 13:30:00,27.388987988233566
2025-01-19 14:00:00,31.93221765756607
2025-01-19 14:30:00,37.635000705718994
2025-01-19 15:00:00,26.458396643400192
2025-01-19 15:30:00,72.12276011705399
2025-01-19 16:00:00,49.288692116737366
2025-01-19 16:30:00,55.18955451250076
2025-01-19 17:00:00,28.37782657146454
2025-01-19 17:30:00,54.12760406732559
2025-01-19 18:00:00,14.246539629995823
2025-01-19 18:30:00,8.53927218914032
2025-01-19 19:00:00,38.74573093652725
2025-01-19 19:30:00,31.493453979492188
2025-01-19 20:00:00,24.570361077785492
2025-01-19 20:30:00,46.02155655622482
2025-01-19 21:00:00,54.415333688259125
2025-01-19 21:30:00,38.8567935526371
2025-01-19 22:00:00,34.339890629053116
2025-01-19 22:30:00,22.688774943351746
2025-01-19 23:00:00,39.09267044067383
2025-01-19 23:30:00,21.196357488632202
2025-01-20 00:00:00,32.992300629615784
2025-01-20 00:30:00,23.504707485437393
2025-01-20 01:00:00,53.97936254739761
2025-01-20 01:30:00,50.56093853712082
2025-01-20 02:00:00,26.904829680919647
2025-01-20 02:30:00,53.73057234287262
2025-01-20 03:00:00,33.43966740369797
2025-01-20 03:30:00,32.307533502578735
2025-01-20 04:00:00,49.12132778763771
2025-01-20 04:30:00,73.76390475034714
2025-01-20 05:00:00,71.22487556934357
2025-01-20 05:30:00,50.23952502012253
2025-01-20 06:00:00,37.34893909096718
2025-01-20 06:30:00,56.629942893981934
2025-01-20 07:00:00,35.53254973888397
2025-01-20 07:30:00,26.487945213913918
2025-01-20 08:00:00,42.48408257961273
2025-01-20 08:30:00,28.120095044374466
2025-01-20 09:00:00,56.3949014544487
2025-01-20 09:30:00,57.67873430252075
2025-01-20 10:00:00,70.40677201747894
2025-01-20 10:30:00,56.19817501306534
2025-01-20 11:00:00,61.84269058704376
2025-01-20 11:30:00,60.1872421503067
2025-01-20 12:00:00,35.238153874874115
2025-01-20 12:30:00,2.9883608147501945
2025-01-20 13:00:00,22.4681616127491
2025-01-20 13:30:00,32.82168701291084
2025-01-20 14:00:00,30.14005920290947
2025-01-20 14:30:00,37.93893051147461
2025-01-20 15:00:00,38.50744888186455
2025-01-20 15:30:00,26.959388226270676
2025-01-20 16:00:00,29.512088119983673
2025-01-20 16:30:00,39.911571860313416
2025-01-20 17:00:00,26.0812306702137
2025-01-20 17:30:00,10.925050772726536
2025-01-20 18:00:00,18.279003113508224
2025-01-20 18:30:00,71.95027613639832
2025-01-20 19:00:00,47.38725757598877
2025-01-20 19:30:00,57.6082848906517
2025-01-20 20:00:00,33.13353767991066
2025-01-20 20:30:00,40.04893231391907
2025-01-20 21:00:00,52.92760515213013
2025-01-20 21:30:00,40.577265322208405
2025-01-20 22:00:00,42.07886981964111
2025-01-20 22:30:00,29.83403354883194
2025-01-20 23:00:00,44.886566519737244
2025-01-20 23:30:00,49.86414557695389
2025-01-21 00:00:00,59.90441536903381
2025-01-21 00:30:00,51.79933339357376
2025-01-21 01:00:00,26.086645185947418
2025-01-21 01:30:00,49.83334094285965
2025-01-21 02:00:00,32.34877401590347
2025-01-21 02:30:00,37.31617158651352
2025-01-21 03:00:00,58.721917510032654
2025-01-21 03:30:00,54.62912756204605
2025-01-21 04:00:00,62.256298303604126
2025-01-21 04:30:00,46.29754364490509
2025-01-21 05:00:00,9.250106610357761
2025-01-21 05:30:00,52.94865036010742
2025-01-21 06:00:00,35.780385971069336
2025-01-21 06:30:00,29.003458976745605
2025-01-21 07:00:00,37.59522005915642
2025-01-21 07:30:00,33.722638726234436
2025-01-21 08:00:00,55.875229358673096
2025-01-21 08:30:00,83.07888960838318
2025-01-21 09:00:00,29.12405553460121
2025-01-21 09:30:00,69.35481226444244
2025-01-21 10:00:00,39.638438016176224
2025-01-21 10:30:00,39.78971779346466
2025-01-21 11:00:00,52.64940369129181
2025-01-21 11:30:00,17.18875727057457
2025-01-21 12:00:00,42.57043731212616
2025-01-21 12:30:00,36.51477411389351
2025-01-21 13:00:00,29.770579934120178
2025-01-21 13:30:00,65.38392841815948
2025-01-21 14:00:00,67.43091601133347
2025-01-21 14:30:00,55.4362633228302
2025-01-21 15:00:00,25.00512385368347
2025-01-21 15:30:00,12.357933849096298
2025-01-21 16:00:00,53.73338222503662
2025-01-21 16:30:00,32.4713536798954
2025-01-21 17:00:00,43.27608197927475
2025-01-21 17:30:00,24.456638902425766
2025-01-21 18:00:00,63.310599625110626
2025-01-21 18:30:00,76.20342016220093
2025-01-21 19:00:00,39.11978060007095
2025-01-21 19:30:00,44.23865741491318
2025-01-21 20:00:00,36.24630028009415
2025-01-21 20:30:00,46.77898746728897
2025-01-21 21:00:00,50.691398590803146
2025-01-21 21:30:00,49.75474229454994
2025-01-21 22:00:00,38.75866159796715
2025-01-21 22:30:00,86.27205473184586
2025-01-21 23:00:00,33.51023244857788
2025-01-21 23:30:00,66.62842291593552
2025-01-22 00:00:00,33.920316249132156
2025-01-22 00:30:00,62.22947144508362
2025-01-22 01:00:00,24.333706557750702
2025-01-22 01:30:00,33.6093964278698
2025-01-22 02:00:00,35.85059544444084
2025-01-22 02:30:00,36.49110981822014
2025-01-22 03:00:00,37.41770315170288
2025-01-22 03:30:00,34.07205566763878
2025-01-22 04:00:00,41.98712369799614
2025-01-22 04:30:00,37.549345552921295
2025-01-22 05:00:00,25.913918375968933
2025-01-22 05:30:00,67.90479165315628
2025-01-22 06:00:00,55.583383202552795
2025-01-22 06:30:00,42.10072734951973
2025-01-22 07:00:00,68.70660251379013
2025-01-22 07:30:00,29.62809693813324
2025-01-22 08:00:00,46.72209024429321
2025-01-22 08:30:00,26.60033905506134
2025-01-22 09:00:00,30.87230235338211
2025-01-22 09:30:00,64.69971632957458
2025-01-22 10:00:00,36.13920098543167
2025-01-22 10:30:00,46.991191387176514
2025-01-22 11:00:00,20.123927801847458
2025-01-22 11:30:00,29.600660115480423
2025-01-22 12:00:00,40.25028118491173
2025-01-22 12:30:00,58.493848741054535
2025-01-22 13:00:00,40.138438045978546
2025-01-22 13:30:00,46.19907635450363
2025-01-22 14:00:00,11.040513947606087
2025-01-22 14:30:00,46.81785461306572
2025-01-22 15:00:00,25.822780773043633
2025-01-22 15:30:00,33.61263704299927
2025-01-22 16:00:00,63.830242812633514
2025-01-22 16:30:00,62.25959384441376
2025-01-22 17:00:00,43.29353967308998
2025-01-22 17:30:00,10.857154682278633
2025-01-22 18:00:00,29.339713990688324
2025-01-22 18:30:00,35.726073145866394
2025-01-22 19:00:00,44.596362352371216
2025-01-22 19:30:00,30.222398579120636
2025-01-22 20:00:00,27.110907942056656
2025-01-22 20:30:00,45.329915046691895
2025-01-22 21:00:00,25.537610977888107
2025-01-22 21:30:00,72.4100850224495
2025-01-22 22:00:00,37.42568761110306
2025-01-22 22:30:00,42.695387452840805
2025-01-22 23:00:00,24.33501899242401
2025-01-22 23:30:00,42.02684074640274
2025-01-23 00:00:00,10.679779425263405
2025-01-23 00:30:00,85.35820704698563
2025-01-23 01:00:00,27.07926496863365
2025-01-23 01:30:00,52.03057050704956
2025-01-23 02:00:00,27.05536651611328
2025-01-23 02:30:00,64.57675796747208
2025-01-23 03:00:00,73.70474690198898
2025-01-23 03:30:00,37.312780648469925
2025-01-23 04:00:00,57.198412120342255
2025-01-23 04:30:00,60.3994402885437
2025-01-23 05:00:00,32.99404379725456
2025-01-23 05:30:00,44.65556934475899
2025-01-23 06:00:00,33.308192670345306
2025-01-23 06:30:00,67.26720279455185
2025-01-23 07:00:00,32.00713050365448
2025-01-23 07:30:00,43.855825424194336
2025-01-23 08:00:00,27.200916677713394
2025-01-23 08:30:00,56.98185461759567
2025-01-23 09:00:00,32.05051600933075
2025-01-23 09:30:00,29.533925414085388
2025-01-23 10:00:00,49.09716337919235
2025-01-23 10:30:00,16.73194183409214
2025-01-23 11:00:00,31.203758597373962
2025-01-23 11:30:00,16.13520322740078
2025-01-23 12:00:00,41.05883055925369
2025-01-23 12:30:00,56.92480707168579
2025-01-23 13:00:00,58.69277799129486
2025-01-23 13:30:00,40.573452323675156
2025-01-23 14:00:00,42.919195145368576
2025-01-23 14:30:00,41.54769513010979
2025-01-23 15:00:00,57.57772886753082
2025-01-23 15:30:00,32.801679611206055
2025-01-23 16:00:00,38.992486000061035
2025-01-23 16:30:00,45.31250360608101
2025-01-23 17:00:00,26.274876937270164
2025-01-23 17:30:00,40.49303534626961
2025-01-23 18:00:00,24.13926386833191
2025-01-23 18:30:00,57.33976769447327
2025-01-23 19:00:00,34.52685475349426
2025-01-23 19:30:00,39.08722412586212
2025-01-23 20:00:00,9.790013037621975
2025-01-23 20:30:00,55.25979000329971
2025-01-23 21:00:00,19.05763678252697
2025-01-23 21:30:00,46.0432146191597
2025-01-23 22:00:00,40.20571333169937
2025-01-23 22:30:00,51.63359081745148
2025-01-23 23:00:00,21.20551995933056
2025-01-23 23:30:00,46.91880512237549
2025-01-24 00:00:00,15.151331081986427
2025-01-24 00:30:00,19.592871636152267
2025-01-24 01:00:00,38.77820357680321
2025-01-24 01:30:00,34.98450708389282
2025-01-24 02:00:00,49.766282469034195
2025-01-24 02:30:00,42.425583839416504
2025-01-24 03:00:00,39.17311632633209
2025-01-24 03:30:00,16.549829959869385
2025-01-24 04:00:00,25.816935524344444
2025-01-24 04:30:00,67.49032247066498
2025-01-24 05:00:00,50.86734867095947
2025-01-24 05:30:00,63.185981929302216
2025-01-24 06:00:00,69.27025562524796
2025-01-24 06:30:00,50.97285512089729
2025-01-24 07:00:00,22.7098346054554
2025-01-24 07:30:00,16.88892087340355
2025-01-24 08:00:00,12.637830056250095
2025-01-24 08:30:00,23.480463579297066
2025-01-24 09:00:00,12.525015600025654
2025-01-24 09:30:00,41.09712243080139
2025-01-24 10:00:00,58.803022503852844
2025-01-24 10:30:00,41.47052454948425
2025-01-24 11:00:00,57.382054686546326
2025-01-24 11:30:00,69.57772380113602
2025-01-24 12:00:00,34.3185418844223
2025-01-24 12:30:00,74.18465858697891
2025-01-24 13:00:00,43.7789092361927
2025-01-24 13:30:00,39.562984585762024
2025-01-24 14:00:00,46.07712399959564
2025-01-24 14:30:00,53.37160700559616
2025-01-24 15:00:00,35.86515364050865
2025-01-24 15:30:00,6.567581199109554
2025-01-24 16:00:00,11.114521965384483
2025-01-24 16:30:00,23.081557154655457
2025-01-24 17:00:00,68.44849807024002
2025-01-24 17:30:00,49.627699196338654
2025-01-24 18:00:00,38.93873977661133
2025-01-24 18:30:00,67.66481846570969
2025-01-24 19:00:00,48.03640106320381
2025-01-24 19:30:00,33.37188044190407
2025-01-24 20:00:00,20.845013812184334
2025-01-24 20:30:00,34.91260069608688
2025-01-24 21:00:00,28.302335560321808
2025-01-24 21:30:00,27.260320246219635
2025-01-24 22:00:00,58.7080762386322
2025-01-24 22:30:00,23.69600784778595
2025-01-24 23:00:00,25.74011617898941
2025-01-24 23:30:00,42.00399166345596
2025-01-25 00:00:00,23.67750945687294
2025-01-25 00:30:00,47.989043563604355
2025-01-25 01:00:00,36.17187309265137
2025-01-25 01:30:00,20.96917186677456
2025-01-25 02:00:00,38.65526255965233
2025-01-25 02:30:00,32.70575335621834
2025-01-25 03:00:00,66.72062867879868
2025-01-25 03:30:00,38.931336373090744
2025-01-25 04:00:00,34.41628357768059
2025-01-25 04:30:00,19.43748977780342
2025-01-25 05:00:00,13.03552594780922
2025-01-25 05:30:00,24.82342103123665
2025-01-25 06:00:00,49.33089238405228
2025-01-25 06:30:00,52.11774045228958
2025-01-25 07:00:00,42.13608503341675
2025-01-25 07:30:00,21.87295514345169
2025-01-25 08:00:00,32.40332388877869
2025-01-25 08:30:00,62.15059816837311
2025-01-25 09:00:00,62.30280011892319
2025-01-25 09:30:00,58.82048308849335
2025-01-25 10:00:00,38.12536561489105
2025-01-25 10:30:00,42.16604554653168
2025-01-25 11:00:00,10.704247370362282
2025-01-25 11:30:00,48.63995912671089
2025-01-25 12:00:00,9.067882716655731
2025-01-25 12:30:00,13.026672795414925
2025-01-25 13:00:00,32.47296965122223
2025-01-25 13:30:00,37.648735016584396
2025-01-25 14:00:00,50.637556970119476
2025-01-25 14:30:00,27.629524886608124
2025-01-25 15:00:00,37.129912823438644
2025-01-25 15:30:00,39.429893881082535
2025-01-25 16:00:00,36.41730126738548
2025-01-25 16:30:00,55.30930984020233
2025-01-25 17:00:00,57.09809470176697
2025-01-25 17:30:00,52.34172159433365
2025-01-25 18:00:00,60.70671188831329
2025-01-25 18:30:00,65.50132483243942
2025-01-25 19:00:00,19.394867449998856
2025-01-25 19:30:00,25.214804083108902
2025-01-25 20:00:00,52.76571315526962
2025-01-25 20:30:00,31.34248062968254
2025-01-25 21:00:00,10.865162268280983
2025-01-25 21:30:00,50.79894307255745
2025-01-25 22:00:00,31.98416578769684
2025-01-25 22:30:00,23.789984241127968
2025-01-25 23:00:00,21.32690715789795
2025-01-25 23:30:00,39.854634165763855
2025-01-26 00:00:00,25.17376448214054
2025-01-26 00:30:00,33.57591778039932
2025-01-26 01:00:00,33.91215834021568
2025-01-26 01:30:00,54.42042154073715
2025-01-26 02:00:00,40.92104226350784
2025-01-26 02:30:00,25.51320518553257
2025-01-26 03:00:00,44.92662179470062
2025-01-26 03:30:00,19.87588632106781
2025-01-26 04:00:00,55.099782824516296
2025-01-26 04:30:00,67.52346289157867
2025-01-26 05:00:00,52.515494883060455
2025-01-26 05:30:00,29.89345157146454
2025-01-26 06:00:00,55.2273029088974
2025-01-26 06:30:00,64.45777159929276
2025-01-26 07:00:00,32.845481395721436
2025-01-26 07:30:00,24.99348394572735
2025-01-26 08:00:00,33.29106742143631
2025-01-26 08:30:00,25.860010266304016
2025-01-26 09:00:00,38.30999106168747
2025-01-26 09:30:00,43.49953120946884
2025-01-26 10:00:00,49.92685624957085
2025-01-26 10:30:00,25.542823135852814
2025-01-26 11:00:00,33.034032583236694
2025-01-26 11:30:00,49.31535130739212
2025-01-26 12:00:00,36.83495035767555
2025-01-26 12:30:00,64.94982475042343
2025-01-26 13:00:00,29.6980260014534
2025-01-26 13:30:00,44.99978280067444
2025-01-26 14:00:00,42.667170107364655
2025-01-26 14:30:00,68.67227107286453
2025-01-26 15:00:00,39.640996396541595
2025-01-26 15:30:00,61.720327734947205
2025-01-26 16:00:00,51.73989224433899
2025-01-26 16:30:00,15.709203988313675
2025-01-26 17:00:00,40.99022549390793
2025-01-26 17:30:00,37.23773482441902
2025-01-26 18:00:00,29.776714265346527
2025-01-26 18:30:00,52.320028841495514
2025-01-26 19:00:00,49.97700050473213
2025-01-26 19:30:00,49.077930718660355
2025-01-26 20:00:00,24.41723984479904
2025-01-26 20:30:00,16.23163393139839
2025-01-26 21:00:00,50.21548491716385
2025-01-26 21:30:00,42.78330901265144
2025-01-26 22:00:00,12.535908952355385
2025-01-26 22:30:00,23.90293601155281
2025-01-26 23:00:00,34.58826744556427
2025-01-26 23:30:00,38.10995751619339
2025-01-27 00:00:00,19.020878493785858
2025-01-27 00:30:00,37.62700468301773
2025-01-27 01:00:00,81.64518481492996
2025-01-27 01:30:00,46.87616255879402
2025-01-27 02:00:00,65.18933540582657
2025-01-27 02:30:00,54.487980127334595
2025-01-27 03:00:00,48.022244691848755
2025-01-27 03:30:00,20.44642248749733
2025-01-27 04:00:00,28.47784334421158
2025-01-27 04:30:00,52.96526104211807
2025-01-27 05:00:00,43.25981241464615
2025-01-27 05:30:00,33.01925179362297
2025-01-27 06:00:00,32.86822062730789
2025-01-27 06:30:00,31.67074540257454
2025-01-27 07:00:00,25.416245460510254
2025-01-27 07:30:00,38.73909071087837
2025-01-27 08:00:00,26.49342043697834
2025-01-27 08:30:00,15.16018134355545
2025-01-27 09:00:00,61.57931327819824
2025-01-27 09:30:00,18.86796973645687
2025-01-27 10:00:00,37.540274143218994
2025-01-27 10:30:00,69.17434960603714
2025-01-27 11:00:00,41.313321471214294
2025-01-27 11:30:00,67.24357318878174
2025-01-27 12:00:00,38.6155888736248
2025-01-27 12:30:00,40.64429199695587
2025-01-27 13:00:00,50.53220662474632
2025-01-27 13:30:00,50.96416240930557
2025-01-27 14:00:00,63.18798816204071
2025-01-27 14:30:00,80.01681762933731
2025-01-27 15:00:00,26.853851422667503
2025-01-27 15:30:00,27.18004347383976
2025-01-27 16:00:00,47.382461696863174
2025-01-27 16:30:00,32.39001452922821
2025-01-27 17:00:00,23.134999841451645
2025-01-27 17:30:00,42.836988747119904
2025-01-27 18:00:00,40.29315212368965
2025-01-27 18:30:00,24.695412397384644
2025-01-27 19:00:00,58.251002073287964
2025-01-27 19:30:00,65.0098267197609
2025-01-27 20:00:00,41.20723396539688
2025-01-27 20:30:00,49.871950805187225
2025-01-27 21:00:00,14.06094864755869
2025-01-27 21:30:00,38.24956125020981
2025-01-27 22:00:00,43.071845173835754
2025-01-27 22:30:00,42.35600745677948
2025-01-27 23:00:00,18.125860199332237
2025-01-27 23:30:00,12.885594017803669
2025-01-28 00:00:00,44.374266028404236
2025-01-28 00:30:00,25.10793749988079
2025-01-28 01:00:00,48.48707494139671
2025-01-28 01:30:00,51.98175024986267
2025-01-28 02:00:00,78.91729801893234
2025-01-28 02:30:00,33.86269921064377
2025-01-28 03:00:00,50.20208016037941
2025-01-28 03:30:00,56.048360884189606
2025-01-28 04:00:00,41.774734765291214
2025-01-28 04:30:00,50.131616294384
2025-01-28 05:00:00,19.651877716183662
2025-01-28 05:30:00,20.73393240571022
2025-01-28 06:00:00,32.49871823191643
2025-01-28 06:30:00,14.633832886815071
2025-01-28 07:00:00,40.08000290393829
2025-01-28 07:30:00,62.428059577941895
2025-01-28 08:00:00,55.05251783132553
2025-01-28 08:30:00,42.631740152835846
2025-01-28 09:00:00,43.67690646648407
2025-01-28 09:30:00,31.287638783454895
2025-01-28 10:00:00,17.447931319475174
2025-01-28 10:30:00,26.016640961170197
2025-01-28 11:00:00,54.11967742443085
2025-01-28 11:30:00,32.217484295368195
2025-01-28 12:00:00,40.16358822584152
2025-01-28 12:30:00,33.65561205148697
2025-01-28 13:00:00,30.01871970295906
2025-01-28 13:30:00,32.725092977285385
2025-01-28 14:00:00,49.5680932700634
2025-01-28 14:30:00,51.965775549411774
2025-01-28 15:00:00,51.202025294303894
2025-01-28 15:30:00,56.906479239463806
2025-01-28 16:00:00,44.91234400868416
2025-01-28 16:30:00,26.050073355436325
2025-01-28 17:00:00,71.26141560077667
2025-01-28 17:30:00,49.34281414747238
2025-01-28 18:00:00,25.70513141155243
2025-01-28 18:30:00,26.145577549934387
2025-01-28 19:00:00,47.18204656243324
2025-01-28 19:30:00,37.193201661109924
2025-01-28 20:00:00,49.18081519007683
2025-01-28 20:30:00,26.689977765083313
2025-01-28 21:00:00,14.784596651792526
2025-01-28 21:30:00,34.28085997700691
2025-01-28 22:00:00,38.373756885528564
2025-01-28 22:30:00,38.812318205833435
2025-01-28 23:00:00,30.383056193590164
2025-01-28 23:30:00,31.36803263425827
2025-01-29 00:00:00,44.96171352267265
2025-01-29 00:30:00,48.98180788755417
2025-01-29 01:00:00,44.96926146745682
2025-01-29 01:30:00,38.80743849277496
2025-01-29 02:00:00,7.617429926991463
2025-01-29 02:30:00,30.437282294034958
2025-01-29 03:00:00,31.51341223716736
2025-01-29 03:30:00,49.851524233818054
2025-01-29 04:00:00,25.072588488459587
2025-01-29 04:30:00,63.24657940864563
2025-01-29 05:00:00,31.574981033802032
2025-01-29 05:30:00,63.49980992078781
2025-01-29 06:00:00,52.883803367614746
2025-01-29 06:30:00,46.69158625602722
2025-01-29 07:00:00,72.57830792665482
2025-01-29 07:30:00,38.05480057001114
2025-01-29 08:00:00,35.21117091178894
2025-01-29 08:30:00,26.422483921051025
2025-01-29 09:00:00,75.37472462654114
2025-01-29 09:30:00,48.62323570251465
2025-01-29 10:00:00,36.609095960855484
2025-01-29 10:30:00,44.4893584549427
2025-01-29 11:00:00,25.17363005876541
2025-01-29 11:30:00,40.08249479532242
2025-01-29 12:00:00,19.30531980097294
2025-01-29 12:30:00,49.53329640626907
2025-01-29 13:00:00,13.415065288543701
2025-01-29 13:30:00,16.669057711958885
2025-01-29 14:00:00,39.5254587829113
2025-01-29 14:30:00,37.4395809173584
2025-01-29 15:00:00,39.01523679494858
2025-01-29 15:30:00,34.12113320827484
2025-01-29 16:00:00,50.87765446305275
2025-01-29 16:30:00,36.77667421102524
2025-01-29 17:00:00,32.91732996702194
2025-01-29 17:30:00,42.051626682281494
2025-01-29 18:00:00,30.763691157102585
2025-01-29 18:30:00,44.4684462249279
2025-01-29 19:00:00,61.37656235694885
2025-01-29 19:30:00,30.341867715120316
2025-01-29 20:00:00,43.063135117292404
2025-01-29 20:30:00,34.651368379592896
2025-01-29 21:00:00,25.131259232759476
2025-01-29 21:30:00,49.694011837244034
2025-01-29 22:00:00,41.0552864074707
2025-01-29 22:30:00,46.06112617254257
2025-01-29 23:00:00,48.496039390563965
2025-01-29 23:30:00,41.509215354919434
2025-01-30 00:00:00,47.92317321896553
2025-01-30 00:30:00,65.64628237485886
2025-01-30 01:00:00,37.49911457300186
2025-01-30 01:30:00,27.80664575099945
2025-01-30 02:00:00,34.4262598156929
2025-01-30 02:30:00,70.70194262266159
2025-01-30 03:00:00,66.14233064651489
2025-01-30 03:30:00,60.12412387132645
2025-01-30 04:00:00,39.40706792473793
2025-01-30 04:30:00,27.775176227092743
2025-01-30 05:00:00,9.115889929234982
2025-01-30 05:30:00,42.50675821304321
2025-01-30 06:00:00,29.63554948568344
2025-01-30 06:30:00,34.97283971309662
2025-01-30 07:00:00,43.00211846828461
2025-01-30 07:30:00,50.98191785812378
2025-01-30 08:00:00,49.76416927576065
2025-01-30 08:30:00,30.100209176540375
2025-01-30 09:00:00,25.978156849741936
2025-01-30 09:30:00,24.39999607205391
2025-01-30 10:00:00,56.59241420030594
2025-01-30 10:30:00,19.21726381778717
2025-01-30 11:00:00,21.72047133743763
2025-01-30 11:30:00,32.63726970553398
2025-01-30 12:00:00,54.95814394950867
2025-01-30 12:30:00,45.23120781779289
2025-01-30 13:00:00,52.141826808452606
2025-01-30 13:30:00,52.6132915019989
2025-01-30 14:00:00,25.994488567113876
2025-01-30 14:30:00,34.816327542066574
2025-01-30 15:00:00,58.40787559747696
2025-01-30 15:30:00,74.33083605766296
2025-01-30 16:00:00,77.45833319425583
2025-01-30 16:30:00,48.36666339635849
2025-01-30 17:00:00,42.86047959327698
2025-01-30 17:30:00,20.356494694948196
2025-01-30 18:00:00,48.0273412168026
2025-01-30 18:30:00,42.85341441631317
2025-01-30 19:00:00,32.41625455021858
2025-01-30 19:30:00,57.06302899122238
2025-01-30 20:00:00,56.61752390861511
2025-01-30 20:30:00,77.18747442960739
2025-01-30 21:00:00,34.08918669819832
2025-01-30 21:30:00,66.46766990423203
2025-01-30 22:00:00,59.45066565275192
2025-01-30 22:30:00,38.173905462026596
2025-01-30 23:00:00,48.29436385631561
2025-01-30 23:30:00,28.713084250688553
2025-01-31 00:00:00,37.90003156661987
2025-01-31 00:30:00,34.526389330625534
2025-01-31 01:00:00,50.23472335934639
2025-01-31 01:30:00,57.1647686958313
2025-01-31 02:00:00,47.954275608062744
2025-01-31 02:30:00,35.7510672211647
2025-01-31 03:00:00,34.20706009864807
2025-01-31 03:30:00,27.559185326099396
2025-01-31 04:00:00,31.95535582304001
2025-01-31 04:30:00,40.706074714660645
2025-01-31 05:00:00,59.45271813869476
2025-01-31 05:30:00,21.688867390155792
2025-01-31 06:00:00,24.301998540759087
2025-01-31 06:30:00,20.688124388456345
2025-01-31 07:00:00,47.28896373510361
2025-01-31 07:30:00,54.67751997709274
2025-01-31 08:00:00,37.05530062317848
2025-01-31 08:30:00,25.977737680077553
2025-01-31 09:00:00,36.06817051768303
2025-01-31 09:30:00,38.95096218585968
2025-01-31 10:00:00,60.00550752878189
2025-01-31 10:30:00,39.768597424030304
2025-01-31 11:00:00,19.241318374872208
2025-01-31 11:30:00,48.85586330294609
2025-01-31 12:00:00,65.10854262113571
2025-01-31 12:30:00,41.70521330833435
2025-01-31 13:00:00,54.27404171228409
2025-01-31 13:30:00,46.4971262216568
2025-01-31 14:00:00,68.86145824193954
2025-01-31 14:30:00,62.20773243904114
2025-01-31 15:00:00,59.106946527957916
2025-01-31 15:30:00,19.081805527210236
2025-01-31 16:00:00,47.96992653608322
2025-01-31 16:30:00,52.81443512439728
2025-01-31 17:00:00,29.97607135772705
2025-01-31 17:30:00,63.31258273124695
2025-01-31 18:00:00,46.59910586476326
2025-01-31 18:30:00,73.71296840906143
2025-01-31 19:00:00,44.52449932694435
2025-01-31 19:30:00,42.60767114162445
2025-01-31 20:00:00,52.65520268678665
2025-01-31 20:30:00,57.84013485908508
2025-01-31 21:00:00,25.236003950238228
2025-01-31 21:30:00,24.13005369901657
2025-01-31 22:00:00,57.29342198371887
2025-01-31 22:30:00,63.941042363643646
2025-01-31 23:00:00,65.96112215518951
2025-01-31 23:30:00,58.97924721240997
2025-02-01 00:00:00,23.692507058382034
2025-02-01 00:30:00,27.304625034332275
2025-02-01 01:00:00,26.359426349401474
2025-02-01 01:30:00,56.88981074094772
2025-02-01 02:00:00,49.68684548139572
2025-02-01 02:30:00,55.14679342508316
2025-02-01 03:00:00,42.330608665943146
2025-02-01 03:30:00,68.44403463602066
2025-02-01 04:00:00,60.8617005944252
2025-02-01 04:30:00,68.40587574243546
2025-02-01 05:00:00,36.215073585510254
2025-02-01 05:30:00,12.96093687415123
2025-02-01 06:00:00,20.611679404973984
2025-02-01 06:30:00,36.21873915195465
2025-02-01 07:00:00,21.136641710996628
2025-02-01 07:30:00,24.59490129351616
2025-02-01 08:00:00,39.01635554432869
2025-02-01 08:30:00,37.514670103788376
2025-02-01 09:00:00,37.20294952392578
2025-02-01 09:30:00,52.20254570245743
2025-02-01 10:00:00,40.199315935373306
2025-02-01 10:30:00,37.3135467171669
2025-02-01 11:00:00,59.63648211956024
2025-02-01 11:30:00,82.31789720058441
2025-02-01 12:00:00,45.75948879122734
2025-02-01 12:30:00,55.79940301179886
2025-02-01 13:00:00,23.517239212989807
2025-02-01 13:30:00,44.49582523107529
2025-02-01 14:00:00,53.29474574327469
2025-02-01 14:30:00,36.93576788902283
2025-02-01 15:00:00,25.124199837446213
2025-02-01 15:30:00,44.41771224141121
2025-02-01 16:00:00,16.855917766690254
2025-02-01 16:30:00,21.631377547979355
2025-02-01 17:00:00,46.68518307805061
2025-02-01 17:30:00,53.13115972280502
2025-02-01 18:00:00,12.022943571209908
2025-02-01 18:30:00,46.48364919424057
2025-02-01 19:00:00,52.58890450000763
2025-02-01 19:30:00,8.480790793895721
2025-02-01 20:00:00,25.018086314201355
2025-02-01 20:30:00,43.836983025074005
2025-02-01 21:00:00,45.993399918079376
2025-02-01 21:30:00,24.88373376429081
2025-02-01 22:00:00,30.70872211456299
2025-02-01 22:30:00,34.034350633621216
2025-02-01 23:00:00,40.714643120765686
2025-02-01 23:30:00,17.075231671333313
2025-02-02 00:00:00,28.151084691286087
2025-02-02 00:30:00,27.513912111520767
2025-02-02 01:00:00,49.674362897872925
2025-02-02 01:30:00,52.95278424024582
2025-02-02 02:00:00,40.78502893447876
2025-02-02 02:30:00,25.361604526638985
2025-02-02 03:00:00,39.24282857775688
2025-02-02 03:30:00,50.02659550309181
2025-02-02 04:00:00,25.785834580659866
2025-02-02 04:30:00,49.110033333301544
2025-02-02 05:00:00,38.00783333182335
2025-02-02 05:30:00,32.06943067908287
2025-02-02 06:00:00,21.5575689971447
2025-02-02 06:30:00,42.2832396030426
2025-02-02 07:00:00,28.045381665229797
2025-02-02 07:30:00,18.33834597468376
2025-02-02 08:00:00,57.22758632898331
2025-02-02 08:30:00,41.04102885723114
2025-02-02 09:00:00,65.98961991071701
2025-02-02 09:30:00,30.187535226345062
2025-02-02 10:00:00,20.364765346050262
2025-02-02 10:30:00,48.332661509513855
2025-02-02 11:00:00,24.365563452243805
2025-02-02 11:30:00,64.08619648218155
2025-02-02 12:00:00,57.20149374008179
2025-02-02 12:30:00,47.7452689409256
2025-02-02 13:00:00,42.95673829317093
2025-02-02 13:30:00,28.43982031941414
2025-02-02 14:00:00,52.453480899333954
2025-02-02 14:30:00,56.942198276519775
2025-02-02 15:00:00,70.18742775917053
2025-02-02 15:30:00,63.71071296930313
2025-02-02 16:00:00,45.11503133177757
2025-02-02 16:30:00,40.837673753499985
2025-02-02 17:00:00,20.053066447377205
2025-02-02 17:30:00,26.350990921258926
2025-02-02 18:00:00,35.6335551738739
2025-02-02 18:30:00,54.37942385673523
2025-02-02 19:00:00,49.94666129350662
2025-02-02 19:30:00,23.507521703839302
2025-02-02 20:00:00,59.31884980201721
2025-02-02 20:30:00,44.69381785392761
2025-02-02 21:00:00,56.83172249794006
2025-02-02 21:30:00,31.245421171188354
2025-02-02 22:00:00,40.009374260902405
2025-02-02 22:30:00,33.225934237241745
2025-02-02 23:00:00,15.111704371869564
2025-02-02 23:30:00,9.632569298148155
2025-02-03 00:00:00,54.729618430137634
2025-02-03 00:30:00,52.17422139644623
2025-02-03 01:00:00,45.17723900079727
2025-02-03 01:30:00,37.92271587252617
2025-02-03 02:00:00,16.229249000549316
2025-02-03 02:30:00,51.289085388183594
2025-02-03 03:00:00,31.141409277915955
2025-02-03 03:30:00,33.72295671701431
2025-02-03 04:00:00,46.988979905843735
2025-02-03 04:30:00,73.26098209619522
2025-02-03 05:00:00,45.24888810515404
2025-02-03 05:30:00,61.39946925640106
2025-02-03 06:00:00,74.04576021432877
2025-02-03 06:30:00,56.80243265628815
2025-02-03 07:00:00,67.86093205213547
2025-02-03 07:30:00,48.23579862713814
2025-02-03 08:00:00,33.728215128183365
2025-02-03 08:30:00,28.822926938533783
2025-02-03 09:00:00,26.624448537826538
2025-02-03 09:30:00,48.839388489723206
2025-02-03 10:00:00,24.762479543685913
2025-02-03 10:30:00,19.317436695098877
2025-02-03 11:00:00,32.645786076784134
2025-02-03 11:30:00,9.867552921175957
2025-02-03 12:00:00,9.630822516977787
2025-02-03 12:30:00,37.87218135595322
2025-02-03 13:00:00,29.616377532482147
2025-02-03 13:30:00,33.21581345796585
2025-02-03 14:00:00,55.303054094314575
2025-02-03 14:30:00,65.4648888707161
2025-02-03 15:00:00,36.565800070762634
2025-02-03 15:30:00,37.91916882991791
2025-02-03 16:00:00,45.08825361728668
2025-02-03 16:30:00,77.51532870531082
2025-02-03 17:00:00,39.28412979841232
2025-02-03 17:30:00,59.58798563480377
2025-02-03 18:00:00,46.03007581830025
2025-02-03 18:30:00,46.12914729118347
2025-02-03 19:00:00,41.83639317750931
2025-02-03 19:30:00,82.38041418790817
2025-02-03 20:00:00,50.17909520864487
2025-02-03 20:30:00,32.07677337527275
2025-02-03 21:00:00,23.725080877542496
2025-02-03 21:30:00,53.63706570863724
2025-02-03 22:00:00,37.5089867413044
2025-02-03 22:30:00,86.08368855714798
2025-02-03 23:00:00,32.109390556812286
2025-02-03 23:30:00,19.390265256166458
2025-02-04 00:00:00,25.321987211704254
2025-02-04 00:30:00,23.819635435938835
2025-02-04 01:00:00,44.93829494714737
2025-02-04 01:30:00,36.0305637717247
2025-02-04 02:00:00,33.61764106154442
2025-02-04 02:30:00,56.20652949810028
2025-02-04 03:00:00,42.84671926498413
2025-02-04 03:30:00,50.05308413505554
2025-02-04 04:00:00,38.62282460927963
2025-02-04 04:30:00,22.572956919670105
2025-02-04 05:00:00,49.959054261446
2025-02-04 05:30:00,31.585653960704803
2025-02-04 06:00:00,12.272163063287735
2025-02-04 06:30:00,33.98638606071472
2025-02-04 07:00:00,37.91591954231262
2025-02-04 07:30:00,44.07433423399925
2025-02-04 08:00:00,27.188062623143196
2025-02-04 08:30:00,77.59552019834518
2025-02-04 09:00:00,64.29186713695526
2025-02-04 09:30:00,66.80480372905731
2025-02-04 10:00:00,41.625987350940704
2025-02-04 10:30:00,44.74756407737732
2025-02-04 11:00:00,42.60989707708359
2025-02-04 11:30:00,29.397727072238922
2025-02-04 12:00:00,35.62968724966049
2025-02-04 12:30:00,37.239905834198
2025-02-04 13:00:00,28.716223686933517
2025-02-04 13:30:00,57.18738651275635
2025-02-04 14:00:00,31.035342007875443
2025-02-04 14:30:00,42.64524897933006
2025-02-04 15:00:00,26.550424620509148
2025-02-04 15:30:00,51.3502639234066
2025-02-04 16:00:00,33.26714584231377
2025-02-04 16:30:00,30.97309097647667
2025-02-04 17:00:00,61.37022566795349
2025-02-04 17:30:00,60.14196026325226
2025-02-04 18:00:00,21.597632944583893
2025-02-04 18:30:00,29.078244626522064
2025-02-04 19:00:00,55.25178241729736
2025-02-04 19:30:00,44.01692822575569
2025-02-04 20:00:00,47.78830176591873
2025-02-04 20:30:00,30.465979516506195
2025-02-04 21:00:00,44.841221034526825
2025-02-04 21:30:00,22.17798924446106
2025-02-04 22:00:00,31.57359054684639
2025-02-04 22:30:00,38.48866719007492
2025-02-04 23:00:00,29.425372034311295
2025-02-04 23:30:00,26.984278231859207
2025-02-05 00:00:00,26.84742945432663
2025-02-05 00:30:00,26.631197169423103
2025-02-05 01:00:00,46.8655561208725
2025-02-05 01:30:00,11.365723118185997
2025-02-05 02:00:00,38.20142900943756
2025-02-05 02:30:00,34.93435126543045
2025-02-05 03:00:00,36.94842103123665
2025-02-05 03:30:00,13.25214271247387
2025-02-05 04:00:00,20.71727691590786
2025-02-05 04:30:00,35.38171514868736
2025-02-05 05:00:00,51.63732576370239
2025-02-05 05:30:00,29.710491240024567
2025-02-05 06:00:00,19.806662619113922
2025-02-05 06:30:00,80.21571797132492
2025-02-05 07:00:00,55.1414338350296
2025-02-05 07:30:00,37.00616815686226
2025-02-05 08:00:00,59.254182040691376
2025-02-05 08:30:00,48.56088638305664
2025-02-05 09:00:00,38.57898813486099
2025-02-05 09:30:00,23.93278956413269
2025-02-05 10:00:00,32.228371143341064
2025-02-05 10:30:00,37.26253521442413
2025-02-05 11:00:00,13.440981537103653
2025-02-05 11:30:00,54.89786446094513
2025-02-05 12:00:00,63.026165544986725
2025-02-05 12:30:00,23.028555318713188
2025-02-05 13:00:00,17.0607703179121
2025-02-05 13:30:00,60.17382872104645
2025-02-05 14:00:00,43.263027012348175
2025-02-05 14:30:00,25.75438529253006
2025-02-05 15:00:00,28.26768323779106
2025-02-05 15:30:00,43.21529370546341
2025-02-05 16:00:00,39.694713711738586
2025-02-05 16:30:00,66.61143064498901
2025-02-05 17:00:00,46.663195461034775
2025-02-05 17:30:00,51.5145697593689
2025-02-05 18:00:00,47.83212956786156
2025-02-05 18:30:00,53.17198395729065
2025-02-05 19:00:00,10.97963172197342
2025-02-05 19:30:00,39.36445716023445
2025-02-05 20:00:00,55.63862109184265
2025-02-05 20:30:00,42.72809714078903
2025-02-05 21:00:00,40.6034417450428
2025-02-05 21:30:00,47.47331166267395
2025-02-05 22:00:00,37.770701825618744
2025-02-05 22:30:00,63.52990919351578
2025-02-05 23:00:00,62.11913442611694
2025-02-05 23:30:00,45.87374287843704
2025-02-06 00:00:00,53.227597653865814
2025-02-06 00:30:00,44.01091241836548
2025-02-06 01:00:00,46.71174398064613
2025-02-06 01:30:00,15.879629701375961
2025-02-06 02:00:00,63.22729182243347
2025-02-06 02:30:00,37.16006991267204
2025-02-06 03:00:00,65.89476037025452
2025-02-06 03:30:00,35.77427765727043
2025-02-06 04:00:00,44.069226145744324
2025-02-06 04:30:00,31.514163851737976
2025-02-06 05:00:00,42.105922162532806
2025-02-06 05:30:00,44.2167044878006
2025-02-06 06:00:00,31.059069901704788
2025-02-06 06:30:00,64.31751453876495
2025-02-06 07:00:00,38.200879752635956
2025-02-06 07:30:00,37.785638719797134
2025-02-06 08:00:00,32.708103597164154
2025-02-06 08:30:00,21.9899829775095
2025-02-06 09:00:00,30.655091524124146
2025-02-06 09:30:00,21.857347577810287
2025-02-06 10:00:00,49.35577082633972
2025-02-06 10:30:00,39.456203281879425
2025-02-06 11:00:00,41.697717398405075
2025-02-06 11:30:00,47.942168831825256
2025-02-06 12:00:00,47.1254124045372
2025-02-06 12:30:00,82.43965297937393
2025-02-06 13:00:00,46.66608339548111
2025-02-06 13:30:00,19.701988726854324
2025-02-06 14:00:00,43.90037304162979
2025-02-06 14:30:00,30.83364912867546
2025-02-06 15:00:00,36.08477541804314
2025-02-06 15:30:00,44.91724106669426
2025-02-06 16:00:00,36.98385098576546
2025-02-06 16:30:00,42.208332538604736
2025-02-06 17:00:00,46.8842077255249
2025-02-06 17:30:00,87.08593189716339
2025-02-06 18:00:00,56.717384576797485
2025-02-06 18:30:00,40.11254781484604
2025-02-06 19:00:00,33.87105369567871
2025-02-06 19:30:00,38.58776757121086
2025-02-06 20:00:00,40.2101594209671
2025-02-06 20:30:00,34.365714371204376
2025-02-06 21:00:00,34.18726083636284
2025-02-06 21:30:00,26.095129758119583
2025-02-06 22:00:00,11.561448611319065
2025-02-06 22:30:00,31.719071328639984
2025-02-06 23:00:00,30.90350592136383
2025-02-06 23:30:00,40.431920409202576
2025-02-07 00:00:00,49.40700203180313
2025-02-07 00:30:00,18.068241715431213
2025-02-07 01:00:00,49.333031594753265
2025-02-07 01:30:00,25.182249054312706
2025-02-07 02:00:00,27.697201997041702
2025-02-07 02:30:00,21.423015534877777
2025-02-07 03:00:00,67.9850178360939
2025-02-07 03:30:00,40.87684154510498
2025-02-07 04:00:00,12.609723284840584
2025-02-07 04:30:00,51.91852790117264
2025-02-07 05:00:00,38.83734118938446
2025-02-07 05:30:00,27.49334967136383
2025-02-07 06:00:00,26.85720044374466
2025-02-07 06:30:00,25.890074849128723
2025-02-07 07:00:00,17.39569988846779
2025-02-07 07:30:00,52.489113211631775
2025-02-07 08:00:00,31.18453460931778
2025-02-07 08:30:00,51.731769025325775
2025-02-07 09:00:00,33.76761996746063
2025-02-07 09:30:00,31.816931545734406
2025-02-07 10:00:00,33.51131072640419
2025-02-07 10:30:00,30.606826305389404
2025-02-07 11:00:00,35.37466153502464
2025-02-07 11:30:00,18.582804277539253
2025-02-07 12:00:00,27.74035334587097
2025-02-07 12:30:00,49.71514666080475
2025-02-07 13:00:00,52.75534665584564
2025-02-07 13:30:00,39.19650310277939
2025-02-07 14:00:00,69.06853383779526
2025-02-07 14:30:00,47.14665997028351
2025-02-07 15:00:00,58.102581322193146
2025-02-07 15:30:00,40.01021549105644
2025-02-07 16:00:00,23.197933107614517
2025-02-07 16:30:00,31.92361456155777
2025-02-07 17:00:00,5.116588547825813
2025-02-07 17:30:00,48.74082291126251
2025-02-07 18:00:00,46.746780782938
2025-02-07 18:30:00,32.49051406979561
2025-02-07 19:00:00,27.69302475452423
2025-02-07 19:30:00,35.80470070242882
2025-02-07 20:00:00,32.19832390546799
2025-02-07 20:30:00,70.53330343961716
2025-02-07 21:00:00,21.21070320904255
2025-02-07 21:30:00,21.701014637947083
2025-02-07 22:00:00,33.318987011909485
2025-02-07 22:30:00,31.877482771873474
2025-02-07 23:00:00,48.636076748371124
2025-02-07 23:30:00,99.82792073488234
2025-02-08 00:00:00,38.29651692509651
2025-02-08 00:30:00,18.128956273198128
2025-02-08 01:00:00,29.774997115135193
2025-02-08 01:30:00,47.958198457956314
2025-02-08 02:00:00,24.738922208547592
2025-02-08 02:30:00,42.944874346256256
2025-02-08 03:00:00,34.54695177078247
2025-02-08 03:30:00,39.277836471796036
2025-02-08 04:00:00,59.23259913921356
2025-02-08 04:30:00,46.463344037532806
2025-02-08 05:00:00,67.81980139017105
2025-02-08 05:30:00,62.89819449186325
2025-02-08 06:00:00,47.93422484397888
2025-02-08 06:30:00,24.592308223247528
2025-02-08 07:00:00,36.13955944776535
2025-02-08 07:30:00,56.92212438583374
2025-02-08 08:00:00,36.4324896633625
2025-02-08 08:30:00,18.535835593938828
2025-02-08 09:00:00,45.441324561834335
2025-02-08 09:30:00,68.75142765045166
2025-02-08 10:00:00,58.26567590236664
2025-02-08 10:30:00,35.97492116689682
2025-02-08 11:00:00,17.699674502015114
2025-02-08 11:30:00,60.89729243516922
2025-02-08 12:00:00,49.26258796453476
2025-02-08 12:30:00,41.387231200933456
2025-02-08 13:00:00,14.022520184516907
2025-02-08 13:30:00,35.284670144319534
2025-02-08 14:00:00,55.59468054771423
2025-02-08 14:30:00,51.91107535362244
2025-02-08 15:00:00,52.362587571144104
2025-02-08 15:30:00,51.04131853580475
2025-02-08 16:00:00,28.984055757522583
2025-02-08 16:30:00,18.877807214856148
2025-02-08 17:00:00,56.072094559669495
2025-02-08 17:30:00,29.022113472223282
2025-02-08 18:00:00,31.560602068901062
2025-02-08 18:30:00,33.23607525229454
2025-02-08 19:00:00,24.539348304271698
2025-02-08 19:30:00,49.740713119506836
2025-02-08 20:00:00,57.60831379890442
2025-02-08 20:30:00,32.69962191581726
2025-02-08 21:00:00,47.70590168237686
2025-02-08 21:30:00,27.865213871002197
2025-02-08 22:00:00,52.08598184585571
2025-02-08 22:30:00,17.885545894503593
2025-02-08 23:00:00,22.754065677523613
2025-02-08 23:30:00,53.98848021030426
2025-02-09 00:00:00,38.02043154835701
2025-02-09 00:30:00,48.19131749868393
2025-02-09 01:00:00,26.601550310850143
2025-02-09 01:30:00,61.09665530920029
2025-02-09 02:00:00,36.24819666147232
2025-02-09 02:30:00,24.86829675734043
2025-02-09 03:00:00,58.00517785549164
2025-02-09 03:30:00,20.739802226424217
2025-02-09 04:00:00,25.510489255189896
2025-02-09 04:30:00,41.983446568250656
2025-02-09 05:00:00,28.123731702566147
2025-02-09 05:30:00,20.993785798549652
2025-02-09 06:00:00,18.990612998604774
2025-02-09 06:30:00,26.54426860809326
2025-02-09 07:00:00,31.21058961749077
2025-02-09 07:30:00,78.78151017427444
2025-02-09 08:00:00,53.94756346940994
2025-02-09 08:30:00,97.28257220983504
2025-02-09 09:00:00,47.4035849571228
2025-02-09 09:30:00,58.71759283542633
2025-02-09 10:00:00,65.31013143062592
2025-02-09 10:30:00,45.34671652317047
2025-02-09 11:00:00,63.33025145530701
2025-02-09 11:30:00,29.809033691883087
2025-02-09 12:00:00,63.80981624126434
2025-02-09 12:30:00,63.95416671037674
2025-02-09 13:00:00,38.531827211380005
2025-02-09 13:30:00,47.65855574607849
2025-02-09 14:00:00,58.22241759300232
2025-02-09 14:30:00,58.544738829135895
2025-02-09 15:00:00,59.15829336643219
2025-02-09 15:30:00,16.563781082630157
2025-02-09 16:00:00,29.603088408708572
2025-02-09 16:30:00,37.77302026748657
2025-02-09 17:00:00,35.03095108270645
2025-02-09 17:30:00,24.561174035072327
2025-02-09 18:00:00,18.63528287410736
2025-02-09 18:30:00,50.13150066137314
2025-02-09 19:00:00,23.46853169798851
2025-02-09 19:30:00,34.390835642814636
2025-02-09 20:00:00,68.51306754350662
2025-02-09 20:30:00,80.57995039224625
2025-02-09 21:00:00,63.49286037683487
2025-02-09 21:30:00,86.66210800409317
2025-02-09 22:00:00,60.46020543575287
2025-02-09 22:30:00,33.194479167461395
2025-02-09 23:00:00,43.827735275030136
2025-02-09 23:30:00,41.10593655705452
2025-02-10 00:00:00,51.67046618461609
2025-02-10 00:30:00,26.06404037773609
2025-02-10 01:00:00,20.699118196964264
2025-02-10 01:30:00,33.649934470653534
2025-02-10 02:00:00,61.983311891555786
2025-02-10 02:30:00,39.338783740997314
2025-02-10 03:00:00,26.834855809807777
2025-02-10 03:30:00,41.799590080976486
2025-02-10 04:00:00,30.83228176832199
2025-02-10 04:30:00,71.90861934423447
2025-02-10 05:00:00,43.63538843393326
2025-02-10 05:30:00,70.64124685525894
2025-02-10 06:00:00,36.97781205177307
2025-02-10 06:30:00,40.25993365049362
2025-02-10 07:00:00,-3.328302711248398
2025-02-10 07:30:00,24.200865909457207
2025-02-10 08:00:00,43.74250507354736
2025-02-10 08:30:00,39.76302969455719
2025-02-10 09:00:00,29.52618956565857
2025-02-10 09:30:00,84.08868378400803
2025-02-10 10:00:00,26.871550500392914
2025-02-10 10:30:00,18.61941224336624
2025-02-10 11:00:00,42.3363353908062
2025-02-10 11:30:00,66.64236825704575
2025-02-10 12:00:00,43.51678943634033
2025-02-10 12:30:00,55.42066442966461
2025-02-10 13:00:00,27.294579416513443
2025-02-10 13:30:00,30.654302328824997
2025-02-10 14:00:00,30.125547260046005
2025-02-10 14:30:00,40.03049752116203
2025-02-10 15:00:00,36.1743129491806
2025-02-10 15:30:00,53.76223266124725
2025-02-10 16:00:00,48.27958595752716
2025-02-10 16:30:00,67.77599382400513
2025-02-10 17:00:00,32.24723666906357
2025-02-10 17:30:00,48.77435648441315
2025-02-10 18:00:00,53.16044956445694
2025-02-10 18:30:00,46.9545704126358
2025-02-10 19:00:00,86.95526081323624
2025-02-10 19:30:00,62.61909109354019
2025-02-10 20:00:00,58.94085705280304
2025-02-10 20:30:00,37.99296581745148
2025-02-10 21:00:00,61.265751242637634
2025-02-10 21:30:00,72.17248809337616
2025-02-10 22:00:00,61.44188344478607
2025-02-10 22:30:00,49.48117771744728
2025-02-10 23:00:00,59.335610806941986
2025-02-10 23:30:00,14.988724328577518
2025-02-11 00:00:00,37.467055320739746
2025-02-11 00:30:00,54.56513047218323
2025-02-11 01:00:00,63.0419899225235
2025-02-11 01:30:00,76.94685369729996
2025-02-11 02:00:00,28.835611879825592
2025-02-11 02:30:00,61.48987114429474
2025-02-11 03:00:00,71.63159734010696
2025-02-11 03:30:00,88.39159625768661
2025-02-11 04:00:00,72.35844331979752
2025-02-11 04:30:00,40.60873484611511
2025-02-11 05:00:00,19.345471918582916
2025-02-11 05:30:00,29.85947859287262
2025-02-11 06:00:00,41.908620446920395
2025-02-11 06:30:00,31.373583018779755
2025-02-11 07:00:00,31.19293823838234
2025-02-11 07:30:00,67.56723576784134
2025-02-11 08:00:00,46.656034886837006
2025-02-11 08:30:00,53.199400544166565
2025-02-11 09:00:00,42.862546533346176
2025-02-11 09:30:00,55.25263810157776
2025-02-11 10:00:00,62.0842479467392
2025-02-11 10:30:00,41.942723512649536
2025-02-11 11:00:00,38.14783889055252
2025-02-11 11:30:00,52.49533426761627
2025-02-11 12:00:00,40.75006729364395
2025-02-11 12:30:00,31.169265270233154
2025-02-11 13:00:00,35.1008917093277
2025-02-11 13:30:00,42.276567578315735
2025-02-11 14:00:00,48.915128111839294
2025-02-11 14:30:00,11.729003734886646
2025-02-11 15:00:00,52.50668942928314
2025-02-11 15:30:00,26.477710247039795
2025-02-11 16:00:00,34.00381773710251
2025-02-11 16:30:00,24.047751903533936
2025-02-11 17:00:00,13.146743223071098
2025-02-11 17:30:00,28.397313624620438
2025-02-11 18:00:00,53.082287430763245
2025-02-11 18:30:00,67.01146304607391
2025-02-11 19:00:00,29.448912024497986
2025-02-11 19:30:00,25.63537435233593
2025-02-11 20:00:00,12.534269854426384
2025-02-11 20:30:00,23.67366899549961
2025-02-11 21:00:00,56.414778769016266
2025-02-11 21:30:00,31.557479977607727
2025-02-11 22:00:00,26.307184800505638
2025-02-11 22:30:00,41.14321953058243
2025-02-11 23:00:00,43.43706914782524
2025-02-11 23:30:00,30.716405928134918
2025-02-12 00:00:00,13.512572824954987
2025-02-12 00:30:00,64.9125446677208
2025-02-12 01:00:00,55.32183289527893
2025-02-12 01:30:00,62.41522431373596
2025-02-12 02:00:00,58.2202610373497
2025-02-12 02:30:00,20.80899268388748
2025-02-12 03:00:00,15.109734274446964
2025-02-12 03:30:00,19.60171900689602
2025-02-12 04:00:00,20.954891189932823
2025-02-12 04:30:00,18.73212841153145
2025-02-12 05:00:00,9.449443466961384
2025-02-12 05:30:00,16.255234628915787
2025-02-12 06:00:00,14.572164356708527
2025-02-12 06:30:00,2.7899815440177917
2025-02-12 07:00:00,6.943088561296463
2025-02-12 07:30:00,26.350568860769272
2025-02-12 08:00:00,25.882067263126373
2025-02-12 08:30:00,17.079486966133118
2025-02-12 09:00:00,17.838412433862686
2025-02-12 09:30:00,16.354892939329147
2025-02-12 10:00:00,28.096208155155182
2025-02-12 10:30:00,44.609029948711395
2025-02-12 11:00:00,39.021186113357544
2025-02-12 11:30:00,54.78786277770996
2025-02-12 12:00:00,30.782764822244644
2025-02-12 12:30:00,19.565891563892365
2025-02-12 13:00:00,23.500147208571434
2025-02-12 13:30:00,37.136662900447845
2025-02-12 14:00:00,54.39526557922363
2025-02-12 14:30:00,52.53074109554291
2025-02-12 15:00:00,53.11688482761383
2025-02-12 15:30:00,35.06259983778
2025-02-12 16:00:00,30.398461401462555
2025-02-12 16:30:00,56.92003720998764
2025-02-12 17:00:00,69.10379034280777
2025-02-12 17:30:00,56.768760323524475
2025-02-12 18:00:00,56.3463876247406
2025-02-12 18:30:00,69.36151319742203
2025-02-12 19:00:00,38.13651263713837
2025-02-12 19:30:00,18.44512438774109
2025-02-12 20:00:00,34.97734361886978
2025-02-12 20:30:00,14.736767947673798
2025-02-12 21:00:00,44.32831925153732
2025-02-12 21:30:00,37.11739555001259
2025-02-12 22:00:00,18.312166661024094
2025-02-12 22:30:00,55.59558826684952
2025-02-12 23:00:00,64.14174658060074
2025-02-12 23:30:00,38.82850682735443
2025-02-13 00:00:00,59.57767695188522
2025-02-13 00:30:00,27.392517685890198
2025-02-13 01:00:00,52.30194962024689
2025-02-13 01:30:00,48.13658261299133
2025-02-13 02:00:00,56.262715578079224
2025-02-13 02:30:00,65.1377746462822
2025-02-13 03:00:00,65.38414233922958
2025-02-13 03:30:00,82.38592410087585
2025-02-13 04:00:00,33.96952676773071
2025-02-13 04:30:00,25.865193516016006
2025-02-13 05:00:00,12.55229414999485
2025-02-13 05:30:00,45.89834380149841
2025-02-13 06:00:00,9.789688542485237
2025-02-13 06:30:00,51.50483924150467
2025-02-13 07:00:00,82.59721451997757
2025-02-13 07:30:00,24.137003242969513
2025-02-13 08:00:00,32.04082307219505
2025-02-13 08:30:00,22.89691436290741
2025-02-13 09:00:00,46.2045573592186
2025-02-13 09:30:00,44.93660381436348
2025-02-13 10:00:00,35.112853944301605
2025-02-13 10:30:00,36.2494715154171
2025-02-13 11:00:00,38.835424572229385
2025-02-13 11:30:00,27.026351302862167
2025-02-13 12:00:00,52.84445923566818
2025-02-13 12:30:00,43.4006042778492
2025-02-13 13:00:00,31.340315401554108
2025-02-13 13:30:00,45.986918687820435
2025-02-13 14:00:00,61.21575152873993
2025-02-13 14:30:00,53.82047122716904
2025-02-13 15:00:00,40.56510651111603
2025-02-13 15:30:00,60.65886873006821
2025-02-13 16:00:00,37.697662234306335
2025-02-13 16:30:00,40.49397486448288
2025-02-13 17:00:00,38.68055438995361
2025-02-13 17:30:00,38.4034109711647
2025-02-13 18:00:00,12.279313519597054
2025-02-13 18:30:00,56.67902332544327
2025-02-13 19:00:00,75.75576430559158
2025-02-13 19:30:00,51.7737438082695
2025-02-13 20:00:00,72.40227979421616
2025-02-13 20:30:00,68.45625704526901
2025-02-13 21:00:00,42.358805775642395
2025-02-13 21:30:00,51.117503345012665
2025-02-13 22:00:00,23.243041545152664
2025-02-13 22:30:00,37.25597304105759
2025-02-13 23:00:00,36.24207678437233
2025-02-13 23:30:00,43.302761405706406
2025-02-14 00:00:00,28.032581090927124
2025-02-14 00:30:00,18.877071499824524
2025-02-14 01:00:00,35.946012914180756
2025-02-14 01:30:00,56.85313194990158
2025-02-14 02:00:00,49.73375779390335
2025-02-14 02:30:00,29.774355351924896
2025-02-14 03:00:00,18.354135662317276
2025-02-14 03:30:00,60.39052498340607
2025-02-14 04:00:00,46.36604753136635
2025-02-14 04:30:00,5.511562004685402
2025-02-14 05:00:00,17.394968509674072
2025-02-14 05:30:00,19.569844767451286
2025-02-14 06:00:00,60.60357880592346
2025-02-14 06:30:00,21.653219178318977
2025-02-14 07:00:00,22.48654292523861
2025-02-14 07:30:00,49.14349463582039
2025-02-14 08:00:00,47.97478890419006
2025-02-14 08:30:00,24.027432292699814
2025-02-14 09:00:00,26.501812502741814
2025-02-14 09:30:00,48.531238079071045
2025-02-14 10:00:00,44.240218460559845
2025-02-14 10:30:00,31.47910103201866
2025-02-14 11:00:00,34.063053637742996
2025-02-14 11:30:00,41.43796229362488
2025-02-14 12:00:00,53.114786088466644
2025-02-14 12:30:00,43.602829068899155
2025-02-14 13:00:00,36.749046593904495
2025-02-14 13:30:00,31.561463534832
2025-02-14 14:00:00,40.06448206305504
2025-02-14 14:30:00,47.128783106803894
2025-02-14 15:00:00,60.04492104053497
2025-02-14 15:30:00,61.279950976371765
2025-02-14 16:00:00,63.56113010644913
2025-02-14 16:30:00,48.307794630527496
2025-02-14 17:00:00,24.153644278645515
2025-02-14 17:30:00,25.420723348855972
2025-02-14 18:00:00,28.218010187149048
2025-02-14 18:30:00,27.33499026298523
2025-02-14 19:00:00,2.0512022376060486
2025-02-14 19:30:00,21.112303853034973
2025-02-14 20:00:00,9.994244061410427
2025-02-14 20:30:00,22.296877324581146
2025-02-14 21:00:00,11.201003894209862
2025-02-14 21:30:00,44.39558586478233
2025-02-14 22:00:00,35.862838089466095
2025-02-14 22:30:00,36.52983242273331
2025-02-14 23:00:00,39.74312347173691
2025-02-14 23:30:00,39.80725932121277
2025-02-15 00:00:00,41.348953783512115
2025-02-15 00:30:00,81.1280335187912
2025-02-15 01:00:00,4.035863637924194
2025-02-15 01:30:00,23.690347611904144
2025-02-15 02:00:00,19.786600291728973
2025-02-15 02:30:00,53.93247336149216
2025-02-15 03:00:00,53.99436593055725
2025-02-15 03:30:00,21.43259283900261
2025-02-15 04:00:00,42.74862489104271
2025-02-15 04:30:00,43.682277619838715
2025-02-15 05:00:00,46.06907883286476
2025-02-15 05:30:00,51.318328976631165
2025-02-15 06:00:00,60.102436900138855
2025-02-15 06:30:00,34.551764994859695
2025-02-15 07:00:00,20.78503930568695
2025-02-15 07:30:00,13.563283681869507
2025-02-15 08:00:00,33.08567428588867
2025-02-15 08:30:00,20.139055490493774
2025-02-15 09:00:00,33.88528522849083
2025-02-15 09:30:00,69.34064722061157
2025-02-15 10:00:00,41.24462389945984
2025-02-15 10:30:00,41.16123515367508
2025-02-15 11:00:00,45.468657314777374
2025-02-15 11:30:00,23.617900639772415
2025-02-15 12:00:00,54.046036541461945
2025-02-15 12:30:00,59.45108771324158
2025-02-15 13:00:00,47.555214524269104
2025-02-15 13:30:00,37.75412005186081
2025-02-15 14:00:00,41.879235208034515
2025-02-15 14:30:00,81.14854681491852
2025-02-15 15:00:00,39.176556408405304
2025-02-15 15:30:00,46.871956408023834
2025-02-15 16:00:00,37.330128490924835
2025-02-15 16:30:00,41.063927084207535
2025-02-15 17:00:00,37.21716660261154
2025-02-15 17:30:00,34.07655090093613
2025-02-15 18:00:00,19.818344444036484
2025-02-15 18:30:00,70.2494243979454
2025-02-15 19:00:00,34.27243322134018
2025-02-15 19:30:00,51.269236981868744
2025-02-15 20:00:00,64.0594043135643
2025-02-15 20:30:00,28.226720243692398
2025-02-15 21:00:00,57.79929327964783
2025-02-15 21:30:00,72.02013581991196
2025-02-15 22:00:00,76.48651868104935
2025-02-15 22:30:00,38.97453686594963
2025-02-15 23:00:00,38.283927381038666
2025-02-15 23:30:00,42.426052153110504
2025-02-16 00:00:00,37.99890646338463
2025-02-16 00:30:00,37.25750806927681
2025-02-16 01:00:00,35.70542976260185
2025-02-16 01:30:00,46.651947259902954
2025-02-16 02:00:00,42.996588319540024
2025-02-16 02:30:00,46.82179769873619
2025-02-16 03:00:00,43.34625098109245
2025-02-16 03:30:00,49.63375547528267
2025-02-16 04:00:00,46.346392810344696
2025-02-16 04:30:00,20.26098182797432
2025-02-16 05:00:00,29.600197583436966
2025-02-16 05:30:00,36.88079595565796
2025-02-16 06:00:00,52.447473764419556
2025-02-16 06:30:00,46.671367824077606
2025-02-16 07:00:00,66.16425466537476
2025-02-16 07:30:00,41.70358866453171
2025-02-16 08:00:00,37.418252408504486
2025-02-16 08:30:00,41.035729974508286
2025-02-16 09:00:00,65.72293549776077
2025-02-16 09:30:00,38.162654370069504
2025-02-16 10:00:00,41.237743735313416
2025-02-16 10:30:00,45.07033917307854
2025-02-16 11:00:00,53.9880176782608
2025-02-16 11:30:00,27.21987760066986
2025-02-16 12:00:00,29.02680817246437
2025-02-16 12:30:00,0.7764162272214891
2025-02-16 13:00:00,-0.9117924869060515
2025-02-16 13:30:00,32.357992857694626
2025-02-16 14:00:00,38.14884489774704
2025-02-16 14:30:00,54.62936460971832
2025-02-16 15:00:00,46.67324686050415
2025-02-16 15:30:00,74.95939975976944
2025-02-16 16:00:00,57.658278822898865
2025-02-16 16:30:00,28.234470546245575
2025-02-16 17:00:00,30.148919582366943
2025-02-16 17:30:00,28.413609206676483
2025-02-16 18:00:00,35.75856024026871
2025-02-16 18:30:00,31.606444776058197
2025-02-16 19:00:00,33.4394708275795
2025-02-16 19:30:00,52.630376279354095
2025-02-16 20:00:00,42.36489963531494
2025-02-16 20:30:00,24.832749724388123
2025-02-16 21:00:00,49.84568476676941
2025-02-16 21:30:00,64.1826691031456
2025-02-16 22:00:00,53.77860629558563
2025-02-16 22:30:00,25.778471648693085
2025-02-16 23:00:00,56.265670001506805
2025-02-16 23:30:00,63.167804419994354
2025-02-17 00:00:00,45.51023894548416
2025-02-17 00:30:00,39.449363589286804
2025-02-17 01:00:00,33.0775973200798
2025-02-17 01:30:00,24.31275963783264
2025-02-17 02:00:00,28.05269256234169
2025-02-17 02:30:00,37.41768291592598
2025-02-17 03:00:00,49.703586250543594
2025-02-17 03:30:00,38.20687532424927
2025-02-17 04:00:00,17.987026870250702
2025-02-17 04:30:00,41.07895937561989
2025-02-17 05:00:00,34.50148198008537
2025-02-17 05:30:00,61.129512429237366
2025-02-17 06:00:00,30.69479411840439
2025-02-17 06:30:00,31.419344782829285
2025-02-17 07:00:00,29.734097719192505
2025-02-17 07:30:00,46.37071621417999
2025-02-17 08:00:00,16.571538612246513
2025-02-17 08:30:00,77.07996463775635
2025-02-17 09:00:00,47.336627662181854
2025-02-17 09:30:00,37.2986618578434
2025-02-17 10:00:00,28.667993158102036
2025-02-17 10:30:00,45.95610827207565
2025-02-17 11:00:00,54.63005840778351
2025-02-17 11:30:00,74.09512972831726
2025-02-17 12:00:00,33.72944951057434
2025-02-17 12:30:00,69.3026791214943
2025-02-17 13:00:00,41.11516696214676
2025-02-17 13:30:00,35.091314405202866
2025-02-17 14:00:00,32.54072481393814
2025-02-17 14:30:00,35.10899180173874
2025-02-17 15:00:00,41.63030046224594
2025-02-17 15:30:00,52.784919798374176
2025-02-17 16:00:00,45.21581995487213
2025-02-17 16:30:00,54.58223259449005
2025-02-17 17:00:00,53.99421560764313
2025-02-17 17:30:00,45.636625826358795
2025-02-17 18:00:00,32.53481885790825
2025-02-17 18:30:00,32.29671025276184
2025-02-17 19:00:00,65.30358082056046
2025-02-17 19:30:00,30.043771594762802
2025-02-17 20:00:00,34.43655404448509
2025-02-17 20:30:00,53.244046449661255
2025-02-17 21:00:00,56.00366294384003
2025-02-17 21:30:00,43.428584575653076
2025-02-17 22:00:00,20.125734567642212
2025-02-17 22:30:00,17.099523276090622
2025-02-17 23:00:00,19.24540600180626
2025-02-17 23:30:00,37.99131804704666
2025-02-18 00:00:00,24.606541201472282
2025-02-18 00:30:00,44.241623401641846
2025-02-18 01:00:00,40.49864065647125
2025-02-18 01:30:00,35.75611171126366
2025-02-18 02:00:00,79.99996411800385
2025-02-18 02:30:00,38.54072806239128
2025-02-18 03:00:00,29.409894555807114
2025-02-18 03:30:00,50.78015559911728
2025-02-18 04:00:00,44.035900712013245
2025-02-18 04:30:00,21.65807431936264
2025-02-18 05:00:00,41.85852533578873
2025-02-18 05:30:00,55.3700345158577
2025-02-18 06:00:00,51.321948289871216
2025-02-18 06:30:00,35.77118158340454
2025-02-18 07:00:00,31.759135276079178
2025-02-18 07:30:00,41.669031739234924
2025-02-18 08:00:00,48.957253217697144
2025-02-18 08:30:00,56.25401419401169
2025-02-18 09:00:00,58.23266267776489
2025-02-18 09:30:00,27.329419642686844
2025-02-18 10:00:00,45.376451551914215
2025-02-18 10:30:00,37.34312564134598
2025-02-18 11:00:00,59.39713913202286
2025-02-18 11:30:00,16.95242941379547
2025-02-18 12:00:00,24.422226518392563
2025-02-18 12:30:00,19.287126392126083
2025-02-18 13:00:00,50.88914838433266
2025-02-18 13:30:00,33.041071742773056
2025-02-18 14:00:00,50.652401357889175
2025-02-18 14:30:00,57.2086398601532
2025-02-18 15:00:00,17.306118994951248
2025-02-18 15:30:00,3.2774932086467743
2025-02-18 16:00:00,54.840198278427124
2025-02-18 16:30:00,27.515658169984818
2025-02-18 17:00:00,51.490202993154526
2025-02-18 17:30:00,36.99779632687569
2025-02-18 18:00:00,47.117575377225876
2025-02-18 18:30:00,64.76486974954605
2025-02-18 19:00:00,53.185328006744385
2025-02-18 19:30:00,40.02282816171646
2025-02-18 20:00:00,50.67492088675499
2025-02-18 20:30:00,34.66279870271683
2025-02-18 21:00:00,30.18893438577652
2025-02-18 21:30:00,41.14495691657066
2025-02-18 22:00:00,40.641435861587524
2025-02-18 22:30:00,71.9317575097084
2025-02-18 23:00:00,45.81082406640053
2025-02-18 23:30:00,24.601642698049545
2025-02-19 00:00:00,53.13491201400757
2025-02-19 00:30:00,50.60404074192047
2025-02-19 01:00:00,66.96093720197678
2025-02-19 01:30:00,41.416307121515274
2025-02-19 02:00:00,31.158112466335297
2025-02-19 02:30:00,15.18920522928238
2025-02-19 03:00:00,13.708418287336826
2025-02-19 03:30:00,46.120787024497986
2025-02-19 04:00:00,16.173135191202164
2025-02-19 04:30:00,14.798845529556274
2025-02-19 05:00:00,38.70867055654526
2025-02-19 05:30:00,56.980686724185944
2025-02-19 06:00:00,52.95422965288162
2025-02-19 06:30:00,45.97575432062149
2025-02-19 07:00:00,46.65298217535019
2025-02-19 07:30:00,14.20565541088581
2025-02-19 08:00:00,57.01148557662964
2025-02-19 08:30:00,40.98401889204979
2025-02-19 09:00:00,63.393051743507385
2025-02-19 09:30:00,56.714054346084595
2025-02-19 10:00:00,72.83621579408646
2025-02-19 10:30:00,47.206199407577515
2025-02-19 11:00:00,27.04647433757782
2025-02-19 11:30:00,72.16505867242813
2025-02-19 12:00:00,75.30326342582703
2025-02-19 12:30:00,45.75226750969887
2025-02-19 13:00:00,53.375914335250854
2025-02-19 13:30:00,54.82950222492218
2025-02-19 14:00:00,57.68501317501068
2025-02-19 14:30:00,70.53754717111588
2025-02-19 15:00:00,29.373314052820206
2025-02-19 15:30:00,19.168680608272552
2025-02-19 16:00:00,21.100480377674103
2025-02-19 16:30:00,15.312244534492493
2025-02-19 17:00:00,31.08263012766838
2025-02-19 17:30:00,38.41632428765297
2025-02-19 18:00:00,56.50183308124542
2025-02-19 18:30:00,32.580144107341766
2025-02-19 19:00:00,38.369547843933105
2025-02-19 19:30:00,54.76220381259918
2025-02-19 20:00:00,64.68616992235184
2025-02-19 20:30:00,42.54150304198265
2025-02-19 21:00:00,43.257968068122864
2025-02-19 21:30:00,74.86676037311554
2025-02-19 22:00:00,16.297489821910858
2025-02-19 22:30:00,35.92226767539978
2025-02-19 23:00:00,6.930396392941475
2025-02-19 23:30:00,34.31659346818924
2025-02-20 00:00:00,43.85117119550705
2025-02-20 00:30:00,51.21112561225891
2025-02-20 01:00:00,51.58070605993271
2025-02-20 01:30:00,29.96327656507492
2025-02-20 02:00:00,31.36022162437439
2025-02-20 02:30:00,65.31941097974777
2025-02-20 03:00:00,42.71556830406189
2025-02-20 03:30:00,43.490234315395355
2025-02-20 04:00:00,30.184858322143555
2025-02-20 04:30:00,37.61298418045044
2025-02-20 05:00:00,33.64380592107773
2025-02-20 05:30:00,42.2151375412941
2025-02-20 06:00:00,27.793972373008728
2025-02-20 06:30:00,20.247293770313263
2025-02-20 07:00:00,70.98417967557907
2025-02-20 07:30:00,41.93431121110916
2025-02-20 08:00:00,34.8545760512352
2025-02-20 08:30:00,29.967693746089935
2025-02-20 09:00:00,54.649270832538605
2025-02-20 09:30:00,34.28060847520828
2025-02-20 10:00:00,24.341792196035385
2025-02-20 10:30:00,47.9962475001812
2025-02-20 11:00:00,62.22276473045349
2025-02-20 11:30:00,43.92706114053726
2025-02-20 12:00:00,26.476329877972603
2025-02-20 12:30:00,27.349519550800323
2025-02-20 13:00:00,28.07755944132805
2025-02-20 13:30:00,39.274092853069305
2025-02-20 14:00:00,26.396700650453568
2025-02-20 14:30:00,23.27324488759041
2025-02-20 15:00:00,47.23271983861923
2025-02-20 15:30:00,65.52771228551865
2025-02-20 16:00:00,47.35605978965759
2025-02-20 16:30:00,38.906183302402496
2025-02-20 17:00:00,52.79192137718201
2025-02-20 17:30:00,44.29837319254875
2025-02-20 18:00:00,76.38686615228653
2025-02-20 18:30:00,44.93682351708412
2025-02-20 19:00:00,17.484641909599304
2025-02-20 19:30:00,18.342712566256523
2025-02-20 20:00:00,73.72183746099472
2025-02-20 20:30:00,46.75069785118103
2025-02-20 21:00:00,80.85970133543015
2025-02-20 21:30:00,36.80496093630791
2025-02-20 22:00:00,31.564814001321793
2025-02-20 22:30:00,46.58312249183655
2025-02-20 23:00:00,32.13158631324768
2025-02-20 23:30:00,30.780483961105347
2025-02-21 00:00:00,45.68440827727318
2025-02-21 00:30:00,63.9723037481308
2025-02-21 01:00:00,76.11637741327286
2025-02-21 01:30:00,81.35287034511566
2025-02-21 02:00:00,57.62302231788635
2025-02-21 02:30:00,51.011927515268326
2025-02-21 03:00:00,74.99848371744156
2025-02-21 03:30:00,48.94463476538658
2025-02-21 04:00:00,34.528910130262375
2025-02-21 04:30:00,85.65472477674484
2025-02-21 05:00:00,52.912989139556885
2025-02-21 05:30:00,58.04518687725067
2025-02-21 06:00:00,22.807879835367203
2025-02-21 06:30:00,21.200786232948303
2025-02-21 07:00:00,35.10499957203865
2025-02-21 07:30:00,48.42943477630615
2025-02-21 08:00:00,54.53341233730316
2025-02-21 08:30:00,46.03669002652168
2025-02-21 09:00:00,58.72402203083038
2025-02-21 09:30:00,53.73010981082916
2025-02-21 10:00:00,16.57047189772129
2025-02-21 10:30:00,24.696392387151718
2025-02-21 11:00:00,46.426003247499466
2025-02-21 11:30:00,80.85225456953049
2025-02-21 12:00:00,29.79696160554886
2025-02-21 12:30:00,29.90290457010269
2025-02-21 13:00:00,48.085099905729294
2025-02-21 13:30:00,32.64052477478981
2025-02-21 14:00:00,31.032965749502182
2025-02-21 14:30:00,22.755969285964966
2025-02-21 15:00:00,44.79064893722534
2025-02-21 15:30:00,48.92825534939766
2025-02-21 16:00:00,53.74878454208374
2025-02-21 16:30:00,46.21908375620842
2025-02-21 17:00:00,72.08669418096542
2025-02-21 17:30:00,36.944853752851486
2025-02-21 18:00:00,42.35818135738373
2025-02-21 18:30:00,47.827212274074554
2025-02-21 19:00:00,41.29184553027153
2025-02-21 19:30:00,43.47185733914375
2025-02-21 20:00:00,25.34807401895523
2025-02-21 20:30:00,51.689372181892395
2025-02-21 21:00:00,42.72408467531204
2025-02-21 21:30:00,49.50327229499817
2025-02-21 22:00:00,60.016024351119995
2025-02-21 22:30:00,34.29376462101936
2025-02-21 23:00:00,41.32760214805603
2025-02-21 23:30:00,21.5176582634449
2025-02-22 00:00:00,63.123661518096924
2025-02-22 00:30:00,57.15001392364502
2025-02-22 01:00:00,47.68526408076286
2025-02-22 01:30:00,19.840981051325798
2025-02-22 02:00:00,29.733166873455048
2025-02-22 02:30:00,81.16522687673569
2025-02-22 03:00:00,56.86574172973633
2025-02-22 03:30:00,50.64875024557114
2025-02-22 04:00:00,86.1599543094635
2025-02-22 04:30:00,49.3391572535038
2025-02-22 05:00:00,25.677655562758446
2025-02-22 05:30:00,53.783220052719116
2025-02-22 06:00:00,58.06792610883713
2025-02-22 06:30:00,54.82542037963867
2025-02-22 07:00:00,77.22755283117294
2025-02-22 07:30:00,69.36850321292877
2025-02-22 08:00:00,61.377828538417816
2025-02-22 08:30:00,37.40005466341972
2025-02-22 09:00:00,82.979925096035
2025-02-22 09:30:00,83.04257506132126
2025-02-22 10:00:00,37.37030228972435
2025-02-22 10:30:00,72.34647530317307
2025-02-22 11:00:00,49.422595143318176
2025-02-22 11:30:00,32.107424795627594
2025-02-22 12:00:00,26.987640261650085
2025-02-22 12:30:00,27.592062681913376
2025-02-22 13:00:00,35.711248993873596
2025-02-22 13:30:00,63.9128857254982
2025-02-22 14:00:00,48.742915868759155
2025-02-22 14:30:00,28.487874507904053
2025-02-22 15:00:00,24.450956985354424
2025-02-22 15:30:00,46.17179563641548
2025-02-22 16:00:00,36.99859130382538
2025-02-22 16:30:00,43.679271161556244
2025-02-22 17:00:00,58.24843502044678
2025-02-22 17:30:00,56.10964059829712
2025-02-22 18:00:00,51.05582469701767
2025-02-22 18:30:00,56.156350553035736
2025-02-22 19:00:00,84.0765191912651
2025-02-22 19:30:00,81.84753102064133
2025-02-22 20:00:00,39.88499650359154
2025-02-22 20:30:00,33.072775423526764
2025-02-22 21:00:00,29.99136671423912
2025-02-22 21:30:00,46.03317767381668
2025-02-22 22:00:00,62.23399269580841
2025-02-22 22:30:00,39.9361207485199
2025-02-22 23:00:00,23.683645233511925
2025-02-22 23:30:00,34.34062200784683
2025-02-23 00:00:00,35.0022856593132
2025-02-23 00:30:00,37.062267512083054
2025-02-23 01:00:00,56.494964480400085
2025-02-23 01:30:00,57.44982719421387
2025-02-23 02:00:00,88.25174969434738
2025-02-23 02:30:00,30.096303671598434
2025-02-23 03:00:00,51.957392156124115
2025-02-23 03:30:00,56.46851921081543
2025-02-23 04:00:00,75.18511539697647
2025-02-23 04:30:00,36.023354053497314
2025-02-23 05:00:00,44.34542137384415
2025-02-23 05:30:00,21.62132614850998
2025-02-23 06:00:00,47.13012155890465
2025-02-23 06:30:00,69.06530767679214
2025-02-23 07:00:00,68.83052062988281
2025-02-23 07:30:00,91.42544221878052
2025-02-23 08:00:00,27.93262791633606
2025-02-23 08:30:00,4.8794845044612885
2025-02-23 09:00:00,29.491973757743835
2025-02-23 09:30:00,37.97476518154144
2025-02-23 10:00:00,29.55482029914856
2025-02-23 10:30:00,55.762163400650024
2025-02-23 11:00:00,64.53039491176605
2025-02-23 11:30:00,58.416449785232544
2025-02-23 12:00:00,36.3885982632637
2025-02-23 12:30:00,39.48512887954712
2025-02-23 13:00:00,25.167900443077087
2025-02-23 13:30:00,50.77535104751587
2025-02-23 14:00:00,43.03739231824875
2025-02-23 14:30:00,21.50552546977997
2025-02-23 15:00:00,38.269421219825745
2025-02-23 15:30:00,56.280638694763184
2025-02-23 16:00:00,56.14178657531738
2025-02-23 16:30:00,41.83416724205017
2025-02-23 17:00:00,61.96005231142044
2025-02-23 17:30:00,53.38282918930054
2025-02-23 18:00:00,43.5070184469223
2025-02-23 18:30:00,20.732054814696312
2025-02-23 19:00:00,23.455817848443985
2025-02-23 19:30:00,51.4635813832283
2025-02-23 20:00:00,30.22629541158676
2025-02-23 20:30:00,10.434628769755363
2025-02-23 21:00:00,45.37996968626976
2025-02-23 21:30:00,45.90901094675064
2025-02-23 22:00:00,74.71892935037613
2025-02-23 22:30:00,38.9294371008873
2025-02-23 23:00:00,43.99607092142105
2025-02-23 23:30:00,56.184420466423035
2025-02-24 00:00:00,13.532534696161747
2025-02-24 00:30:00,26.90378898382187
2025-02-24 01:00:00,38.54995846748352
2025-02-24 01:30:00,17.027489691972733
2025-02-24 02:00:00,23.96550214290619
2025-02-24 02:30:00,49.18902802467346
2025-02-24 03:00:00,34.9732386469841
2025-02-24 03:30:00,25.135167628526688
2025-02-24 04:00:00,58.60592603683472
2025-02-24 04:30:00,45.578647434711456
2025-02-24 05:00:00,50.84401971101761
2025-02-24 05:30:00,31.282666563987732
2025-02-24 06:00:00,46.76772481203079
2025-02-24 06:30:00,70.45353978872299
2025-02-24 07:00:00,46.701166450977325
2025-02-24 07:30:00,42.82575500011444
2025-02-24 08:00:00,52.739840269088745
2025-02-24 08:30:00,35.23877540230751
2025-02-24 09:00:00,60.19200623035431
2025-02-24 09:30:00,42.46138381958008
2025-02-24 10:00:00,23.453609257936478
2025-02-24 10:30:00,67.7087994813919
2025-02-24 11:00:00,54.76119780540466
2025-02-24 11:30:00,40.43642431497574
2025-02-24 12:00:00,33.78026443719864
2025-02-24 12:30:00,7.024403862655163
2025-02-24 13:00:00,35.62518912553787
2025-02-24 13:30:00,25.556024089455605
2025-02-24 14:00:00,2.11256867647171
2025-02-24 14:30:00,49.71467834711075
2025-02-24 15:00:00,43.126877814531326
2025-02-24 15:30:00,31.40196803212166
2025-02-24 16:00:00,42.33783861994743
2025-02-24 16:30:00,10.02362785488367
2025-02-24 17:00:00,47.634376883506775
2025-02-24 17:30:00,34.8606034219265
2025-02-24 18:00:00,43.905379951000214
2025-02-24 18:30:00,44.607211619615555
2025-02-24 19:00:00,56.36158758401871
2025-02-24 19:30:00,46.319794327020645
2025-02-24 20:00:00,25.073419600725174
2025-02-24 20:30:00,39.26767522096634
2025-02-24 21:00:00,47.11874616146088
2025-02-24 21:30:00,22.85359390079975
2025-02-24 22:00:00,34.97406542301178
2025-02-24 22:30:00,4.094324074685574
2025-02-24 23:00:00,26.47845897078514
2025-02-24 23:30:00,20.462972462177277
2025-02-25 00:00:00,25.916851118206978
2025-02-25 00:30:00,38.163900315761566
2025-02-25 01:00:00,30.008708775043488
2025-02-25 01:30:00,56.86622738838196
2025-02-25 02:00:00,34.12054926156998
2025-02-25 02:30:00,17.38270851969719
2025-02-25 03:00:00,48.68975359201431
2025-02-25 03:30:00,54.29853278398514
2025-02-25 04:00:00,41.25322699546814
2025-02-25 04:30:00,81.43757730722427
2025-02-25 05:00:00,21.784523352980614
2025-02-25 05:30:00,49.79229989647865
2025-02-25 06:00:00,41.36416241526604
2025-02-25 06:30:00,48.83160349726677
2025-02-25 07:00:00,12.103703111410141
2025-02-25 07:30:00,46.706023037433624
2025-02-25 08:00:00,39.15452542901039
2025-02-25 08:30:00,39.777148485183716
2025-02-25 09:00:00,67.67632395029068
2025-02-25 09:30:00,43.05996388196945
2025-02-25 10:00:00,55.41346627473831
2025-02-25 10:30:00,19.857276633381844
2025-02-25 11:00:00,5.681509286165237
2025-02-25 11:30:00,26.813985496759415
2025-02-25 12:00:00,55.67466390132904
2025-02-25 12:30:00,56.84771454334259
2025-02-25 13:00:00,27.117727398872375
2025-02-25 13:30:00,52.24147355556488
2025-02-25 14:00:00,43.95912039279938
2025-02-25 14:30:00,57.63163697719574
2025-02-25 15:00:00,61.43008887767792
2025-02-25 15:30:00,20.528128772974014
2025-02-25 16:00:00,43.55195343494415
2025-02-25 16:30:00,61.18895936012268
2025-02-25 17:00:00,25.574450209736824
2025-02-25 17:30:00,24.004555746912956
2025-02-25 18:00:00,33.13519990444183
2025-02-25 18:30:00,5.189517565071583
2025-02-25 19:00:00,34.188047140836716
2025-02-25 19:30:00,49.67072334885597
2025-02-25 20:00:00,29.886371940374374
2025-02-25 20:30:00,27.748800337314606
2025-02-25 21:00:00,17.463615491986275
2025-02-25 21:30:00,47.10194757580757
2025-02-25 22:00:00,60.261478543281555
2025-02-25 22:30:00,47.80900874733925
2025-02-25 23:00:00,34.95350009202957
2025-02-25 23:30:00,61.29433572292328
2025-02-26 00:00:00,46.817377626895905
2025-02-26 00:30:00,38.188622653484344
2025-02-26 01:00:00,39.309453427791595
2025-02-26 01:30:00,33.75836354494095
2025-02-26 02:00:00,29.719869077205658
2025-02-26 02:30:00,50.653641521930695
2025-02-26 03:00:00,38.83833563327789
2025-02-26 03:30:00,27.65946227312088
2025-02-26 04:00:00,40.06716185808182
2025-02-26 04:30:00,39.71832597255707
2025-02-26 05:00:00,53.93057119846344
2025-02-26 05:30:00,28.803911089897156
2025-02-26 06:00:00,53.940029978752136
2025-02-26 06:30:00,33.30744683742523
2025-02-26 07:00:00,18.617365539073944
2025-02-26 07:30:00,57.715736865997314
2025-02-26 08:00:00,42.2662473320961
2025-02-26 08:30:00,40.32685625553131
2025-02-26 09:00:00,57.80404579639435
2025-02-26 09:30:00,46.598631769418716
2025-02-26 10:00:00,49.83908212184906
2025-02-26 10:30:00,36.1998476088047
2025-02-26 11:00:00,63.94412398338318
2025-02-26 11:30:00,42.21814399957657
2025-02-26 12:00:00,76.1254546046257
2025-02-26 12:30:00,53.154899179935455
2025-02-26 13:00:00,81.72131758928299
2025-02-26 13:30:00,24.739894971251488
2025-02-26 14:00:00,23.056922987103462
2025-02-26 14:30:00,57.68204140663147
2025-02-26 15:00:00,42.32095330953598
2025-02-26 15:30:00,34.069170624017715
2025-02-26 16:00:00,26.609127163887024
2025-02-26 16:30:00,24.3645458817482
2025-02-26 17:00:00,63.1971116065979
2025-02-26 17:30:00,25.99392630159855
2025-02-26 18:00:00,78.54462438821793
2025-02-26 18:30:00,38.843145966529846
2025-02-26 19:00:00,36.51538407802582
2025-02-26 19:30:00,37.24255383014679
2025-02-26 20:00:00,46.477861762046814
2025-02-26 20:30:00,46.837211579084396
2025-02-26 21:00:00,33.50436985492706
2025-02-26 21:30:00,43.48512044548988
2025-02-26 22:00:00,38.54481279850006
2025-02-26 22:30:00,19.693009823560715
2025-02-26 23:00:00,15.912663161754608
2025-02-26 23:30:00,13.762138493359089
2025-02-27 00:00:00,37.750784039497375
2025-02-27 00:30:00,31.49630144238472
2025-02-27 01:00:00,41.226296067237854
2025-02-27 01:30:00,49.76002672314644
2025-02-27 02:00:00,51.62882673740387
2025-02-27 02:30:00,46.25177609920502
2025-02-27 03:00:00,26.396277144551277
2025-02-27 03:30:00,35.42548802495003
2025-02-27 04:00:00,52.61883610486984
2025-02-27 04:30:00,35.895443707704544
2025-02-27 05:00:00,26.263959735631943
2025-02-27 05:30:00,33.03030341863632
2025-02-27 06:00:00,24.841639012098312
2025-02-27 06:30:00,29.947469532489777
2025-02-27 07:00:00,44.90624725818634
2025-02-27 07:30:00,48.711654484272
2025-02-27 08:00:00,22.61919856071472
2025-02-27 08:30:00,3.7882333770394325
2025-02-27 09:00:00,17.08726617693901
2025-02-27 09:30:00,3.2140728384256363
2025-02-27 10:00:00,35.788697093725204
2025-02-27 10:30:00,19.99789071083069
2025-02-27 11:00:00,8.720732182264328
2025-02-27 11:30:00,19.267798334360123
2025-02-27 12:00:00,42.13998764753342
2025-02-27 12:30:00,24.421795785427094
2025-02-27 13:00:00,45.031576097011566
2025-02-27 13:30:00,37.13585925102234
2025-02-27 14:00:00,38.00940304994583
2025-02-27 14:30:00,34.95076537132263
2025-02-27 15:00:00,39.09634178876877
2025-02-27 15:30:00,53.96296000480652
2025-02-27 16:00:00,44.207465410232544
2025-02-27 16:30:00,63.06708228588104
2025-02-27 17:00:00,17.24562558531761
2025-02-27 17:30:00,36.64822617173195
2025-02-27 18:00:00,31.234982401132584
2025-02-27 18:30:00,30.16519781947136
2025-02-27 19:00:00,14.34364678710699
2025-02-27 19:30:00,21.637708455324173
2025-02-27 20:00:00,54.303996443748474
2025-02-27 20:30:00,18.386975437402725
2025-02-27 21:00:00,37.38737550377846
2025-02-27 21:30:00,31.795712888240814
2025-02-27 22:00:00,40.87129694223404
2025-02-27 22:30:00,52.92233228683472
2025-02-27 23:00:00,53.76216906309128
2025-02-27 23:30:00,43.55794033408165
2025-02-28 00:00:00,36.053063064813614
2025-02-28 00:30:00,60.03121852874756
2025-02-28 01:00:00,22.269735366106033
2025-02-28 01:30:00,36.57894465327263
2025-02-28 02:00:00,23.83710902929306
2025-02-28 02:30:00,13.81814606487751
2025-02-28 03:00:00,14.340126484632492
2025-02-28 03:30:00,14.258475124835968
2025-02-28 04:00:00,38.14056846499443
2025-02-28 04:30:00,21.4591566324234
2025-02-28 05:00:00,64.56631052494049
2025-02-28 05:30:00,52.76266622543335
2025-02-28 06:00:00,45.26719570159912
2025-02-28 06:30:00,28.049480855464935
2025-02-28 07:00:00,48.54087609052658
2025-02-28 07:30:00,25.0528152436018
2025-02-28 08:00:00,52.1586571931839
2025-02-28 08:30:00,33.88682892918587
2025-02-28 09:00:00,52.42946970462799
2025-02-28 09:30:00,23.478714630007744
2025-02-28 10:00:00,51.38918310403824
2025-02-28 10:30:00,51.621854066848755
2025-02-28 11:00:00,47.85709762573242
2025-02-28 11:30:00,55.33463925123215
2025-02-28 12:00:00,28.980101108551025
2025-02-28 12:30:00,21.054397732019424
2025-02-28 13:00:00,33.273962408304214
2025-02-28 13:30:00,43.20554584264755
2025-02-28 14:00:00,65.36833530664444
2025-02-28 14:30:00,43.07222098112106
2025-02-28 15:00:00,22.311519354581833
2025-02-28 15:30:00,17.177075445652008
2025-02-28 16:00:00,36.512048065662384
2025-02-28 16:30:00,47.318004965782166
2025-02-28 17:00:00,44.625137627124786
2025-02-28 17:30:00,57.69514840841293
2025-02-28 18:00:00,85.1384869813919
2025-02-28 18:30:00,51.39645063877106
2025-02-28 19:00:00,31.20375281572342
2025-02-28 19:30:00,18.80011050403118
2025-02-28 20:00:00,27.259108990430832
2025-02-28 20:30:00,34.26403248310089
2025-02-28 21:00:00,23.490947157144547
2025-02-28 21:30:00,34.09322518110275
2025-02-28 22:00:00,46.897204875946045
2025-02-28 22:30:00,58.86721616983414
2025-02-28 23:00:00,57.28766345977783
2025-02-28 23:30:00,33.56505984067917
2025-03-01 00:00:00,61.9679673910141
2025-03-01 00:30:00,69.0885152220726
2025-03-01 01:00:00,41.8300507068634
2025-03-01 01:30:00,37.137634217739105
2025-03-01 02:00:00,43.64769467711449
2025-03-01 02:30:00,25.07082797586918
2025-03-01 03:00:00,23.50333723425865
2025-03-01 03:30:00,15.280299469828606
2025-03-01 04:00:00,6.3537692576646805
2025-03-01 04:30:00,44.004968881607056
2025-03-01 05:00:00,34.652732849121094
2025-03-01 05:30:00,36.25217443704605
2025-03-01 06:00:00,56.468727350234985
2025-03-01 06:30:00,42.86168795824051
2025-03-01 07:00:00,37.08169096708298
2025-03-01 07:30:00,40.33012866973877
2025-03-01 08:00:00,32.92581743001938
2025-03-01 08:30:00,96.69530683755875
2025-03-01 09:00:00,42.970481276512146
2025-03-01 09:30:00,32.66132137179375
2025-03-01 10:00:00,58.74044191837311
2025-03-01 10:30:00,33.687278151512146
2025-03-01 11:00:00,41.51445063948631
2025-03-01 11:30:00,31.980592727661133
2025-03-01 12:00:00,16.078105092048645
2025-03-01 12:30:00,20.17262375354767
2025-03-01 13:00:00,41.11950609087944
2025-03-01 13:30:00,32.762812465429306
2025-03-01 14:00:00,48.40102952718735
2025-03-01 14:30:00,23.96059063076973
2025-03-01 15:00:00,71.91939055919647
2025-03-01 15:30:00,17.373648673295975
2025-03-01 16:00:00,48.292152374982834
2025-03-01 16:30:00,57.47575789690018
2025-03-01 17:00:00,50.3783597946167
2025-03-01 17:30:00,30.436380356550217
2025-03-01 18:00:00,47.28821501135826
2025-03-01 18:30:00,44.90502443909645
2025-03-01 19:00:00,45.18558192253113
2025-03-01 19:30:00,50.0771878361702
2025-03-01 20:00:00,28.983804255723953
2025-03-01 20:30:00,37.17095676064491
2025-03-01 21:00:00,37.74624544382095
2025-03-01 21:30:00,55.570316672325134
2025-03-01 22:00:00,39.9974727332592
2025-03-01 22:30:00,54.75735300779343
2025-03-01 23:00:00,13.58387503027916
2025-03-01 23:30:00,37.5263866186142
2025-03-02 00:00:00,44.43182235956192
2025-03-02 00:30:00,36.26811155676842
2025-03-02 01:00:00,59.98013764619827
2025-03-02 01:30:00,41.64831030368805
2025-03-02 02:00:00,57.228840947151184
2025-03-02 02:30:00,55.50722151994705
2025-03-02 03:00:00,22.581901133060455
2025-03-02 03:30:00,60.863938093185425
2025-03-02 04:00:00,67.82836401462555
2025-03-02 04:30:00,30.69443565607071
2025-03-02 05:00:00,33.08012679219246
2025-03-02 05:30:00,22.39346557855606
2025-03-02 06:00:00,43.15319299697876
2025-03-02 06:30:00,31.056129932403564
2025-03-02 07:00:00,55.236831068992615
2025-03-02 07:30:00,56.62829512357712
2025-03-02 08:00:00,33.46440130472183
2025-03-02 08:30:00,53.85728299617767
2025-03-02 09:00:00,42.82132336497307
2025-03-02 09:30:00,30.667701303958893
2025-03-02 10:00:00,7.835198685526848
2025-03-02 10:30:00,48.96097660064697
2025-03-02 11:00:00,27.55575680732727
2025-03-02 11:30:00,37.78662449121475
2025-03-02 12:00:00,21.918578147888184
2025-03-02 12:30:00,37.37261205911636
2025-03-02 13:00:00,30.221768379211426
2025-03-02 13:30:00,50.60377478599548
2025-03-02 14:00:00,42.71464902162552
2025-03-02 14:30:00,58.8494029045105
2025-03-02 15:00:00,53.33051681518555
2025-03-02 15:30:00,41.9228230714798
2025-03-02 16:00:00,67.4859110713005
2025-03-02 16:30:00,25.988227039575577
2025-03-02 17:00:00,40.303958028554916
2025-03-02 17:30:00,27.463487446308136
2025-03-02 18:00:00,33.170363903045654
2025-03-02 18:30:00,65.68811839818954
2025-03-02 19:00:00,72.23000395298004
2025-03-02 19:30:00,53.142087042331696
2025-03-02 20:00:00,22.987916097044945
2025-03-02 20:30:00,28.613715022802353
2025-03-02 21:00:00,33.89967864751816
2025-03-02 21:30:00,24.20166377723217
2025-03-02 22:00:00,17.799571305513382
2025-03-02 22:30:00,55.38218176364899
2025-03-02 23:00:00,26.8399797976017
2025-03-02 23:30:00,42.68449193239212
2025-03-03 00:00:00,12.693302102386951
2025-03-03 00:30:00,51.142838537693024
2025-03-03 01:00:00,52.02853536605835
2025-03-03 01:30:00,37.72545751929283
2025-03-03 02:00:00,40.91333532333374
2025-03-03 02:30:00,39.72892373800278
2025-03-03 03:00:00,43.84009066224098
2025-03-03 03:30:00,30.91952109336853
2025-03-03 04:00:00,60.02027386426926
2025-03-03 04:30:00,68.77454847097397
2025-03-03 05:00:00,61.21635282039642
2025-03-03 05:30:00,44.01827535033226
2025-03-03 06:00:00,25.435077741742134
2025-03-03 06:30:00,19.101977705955505
2025-03-03 07:00:00,24.152194529771805
2025-03-03 07:30:00,36.624015510082245
2025-03-03 08:00:00,37.61645606160164
2025-03-03 08:30:00,9.008401457220316
2025-03-03 09:00:00,15.739067658782005
2025-03-03 09:30:00,12.771178044378757
2025-03-03 10:00:00,66.98786813020706
2025-03-03 10:30:00,33.07440006732941
2025-03-03 11:00:00,63.02606725692749
2025-03-03 11:30:00,48.94002968072891
2025-03-03 12:00:00,29.2399805188179
2025-03-03 12:30:00,40.88502836227417
2025-03-03 13:00:00,29.351248383522034
2025-03-03 13:30:00,29.801939606666565
2025-03-03 14:00:00,49.839845299720764
2025-03-03 14:30:00,57.32658553123474
2025-03-03 15:00:00,46.15352562069893
2025-03-03 15:30:00,16.50049513578415
2025-03-03 16:00:00,40.63464820384979
2025-03-03 16:30:00,47.48254784941673
2025-03-03 17:00:00,28.13183468580246
2025-03-03 17:30:00,44.4936657845974
2025-03-03 18:00:00,38.88510340452194
2025-03-03 18:30:00,32.31914883852005
2025-03-03 19:00:00,13.833953820168972
2025-03-03 19:30:00,62.30041807889938
2025-03-03 20:00:00,68.18117189407349
2025-03-03 20:30:00,46.02690747380257
2025-03-03 21:00:00,67.92088776826859
2025-03-03 21:30:00,48.926032304763794
2025-03-03 22:00:00,48.79421645402908
2025-03-03 22:30:00,20.10428175330162
2025-03-03 23:00:00,29.181290984153748
2025-03-03 23:30:00,40.362078070640564
2025-03-04 00:00:00,26.67339165508747
2025-03-04 00:30:00,51.25560963153839
2025-03-04 01:00:00,25.64056771993637
2025-03-04 01:30:00,41.4803649187088
2025-03-04 02:00:00,28.93596687912941
2025-03-04 02:30:00,60.20377188920975
2025-03-04 03:00:00,50.244540601968765
2025-03-04 03:30:00,49.83501183986664
2025-03-04 04:00:00,45.5408094227314
2025-03-04 04:30:00,88.90520918369293
2025-03-04 05:00:00,54.22281050682068
2025-03-04 05:30:00,34.213133722543716
2025-03-04 06:00:00,46.26396381855011
2025-03-04 06:30:00,47.45246881246567
2025-03-04 07:00:00,48.8552620112896
2025-03-04 07:30:00,35.133188009262085
2025-03-04 08:00:00,57.21223604679108
2025-03-04 08:30:00,25.10978762805462
2025-03-04 09:00:00,46.63875064253807
2025-03-04 09:30:00,21.91920256614685
2025-03-04 10:00:00,22.016775146126747
2025-03-04 10:30:00,34.084194242954254
2025-03-04 11:00:00,28.285112023353577
2025-03-04 11:30:00,37.29737254977226
2025-03-04 12:00:00,23.651841819286346
2025-03-04 12:30:00,19.321397125720978
2025-03-04 13:00:00,51.94531428813934
2025-03-04 13:30:00,45.8212628364563
2025-03-04 14:00:00,35.56311732530594
2025-03-04 14:30:00,53.39443874359131
2025-03-04 15:00:00,50.77497524023056
2025-03-04 15:30:00,37.5904675424099
2025-03-04 16:00:00,62.14081561565399
2025-03-04 16:30:00,45.55297979712486
2025-03-04 17:00:00,31.157638370990753
2025-03-04 17:30:00,50.29486119747162
2025-03-04 18:00:00,23.001966953277588
2025-03-04 18:30:00,49.09654185175896
2025-03-04 19:00:00,33.15640410780907
2025-03-04 19:30:00,38.18735069036484
2025-03-04 20:00:00,36.128609001636505
2025-03-04 20:30:00,42.14040392637253
2025-03-04 21:00:00,44.06165796518326
2025-03-04 21:30:00,31.79190567135811
2025-03-04 22:00:00,56.998846888542175
2025-03-04 22:30:00,50.699923634529114
2025-03-04 23:00:00,46.88172161579132
2025-03-04 23:30:00,8.793180599808693
2025-03-05 00:00:00,53.22179865837097
2025-03-05 00:30:00,40.336274564266205
2025-03-05 01:00:00,33.540956139564514
2025-03-05 01:30:00,44.497981786727905
2025-03-05 02:00:00,34.948845863342285
2025-03-05 02:30:00,38.13672077655792
2025-03-05 03:00:00,58.14767241477966
2025-03-05 03:30:00,46.00871551036835
2025-03-05 04:00:00,58.194318771362305
2025-03-05 04:30:00,49.7841911315918
2025-03-05 05:00:00,57.068631410598755
2025-03-05 05:30:00,29.29919907450676
2025-03-05 06:00:00,33.90377205610275
2025-03-05 06:30:00,37.003352493047714
2025-03-05 07:00:00,27.166695088148117
2025-03-05 07:30:00,34.42378816008568
2025-03-05 08:00:00,18.35039059817791
2025-03-05 08:30:00,11.850922122597694
2025-03-05 09:00:00,43.23462176322937
2025-03-05 09:30:00,27.098844528198242
2025-03-05 10:00:00,43.57641559839249
2025-03-05 10:30:00,44.7500097155571
2025-03-05 11:00:00,34.30559676885605
2025-03-05 11:30:00,35.85113024711609
2025-03-05 12:00:00,33.96203374862671
2025-03-05 12:30:00,51.27393168210983
2025-03-05 13:00:00,56.25563305616379
2025-03-05 13:30:00,44.0657976269722
2025-03-05 14:00:00,65.43864017724991
2025-03-05 14:30:00,48.2291439473629
2025-03-05 15:00:00,48.66162008047104
2025-03-05 15:30:00,18.207874357700348
2025-03-05 16:00:00,57.946973979473114
2025-03-05 16:30:00,38.170554995536804
2025-03-05 17:00:00,42.03765243291855
2025-03-05 17:30:00,43.832664132118225
2025-03-05 18:00:00,42.832184195518494
2025-03-05 18:30:00,46.325229078531265
2025-03-05 19:00:00,39.26487401127815
2025-03-05 19:30:00,17.112540662288666
2025-03-05 20:00:00,54.62774574756622
2025-03-05 20:30:00,26.212303578853607
2025-03-05 21:00:00,28.5155830681324
2025-03-05 21:30:00,26.414620876312256
2025-03-05 22:00:00,55.02057999372482
2025-03-05 22:30:00,53.68889820575714
2025-03-05 23:00:00,30.33305937051773
2025-03-05 23:30:00,28.803786784410477
2025-03-06 00:00:00,36.079482316970825
2025-03-06 00:30:00,48.775593757629395
2025-03-06 01:00:00,21.955846667289734
2025-03-06 01:30:00,46.41053733229637
2025-03-06 02:00:00,50.69973862171173
2025-03-06 02:30:00,28.349496483802795
2025-03-06 03:00:00,60.5831001996994
2025-03-06 03:30:00,69.31546813249588
2025-03-06 04:00:00,49.671211898326874
2025-03-06 04:30:00,50.5739009976387
2025-03-06 05:00:00,16.35704082250595
2025-03-06 05:30:00,48.17184200882912
2025-03-06 06:00:00,36.8789487183094
2025-03-06 06:30:00,33.436027854681015
2025-03-06 07:00:00,72.2806801199913
2025-03-06 07:30:00,72.46105605363846
2025-03-06 08:00:00,21.244450703263283
2025-03-06 08:30:00,60.648120641708374
2025-03-06 09:00:00,26.207571297883987
2025-03-06 09:30:00,40.73175969719887
2025-03-06 10:00:00,48.91625264286995
2025-03-06 10:30:00,15.727277427911758
2025-03-06 11:00:00,73.75787448883057
2025-03-06 11:30:00,71.01072323322296
2025-03-06 12:00:00,52.6733917593956
2025-03-06 12:30:00,44.411783158779144
2025-03-06 13:00:00,44.70513543486595
2025-03-06 13:30:00,18.50681459903717
2025-03-06 14:00:00,26.917835503816605
2025-03-06 14:30:00,35.942717373371124
2025-03-06 15:00:00,14.637082897126675
2025-03-06 15:30:00,22.79301232099533
2025-03-06 16:00:00,25.046689584851265
2025-03-06 16:30:00,51.65548014640808
2025-03-06 17:00:00,37.56133669614792
2025-03-06 17:30:00,38.91975283622742
2025-03-06 18:00:00,38.50573173165321
2025-03-06 18:30:00,59.22837275266647
2025-03-06 19:00:00,31.064556688070297
2025-03-06 19:30:00,36.11414620280266
2025-03-06 20:00:00,25.695020750164986
2025-03-06 20:30:00,25.636309534311295
2025-03-06 21:00:00,28.799569070339203
2025-03-06 21:30:00,17.56217673420906
2025-03-06 22:00:00,30.636945813894272
2025-03-06 22:30:00,37.09979331493378
2025-03-06 23:00:00,68.18225884437561
2025-03-06 23:30:00,50.46012967824936
2025-03-07 00:00:00,5.5763439536094666
2025-03-07 00:30:00,41.11486342549324
2025-03-07 01:00:00,22.572760343551636
2025-03-07 01:30:00,26.707195520401
2025-03-07 02:00:00,39.561331033706665
2025-03-07 02:30:00,38.79464948177338
2025-03-07 03:00:00,21.977575555443764
2025-03-07 03:30:00,38.65521341562271
2025-03-07 04:00:00,36.73228847980499
2025-03-07 04:30:00,40.58956867456436
2025-03-07 05:00:00,24.706549301743507
2025-03-07 05:30:00,30.500039219856262
2025-03-07 06:00:00,27.15009741485119
2025-03-07 06:30:00,26.248395532369614
2025-03-07 07:00:00,25.113594844937325
2025-03-07 07:30:00,65.78688055276871
2025-03-07 08:00:00,47.110825300216675
2025-03-07 08:30:00,41.95617741346359
2025-03-07 09:00:00,53.731734454631805
2025-03-07 09:30:00,48.26763817667961
2025-03-07 10:00:00,40.52996563911438
2025-03-07 10:30:00,33.31522026658058
2025-03-07 11:00:00,46.42179420590401
2025-03-07 11:30:00,36.4739990234375
2025-03-07 12:00:00,58.9961758852005
2025-03-07 12:30:00,69.02154058218002
2025-03-07 13:00:00,51.62994837760925
2025-03-07 13:30:00,47.283974170684814
2025-03-07 14:00:00,29.292373836040497
2025-03-07 14:30:00,38.713868260383606
2025-03-07 15:00:00,33.63334113359451
2025-03-07 15:30:00,40.17101764678955
2025-03-07 16:00:00,41.15271300077438
2025-03-07 16:30:00,43.40184733271599
2025-03-07 17:00:00,32.81554400920868
2025-03-07 17:30:00,40.02741301059723
2025-03-07 18:00:00,25.698939263820648
2025-03-07 18:30:00,41.41381233930588
2025-03-07 19:00:00,73.39902478456497
2025-03-07 19:30:00,44.48577383160591
2025-03-07 20:00:00,55.05620074272156
2025-03-07 20:30:00,62.8390771150589
2025-03-07 21:00:00,48.44727694988251
2025-03-07 21:30:00,48.940844893455505
2025-03-07 22:00:00,58.82444930076599
2025-03-07 22:30:00,23.231261432170868
2025-03-07 23:00:00,18.681446462869644
2025-03-07 23:30:00,7.680246837437153
2025-03-08 00:00:00,32.750575602054596
2025-03-08 00:30:00,36.98621279001236
2025-03-08 01:00:00,41.30147486925125
2025-03-08 01:30:00,53.27833163738251
2025-03-08 02:00:00,83.90127736330032
2025-03-08 02:30:00,65.97367411851883
2025-03-08 03:00:00,52.98417282104492
2025-03-08 03:30:00,44.31541460752487
2025-03-08 04:00:00,58.04289734363556
2025-03-08 04:30:00,53.12926334142685
2025-03-08 05:00:00,37.62612009048462
2025-03-08 05:30:00,46.77498656511307
2025-03-08 06:00:00,44.06339246034622
2025-03-08 06:30:00,20.840518578886986
2025-03-08 07:00:00,16.096444487571716
2025-03-08 07:30:00,24.01393213868141
2025-03-08 08:00:00,31.240691781044006
2025-03-08 08:30:00,31.89545503258705
2025-03-08 09:00:00,11.337362676858902
2025-03-08 09:30:00,10.021576814353466
2025-03-08 10:00:00,30.121280401945114
2025-03-08 10:30:00,22.476852878928185
2025-03-08 11:00:00,29.220548391342163
2025-03-08 11:30:00,11.666694164276123
2025-03-08 12:00:00,6.924271456897259
2025-03-08 12:30:00,37.661578953266144
2025-03-08 13:00:00,33.266402900218964
2025-03-08 13:30:00,23.580267876386642
2025-03-08 14:00:00,57.02889412641525
2025-03-08 14:30:00,50.96994695067406
2025-03-08 15:00:00,41.42010855674744
2025-03-08 15:30:00,28.33890450000763
2025-03-08 16:00:00,43.02526819705963
2025-03-08 16:30:00,30.15711796283722
2025-03-08 17:00:00,7.568997040390968
2025-03-08 17:30:00,51.85753148794174
2025-03-08 18:00:00,53.56499743461609
2025-03-08 18:30:00,65.51590037345886
2025-03-08 19:00:00,39.94743832945824
2025-03-08 19:30:00,65.21795457601547
2025-03-08 20:00:00,33.849071860313416
2025-03-08 20:30:00,41.265709578990936
2025-03-08 21:00:00,67.07265025377274
2025-03-08 21:30:00,48.711746990680695
2025-03-08 22:00:00,55.996100544929504
2025-03-08 22:30:00,39.79113429784775
2025-03-08 23:00:00,55.36067980527878
2025-03-08 23:30:00,25.539167687296867
2025-03-09 00:00:00,29.848632216453552
2025-03-09 00:30:00,18.561091288924217
2025-03-09 01:00:00,19.160317450761795
2025-03-09 01:30:00,10.596203498542309
2025-03-09 02:00:00,8.778641916811466
2025-03-09 02:30:00,17.707705214619637
2025-03-09 03:00:00,9.267247036099434
2025-03-09 03:30:00,27.66153210401535
2025-03-09 04:00:00,37.98886662721634
2025-03-09 04:30:00,49.53905493021011
2025-03-09 05:00:00,28.273571848869324
2025-03-09 05:30:00,38.32545119524002
2025-03-09 06:00:00,27.183630988001823
2025-03-09 06:30:00,31.871978640556335
2025-03-09 07:00:00,58.3476597070694
2025-03-09 07:30:00,68.11475229263306
2025-03-09 08:00:00,56.34418481588364
2025-03-09 08:30:00,29.29783171415329
2025-03-09 09:00:00,59.069313764572144
2025-03-09 09:30:00,44.7892989218235
2025-03-09 10:00:00,62.00131595134735
2025-03-09 10:30:00,25.805659860372543
2025-03-09 11:00:00,40.53467479348183
2025-03-09 11:30:00,18.970832526683807
2025-03-09 12:00:00,26.500018745660782
2025-03-09 12:30:00,51.42334687709808
2025-03-09 13:00:00,36.7038716673851
2025-03-09 13:30:00,43.11156511306763
2025-03-09 14:00:00,62.10561114549637
2025-03-09 14:30:00,56.116867661476135
2025-03-09 15:00:00,44.89500194787979
2025-03-09 15:30:00,22.839905843138695
2025-03-09 16:00:00,40.28195595741272
2025-03-09 16:30:00,24.99094146490097
2025-03-09 17:00:00,34.028661489486694
2025-03-09 17:30:00,61.86659771203995
2025-03-09 18:00:00,47.28103709220886
2025-03-09 18:30:00,32.702634155750275
2025-03-09 19:00:00,56.871442437171936
2025-03-09 19:30:00,29.702405601739883
2025-03-09 20:00:00,36.68652093410492
2025-03-09 20:30:00,46.99491187930107
2025-03-09 21:00:00,56.910433888435364
2025-03-09 21:30:00,40.01007094979286
2025-03-09 22:00:00,24.708695739507675
2025-03-09 22:30:00,26.292489290237427
2025-03-09 23:00:00,24.22601753473282
2025-03-09 23:30:00,36.968315690755844
2025-03-10 00:00:00,39.59891465306282
2025-03-10 00:30:00,34.99545753002167
2025-03-10 01:00:00,34.531572580337524
2025-03-10 01:30:00,12.202121257781982
2025-03-10 02:00:00,45.42422533035278
2025-03-10 02:30:00,38.93639820814133
2025-03-10 03:00:00,14.521401464939117
2025-03-10 03:30:00,46.409626722335815
2025-03-10 04:00:00,29.240818858146667
2025-03-10 04:30:00,46.82420575618744
2025-03-10 05:00:00,45.396947503089905
2025-03-10 05:30:00,14.824245043098927
2025-03-10 06:00:00,21.209377765655518
2025-03-10 06:30:00,28.35664838552475
2025-03-10 07:00:00,62.818823993206024
2025-03-10 07:30:00,52.651953399181366
2025-03-10 08:00:00,38.00183776021004
2025-03-10 08:30:00,9.100349575281143
2025-03-10 09:00:00,47.10210657119751
2025-03-10 09:30:00,21.741902470588684
2025-03-10 10:00:00,25.06139376759529
2025-03-10 10:30:00,39.8300621509552
2025-03-10 11:00:00,49.6138376891613
2025-03-10 11:30:00,26.33846063911915
2025-03-10 12:00:00,30.866708606481552
2025-03-10 12:30:00,30.682007998228073
2025-03-10 13:00:00,62.55494946241379
2025-03-10 13:30:00,44.52633789181709
2025-03-10 14:00:00,68.02990657091141
2025-03-10 14:30:00,29.619019746780396
2025-03-10 15:00:00,40.01215234398842
2025-03-10 15:30:00,37.2708261013031
2025-03-10 16:00:00,16.167197436094284
2025-03-10 16:30:00,28.68693095445633
2025-03-10 17:00:00,40.3999999165535
2025-03-10 17:30:00,49.214623391628265
2025-03-10 18:00:00,50.56726077198982
2025-03-10 18:30:00,46.67274385690689
2025-03-10 19:00:00,36.38651975989342
2025-03-10 19:30:00,77.88210505247116
2025-03-10 20:00:00,37.701079189777374
2025-03-10 20:30:00,33.34265419840813
2025-03-10 21:00:00,36.29566979408264
2025-03-10 21:30:00,46.81686595082283
2025-03-10 22:00:00,42.21716979146004
2025-03-10 22:30:00,54.002020835876465
2025-03-10 23:00:00,73.94558733701706
2025-03-10 23:30:00,33.408926367759705
2025-03-11 00:00:00,20.097375571727753
2025-03-11 00:30:00,44.14260974526405
2025-03-11 01:00:00,79.71975642442703
2025-03-11 01:30:00,60.08072102069855
2025-03-11 02:00:00,57.83227181434631
2025-03-11 02:30:00,25.717511370778084
2025-03-11 03:00:00,27.255654454231262
2025-03-11 03:30:00,50.04750773310661
2025-03-11 04:00:00,37.5028061568737
2025-03-11 04:30:00,55.57020103931427
2025-03-11 05:00:00,40.28767690062523
2025-03-11 05:30:00,53.671125411987305
2025-03-11 06:00:00,49.04263663291931
2025-03-11 06:30:00,48.23004299402237
2025-03-11 07:00:00,21.9954654276371
2025-03-11 07:30:00,51.9979966878891
2025-03-11 08:00:00,26.037696287035942
2025-03-11 08:30:00,24.474920481443405
2025-03-11 09:00:00,29.293235301971436
2025-03-11 09:30:00,48.165722131729126
2025-03-11 10:00:00,14.865536145865917
2025-03-11 10:30:00,20.479149520397186
2025-03-11 11:00:00,35.25265425443649
2025-03-11 11:30:00,67.48287570476532
2025-03-11 12:00:00,33.21658819913864
2025-03-11 12:30:00,27.3249648809433
2025-03-11 13:00:00,22.02247729897499
2025-03-11 13:30:00,31.29572731256485
2025-03-11 14:00:00,26.72359661757946
2025-03-11 14:30:00,37.958787590265274
2025-03-11 15:00:00,7.146805018186569
2025-03-11 15:30:00,5.379261940717697
2025-03-11 16:00:00,39.172457218170166
2025-03-11 16:30:00,39.89345505833626
2025-03-11 17:00:00,21.95778062939644
2025-03-11 17:30:00,28.482908070087433
2025-03-11 18:00:00,60.56019330024719
2025-03-11 18:30:00,21.524237781763077
2025-03-11 19:00:00,48.56079676747322
2025-03-11 19:30:00,38.852211594581604
2025-03-11 20:00:00,58.848246574401855
2025-03-11 20:30:00,40.29972296953201
2025-03-11 21:00:00,47.47909331321716
2025-03-11 21:30:00,64.73506534099579
2025-03-11 22:00:00,43.01036888360977
2025-03-11 22:30:00,39.86677274107933
2025-03-11 23:00:00,22.199155867099762
2025-03-11 23:30:00,11.035602435469627
2025-03-12 00:00:00,33.335713326931
2025-03-12 00:30:00,53.06930762529373
2025-03-12 01:00:00,39.00979337096214
2025-03-12 01:30:00,35.662498116493225
2025-03-12 02:00:00,20.261294037103653
2025-03-12 02:30:00,72.12492245435715
2025-03-12 03:00:00,23.2740196287632
2025-03-12 03:30:00,19.387224107980728
2025-03-12 04:00:00,22.79471790790558
2025-03-12 04:30:00,29.18311220407486
2025-03-12 05:00:00,26.254969269037247
2025-03-12 05:30:00,38.60051900148392
2025-03-12 06:00:00,53.07415843009949
2025-03-12 06:30:00,56.933254063129425
2025-03-12 07:00:00,55.26684361696243
2025-03-12 07:30:00,42.83769699931145
2025-03-12 08:00:00,70.1404749751091
2025-03-12 08:30:00,52.34181988239288
2025-03-12 09:00:00,66.8526468873024
2025-03-12 09:30:00,58.8545138835907
2025-03-12 10:00:00,36.49041023850441
2025-03-12 10:30:00,23.35224825143814
2025-03-12 11:00:00,29.014475911855698
2025-03-12 11:30:00,35.13328629732132
2025-03-12 12:00:00,44.44882619380951
2025-03-12 12:30:00,61.91677665710449
2025-03-12 13:00:00,35.77814558148384
2025-03-12 13:30:00,19.08091226220131
2025-03-12 14:00:00,23.674098283052444
2025-03-12 14:30:00,27.979178875684738
2025-03-12 15:00:00,67.94164389371872
2025-03-12 15:30:00,51.850194573402405
2025-03-12 16:00:00,98.6870623230934
2025-03-12 16:30:00,48.74909645318985
2025-03-12 17:00:00,44.47148448228836
2025-03-12 17:30:00,84.67064160108566
2025-03-12 18:00:00,47.34632349014282
2025-03-12 18:30:00,47.90616649389267
2025-03-12 19:00:00,29.81609308719635
2025-03-12 19:30:00,16.576997935771942
2025-03-12 20:00:00,44.913092732429504
2025-03-12 20:30:00,17.648728042840958
2025-03-12 21:00:00,48.97716522216797
2025-03-12 21:30:00,27.341448366642
2025-03-12 22:00:00,39.60266983509064
2025-03-12 22:30:00,18.791620150208473
2025-03-12 23:00:00,53.44882094860077
2025-03-12 23:30:00,34.64028784632683
2025-03-13 00:00:00,34.37194699048996
2025-03-13 00:30:00,6.162257865071297
2025-03-13 01:00:00,16.24415409564972
2025-03-13 01:30:00,31.658919036388397
2025-03-13 02:00:00,37.616395354270935
2025-03-13 02:30:00,45.38281425833702
2025-03-13 03:00:00,35.75825670361519
2025-03-13 03:30:00,39.96267008781433
2025-03-13 04:00:00,26.12413051724434
2025-03-13 04:30:00,31.38420969247818
2025-03-13 05:00:00,42.43268370628357
2025-03-13 05:30:00,45.15767389535904
2025-03-13 06:00:00,57.20395094156265
2025-03-13 06:30:00,41.728218495845795
2025-03-13 07:00:00,28.006025969982147
2025-03-13 07:30:00,33.745886743068695
2025-03-13 08:00:00,33.30254977941513
2025-03-13 08:30:00,18.23864285647869
2025-03-13 09:00:00,62.63777160644531
2025-03-13 09:30:00,36.67320290207863
2025-03-13 10:00:00,28.0394150018692
2025-03-13 10:30:00,37.63211277127266
2025-03-13 11:00:00,60.38909113407135
2025-03-13 11:30:00,45.90555062890053
2025-03-13 12:00:00,51.35472446680069
2025-03-13 12:30:00,27.585728883743286
2025-03-13 13:00:00,52.33546584844589
2025-03-13 13:30:00,30.404358685016632
2025-03-13 14:00:00,7.7442793399095535
2025-03-13 14:30:00,58.98208022117615
2025-03-13 15:00:00,9.691319540143013
2025-03-13 15:30:00,8.988220244646072
2025-03-13 16:00:00,38.592418909072876
2025-03-13 16:30:00,24.768715053796768
2025-03-13 17:00:00,41.534284591674805
2025-03-13 17:30:00,34.86699792742729
2025-03-13 18:00:00,25.596867114305496
2025-03-13 18:30:00,54.90207350254059
2025-03-13 19:00:00,45.13746124505997
2025-03-13 19:30:00,37.321510940790176
2025-03-13 20:00:00,30.9592207968235
2025-03-13 20:30:00,7.81636206805706
2025-03-13 21:00:00,29.867168188095093
2025-03-13 21:30:00,71.98718619346619
2025-03-13 22:00:00,38.545682936906815
2025-03-13 22:30:00,56.27150368690491
2025-03-13 23:00:00,26.708825945854187
2025-03-13 23:30:00,54.48741352558136
2025-03-14 00:00:00,29.039614528417587
2025-03-14 00:30:00,18.621036887168884
2025-03-14 01:00:00,42.994018375873566
2025-03-14 01:30:00,24.122819408774376
2025-03-14 02:00:00,45.449170261621475
2025-03-14 02:30:00,20.021177753806114
2025-03-14 03:00:00,40.67076328396797
2025-03-14 03:30:00,18.46989731490612
2025-03-14 04:00:00,42.41897541284561
2025-03-14 04:30:00,21.620849162340164
2025-03-14 05:00:00,13.033488638699055
2025-03-14 05:30:00,50.69894653558731
2025-03-14 06:00:00,51.663909792900085
2025-03-14 06:30:00,54.627283215522766
2025-03-14 07:00:00,62.10746705532074
2025-03-14 07:30:00,101.73119962215422
2025-03-14 08:00:00,38.77414485812187
2025-03-14 08:30:00,45.68883991241455
2025-03-14 09:00:00,42.997958570718765
2025-03-14 09:30:00,35.845149129629135
2025-03-14 10:00:00,13.955257907509804
2025-03-14 10:30:00,51.16346746683121
2025-03-14 11:00:00,27.963198393583298
2025-03-14 11:30:00,62.79569739103317
2025-03-14 12:00:00,30.062746971845627
2025-03-14 12:30:00,46.79091501235962
2025-03-14 13:00:00,50.6973594725132
2025-03-14 13:30:00,19.53825816512108
2025-03-14 14:00:00,21.86039450764656
2025-03-14 14:30:00,44.636741399765015
2025-03-14 15:00:00,48.657058358192444
2025-03-14 15:30:00,57.42853915691376
2025-03-14 16:00:00,49.584169149398804
2025-03-14 16:30:00,58.797697603702545
2025-03-14 17:00:00,35.31808519363403
2025-03-14 17:30:00,17.156066372990608
2025-03-14 18:00:00,28.10711234807968
2025-03-14 18:30:00,40.931304693222046
2025-03-14 19:00:00,45.244491159915924
2025-03-14 19:30:00,41.75600799918175
2025-03-14 20:00:00,17.26158294081688
2025-03-14 20:30:00,39.41546577215195
2025-03-14 21:00:00,65.49748581647873
2025-03-14 21:30:00,53.710411727428436
2025-03-14 22:00:00,39.051669865846634
2025-03-14 22:30:00,28.491944789886475
2025-03-14 23:00:00,41.442853569984436
2025-03-14 23:30:00,29.030829310417175
2025-03-15 00:00:00,56.83506429195404
2025-03-15 00:30:00,41.18164148926735
2025-03-15 01:00:00,26.647138625383377
2025-03-15 01:30:00,35.78069818019867
2025-03-15 02:00:00,52.91385638713837
2025-03-15 02:30:00,61.148117780685425
2025-03-15 03:00:00,53.42668879032135
2025-03-15 03:30:00,40.3768068253994
2025-03-15 04:00:00,39.238047152757645
2025-03-15 04:30:00,46.39676254987717
2025-03-15 05:00:00,40.952771961688995
2025-03-15 05:30:00,31.419506669044495
2025-03-15 06:00:00,33.72768032550812
2025-03-15 06:30:00,26.40620568394661
2025-03-15 07:00:00,71.36043792963028
2025-03-15 07:30:00,41.61653435230255
2025-03-15 08:00:00,68.621357858181
2025-03-15 08:30:00,65.10832870006561
2025-03-15 09:00:00,60.16486716270447
2025-03-15 09:30:00,60.01763164997101
2025-03-15 10:00:00,73.74151819944382
2025-03-15 10:30:00,53.16228234767914
2025-03-15 11:00:00,43.11555156111717
2025-03-15 11:30:00,38.104066014289856
2025-03-15 12:00:00,52.266531229019165
2025-03-15 12:30:00,52.67472732067108
2025-03-15 13:00:00,37.931330531835556
2025-03-15 13:30:00,45.13102048635483
2025-03-15 14:00:00,26.80876611173153
2025-03-15 14:30:00,47.621079087257385
2025-03-15 15:00:00,44.47357454895973
2025-03-15 15:30:00,75.57845264673233
2025-03-15 16:00:00,40.49473226070404
2025-03-15 16:30:00,97.27787750959395
2025-03-15 17:00:00,52.79791694879532
2025-03-15 17:30:00,61.546404123306274
2025-03-15 18:00:00,44.9687642455101
2025-03-15 18:30:00,18.711683049798012
2025-03-15 19:00:00,45.798870503902435
2025-03-15 19:30:00,61.42805373668671
2025-03-15 20:00:00,25.25997467339039
2025-03-15 20:30:00,43.67381039261818
2025-03-15 21:00:00,69.53395092487335
2025-03-15 21:30:00,45.43429407477379
2025-03-15 22:00:00,47.90502750873566
2025-03-15 22:30:00,19.009323865175247
2025-03-15 23:00:00,41.30856028199196
2025-03-15 23:30:00,35.455789655447006
2025-03-16 00:00:00,57.77669858932495
2025-03-16 00:30:00,49.30678868293762
2025-03-16 01:00:00,42.30267173051834
2025-03-16 01:30:00,30.901496797800064
2025-03-16 02:00:00,48.43996027112007
2025-03-16 02:30:00,70.08415013551712
2025-03-16 03:00:00,47.831565856933594
2025-03-16 03:30:00,44.78292754292488
2025-03-16 04:00:00,14.788780398666859
2025-03-16 04:30:00,24.839245408773422
2025-03-16 05:00:00,37.15723979473114
2025-03-16 05:30:00,45.517009258270264
2025-03-16 06:00:00,53.67815589904785
2025-03-16 06:30:00,47.379134356975555
2025-03-16 07:00:00,5.128823965787888
2025-03-16 07:30:00,13.586018577218056
2025-03-16 08:00:00,24.657773852348328
2025-03-16 08:30:00,34.10855811834335
2025-03-16 09:00:00,28.598275125026703
2025-03-16 09:30:00,53.20408368110657
2025-03-16 10:00:00,50.74537897109985
2025-03-16 10:30:00,67.71972101926804
2025-03-16 11:00:00,11.674690909683704
2025-03-16 11:30:00,29.205582588911057
2025-03-16 12:00:00,39.13942664861679
2025-03-16 12:30:00,42.75372141599655
2025-03-16 13:00:00,36.17733097076416
2025-03-16 13:30:00,61.06334722042084
2025-03-16 14:00:00,13.954022079706192
2025-03-16 14:30:00,22.090813517570496
2025-03-16 15:00:00,20.11572363972664
2025-03-16 15:30:00,13.713172972202301
2025-03-16 16:00:00,37.27019590139389
2025-03-16 16:30:00,24.08332784473896
2025-03-16 17:00:00,37.43711215257645
2025-03-16 17:30:00,29.86395937204361
2025-03-16 18:00:00,20.035095632076263
2025-03-16 18:30:00,17.783265605568886
2025-03-16 19:00:00,33.29331648349762
2025-03-16 19:30:00,33.131097823381424
2025-03-16 20:00:00,73.5749546289444
2025-03-16 20:30:00,49.928385496139526
2025-03-16 21:00:00,67.96996819972992
2025-03-16 21:30:00,55.256430864334106
2025-03-16 22:00:00,36.75830012559891
2025-03-16 22:30:00,34.21035274863243
2025-03-16 23:00:00,91.6653460264206
2025-03-16 23:30:00,79.11582255363464
2025-03-17 00:00:00,16.47104051709175
2025-03-17 00:30:00,33.35981124639511
2025-03-17 01:00:00,30.675373554229736
2025-03-17 01:30:00,22.206531807780266
2025-03-17 02:00:00,14.292907744646072
2025-03-17 02:30:00,4.02773030102253
2025-03-17 03:00:00,36.55971199274063
2025-03-17 03:30:00,31.42824274301529
2025-03-17 04:00:00,37.67073130607605
2025-03-17 04:30:00,42.598278850317
2025-03-17 05:00:00,45.583469331264496
2025-03-17 05:30:00,76.5181674361229
2025-03-17 06:00:00,18.503092661499977
2025-03-17 06:30:00,33.09077659249306
2025-03-17 07:00:00,72.23986744880676
2025-03-17 07:30:00,87.91244775056839
2025-03-17 08:00:00,31.429390400648117
2025-03-17 08:30:00,58.150355100631714
2025-03-17 09:00:00,25.538969665765762
2025-03-17 09:30:00,43.54147708415985
2025-03-17 10:00:00,40.96421962976456
2025-03-17 10:30:00,59.1352014541626
2025-03-17 11:00:00,22.224230885505676
2025-03-17 11:30:00,-8.456684559583664
2025-03-17 12:00:00,16.951319336891174
2025-03-17 12:30:00,21.10699051618576
2025-03-17 13:00:00,17.21200095117092
2025-03-17 13:30:00,21.531047120690346
2025-03-17 14:00:00,35.80138781666756
2025-03-17 14:30:00,46.955796122550964
2025-03-17 15:00:00,14.328248806297779
2025-03-17 15:30:00,32.27677512168884
2025-03-17 16:00:00,28.64450231194496
2025-03-17 16:30:00,33.65548774600029
2025-03-17 17:00:00,29.45438724756241
2025-03-17 17:30:00,30.863456428050995
2025-03-17 18:00:00,28.19289469718933
2025-03-17 18:30:00,33.14670538902283
2025-03-17 19:00:00,39.25010767579079
2025-03-17 19:30:00,44.285725831985474
2025-03-17 20:00:00,44.83093547821045
2025-03-17 20:30:00,42.719193398952484
2025-03-17 21:00:00,26.671298697590828
2025-03-17 21:30:00,35.24550235271454
2025-03-17 22:00:00,53.15962278842926
2025-03-17 22:30:00,44.54341399669647
2025-03-17 23:00:00,27.227815806865692
2025-03-17 23:30:00,53.79696881771088
2025-03-18 00:00:00,32.581025809049606
2025-03-18 00:30:00,29.03994119167328
2025-03-18 01:00:00,39.95561647415161
2025-03-18 01:30:00,35.36038374900818
2025-03-18 02:00:00,38.18679854273796
2025-03-18 02:30:00,34.58482447266579
2025-03-18 03:00:00,30.32917121052742
2025-03-18 03:30:00,31.333654940128326
2025-03-18 04:00:00,47.57856371998787
2025-03-18 04:30:00,31.390604197978973
2025-03-18 05:00:00,26.466871097683907
2025-03-18 05:30:00,49.94844204187393
2025-03-18 06:00:00,17.287627831101418
2025-03-18 06:30:00,19.915447264909744
2025-03-18 07:00:00,21.30932515859604
2025-03-18 07:30:00,42.74587571620941
2025-03-18 08:00:00,33.144233733415604
2025-03-18 08:30:00,32.106167286634445
2025-03-18 09:00:00,41.2862286567688
2025-03-18 09:30:00,33.53742644190788
2025-03-18 10:00:00,4.9626210257411
2025-03-18 10:30:00,39.90213042497635
2025-03-18 11:00:00,24.21684205532074
2025-03-18 11:30:00,48.32498636841774
2025-03-18 12:00:00,51.614476680755615
2025-03-18 12:30:00,43.35099482536316
2025-03-18 13:00:00,22.39812558889389
2025-03-18 13:30:00,19.69042831659317
2025-03-18 14:00:00,15.086640916764736
2025-03-18 14:30:00,57.5233119726181
2025-03-18 15:00:00,62.49037420749664
2025-03-18 15:30:00,42.922178477048874
2025-03-18 16:00:00,26.79187646508217
2025-03-18 16:30:00,32.84212225675583
2025-03-18 17:00:00,8.49496378749609
2025-03-18 17:30:00,31.232802718877792
2025-03-18 18:00:00,37.99735987186432
2025-03-18 18:30:00,35.71842402219772
2025-03-18 19:00:00,60.91488599777222
2025-03-18 19:30:00,55.947696566581726
2025-03-18 20:00:00,53.31906336545944
2025-03-18 20:30:00,32.179550886154175
2025-03-18 21:00:00,34.36268478631973
2025-03-18 21:30:00,32.33076128363609
2025-03-18 22:00:00,44.641135454177856
2025-03-18 22:30:00,24.954754114151
2025-03-18 23:00:00,32.40584468841553
2025-03-18 23:30:00,18.67474552989006
2025-03-19 00:00:00,60.21371632814407
2025-03-19 00:30:00,40.92429733276367
2025-03-19 01:00:00,57.61936831474304
2025-03-19 01:30:00,37.3350804746151
2025-03-19 02:00:00,25.799396887421608
2025-03-19 02:30:00,59.19583362340927
2025-03-19 03:00:00,33.65540391206741
2025-03-19 03:30:00,40.380576461553574
2025-03-19 04:00:00,27.670823216438293
2025-03-19 04:30:00,14.674821898341179
2025-03-19 05:00:00,31.17434734106064
2025-03-19 05:30:00,59.86410570144653
2025-03-19 06:00:00,52.346393167972565
2025-03-19 06:30:00,35.827188432216644
2025-03-19 07:00:00,65.1301891207695
2025-03-19 07:30:00,23.91549664735794
2025-03-19 08:00:00,9.31514222919941
2025-03-19 08:30:00,24.201694130897522
2025-03-19 09:00:00,18.550463169813156
2025-03-19 09:30:00,56.56056308746338
2025-03-19 10:00:00,53.761839509010315
2025-03-19 10:30:00,23.95411951839924
2025-03-19 11:00:00,29.005199253559113
2025-03-19 11:30:00,27.117747634649277
2025-03-19 12:00:00,24.644953042268753
2025-03-19 12:30:00,43.530850410461426
2025-03-19 13:00:00,28.929979979991913
2025-03-19 13:30:00,44.643274664878845
2025-03-19 14:00:00,25.342454254627228
2025-03-19 14:30:00,53.293155789375305
2025-03-19 15:00:00,27.467144340276718
2025-03-19 15:30:00,37.946770429611206
2025-03-19 16:00:00,13.185413792729378
2025-03-19 16:30:00,16.633142098784447
2025-03-19 17:00:00,20.955940559506416
2025-03-19 17:30:00,41.27208095788956
2025-03-19 18:00:00,56.929189562797546
2025-03-19 18:30:00,48.35955196619034
2025-03-19 19:00:00,61.14286804199219
2025-03-19 19:30:00,50.92595726251602
2025-03-19 20:00:00,63.06277495622635
2025-03-19 20:30:00,36.790076076984406
2025-03-19 21:00:00,43.665993601083755
2025-03-19 21:30:00,29.66720402240753
2025-03-19 22:00:00,29.612466245889664
2025-03-19 22:30:00,29.33234816789627
2025-03-19 23:00:00,42.102554351091385
2025-03-19 23:30:00,54.30407738685608
2025-03-20 00:00:00,25.802497297525406
2025-03-20 00:30:00,34.39200931787491
2025-03-20 01:00:00,52.67157053947449
2025-03-20 01:30:00,39.454257756471634
2025-03-20 02:00:00,62.65291374921799
2025-03-20 02:30:00,47.618540942668915
2025-03-20 03:00:00,68.47864359617233
2025-03-20 03:30:00,42.25384569168091
2025-03-20 04:00:00,34.46954992413521
2025-03-20 04:30:00,63.49259442090988
2025-03-20 05:00:00,45.84030759334564
2025-03-20 05:30:00,32.25115662813187
2025-03-20 06:00:00,51.81239992380142
2025-03-20 06:30:00,43.362055122852325
2025-03-20 07:00:00,71.30422872304916
2025-03-20 07:30:00,54.8205001950264
2025-03-20 08:00:00,49.569379687309265
2025-03-20 08:30:00,65.71778404712677
2025-03-20 09:00:00,32.60420733690262
2025-03-20 09:30:00,31.20301854610443
2025-03-20 10:00:00,30.44131499528885
2025-03-20 10:30:00,24.82405412197113
2025-03-20 11:00:00,29.140848338603973
2025-03-20 11:30:00,54.2673003077507
2025-03-20 12:00:00,35.281522035598755
2025-03-20 12:30:00,28.762020140886307
2025-03-20 13:00:00,34.506234496831894
2025-03-20 13:30:00,60.63061958551407
2025-03-20 14:00:00,40.5656181871891
2025-03-20 14:30:00,37.87922918796539
2025-03-20 15:00:00,22.309719815850258
2025-03-20 15:30:00,75.16365969181061
2025-03-20 16:00:00,36.1370906829834
2025-03-20 16:30:00,65.51462841033936
2025-03-20 17:00:00,53.17596173286438
2025-03-20 17:30:00,40.9280409514904
2025-03-20 18:00:00,55.85791331529617
2025-03-20 18:30:00,36.71245741844177
2025-03-20 19:00:00,13.140602387487888
2025-03-20 19:30:00,46.81918728351593
2025-03-20 20:00:00,59.81096655130386
2025-03-20 20:30:00,55.26183670759201
2025-03-20 21:00:00,20.230691760778427
2025-03-20 21:30:00,27.127332165837288
2025-03-20 22:00:00,24.173713833093643
2025-03-20 22:30:00,42.19087773561478
2025-03-20 23:00:00,36.33428543806076
2025-03-20 23:30:00,5.764033675193787
2025-03-21 00:00:00,60.10904532670975
2025-03-21 00:30:00,55.91800779104233
2025-03-21 01:00:00,44.94663208723068
2025-03-21 01:30:00,16.491876140236855
2025-03-21 02:00:00,58.39421933889389
2025-03-21 02:30:00,29.60752871632576
2025-03-21 03:00:00,51.54557675123215
2025-03-21 03:30:00,24.54388689994812
2025-03-21 04:00:00,45.42038631439209
2025-03-21 04:30:00,37.699243515729904
2025-03-21 05:00:00,54.906889617443085
2025-03-21 05:30:00,30.502057015895844
2025-03-21 06:00:00,12.501099079847336
2025-03-21 06:30:00,37.845418095588684
2025-03-21 07:00:00,37.394946575164795
2025-03-21 07:30:00,20.880886062979698
2025-03-21 08:00:00,39.072564750909805
2025-03-21 08:30:00,42.51524856686592
2025-03-21 09:00:00,38.63232386112213
2025-03-21 09:30:00,32.90392231941223
2025-03-21 10:00:00,59.357222616672516
2025-03-21 10:30:00,70.78892177343369
2025-03-21 11:00:00,43.22331863641739
2025-03-21 11:30:00,30.98095691204071
2025-03-21 12:00:00,31.46293842792511
2025-03-21 12:30:00,30.548339128494263
2025-03-21 13:00:00,43.35756856203079
2025-03-21 13:30:00,12.487201437354088
2025-03-21 14:00:00,36.09996670484543
2025-03-21 14:30:00,51.50026595592499
2025-03-21 15:00:00,43.323401898145676
2025-03-21 15:30:00,41.67922767996788
2025-03-21 16:00:00,40.934773683547974
2025-03-21 16:30:00,52.101193368434906
2025-03-21 17:00:00,22.60436573624611
2025-03-21 17:30:00,12.544277168810368
2025-03-21 18:00:00,63.94184023141861
2025-03-21 18:30:00,42.33155107498169
2025-03-21 19:00:00,18.414160758256912
2025-03-21 19:30:00,32.612209141254425
2025-03-21 20:00:00,41.62608274817467
2025-03-21 20:30:00,41.54015874862671
2025-03-21 21:00:00,12.066138282418251
2025-03-21 21:30:00,37.97195240855217
2025-03-21 22:00:00,53.127563536167145
2025-03-21 22:30:00,49.52252519130707
2025-03-21 23:00:00,55.48800331354141
2025-03-21 23:30:00,51.22723039984703
2025-03-22 00:00:00,28.979707956314087
2025-03-22 00:30:00,44.90404734015465
2025-03-22 01:00:00,27.19523909687996
2025-03-22 01:30:00,33.99604719877243
2025-03-22 02:00:00,50.86863797903061
2025-03-22 02:30:00,27.572934091091156
2025-03-22 03:00:00,37.56675121188164
2025-03-22 03:30:00,23.883902817964554
2025-03-22 04:00:00,26.088171541690826
2025-03-22 04:30:00,12.697102092206478
2025-03-22 05:00:00,17.869550958275795
2025-03-22 05:30:00,37.630051612854004
2025-03-22 06:00:00,27.35437324643135
2025-03-22 06:30:00,47.34648248553276
2025-03-22 07:00:00,53.744980216026306
2025-03-22 07:30:00,48.75478559732437
2025-03-22 08:00:00,14.888821743428707
2025-03-22 08:30:00,17.973082974553108
2025-03-22 09:00:00,25.082363814115524
2025-03-22 09:30:00,43.63830238580704
2025-03-22 10:00:00,59.76226770877838
2025-03-22 10:30:00,19.65255995094776
2025-03-22 11:00:00,29.877748608589172
2025-03-22 11:30:00,59.16896629333496
2025-03-22 12:00:00,49.7108855843544
2025-03-22 12:30:00,40.56781232357025
2025-03-22 13:00:00,56.884613037109375
2025-03-22 13:30:00,36.621835827827454
2025-03-22 14:00:00,54.7632098197937
2025-03-22 14:30:00,38.227348148822784
2025-03-22 15:00:00,36.93586328625679
2025-03-22 15:30:00,44.6358568072319
2025-03-22 16:00:00,38.150061935186386
2025-03-22 16:30:00,30.595711082220078
2025-03-22 17:00:00,39.9958336353302
2025-03-22 17:30:00,16.677712842822075
2025-03-22 18:00:00,32.660272002220154
2025-03-22 18:30:00,54.729456543922424
2025-03-22 19:00:00,24.05211415886879
2025-03-22 19:30:00,9.748631596565247
2025-03-22 20:00:00,22.17062197625637
2025-03-22 20:30:00,18.051980823278427
2025-03-22 21:00:00,28.187575578689575
2025-03-22 21:30:00,27.76556134223938
2025-03-22 22:00:00,14.759308435022831
2025-03-22 22:30:00,37.868417501449585
2025-03-22 23:00:00,36.34928014874458
2025-03-22 23:30:00,50.29056254029274
2025-03-23 00:00:00,46.08408510684967
2025-03-23 00:30:00,41.31908866763115
2025-03-23 01:00:00,16.072450637817383
2025-03-23 01:30:00,37.89270043373108
2025-03-23 02:00:00,44.6993682384491
2025-03-23 02:30:00,33.007147908210754
2025-03-23 03:00:00,54.37619191408157
2025-03-23 03:30:00,66.96817582845688
2025-03-23 04:00:00,26.145766898989677
2025-03-23 04:30:00,36.16619551181793
2025-03-23 05:00:00,43.31955420970917
2025-03-23 05:30:00,36.379064321517944
2025-03-23 06:00:00,10.497093722224236
2025-03-23 06:30:00,33.09684732556343
2025-03-23 07:00:00,27.91303390264511
2025-03-23 07:30:00,18.73295085132122
2025-03-23 08:00:00,27.594736695289612
2025-03-23 08:30:00,38.93871086835861
2025-03-23 09:00:00,57.838608503341675
2025-03-23 09:30:00,55.402926325798035
2025-03-23 10:00:00,23.44600060582161
2025-03-23 10:30:00,46.911222487688065
2025-03-23 11:00:00,27.04553771018982
2025-03-23 11:30:00,16.091099351644516
2025-03-23 12:00:00,34.35954824090004
2025-03-23 12:30:00,58.807254672050476
2025-03-23 13:00:00,43.14864283800125
2025-03-23 13:30:00,62.62256008386612
2025-03-23 14:00:00,39.19103366136551
2025-03-23 14:30:00,9.014583487063646
2025-03-23 15:00:00,8.77025780081749
2025-03-23 15:30:00,42.139212906360626
2025-03-23 16:00:00,37.95432126522064
2025-03-23 16:30:00,43.75203901529312
2025-03-23 17:00:00,39.230204343795776
2025-03-23 17:30:00,40.35701334476471
2025-03-23 18:00:00,70.98494285345078
2025-03-23 18:30:00,19.339857935905457
2025-03-23 19:00:00,51.75047266483307
2025-03-23 19:30:00,57.07262074947357
2025-03-23 20:00:00,21.227945536375046
2025-03-23 20:30:00,15.16412153840065
2025-03-23 21:00:00,32.74031317234039
2025-03-23 21:30:00,73.9366546869278
2025-03-23 22:00:00,20.82813572883606
2025-03-23 22:30:00,21.945714324712753
2025-03-23 23:00:00,57.27421534061432
2025-03-23 23:30:00,38.22836571931839
2025-03-24 00:00:00,31.428017258644104
2025-03-24 00:30:00,43.077765583992004
2025-03-24 01:00:00,54.3670973777771
2025-03-24 01:30:00,71.87690699100494
2025-03-24 02:00:00,54.920852303504944
2025-03-24 02:30:00,51.20393034815788
2025-03-24 03:00:00,57.319069385528564
2025-03-24 03:30:00,59.12258589267731
2025-03-24 04:00:00,35.90149998664856
2025-03-24 04:30:00,27.2862046957016
2025-03-24 05:00:00,47.86148589849472
2025-03-24 05:30:00,59.559395372867584
2025-03-24 06:00:00,38.384354650974274
2025-03-24 06:30:00,45.95193392038345
2025-03-24 07:00:00,47.995412051677704
2025-03-24 07:30:00,74.65255600214005
2025-03-24 08:00:00,45.07665851712227
2025-03-24 08:30:00,49.403122544288635
2025-03-24 09:00:00,20.571900203824043
2025-03-24 09:30:00,59.5497111082077
2025-03-24 10:00:00,44.29251927137375
2025-03-24 10:30:00,38.06147837638855
2025-03-24 11:00:00,27.198953807353973
2025-03-24 11:30:00,-1.7827489972114563
2025-03-24 12:00:00,39.00720030069351
2025-03-24 12:30:00,47.191606521606445
2025-03-24 13:00:00,28.02742964029312
2025-03-24 13:30:00,81.98100620508194
2025-03-24 14:00:00,44.13635689020157
2025-03-24 14:30:00,30.230906277894974
2025-03-24 15:00:00,35.82593381404877
2025-03-24 15:30:00,27.16937054693699
2025-03-24 16:00:00,35.0171705186367
2025-03-24 16:30:00,55.91464865207672
2025-03-24 17:00:00,16.698863565921783
2025-03-24 17:30:00,41.26802223920822
2025-03-24 18:00:00,29.09268718957901
2025-03-24 18:30:00,42.11924886703491
2025-03-24 19:00:00,38.5805549621582
2025-03-24 19:30:00,38.388280391693115
2025-03-24 20:00:00,42.00077706575394
2025-03-24 20:30:00,39.27038103342056
2025-03-24 21:00:00,43.23089548945427
2025-03-24 21:30:00,39.3498729467392
2025-03-24 22:00:00,32.8943854868412
2025-03-24 22:30:00,20.634240850806236
2025-03-24 23:00:00,8.70137882977724
2025-03-24 23:30:00,44.81628766655922
2025-03-25 00:00:00,28.550486892461777
2025-03-25 00:30:00,30.536102265119553
2025-03-25 01:00:00,25.957179576158524
2025-03-25 01:30:00,28.815711438655853
2025-03-25 02:00:00,34.249717116355896
2025-03-25 02:30:00,33.667354583740234
2025-03-25 03:00:00,58.07923501729965
2025-03-25 03:30:00,38.62150639295578
2025-03-25 04:00:00,56.35509479045868
2025-03-25 04:30:00,40.55847495794296
2025-03-25 05:00:00,64.59779161214828
2025-03-25 05:30:00,67.59855496883392
2025-03-25 06:00:00,58.396942496299744
2025-03-25 06:30:00,42.954876601696014
2025-03-25 07:00:00,36.18888849020004
2025-03-25 07:30:00,25.12080456316471
2025-03-25 08:00:00,40.362925082445145
2025-03-25 08:30:00,36.094491481781006
2025-03-25 09:00:00,46.12167450785637
2025-03-25 09:30:00,53.01201146841049
2025-03-25 10:00:00,48.941743940114975
2025-03-25 10:30:00,57.01878201961517
2025-03-25 11:00:00,63.71419930458069
2025-03-25 11:30:00,57.765979409217834
2025-03-25 12:00:00,34.71568635106087
2025-03-25 12:30:00,36.495636850595474
2025-03-25 13:00:00,44.88692209124565
2025-03-25 13:30:00,61.210848689079285
2025-03-25 14:00:00,29.517045885324478
2025-03-25 14:30:00,13.627118162810802
2025-03-25 15:00:00,10.145695120096207
2025-03-25 15:30:00,21.92135478556156
2025-03-25 16:00:00,31.832177758216858
2025-03-25 16:30:00,32.120763063430786
2025-03-25 17:00:00,13.356372863054276
2025-03-25 17:30:00,35.82507812976837
2025-03-25 18:00:00,14.389783635735512
2025-03-25 18:30:00,33.75496104359627
2025-03-25 19:00:00,47.16555440425873
2025-03-25 19:30:00,77.64757817983627
2025-03-25 20:00:00,52.27627331018448
2025-03-25 20:30:00,55.0592303276062
2025-03-25 21:00:00,55.61533838510513
2025-03-25 21:30:00,41.58521804213524
2025-03-25 22:00:00,15.75977174937725
2025-03-25 22:30:00,49.889368027448654
2025-03-25 23:00:00,63.0413076877594
2025-03-25 23:30:00,46.259113013744354
2025-03-26 00:00:00,33.22498315572739
2025-03-26 00:30:00,48.95544645190239
2025-03-26 01:00:00,61.84504950046539
2025-03-26 01:30:00,34.6534757912159
2025-03-26 02:00:00,56.39668798446655
2025-03-26 02:30:00,39.49662858247757
2025-03-26 03:00:00,42.101441383361816
2025-03-26 03:30:00,64.45773112773895
2025-03-26 04:00:00,40.503396064043045
2025-03-26 04:30:00,42.815521478652954
2025-03-26 05:00:00,49.80041444301605
2025-03-26 05:30:00,40.72365382313728
2025-03-26 06:00:00,39.016309291124344
2025-03-26 06:30:00,35.18977302312851
2025-03-26 07:00:00,38.52537488937378
2025-03-26 07:30:00,78.54791992902756
2025-03-26 08:00:00,47.49607113003731
2025-03-26 08:30:00,39.86229485273361
2025-03-26 09:00:00,35.330359637737274
2025-03-26 09:30:00,24.45932736992836
2025-03-26 10:00:00,41.19523414969444
2025-03-26 10:30:00,39.917868077754974
2025-03-26 11:00:00,28.649182558059692
2025-03-26 11:30:00,36.21855413913727
2025-03-26 12:00:00,20.04367271065712
2025-03-26 12:30:00,46.65772891044617
2025-03-26 13:00:00,53.22071748971939
2025-03-26 13:30:00,13.613816030323505
2025-03-26 14:00:00,16.665218695998192
2025-03-26 14:30:00,24.939437076449394
2025-03-26 15:00:00,65.2940873503685
2025-03-26 15:30:00,15.878484934568405
2025-03-26 16:00:00,35.299066454172134
2025-03-26 16:30:00,30.37032499909401
2025-03-26 17:00:00,54.00418317317963
2025-03-26 17:30:00,47.25132808089256
2025-03-26 18:00:00,30.664611011743546
2025-03-26 18:30:00,26.187056556344032
2025-03-26 19:00:00,25.60864144563675
2025-03-26 19:30:00,24.560919642448425
2025-03-26 20:00:00,54.340258955955505
2025-03-26 20:30:00,36.87327980995178
2025-03-26 21:00:00,34.55042654275894
2025-03-26 21:30:00,44.66424182057381
2025-03-26 22:00:00,27.13143280148506
2025-03-26 22:30:00,32.539383471012115
2025-03-26 23:00:00,26.181569769978523
2025-03-26 23:30:00,33.170583605766296
2025-03-27 00:00:00,38.32577785849571
2025-03-27 00:30:00,29.740576058626175
2025-03-27 01:00:00,26.884286031126976
2025-03-27 01:30:00,30.634572446346283
2025-03-27 02:00:00,31.865300834178925
2025-03-27 02:30:00,7.206531636416912
2025-03-27 03:00:00,46.71725967526436
2025-03-27 03:30:00,12.219492226839066
2025-03-27 04:00:00,35.77633881568909
2025-03-27 04:30:00,43.777923464775085
2025-03-27 05:00:00,63.58774882555008
2025-03-27 05:30:00,83.12077188491821
2025-03-27 06:00:00,40.323436409235
2025-03-27 06:30:00,23.615110993385315
2025-03-27 07:00:00,28.126908719539642
2025-03-27 07:30:00,43.90373796224594
2025-03-27 08:00:00,21.291922390460968
2025-03-27 08:30:00,31.17762842774391
2025-03-27 09:00:00,28.164772748947144
2025-03-27 09:30:00,25.98659661412239
2025-03-27 10:00:00,46.599259078502655
2025-03-27 10:30:00,46.768881142139435
2025-03-27 11:00:00,49.40839830040932
2025-03-27 11:30:00,23.985641077160835
2025-03-27 12:00:00,3.899322010576725
2025-03-27 12:30:00,38.82580101490021
2025-03-27 13:00:00,63.8219056725502
2025-03-27 13:30:00,49.625074326992035
2025-03-27 14:00:00,15.922465950250626
2025-03-27 14:30:00,33.49351480603218
2025-03-27 15:00:00,20.81725899875164
2025-03-27 15:30:00,80.43256455659866
2025-03-27 16:00:00,46.19792002439499
2025-03-27 16:30:00,29.768290400505066
2025-03-27 17:00:00,31.891017615795135
2025-03-27 17:30:00,25.57021515071392
2025-03-27 18:00:00,23.27618919312954
2025-03-27 18:30:00,23.048698589205742
2025-03-27 19:00:00,57.261015832424164
2025-03-27 19:30:00,33.53517159819603
2025-03-27 20:00:00,39.826974749565125
2025-03-27 20:30:00,41.12740960717201
2025-03-27 21:00:00,21.771938145160675
2025-03-27 21:30:00,32.85298019647598
2025-03-27 22:00:00,39.375234156847
2025-03-27 22:30:00,25.2102582603693
2025-03-27 23:00:00,50.65890860557556
2025-03-27 23:30:00,35.88015991449356
2025-03-28 00:00:00,47.192415952682495
2025-03-28 00:30:00,62.98521411418915
2025-03-28 01:00:00,55.684405982494354
2025-03-28 01:30:00,55.44373321533203
2025-03-28 02:00:00,33.98834893107414
2025-03-28 02:30:00,46.07645332813263
2025-03-28 03:00:00,32.90689408779144
2025-03-28 03:30:00,20.3433298766613
2025-03-28 04:00:00,38.30198347568512
2025-03-28 04:30:00,44.27619478106499
2025-03-28 05:00:00,63.52220803499222
2025-03-28 05:30:00,59.186120450496674
2025-03-28 06:00:00,26.452327355742455
2025-03-28 06:30:00,59.90491259098053
2025-03-28 07:00:00,73.09581190347672
2025-03-28 07:30:00,49.89998313784599
2025-03-28 08:00:00,51.19082045555115
2025-03-28 08:30:00,49.85732612013817
2025-03-28 09:00:00,53.59000885486603
2025-03-28 09:30:00,9.99472177028656
2025-03-28 10:00:00,12.527219854295254
2025-03-28 10:30:00,15.34546011686325
2025-03-28 11:00:00,39.05746018886566
2025-03-28 11:30:00,59.10074859857559
2025-03-28 12:00:00,37.066982448101044
2025-03-28 12:30:00,41.25763261318207
2025-03-28 13:00:00,40.56291815638542
2025-03-28 13:30:00,29.601313441991806
2025-03-28 14:00:00,28.987536311149597
2025-03-28 14:30:00,52.97889417409897
2025-03-28 15:00:00,32.86647745966911
2025-03-28 15:30:00,48.26159057021141
2025-03-28 16:00:00,53.65786808729172
2025-03-28 16:30:00,50.23825594782829
2025-03-28 17:00:00,65.23141425848007
2025-03-28 17:30:00,54.06553226709366
2025-03-28 18:00:00,51.380285143852234
2025-03-28 18:30:00,43.10471385717392
2025-03-28 19:00:00,17.987827628850937
2025-03-28 19:30:00,39.03080677986145
2025-03-28 20:00:00,47.329108625650406
2025-03-28 20:30:00,43.34473329782486
2025-03-28 21:00:00,28.17667716741562
2025-03-28 21:30:00,37.815798699855804
2025-03-28 22:00:00,37.85095402598381
2025-03-28 22:30:00,57.88023638725281
2025-03-28 23:00:00,34.32119855284691
2025-03-28 23:30:00,32.35368263721466
2025-03-29 00:00:00,28.213075548410416
2025-03-29 00:30:00,46.358508259058
2025-03-29 01:00:00,35.85503286123276
2025-03-29 01:30:00,30.315436899662018
2025-03-29 02:00:00,74.74342042207718
2025-03-29 02:30:00,37.11106753349304
2025-03-29 03:00:00,20.22642056643963
2025-03-29 03:30:00,32.04225113987923
2025-03-29 04:00:00,35.79629707336426
2025-03-29 04:30:00,42.0218251645565
2025-03-29 05:00:00,38.69317862391472
2025-03-29 05:30:00,23.028418004512787
2025-03-29 06:00:00,36.04778441786766
2025-03-29 06:30:00,69.61389380693436
2025-03-29 07:00:00,17.14160068333149
2025-03-29 07:30:00,30.544977098703384
2025-03-29 08:00:00,48.150426775217056
2025-03-29 08:30:00,52.75166952610016
2025-03-29 09:00:00,42.79683807492256
2025-03-29 09:30:00,50.23798710107803
2025-03-29 10:00:00,16.197701424360275
2025-03-29 10:30:00,43.85588902235031
2025-03-29 11:00:00,72.05201584100723
2025-03-29 11:30:00,74.94533878564835
2025-03-29 12:00:00,49.40274095535278
2025-03-29 12:30:00,30.63573455810547
2025-03-29 13:00:00,38.64282622933388
2025-03-29 13:30:00,42.634133756160736
2025-03-29 14:00:00,23.394225925207138
2025-03-29 14:30:00,52.87550091743469
2025-03-29 15:00:00,41.83052480220795
2025-03-29 15:30:00,31.4058735370636
2025-03-29 16:00:00,33.61683452129364
2025-03-29 16:30:00,55.993383169174194
2025-03-29 17:00:00,68.6468722820282
2025-03-29 17:30:00,60.03632950782776
2025-03-29 18:00:00,42.55371677875519
2025-03-29 18:30:00,49.90469229221344
2025-03-29 19:00:00,52.525248527526855
2025-03-29 19:30:00,45.230687469244
2025-03-29 20:00:00,44.456932067871094
2025-03-29 20:30:00,83.25657707452774
2025-03-29 21:00:00,57.18590062856674
2025-03-29 21:30:00,47.043613612651825
2025-03-29 22:00:00,41.12367755174637
2025-03-29 22:30:00,27.85393387079239
2025-03-29 23:00:00,16.15985618531704
2025-03-29 23:30:00,37.52527076005936
2025-03-30 00:00:00,17.580656334757805
2025-03-30 00:30:00,16.70343106985092
2025-03-30 01:00:00,51.75252515077591
2025-03-30 01:30:00,57.92844378948212
2025-03-30 02:00:00,35.69777196645737
2025-03-30 02:30:00,28.310062736272812
2025-03-30 03:00:00,68.17997509241104
2025-03-30 03:30:00,41.65480598807335
2025-03-30 04:00:00,35.600342482328415
2025-03-30 04:30:00,44.18042752146721
2025-03-30 05:00:00,26.621760070323944
2025-03-30 05:30:00,43.78664219379425
2025-03-30 06:00:00,46.46752128005028
2025-03-30 06:30:00,52.0663126707077
2025-03-30 07:00:00,15.927211239933968
2025-03-30 07:30:00,17.200950771570206
2025-03-30 08:00:00,22.0520171970129
2025-03-30 08:30:00,29.94695496559143
2025-03-30 09:00:00,46.58693838119507
2025-03-30 09:30:00,27.919911175966263
2025-03-30 10:00:00,61.76944863796234
2025-03-30 10:30:00,10.439628452062607
2025-03-30 11:00:00,4.8413689732551575
2025-03-30 11:30:00,44.86193090677261
2025-03-30 12:00:00,55.123082876205444
2025-03-30 12:30:00,35.86995530128479
2025-03-30 13:00:00,33.927511513233185
2025-03-30 13:30:00,32.479497134685516
2025-03-30 14:00:00,45.0525461435318
2025-03-30 14:30:00,39.34179309010506
2025-03-30 15:00:00,6.038059338927269
2025-03-30 15:30:00,31.63212686777115
2025-03-30 16:00:00,22.033676356077194
2025-03-30 16:30:00,68.51399260759354
2025-03-30 17:00:00,40.58296602964401
2025-03-30 17:30:00,56.781300723552704
2025-03-30 18:00:00,18.296998500823975
2025-03-30 18:30:00,49.22274950146675
2025-03-30 19:00:00,44.28935092687607
2025-03-30 19:30:00,15.924700558185577
2025-03-30 20:00:00,49.20952397584915
2025-03-30 20:30:00,40.59092736244202
2025-03-30 21:00:00,66.80287843942642
2025-03-30 21:30:00,26.99144747853279
2025-03-30 22:00:00,46.217115104198456
2025-03-30 22:30:00,32.52936387062073
2025-03-30 23:00:00,52.849269568920135
2025-03-30 23:30:00,18.5779939442873
2025-03-31 00:00:00,51.085455656051636
2025-03-31 00:30:00,18.97189924120903
2025-03-31 01:00:00,23.572370141744614
2025-03-31 01:30:00,46.067162215709686
2025-03-31 02:00:00,44.897849410772324
2025-03-31 02:30:00,31.516074687242508
2025-03-31 03:00:00,52.107743978500366
2025-03-31 03:30:00,37.82781586050987
2025-03-31 04:00:00,65.65901356935501
2025-03-31 04:30:00,90.59422010183334
2025-03-31 05:00:00,54.809682726860046
2025-03-31 05:30:00,60.49111992120743
2025-03-31 06:00:00,51.3488387465477
2025-03-31 06:30:00,32.74496740102768
2025-03-31 07:00:00,57.533932864665985
2025-03-31 07:30:00,52.045614361763
2025-03-31 08:00:00,33.369374096393585
2025-03-31 08:30:00,48.195014864206314
2025-03-31 09:00:00,24.04174765944481
2025-03-31 09:30:00,30.140015840530396
2025-03-31 10:00:00,36.11631143093109
2025-03-31 10:30:00,3.115647464990616
2025-03-31 11:00:00,44.85051214694977
2025-03-31 11:30:00,20.756278485059738
2025-03-31 12:00:00,7.883336707949638
2025-03-31 12:30:00,16.12831872701645
2025-03-31 13:00:00,34.50301122665405
2025-03-31 13:30:00,57.90982109308243
2025-03-31 14:00:00,37.84066557884216
2025-03-31 14:30:00,35.864422261714935
2025-03-31 15:00:00,43.08344316482544
2025-03-31 15:30:00,50.15976136922836
2025-03-31 16:00:00,76.2701924443245
2025-03-31 16:30:00,33.72748085856438
2025-03-31 17:00:00,33.006511926651
2025-03-31 17:30:00,39.40331852436066
2025-03-31 18:00:00,48.527618765830994
2025-03-31 18:30:00,36.31158956885338
2025-03-31 19:00:00,52.15209501981735
2025-03-31 19:30:00,40.21244317293167
2025-03-31 20:00:00,45.572218239307404
2025-03-31 20:30:00,29.42302179336548
2025-03-31 21:00:00,17.25487044453621
2025-03-31 21:30:00,18.203698560595512
2025-03-31 22:00:00,15.203199714422226
2025-03-31 22:30:00,22.988401755690575
2025-03-31 23:00:00,34.69976368546486
2025-03-31 23:30:00,22.57437053322792
2025-04-01 00:00:00,18.98826564848423
2025-04-01 00:30:00,44.292530834674835
2025-04-01 01:00:00,31.927314817905426
2025-04-01 01:30:00,58.16489017009735
2025-04-01 02:00:00,58.21516162157059
2025-04-01 02:30:00,55.59114795923233
2025-04-01 03:00:00,51.725310921669006
2025-04-01 03:30:00,31.28838461637497
2025-04-01 04:00:00,11.223837800323963
2025-04-01 04:30:00,25.370050072669983
2025-04-01 05:00:00,35.94904828071594
2025-04-01 05:30:00,43.40312218666077
2025-04-01 06:00:00,63.221845507621765
2025-04-01 06:30:00,38.38606023788452
2025-04-01 07:00:00,50.711874306201935
2025-04-01 07:30:00,37.17689162492752
2025-04-01 08:00:00,21.670710116624832
2025-04-01 08:30:00,58.83778178691864
2025-04-01 09:00:00,55.48287498950958
2025-04-01 09:30:00,52.42342787981033
2025-04-01 10:00:00,39.726131200790405
2025-04-01 10:30:00,57.394849479198456
2025-04-01 11:00:00,58.886862218379974
2025-04-01 11:30:00,56.26528263092041
2025-04-01 12:00:00,81.62651008367538
2025-04-01 12:30:00,54.87871563434601
2025-04-01 13:00:00,21.40735737979412
2025-04-01 13:30:00,30.976713180541992
2025-04-01 14:00:00,46.41223135590553
2025-04-01 14:30:00,55.53599679470062
2025-04-01 15:00:00,47.55769485235214
2025-04-01 15:30:00,51.261408627033234
2025-04-01 16:00:00,38.023608565330505
2025-04-01 16:30:00,47.53786379098892
2025-04-01 17:00:00,58.21257722377777
2025-04-01 17:30:00,54.62470459938049
2025-04-01 18:00:00,20.068090066313744
2025-04-01 18:30:00,21.388623386621475
2025-04-01 19:00:00,37.672052413225174
2025-04-01 19:30:00,33.324239641427994
2025-04-01 20:00:00,26.417290553450584
2025-04-01 20:30:00,33.53482469916344
2025-04-01 21:00:00,60.49893671274185
2025-04-01 21:30:00,86.3569524884224
2025-04-01 22:00:00,26.117910906672478
2025-04-01 22:30:00,28.281671941280365
2025-04-01 23:00:00,46.067376136779785
2025-04-01 23:30:00,52.946083307266235
2025-04-02 00:00:00,28.313806354999542
2025-04-02 00:30:00,38.491104155778885
2025-04-02 01:00:00,54.415651679039
2025-04-02 01:30:00,47.44308519363403
2025-04-02 02:00:00,69.78701376914978
2025-04-02 02:30:00,81.2314845919609
2025-04-02 03:00:00,49.502691239118576
2025-04-02 03:30:00,47.58093997836113
2025-04-02 04:00:00,41.11804911494255
2025-04-02 04:30:00,59.86294937133789
2025-04-02 05:00:00,61.79456412792206
2025-04-02 05:30:00,74.00153058767319
2025-04-02 06:00:00,50.28019893169403
2025-04-02 06:30:00,59.338091135025024
2025-04-02 07:00:00,28.83517825603485
2025-04-02 07:30:00,42.9209643304348
2025-04-02 08:00:00,54.99643003940582
2025-04-02 08:30:00,60.73965573310852
2025-04-02 09:00:00,41.66603684425354
2025-04-02 09:30:00,43.60457801818848
2025-04-02 10:00:00,40.704635083675385
2025-04-02 10:30:00,23.82614701986313
2025-04-02 11:00:00,14.556095704436302
2025-04-02 11:30:00,47.25970280170441
2025-04-02 12:00:00,57.131865322589874
2025-04-02 12:30:00,83.76026290655136
2025-04-02 13:00:00,50.36788922548294
2025-04-02 13:30:00,40.53394341468811
2025-04-02 14:00:00,50.118682742118835
2025-04-02 14:30:00,35.22942358255386
2025-04-02 15:00:00,44.69262972474098
2025-04-02 15:30:00,25.775947958230972
2025-04-02 16:00:00,26.284501940011978
2025-04-02 16:30:00,39.55100789666176
2025-04-02 17:00:00,61.19707679748535
2025-04-02 17:30:00,38.86938598752022
2025-04-02 18:00:00,43.31875056028366
2025-04-02 18:30:00,43.355177849531174
2025-04-02 19:00:00,26.622714042663574
2025-04-02 19:30:00,25.613584756851196
2025-04-02 20:00:00,15.558648362755775
2025-04-02 20:30:00,40.47320428490639
2025-04-02 21:00:00,45.19415321946144
2025-04-02 21:30:00,58.3581360578537
2025-04-02 22:00:00,46.958533734083176
2025-04-02 22:30:00,67.1209328174591
2025-04-02 23:00:00,52.25322186946869
2025-04-02 23:30:00,55.764591693878174
2025-04-03 00:00:00,29.572934210300446
2025-04-03 00:30:00,30.960625737905502
2025-04-03 01:00:00,49.951182544231415
2025-04-03 01:30:00,40.73482686281204
2025-04-03 02:00:00,41.741178065538406
2025-04-03 02:30:00,34.91920045018196
2025-04-03 03:00:00,40.67420914769173
2025-04-03 03:30:00,54.26062250137329
2025-04-03 04:00:00,40.69325968623161
2025-04-03 04:30:00,23.588370859622955
2025-04-03 05:00:00,55.93950974941254
2025-04-03 05:30:00,48.26708024740219
2025-04-03 06:00:00,27.231540635228157
2025-04-03 06:30:00,22.148181945085526
2025-04-03 07:00:00,49.29188936948776
2025-04-03 07:30:00,30.594283014535904
2025-04-03 08:00:00,27.729440480470657
2025-04-03 08:30:00,27.17913430929184
2025-04-03 09:00:00,27.921989679336548
2025-04-03 09:30:00,51.330710381269455
2025-04-03 10:00:00,80.26111549139023
2025-04-03 10:30:00,41.35908034443855
2025-04-03 11:00:00,60.996256947517395
2025-04-03 11:30:00,42.777339458465576
2025-04-03 12:00:00,72.05288887023926
2025-04-03 12:30:00,38.4107825756073
2025-04-03 13:00:00,57.75351417064667
2025-04-03 13:30:00,36.46973216533661
2025-04-03 14:00:00,26.596225410699844
2025-04-03 14:30:00,66.22199600934982
2025-04-03 15:00:00,33.22627246379852
2025-04-03 15:30:00,28.006904780864716
2025-04-03 16:00:00,25.4885074198246
2025-04-03 16:30:00,66.56528729200363
2025-04-03 17:00:00,34.3517430126667
2025-04-03 17:30:00,55.38056868314743
2025-04-03 18:00:00,44.64850705862045
2025-04-03 18:30:00,93.08636009693146
2025-04-03 19:00:00,61.611511290073395
2025-04-03 19:30:00,44.04859721660614
2025-04-03 20:00:00,52.615800738334656
2025-04-03 20:30:00,64.21057713031769
2025-04-03 21:00:00,77.03767186403275
2025-04-03 21:30:00,46.6340848505497
2025-04-03 22:00:00,57.30057966709137
2025-04-03 22:30:00,77.53376060724258
2025-04-03 23:00:00,39.565216302871704
2025-04-03 23:30:00,60.248828291893005
2025-04-04 00:00:00,17.163234174251556
2025-04-04 00:30:00,11.958053216338158
2025-04-04 01:00:00,60.52872955799103
2025-04-04 01:30:00,23.84631197154522
2025-04-04 02:00:00,76.22465616464615
2025-04-04 02:30:00,29.08469694852829
2025-04-04 03:00:00,5.9013355895876884
2025-04-04 03:30:00,31.714287012815475
2025-04-04 04:00:00,69.47737169265747
2025-04-04 04:30:00,66.77185410261154
2025-04-04 05:00:00,24.738026052713394
2025-04-04 05:30:00,47.149660646915436
2025-04-04 06:00:00,52.2222900390625
2025-04-04 06:30:00,19.24573266506195
2025-04-04 07:00:00,41.42029646039009
2025-04-04 07:30:00,58.01109826564789
2025-04-04 08:00:00,33.91036891937256
2025-04-04 08:30:00,47.22916701436043
2025-04-04 09:00:00,53.60045629739761
2025-04-04 09:30:00,55.50734293460846
2025-04-04 10:00:00,45.48959267139435
2025-04-04 10:30:00,38.070971846580505
2025-04-04 11:00:00,14.338418006896973
2025-04-04 11:30:00,21.586445450782776
2025-04-04 12:00:00,42.879350900650024
2025-04-04 12:30:00,31.846978783607483
2025-04-04 13:00:00,22.504649609327316
2025-04-04 13:30:00,32.62893256545067
2025-04-04 14:00:00,12.569127425551414
2025-04-04 14:30:00,27.498469322919846
2025-04-04 15:00:00,26.16364376246929
2025-04-04 15:30:00,31.981818437576294
2025-04-04 16:00:00,16.175170332193375
2025-04-04 16:30:00,14.963118843734264
2025-04-04 17:00:00,53.352001428604126
2025-04-04 17:30:00,33.277633756399155
2025-04-04 18:00:00,27.14499944448471
2025-04-04 18:30:00,33.1062887609005
2025-04-04 19:00:00,36.10945439338684
2025-04-04 19:30:00,59.91453903913498
2025-04-04 20:00:00,24.685768604278564
2025-04-04 20:30:00,41.92905569076538
2025-04-04 21:00:00,49.47275385260582
2025-04-04 21:30:00,33.30130961537361
2025-04-04 22:00:00,18.791439473628998
2025-04-04 22:30:00,35.871909499168396
2025-04-04 23:00:00,50.2318816781044
2025-04-04 23:30:00,33.10415244102478
2025-04-05 00:00:00,62.655555963516235
2025-04-05 00:30:00,17.079874336719513
2025-04-05 01:00:00,30.958813190460205
2025-04-05 01:30:00,50.209720611572266
2025-04-05 02:00:00,53.615575313568115
2025-04-05 02:30:00,50.03248989582062
2025-04-05 03:00:00,32.74937880039215
2025-04-05 03:30:00,31.97641259431839
2025-04-05 04:00:00,57.11383813619614
2025-04-05 04:30:00,64.24348050355911
2025-04-05 05:00:00,36.79231935739517
2025-04-05 05:30:00,55.19782227277756
2025-04-05 06:00:00,31.42856651544571
2025-04-05 06:30:00,41.36255222558975
2025-04-05 07:00:00,87.54908835887909
2025-04-05 07:30:00,23.507129997015
2025-04-05 08:00:00,36.63250586390495
2025-04-05 08:30:00,44.9694667160511
2025-04-05 09:00:00,48.21454817056656
2025-04-05 09:30:00,34.99815756082535
2025-04-05 10:00:00,37.59166723489761
2025-04-05 10:30:00,24.96607169508934
2025-04-05 11:00:00,58.52376878261566
2025-04-05 11:30:00,62.16191864013672
2025-04-05 12:00:00,52.64389955997467
2025-04-05 12:30:00,29.975001752376556
2025-04-05 13:00:00,74.87632900476456
2025-04-05 13:30:00,52.13415455818176
2025-04-05 14:00:00,20.820115134119987
2025-04-05 14:30:00,30.385374635457993
2025-04-05 15:00:00,68.09225589036942
2025-04-05 15:30:00,49.026338160037994
2025-04-05 16:00:00,55.49842184782028
2025-04-05 16:30:00,46.55262139439583
2025-04-05 17:00:00,42.90024867653847
2025-04-05 17:30:00,24.90837660431862
2025-04-05 18:00:00,24.303332656621933
2025-04-05 18:30:00,42.5357763171196
2025-04-05 19:00:00,53.42637658119202
2025-04-05 19:30:00,54.067272543907166
2025-04-05 20:00:00,32.197277426719666
2025-04-05 20:30:00,18.509358525276184
2025-04-05 21:00:00,35.326419442892075
2025-04-05 21:30:00,63.84598046541214
2025-04-05 22:00:00,67.50601387023926
2025-04-05 22:30:00,38.07056134939194
2025-04-05 23:00:00,45.37681579589844
2025-04-05 23:30:00,21.690000593662262
2025-04-06 00:00:00,55.2013201713562
2025-04-06 00:30:00,54.67229914665222
2025-04-06 01:00:00,56.792314767837524
2025-04-06 01:30:00,44.347216576337814
2025-04-06 02:00:00,24.904017239809036
2025-04-06 02:30:00,32.442098528146744
2025-04-06 03:00:00,50.931432485580444
2025-04-06 03:30:00,29.301743000745773
2025-04-06 04:00:00,41.20385459065437
2025-04-06 04:30:00,42.03963553905487
2025-04-06 05:00:00,61.21940553188324
2025-04-06 05:30:00,27.489383459091187
2025-04-06 06:00:00,25.340846955776215
2025-04-06 06:30:00,17.955577582120895
2025-04-06 07:00:00,54.7910658121109
2025-04-06 07:30:00,61.58560371398926
2025-04-06 08:00:00,54.89858138561249
2025-04-06 08:30:00,80.60294979810715
2025-04-06 09:00:00,75.12468558549881
2025-04-06 09:30:00,49.88001909852028
2025-04-06 10:00:00,48.30099540948868
2025-04-06 10:30:00,60.408043384552
2025-04-06 11:00:00,42.24177360534668
2025-04-06 11:30:00,27.793518513441086
2025-04-06 12:00:00,36.8194295167923
2025-04-06 12:30:00,64.46507382392883
2025-04-06 13:00:00,38.48245191574097
2025-04-06 13:30:00,63.47552698850632
2025-04-06 14:00:00,46.30732041597366
2025-04-06 14:30:00,46.69302010536194
2025-04-06 15:00:00,96.8537934422493
2025-04-06 15:30:00,38.541366934776306
2025-04-06 16:00:00,18.873830884695053
2025-04-06 16:30:00,11.827646642923355
2025-04-06 17:00:00,29.92719617486
2025-04-06 17:30:00,7.511206552386284
2025-04-06 18:00:00,12.972335398197174
2025-04-06 18:30:00,44.519304513931274
2025-04-06 19:00:00,36.777154088020325
2025-04-06 19:30:00,70.6276079416275
2025-04-06 20:00:00,46.25037983059883
2025-04-06 20:30:00,17.791916400194168
2025-04-06 21:00:00,54.74047636985779
2025-04-06 21:30:00,49.552286237478256
2025-04-06 22:00:00,53.18121147155762
2025-04-06 22:30:00,53.6682345867157
2025-04-06 23:00:00,51.5891877412796
2025-04-06 23:30:00,52.075366735458374
2025-04-07 00:00:00,61.47028291225433
2025-04-07 00:30:00,28.240963339805603
2025-04-07 01:00:00,31.119508385658264
2025-04-07 01:30:00,56.49133360385895
2025-04-07 02:00:00,61.974026560783386
2025-04-07 02:30:00,69.29349786043167
2025-04-07 03:00:00,25.3151865452528
2025-04-07 03:30:00,57.01931971311569
2025-04-07 04:00:00,39.66605985164642
2025-04-07 04:30:00,66.1546802520752
2025-04-07 05:00:00,24.34500679373741
2025-04-07 05:30:00,61.622704565525055
2025-04-07 06:00:00,59.23798185586929
2025-04-07 06:30:00,46.76682287454605
2025-04-07 07:00:00,22.580585807561874
2025-04-07 07:30:00,36.954321205616
2025-04-07 08:00:00,36.58963492512703
2025-04-07 08:30:00,56.713730573654175
2025-04-07 09:00:00,48.24728387594223
2025-04-07 09:30:00,44.86217951774597
2025-04-07 10:00:00,52.910612881183624
2025-04-07 10:30:00,59.135340213775635
2025-04-07 11:00:00,17.890450179576874
2025-04-07 11:30:00,26.203683137893677
2025-04-07 12:00:00,50.61573123931885
2025-04-07 12:30:00,44.751171827316284
2025-04-07 13:00:00,50.94749969244003
2025-04-07 13:30:00,25.274865314364433
2025-04-07 14:00:00,53.618078768253326
2025-04-07 14:30:00,28.01950877904892
2025-04-07 15:00:00,48.8922905921936
2025-04-07 15:30:00,37.8435737490654
2025-04-07 16:00:00,59.31539237499237
2025-04-07 16:30:00,40.096451699733734
2025-04-07 17:00:00,46.33968898653984
2025-04-07 17:30:00,53.565997660160065
2025-04-07 18:00:00,52.334407806396484
2025-04-07 18:30:00,85.82396525144577
2025-04-07 19:00:00,30.714385241270065
2025-04-07 19:30:00,36.3223694562912
2025-04-07 20:00:00,13.263670600950718
2025-04-07 20:30:00,26.371353894472122
2025-04-07 21:00:00,19.473807215690613
2025-04-07 21:30:00,57.88164710998535
2025-04-07 22:00:00,54.674750566482544
2025-04-07 22:30:00,64.11192482709885
2025-04-07 23:00:00,27.133025646209717
2025-04-07 23:30:00,22.35342764854431
2025-04-08 00:00:00,18.22791500389576
2025-04-08 00:30:00,52.77054661512375
2025-04-08 01:00:00,73.4500305056572
2025-04-08 01:30:00,58.122285187244415
2025-04-08 02:00:00,68.41455399990082
2025-04-08 02:30:00,52.631654024124146
2025-04-08 03:00:00,39.662590861320496
2025-04-08 03:30:00,60.84868609905243
2025-04-08 04:00:00,46.711047291755676
2025-04-08 04:30:00,36.61488339304924
2025-04-08 05:00:00,32.34319472312927
2025-04-08 05:30:00,56.900350689888
2025-04-08 06:00:00,37.542040437459946
2025-04-08 06:30:00,19.00904056429863
2025-04-08 07:00:00,37.66458252072334
2025-04-08 07:30:00,50.05324602127075
2025-04-08 08:00:00,42.82210099697113
2025-04-08 08:30:00,20.24642652273178
2025-04-08 09:00:00,23.536860689520836
2025-04-08 09:30:00,50.711353957653046
2025-04-08 10:00:00,60.48482370376587
2025-04-08 10:30:00,11.240822844207287
2025-04-08 11:00:00,25.666968181729317
2025-04-08 11:30:00,20.531349152326584
2025-04-08 12:00:00,72.87068599462509
2025-04-08 12:30:00,71.6440047621727
2025-04-08 13:00:00,54.19811129570007
2025-04-08 13:30:00,40.388318091630936
2025-04-08 14:00:00,36.792001366615295
2025-04-08 14:30:00,31.32752639055252
2025-04-08 15:00:00,28.325340747833252
2025-04-08 15:30:00,35.313428074121475
2025-04-08 16:00:00,26.433552891016006
2025-04-08 16:30:00,16.07350145280361
2025-04-08 17:00:00,36.50987705588341
2025-04-08 17:30:00,31.90497162938118
2025-04-08 18:00:00,33.96187764406204
2025-04-08 18:30:00,31.493049263954163
2025-04-08 19:00:00,35.966416358947754
2025-04-08 19:30:00,78.98393154144287
2025-04-08 20:00:00,22.867471307516098
2025-04-08 20:30:00,36.26715758442879
2025-04-08 21:00:00,31.803792744874954
2025-04-08 21:30:00,29.70938116312027
2025-04-08 22:00:00,49.49105855822563
2025-04-08 22:30:00,33.25473552942276
2025-04-08 23:00:00,31.552108824253082
2025-04-08 23:30:00,32.012790739536285
2025-04-09 00:00:00,24.914866507053375
2025-04-09 00:30:00,48.58412283658981
2025-04-09 01:00:00,30.07941547036171
2025-04-09 01:30:00,69.94423997402191
2025-04-09 02:00:00,26.509747818112373
2025-04-09 02:30:00,34.7812097966671
2025-04-09 03:00:00,19.95916087925434
2025-04-09 03:30:00,16.39621728658676
2025-04-09 04:00:00,34.980587124824524
2025-04-09 04:30:00,37.482764065265656
2025-04-09 05:00:00,63.264872550964355
2025-04-09 05:30:00,33.709878623485565
2025-04-09 06:00:00,28.515915513038635
2025-04-09 06:30:00,26.05760684609413
2025-04-09 07:00:00,46.509371757507324
2025-04-09 07:30:00,32.35331839323044
2025-04-09 08:00:00,40.11294674873352
2025-04-09 08:30:00,22.637144804000854
2025-04-09 09:00:00,59.96441733837128
2025-04-09 09:30:00,42.27977639436722
2025-04-09 10:00:00,36.47967082262039
2025-04-09 10:30:00,33.33556589484215
2025-04-09 11:00:00,62.64891862869263
2025-04-09 11:30:00,67.36532318592072
2025-04-09 12:00:00,63.22479993104935
2025-04-09 12:30:00,45.926509112119675
2025-04-09 13:00:00,19.606393471360207
2025-04-09 13:30:00,15.290226563811302
2025-04-09 14:00:00,53.10076558589935
2025-04-09 14:30:00,71.20355862379074
2025-04-09 15:00:00,40.51338964700699
2025-04-09 15:30:00,54.650802969932556
2025-04-09 16:00:00,25.599332988262177
2025-04-09 16:30:00,35.41027072072029
2025-04-09 17:00:00,41.624888837337494
2025-04-09 17:30:00,24.054991975426674
2025-04-09 18:00:00,24.73102158308029
2025-04-09 18:30:00,23.012806102633476
2025-04-09 19:00:00,34.05967137217522
2025-04-09 19:30:00,12.892875283956528
2025-04-09 20:00:00,43.07420697808266
2025-04-09 20:30:00,93.14055728912354
2025-04-09 21:00:00,55.39675730466843
2025-04-09 21:30:00,17.506555810570717
2025-04-09 22:00:00,48.72357913851738
2025-04-09 22:30:00,66.9065665602684
2025-04-09 23:00:00,57.498479783535004
2025-04-09 23:30:00,44.10151666402817
2025-04-10 00:00:00,31.921082198619843
2025-04-10 00:30:00,40.25409996509552
2025-04-10 01:00:00,32.22083765268326
2025-04-10 01:30:00,33.10575973987579
2025-04-10 02:00:00,51.47412711381912
2025-04-10 02:30:00,13.750901132822037
2025-04-10 03:00:00,67.73237127065659
2025-04-10 03:30:00,36.11683467030525
2025-04-10 04:00:00,28.70067971944809
2025-04-10 04:30:00,22.133889704942703
2025-04-10 05:00:00,25.247847661376
2025-04-10 05:30:00,9.740570530295372
2025-04-10 06:00:00,56.618339121341705
2025-04-10 06:30:00,14.702946737408638
2025-04-10 07:00:00,2.649065375328064
2025-04-10 07:30:00,3.7735342532396317
2025-04-10 08:00:00,24.491187155246735
2025-04-10 08:30:00,58.89384067058563
2025-04-10 09:00:00,29.018615573644638
2025-04-10 09:30:00,36.055442214012146
2025-04-10 10:00:00,8.427951566874981
2025-04-10 10:30:00,6.546606093645096
2025-04-10 11:00:00,7.614758804440498
2025-04-10 11:30:00,45.90345478057861
2025-04-10 12:00:00,33.27203422784805
2025-04-10 12:30:00,36.22518280148506
2025-04-10 13:00:00,75.4931270480156
2025-04-10 13:30:00,14.731106266379356
2025-04-10 14:00:00,33.19662415981293
2025-04-10 14:30:00,61.5660617351532
2025-04-10 15:00:00,51.194595873355865
2025-04-10 15:30:00,58.785874128341675
2025-04-10 16:00:00,60.99578285217285
2025-04-10 16:30:00,20.962006956338882
2025-04-10 17:00:00,48.7687107026577
2025-04-10 17:30:00,46.52538114786148
2025-04-10 18:00:00,43.55292186141014
2025-04-10 18:30:00,56.005171954631805
2025-04-10 19:00:00,51.72865271568298
2025-04-10 19:30:00,46.161403119564056
2025-04-10 20:00:00,53.3146288394928
2025-04-10 20:30:00,48.95150336623192
2025-04-10 21:00:00,24.84644789993763
2025-04-10 21:30:00,15.87177388370037
2025-04-10 22:00:00,37.31466257572174
2025-04-10 22:30:00,48.131315529346466
2025-04-10 23:00:00,36.11535167694092
2025-04-10 23:30:00,30.301699697971344
2025-04-11 00:00:00,-5.903221487998962
2025-04-11 00:30:00,31.866289496421814
2025-04-11 01:00:00,32.71430152654648
2025-04-11 01:30:00,29.108742833137512
2025-04-11 02:00:00,39.83987361192703
2025-04-11 02:30:00,58.37068223953247
2025-04-11 03:00:00,45.594119131565094
2025-04-11 03:30:00,57.67175006866455
2025-04-11 04:00:00,37.90042471885681
2025-04-11 04:30:00,65.8985184431076
2025-04-11 05:00:00,62.691853165626526
2025-04-11 05:30:00,32.04072189331055
2025-04-11 06:00:00,35.80731689929962
2025-04-11 06:30:00,66.57232934236526
2025-04-11 07:00:00,39.55117267370224
2025-04-11 07:30:00,35.7705340385437
2025-04-11 08:00:00,44.22069671750069
2025-04-11 08:30:00,97.97752660512923
2025-04-11 09:00:00,56.84024465084076
2025-04-11 09:30:00,32.71814921498299
2025-04-11 10:00:00,30.341217279434204
2025-04-11 10:30:00,12.301201403141022
2025-04-11 11:00:00,58.63939023017883
2025-04-11 11:30:00,65.91805464029312
2025-04-11 12:00:00,31.552316963672638
2025-04-11 12:30:00,11.823850266635418
2025-04-11 13:00:00,40.884730607271194
2025-04-11 13:30:00,46.948239505290985
2025-04-11 14:00:00,43.72832268476486
2025-04-11 14:30:00,23.289664775133133
2025-04-11 15:00:00,68.27193224430084
2025-04-11 15:30:00,31.025822520256042
2025-04-11 16:00:00,25.705199345946312
2025-04-11 16:30:00,40.139264822006226
2025-04-11 17:00:00,31.177602410316467
2025-04-11 17:30:00,51.79545968770981
2025-04-11 18:00:00,30.09697723388672
2025-04-11 18:30:00,34.20777702331543
2025-04-11 19:00:00,33.42469871044159
2025-04-11 19:30:00,22.035280764102936
2025-04-11 20:00:00,46.642644584178925
2025-04-11 20:30:00,52.32344579696655
2025-04-11 21:00:00,60.43114686012268
2025-04-11 21:30:00,46.01528924703598
2025-04-11 22:00:00,26.97849079966545
2025-04-11 22:30:00,26.953327611088753
2025-04-11 23:00:00,35.91367903351784
2025-04-11 23:30:00,34.38605132699013
2025-04-12 00:00:00,10.782156556844711
2025-04-12 00:30:00,19.284036099910736
2025-04-12 01:00:00,45.042642176151276
2025-04-12 01:30:00,57.42104613780975
2025-04-12 02:00:00,26.45829112827778
2025-04-12 02:30:00,34.52078112959862
2025-04-12 03:00:00,28.919260799884796
2025-04-12 03:30:00,15.500729233026505
2025-04-12 04:00:00,24.266548350453377
2025-04-12 04:30:00,17.610767170786858
2025-04-12 05:00:00,34.01416689157486
2025-04-12 05:30:00,44.75110822916031
2025-04-12 06:00:00,91.57977759838104
2025-04-12 06:30:00,28.49076533317566
2025-04-12 07:00:00,34.82924085855484
2025-04-12 07:30:00,51.07710117101669
2025-04-12 08:00:00,35.7053228020668
2025-04-12 08:30:00,51.141959726810455
2025-04-12 09:00:00,20.23789569735527
2025-04-12 09:30:00,36.30219438672066
2025-04-12 10:00:00,35.90866634249687
2025-04-12 10:30:00,45.55387017130852
2025-04-12 11:00:00,44.425332456827164
2025-04-12 11:30:00,32.419049978256226
2025-04-12 12:00:00,52.98103338479996
2025-04-12 12:30:00,39.39330181479454
2025-04-12 13:00:00,20.086185187101364
2025-04-12 13:30:00,67.21529513597488
2025-04-12 14:00:00,35.36503508687019
2025-04-12 14:30:00,32.27691966295242
2025-04-12 15:00:00,40.55776670575142
2025-04-12 15:30:00,28.3400781750679
2025-04-12 16:00:00,36.97652852535248
2025-04-12 16:30:00,57.91628497838974
2025-04-12 17:00:00,51.17637211084366
2025-04-12 17:30:00,48.80041438341141
2025-04-12 18:00:00,32.96794831752777
2025-04-12 18:30:00,25.84021244943142
2025-04-12 19:00:00,69.4117904305458
2025-04-12 19:30:00,63.86288022994995
2025-04-12 20:00:00,48.835717141628265
2025-04-12 20:30:00,60.60698997974396
2025-04-12 21:00:00,16.28700913488865
2025-04-12 21:30:00,33.61702820658684
2025-04-12 22:00:00,32.09865692257881
2025-04-12 22:30:00,46.4151771068573
2025-04-12 23:00:00,55.544877409935
2025-04-12 23:30:00,30.626746982336044
2025-04-13 00:00:00,51.928975343704224
2025-04-13 00:30:00,41.60297638177872
2025-04-13 01:00:00,42.348260045051575
2025-04-13 01:30:00,52.28118193149567
2025-04-13 02:00:00,52.66473662853241
2025-04-13 02:30:00,37.336482524871826
2025-04-13 03:00:00,31.455133199691772
2025-04-13 03:30:00,6.719418182969093
2025-04-13 04:00:00,17.727237075567245
2025-04-13 04:30:00,30.992410361766815
2025-04-13 05:00:00,23.27423933148384
2025-04-13 05:30:00,25.654267340898514
2025-04-13 06:00:00,26.180556535720825
2025-04-13 06:30:00,8.20091988146305
2025-04-13 07:00:00,19.042209893465042
2025-04-13 07:30:00,31.741084963083267
2025-04-13 08:00:00,32.24545881152153
2025-04-13 08:30:00,43.94017392396927
2025-04-13 09:00:00,23.114446073770523
2025-04-13 09:30:00,41.36468854546547
2025-04-13 10:00:00,33.67566281557083
2025-04-13 10:30:00,26.486189037561417
2025-04-13 11:00:00,48.69469112157822
2025-04-13 11:30:00,43.574955731630325
2025-04-13 12:00:00,65.85386097431183
2025-04-13 12:30:00,35.88424175977707
2025-04-13 13:00:00,33.45932790637016
2025-04-13 13:30:00,30.863473773002625
2025-04-13 14:00:00,57.27509415149689
2025-04-13 14:30:00,52.35547614097595
2025-04-13 15:00:00,74.13345628976822
2025-04-13 15:30:00,64.35565030574799
2025-04-13 16:00:00,43.537129282951355
2025-04-13 16:30:00,35.232323080301285
2025-04-13 17:00:00,55.22764980792999
2025-04-13 17:30:00,42.68852752447128
2025-04-13 18:00:00,30.451768219470978
2025-04-13 18:30:00,42.15099301934242
2025-04-13 19:00:00,50.72456502914429
2025-04-13 19:30:00,27.961698055267334
2025-04-13 20:00:00,29.46119514107704
2025-04-13 20:30:00,4.685856305062771
2025-04-13 21:00:00,9.079015284776688
2025-04-13 21:30:00,29.494615972042084
2025-04-13 22:00:00,21.11827340722084
2025-04-13 22:30:00,4.548847086727619
2025-04-13 23:00:00,40.5512016415596
2025-04-13 23:30:00,33.532052397727966
2025-04-14 00:00:00,16.520965069532394
2025-04-14 00:30:00,2.1498502045869827
2025-04-14 01:00:00,57.03246718645096
2025-04-14 01:30:00,13.083428367972374
2025-04-14 02:00:00,65.53298515081406
2025-04-14 02:30:00,44.35855150222778
2025-04-14 03:00:00,83.12486529350281
2025-04-14 03:30:00,37.298566460609436
2025-04-14 04:00:00,34.552374958992004
2025-04-14 04:30:00,61.19291400909424
2025-04-14 05:00:00,34.11947965621948
2025-04-14 05:30:00,52.33470845222473
2025-04-14 06:00:00,48.676513612270355
2025-04-14 06:30:00,30.13467937707901
2025-04-14 07:00:00,44.774402499198914
2025-04-14 07:30:00,54.415802001953125
2025-04-14 08:00:00,38.686388075351715
2025-04-14 08:30:00,33.46191808581352
2025-04-14 09:00:00,32.22143027186394
2025-04-14 09:30:00,66.98818612098694
2025-04-14 10:00:00,35.877465665340424
2025-04-14 10:30:00,43.816900461912155
2025-04-14 11:00:00,41.03837797045708
2025-04-14 11:30:00,61.9899896979332
2025-04-14 12:00:00,56.038063764572144
2025-04-14 12:30:00,77.96699124574661
2025-04-14 13:00:00,49.375266551971436
2025-04-14 13:30:00,31.196022748947144
2025-04-14 14:00:00,23.399244397878647
2025-04-14 14:30:00,13.104725077748299
2025-04-14 15:00:00,50.105367600917816
2025-04-14 15:30:00,64.30184626579285
2025-04-14 16:00:00,42.0296448469162
2025-04-14 16:30:00,49.3238445520401
2025-04-14 17:00:00,26.274934753775597
2025-04-14 17:30:00,38.80098617076874
2025-04-14 18:00:00,38.92690473794937
2025-04-14 18:30:00,40.4199957549572
2025-04-14 19:00:00,33.66520091891289
2025-04-14 19:30:00,37.109992146492004
2025-04-14 20:00:00,10.273798428475857
2025-04-14 20:30:00,53.818939089775085
2025-04-14 21:00:00,34.47973430156708
2025-04-14 21:30:00,33.70663511753082
2025-04-14 22:00:00,31.56507706642151
2025-04-14 22:30:00,21.11559361219406
2025-04-14 23:00:00,14.454228803515434
2025-04-14 23:30:00,42.55721178650856
2025-04-15 00:00:00,79.76963472366333
2025-04-15 00:30:00,58.93217879533768
2025-04-15 01:00:00,45.69358664751053
2025-04-15 01:30:00,37.99509924650192
2025-04-15 02:00:00,53.86189675331116
2025-04-15 02:30:00,48.503023624420166
2025-04-15 03:00:00,46.9099967777729
2025-04-15 03:30:00,51.42514497041702
2025-04-15 04:00:00,61.934468507766724
2025-04-15 04:30:00,55.06239867210388
2025-04-15 05:00:00,53.241381108760834
2025-04-15 05:30:00,60.3941153883934
2025-04-15 06:00:00,19.36442705988884
2025-04-15 06:30:00,13.025671124458313
2025-04-15 07:00:00,49.73589411377907
2025-04-15 07:30:00,24.922295928001404
2025-04-15 08:00:00,60.08610951900482
2025-04-15 08:30:00,27.96384882926941
2025-04-15 09:00:00,35.670323580503464
2025-04-15 09:30:00,48.05008912086487
2025-04-15 10:00:00,21.5975404381752
2025-04-15 10:30:00,15.900066390633583
2025-04-15 11:00:00,11.293452486395836
2025-04-15 11:30:00,72.61140209436417
2025-04-15 12:00:00,47.19163542985916
2025-04-15 12:30:00,62.60119688510895
2025-04-15 13:00:00,59.900298833847046
2025-04-15 13:30:00,44.78752684593201
2025-04-15 14:00:00,33.89308178424835
2025-04-15 14:30:00,48.71196669340134
2025-04-15 15:00:00,48.1718535721302
2025-04-15 15:30:00,60.58793365955353
2025-04-15 16:00:00,52.38489317893982
2025-04-15 16:30:00,40.38465541601181
2025-04-15 17:00:00,35.99655321240425
2025-04-15 17:30:00,17.694608330726624
2025-04-15 18:00:00,27.725893437862396
2025-04-15 18:30:00,40.94284197688103
2025-04-15 19:00:00,40.599455296993256
2025-04-15 19:30:00,50.22527325153351
2025-04-15 20:00:00,37.93873971700668
2025-04-15 20:30:00,46.264062106609344
2025-04-15 21:00:00,46.604442328214645
2025-04-15 21:30:00,55.94578284025192
2025-04-15 22:00:00,35.540002286434174
2025-04-15 22:30:00,46.074880719184875
2025-04-15 23:00:00,20.01342311501503
2025-04-15 23:30:00,36.706415593624115
2025-04-16 00:00:00,54.37085545063019
2025-04-16 00:30:00,40.00019299983978
2025-04-16 01:00:00,46.18348902463913
2025-04-16 01:30:00,33.81197679042816
2025-04-16 02:00:00,70.16695493459702
2025-04-16 02:30:00,38.59436732530594
2025-04-16 03:00:00,76.67570585012436
2025-04-16 03:30:00,51.20317006111145
2025-04-16 04:00:00,46.846097975969315
2025-04-16 04:30:00,33.3529195189476
2025-04-16 05:00:00,21.148155868053436
2025-04-16 05:30:00,45.97179967164993
2025-04-16 06:00:00,38.06068629026413
2025-04-16 06:30:00,24.390809029340744
2025-04-16 07:00:00,27.872030436992645
2025-04-16 07:30:00,31.95888841152191
2025-04-16 08:00:00,14.18663739413023
2025-04-16 08:30:00,32.24784952402115
2025-04-16 09:00:00,51.146350890398026
2025-04-16 09:30:00,24.86025881767273
2025-04-16 10:00:00,37.36890023946762
2025-04-16 10:30:00,55.29550325870514
2025-04-16 11:00:00,59.57332915067673
2025-04-16 11:30:00,29.468474239110947
2025-04-16 12:00:00,73.70423811674118
2025-04-16 12:30:00,91.05641102790833
2025-04-16 13:00:00,36.243056774139404
2025-04-16 13:30:00,43.39284819364548
2025-04-16 14:00:00,63.863498866558075
2025-04-16 14:30:00,72.36007952690125
2025-04-16 15:00:00,46.02066618204117
2025-04-16 15:30:00,54.29327726364136
2025-04-16 16:00:00,58.372509241104126
2025-04-16 16:30:00,31.391448318958282
2025-04-16 17:00:00,39.580676436424255
2025-04-16 17:30:00,43.52525955438614
2025-04-16 18:00:00,33.33370131254196
2025-04-16 18:30:00,21.459234684705734
2025-04-16 19:00:00,26.885195195674896
2025-04-16 19:30:00,30.567511081695557
2025-04-16 20:00:00,34.487267792224884
2025-04-16 20:30:00,49.61127930879593
2025-04-16 21:00:00,51.927414298057556
2025-04-16 21:30:00,39.54558181762695
2025-04-16 22:00:00,34.12782835960388
2025-04-16 22:30:00,39.04030603170395
2025-04-16 23:00:00,70.93866074085236
2025-04-16 23:30:00,40.89827701449394
2025-04-17 00:00:00,25.05055172741413
2025-04-17 00:30:00,49.65506953001022
2025-04-17 01:00:00,26.262439161539078
2025-04-17 01:30:00,39.391691625118256
2025-04-17 02:00:00,67.21781015396118
2025-04-17 02:30:00,67.40030217170715
2025-04-17 03:00:00,49.03168907761574
2025-04-17 03:30:00,39.45017012953758
2025-04-17 04:00:00,21.634323298931122
2025-04-17 04:30:00,39.84238573908806
2025-04-17 05:00:00,46.21645599603653
2025-04-17 05:30:00,46.24350833892822
2025-04-17 06:00:00,26.85098372399807
2025-04-17 06:30:00,54.53045213222504
2025-04-17 07:00:00,24.0278153270483
2025-04-17 07:30:00,72.51830017566681
2025-04-17 08:00:00,38.064004957675934
2025-04-17 08:30:00,49.21273857355118
2025-04-17 09:00:00,66.40718805789948
2025-04-17 09:30:00,57.37502998113632
2025-04-17 10:00:00,61.860347747802734
2025-04-17 10:30:00,58.787151873111725
2025-04-17 11:00:00,56.30895721912384
2025-04-17 11:30:00,64.9331504702568
2025-04-17 12:00:00,82.04000216722488
2025-04-17 12:30:00,41.56684106588364
2025-04-17 13:00:00,38.741972863674164
2025-04-17 13:30:00,27.826245546340942
2025-04-17 14:00:00,52.963358879089355
2025-04-17 14:30:00,46.39598202705383
2025-04-17 15:00:00,44.46299123764038
2025-04-17 15:30:00,44.936722338199615
2025-04-17 16:00:00,37.79711529612541
2025-04-17 16:30:00,42.55985110998154
2025-04-17 17:00:00,32.70026367902756
2025-04-17 17:30:00,41.27804762125015
2025-04-17 18:00:00,27.879228591918945
2025-04-17 18:30:00,27.72397392988205
2025-04-17 19:00:00,56.190178990364075
2025-04-17 19:30:00,24.696850582957268
2025-04-17 20:00:00,42.048498809337616
2025-04-17 20:30:00,63.91081589460373
2025-04-17 21:00:00,22.999388337135315
2025-04-17 21:30:00,30.372183799743652
2025-04-17 22:00:00,33.82867130637169
2025-04-17 22:30:00,31.064406365156174
2025-04-17 23:00:00,28.18484663963318
2025-04-17 23:30:00,46.35283935070038
2025-04-18 00:00:00,19.637968510389328
2025-04-18 00:30:00,30.403245717287064
2025-04-18 01:00:00,28.46135985851288
2025-04-18 01:30:00,73.79889529943466
2025-04-18 02:00:00,34.82926398515701
2025-04-18 02:30:00,42.11027863621712
2025-04-18 03:00:00,29.085431218147278
2025-04-18 03:30:00,22.0941321849823
2025-04-18 04:00:00,46.48009926080704
2025-04-18 04:30:00,30.84669542312622
2025-04-18 05:00:00,11.546765387058258
2025-04-18 05:30:00,9.502314493060112
2025-04-18 06:00:00,17.790998563170433
2025-04-18 06:30:00,41.07368361949921
2025-04-18 07:00:00,28.117126166820526
2025-04-18 07:30:00,21.665149614214897
2025-04-18 08:00:00,40.52914175391197
2025-04-18 08:30:00,48.31982046365738
2025-04-18 09:00:00,45.40924796462059
2025-04-18 09:30:00,23.52180527150631
2025-04-18 10:00:00,4.878384545445442
2025-04-18 10:30:00,35.14608108997345
2025-04-18 11:00:00,10.074881464242935
2025-04-18 11:30:00,29.970460265874863
2025-04-18 12:00:00,17.254393458366394
2025-04-18 12:30:00,34.03145980834961
2025-04-18 13:00:00,28.297545462846756
2025-04-18 13:30:00,36.941537976264954
2025-04-18 14:00:00,13.10993868112564
2025-04-18 14:30:00,42.16499039530754
2025-04-18 15:00:00,28.685734152793884
2025-04-18 15:30:00,31.921862721443176
2025-04-18 16:00:00,53.313420474529266
2025-04-18 16:30:00,34.28706079721451
2025-04-18 17:00:00,33.311861127614975
2025-04-18 17:30:00,57.824032962322235
2025-04-18 18:00:00,32.147879004478455
2025-04-18 18:30:00,22.04198169708252
2025-04-18 19:00:00,24.573503404855728
2025-04-18 19:30:00,49.7672798037529
2025-04-18 20:00:00,39.553774416446686
2025-04-18 20:30:00,42.032229244709015
2025-04-18 21:00:00,23.256314769387245
2025-04-18 21:30:00,47.27574399113655
2025-04-18 22:00:00,38.094780683517456
2025-04-18 22:30:00,69.65418034791946
2025-04-18 23:00:00,40.928731858730316
2025-04-18 23:30:00,56.97216457128525
2025-04-19 00:00:00,31.87526261806488
2025-04-19 00:30:00,38.870840072631836
2025-04-19 01:00:00,23.48246981203556
2025-04-19 01:30:00,21.471618980169296
2025-04-19 02:00:00,34.681022465229034
2025-04-19 02:30:00,53.492090821266174
2025-04-19 03:00:00,22.576814725995064
2025-04-19 03:30:00,31.782923877239227
2025-04-19 04:00:00,64.80730128288269
2025-04-19 04:30:00,18.214422076940536
2025-04-19 05:00:00,48.80072659254074
2025-04-19 05:30:00,58.53458625078201
2025-04-19 06:00:00,26.03658476471901
2025-04-19 06:30:00,29.491378247737885
2025-04-19 07:00:00,56.337830781936646
2025-04-19 07:30:00,38.80140823125839
2025-04-19 08:00:00,58.50144004821777
2025-04-19 08:30:00,63.578105032444
2025-04-19 09:00:00,37.36863428354263
2025-04-19 09:30:00,34.28796273469925
2025-04-19 10:00:00,36.269221633672714
2025-04-19 10:30:00,57.49765878915787
2025-04-19 11:00:00,54.49596458673477
2025-04-19 11:30:00,24.24320349097252
2025-04-19 12:00:00,24.97579498589039
2025-04-19 12:30:00,37.43729716539383
2025-04-19 13:00:00,28.38666671514511
2025-04-19 13:30:00,75.6240583062172
2025-04-19 14:00:00,53.306343734264374
2025-04-19 14:30:00,63.67166370153427
2025-04-19 15:00:00,51.90179580450058
2025-04-19 15:30:00,40.00804737210274
2025-04-19 16:00:00,57.64923632144928
2025-04-19 16:30:00,53.03714430332184
2025-04-19 17:00:00,31.58966064453125
2025-04-19 17:30:00,17.743552893400192
2025-04-19 18:00:00,32.05573105812073
2025-04-19 18:30:00,54.95484262704849
2025-04-19 19:00:00,26.996778160333633
2025-04-19 19:30:00,20.896539881825447
2025-04-19 20:00:00,30.456312596797943
2025-04-19 20:30:00,50.61422222852707
2025-04-19 21:00:00,27.36684137582779
2025-04-19 21:30:00,25.48568308353424
2025-04-19 22:00:00,57.1289918422699
2025-04-19 22:30:00,63.99525111913681
2025-04-19 23:00:00,40.698951721191406
2025-04-19 23:30:00,38.07559138536453
2025-04-20 00:00:00,73.57083809375763
2025-04-20 00:30:00,66.05055850744247
2025-04-20 01:00:00,46.52165776491165
2025-04-20 01:30:00,44.49823617935181
2025-04-20 02:00:00,82.96676605939865
2025-04-20 02:30:00,25.003593161702156
2025-04-20 03:00:00,26.021283626556396
2025-04-20 03:30:00,40.16444680094719
2025-04-20 04:00:00,43.47863632440567
2025-04-20 04:30:00,48.48627996444702
2025-04-20 05:00:00,19.57315331697464
2025-04-20 05:30:00,9.738596819341183
2025-04-20 06:00:00,20.855370193719864
2025-04-20 06:30:00,37.7414553463459
2025-04-20 07:00:00,42.23679560422897
2025-04-20 07:30:00,48.97709584236145
2025-04-20 08:00:00,41.84847682714462
2025-04-20 08:30:00,41.01281440258026
2025-04-20 09:00:00,20.619510650634766
2025-04-20 09:30:00,18.244610965251923
2025-04-20 10:00:00,40.98796486854553
2025-04-20 10:30:00,19.718136876821518
2025-04-20 11:00:00,9.853932797908783
2025-04-20 11:30:00,34.781094163656235
2025-04-20 12:00:00,41.892191886901855
2025-04-20 12:30:00,48.45645821094513
2025-04-20 13:00:00,33.09121310710907
2025-04-20 13:30:00,28.241070300340652
2025-04-20 14:00:00,38.42039167881012
2025-04-20 14:30:00,27.861860513687134
2025-04-20 15:00:00,62.57258927822113
2025-04-20 15:30:00,37.165923833847046
2025-04-20 16:00:00,34.60421323776245
2025-04-20 16:30:00,49.17912694811821
2025-04-20 17:00:00,49.842050999403
2025-04-20 17:30:00,53.83300006389618
2025-04-20 18:00:00,56.729352593421936
2025-04-20 18:30:00,57.649930119514465
2025-04-20 19:00:00,52.58455669879913
2025-04-20 19:30:00,57.78615736961365
2025-04-20 20:00:00,37.714755684137344
2025-04-20 20:30:00,23.52344147861004
2025-04-20 21:00:00,30.398331314325333
2025-04-20 21:30:00,24.41028741002083
2025-04-20 22:00:00,15.062099978327751
2025-04-20 22:30:00,39.772234082221985
2025-04-20 23:00:00,35.827997863292694
2025-04-20 23:30:00,42.347378343343735
2025-04-21 00:00:00,59.52039235830307
2025-04-21 00:30:00,59.67514979839325
2025-04-21 01:00:00,57.0561546087265
2025-04-21 01:30:00,46.49724763631821
2025-04-21 02:00:00,73.6510180234909
2025-04-21 02:30:00,59.6907833814621
2025-04-21 03:00:00,65.18413192033768
2025-04-21 03:30:00,39.90688294172287
2025-04-21 04:00:00,0.5869096219539643
2025-04-21 04:30:00,27.53428953886032
2025-04-21 05:00:00,62.45807212591171
2025-04-21 05:30:00,21.340580761432648
2025-04-21 06:00:00,39.61742749810219
2025-04-21 06:30:00,22.444581151008606
2025-04-21 07:00:00,26.912861838936806
2025-04-21 07:30:00,37.292212426662445
2025-04-21 08:00:00,37.17915225028992
2025-04-21 08:30:00,61.52834224700928
2025-04-21 09:00:00,50.146070420742035
2025-04-21 09:30:00,50.17440918087959
2025-04-21 10:00:00,26.576400130987167
2025-04-21 10:30:00,37.862225353717804
2025-04-21 11:00:00,45.18134108185768
2025-04-21 11:30:00,26.552812442183495
2025-04-21 12:00:00,33.491598188877106
2025-04-21 12:30:00,67.18675690889359
2025-04-21 13:00:00,51.062941908836365
2025-04-21 13:30:00,50.804244846105576
2025-04-21 14:00:00,7.7741459012031555
2025-04-21 14:30:00,62.62774622440338
2025-04-21 15:00:00,40.22420594096184
2025-04-21 15:30:00,35.010822266340256
2025-04-21 16:00:00,48.477327078580856
2025-04-21 16:30:00,50.7914645075798
2025-04-21 17:00:00,28.75034698843956
2025-04-21 17:30:00,59.46340262889862
2025-04-21 18:00:00,42.168739795684814
2025-04-21 18:30:00,60.45682317018509
2025-04-21 19:00:00,47.94259089231491
2025-04-21 19:30:00,78.54382073879242
2025-04-21 20:00:00,83.3733201622963
2025-04-21 20:30:00,34.23558098077774
2025-04-21 21:00:00,21.106062561273575
2025-04-21 21:30:00,34.04759928584099
2025-04-21 22:00:00,23.035668194293976
2025-04-21 22:30:00,30.16875931620598
2025-04-21 23:00:00,36.014860808849335
2025-04-21 23:30:00,48.024707674980164
2025-04-22 00:00:00,19.263746842741966
2025-04-22 00:30:00,43.62437438964844
2025-04-22 01:00:00,27.716229408979416
2025-04-22 01:30:00,39.25590378046036
2025-04-22 02:00:00,26.94393676519394
2025-04-22 02:30:00,4.434466525912285
2025-04-22 03:00:00,23.988938063383102
2025-04-22 03:30:00,20.443820744752884
2025-04-22 04:00:00,58.32966721057892
2025-04-22 04:30:00,51.65509855747223
2025-04-22 05:00:00,28.956170856952667
2025-04-22 05:30:00,55.50462555885315
2025-04-22 06:00:00,47.444565296173096
2025-04-22 06:30:00,80.02690660953522
2025-04-22 07:00:00,21.391408696770668
2025-04-22 07:30:00,27.688983380794525
2025-04-22 08:00:00,48.677305698394775
2025-04-22 08:30:00,33.67294543981552
2025-04-22 09:00:00,26.46624667942524
2025-04-22 09:30:00,20.30571012198925
2025-04-22 10:00:00,56.8627005815506
2025-04-22 10:30:00,36.911166965961456
2025-04-22 11:00:00,43.418992817401886
2025-04-22 11:30:00,29.85906520485878
2025-04-22 12:00:00,40.72668340802193
2025-04-22 12:30:00,41.67103797197342
2025-04-22 13:00:00,23.40446811914444
2025-04-22 13:30:00,26.876086205244064
2025-04-22 14:00:00,44.83238089084625
2025-04-22 14:30:00,33.41221034526825
2025-04-22 15:00:00,21.042332872748375
2025-04-22 15:30:00,22.66317668557167
2025-04-22 16:00:00,29.50382035970688
2025-04-22 16:30:00,29.180799543857574
2025-04-22 17:00:00,30.470373570919037
2025-04-22 17:30:00,45.63240811228752
2025-04-22 18:00:00,73.20619517564774
2025-04-22 18:30:00,46.29868841171265
2025-04-22 19:00:00,55.78182679414749
2025-04-22 19:30:00,23.6812501847744
2025-04-22 20:00:00,48.03254759311676
2025-04-22 20:30:00,46.27509927749634
2025-04-22 21:00:00,27.613365173339844
2025-04-22 21:30:00,23.8876551091671
2025-04-22 22:00:00,36.88999456167221
2025-04-22 22:30:00,47.52391266822815
2025-04-22 23:00:00,53.54484838247299
2025-04-22 23:30:00,53.82823020219803
2025-04-23 00:00:00,51.18719536066055
2025-04-23 00:30:00,64.27094334363937
2025-04-23 01:00:00,47.59218239784241
2025-04-23 01:30:00,37.71852821111679
2025-04-23 02:00:00,42.32785949110985
2025-04-23 02:30:00,39.515190571546555
2025-04-23 03:00:00,49.57356560230255
2025-04-23 03:30:00,52.28606164455414
2025-04-23 04:00:00,95.20257717370987
2025-04-23 04:30:00,88.84027546644211
2025-04-23 05:00:00,64.62758445739746
2025-04-23 05:30:00,71.12857061624527
2025-04-23 06:00:00,61.54712104797363
2025-04-23 06:30:00,40.93559467792511
2025-04-23 07:00:00,36.29039692878723
2025-04-23 07:30:00,27.266020953655243
2025-04-23 08:00:00,48.109521597623825
2025-04-23 08:30:00,43.44073182344437
2025-04-23 09:00:00,45.117265939712524
2025-04-23 09:30:00,49.96643164753914
2025-04-23 10:00:00,29.880052596330643
2025-04-23 10:30:00,14.591556012630463
2025-04-23 11:00:00,19.93812145292759
2025-04-23 11:30:00,16.370405107736588
2025-04-23 12:00:00,25.847625970840454
2025-04-23 12:30:00,50.58399575948715
2025-04-23 13:00:00,29.94378373026848
2025-04-23 13:30:00,46.86036419868469
2025-04-23 14:00:00,42.87933066487312
2025-04-23 14:30:00,64.30482959747314
2025-04-23 15:00:00,39.510530561208725
2025-04-23 15:30:00,53.17344093322754
2025-04-23 16:00:00,37.38891342282295
2025-04-23 16:30:00,44.6260626912117
2025-04-23 17:00:00,31.552496194839478
2025-04-23 17:30:00,38.55148482322693
2025-04-23 18:00:00,57.53685837984085
2025-04-23 18:30:00,44.48063105344772
2025-04-23 19:00:00,51.015289545059204
2025-04-23 19:30:00,43.14604687690735
2025-04-23 20:00:00,40.80187666416168
2025-04-23 20:30:00,29.88798213005066
2025-04-23 21:00:00,58.013197004795074
2025-04-23 21:30:00,35.742666482925415
2025-04-23 22:00:00,35.267125725746155
2025-04-23 22:30:00,34.951129615306854
2025-04-23 23:00:00,26.317630797624588
2025-04-23 23:30:00,26.88019984960556
2025-04-24 00:00:00,53.83001673221588
2025-04-24 00:30:00,37.24860143661499
2025-04-24 01:00:00,38.274156391620636
2025-04-24 01:30:00,22.47276669740677
2025-04-24 02:00:00,38.46139803528786
2025-04-24 02:30:00,50.13368034362793
2025-04-24 03:00:00,94.48564094305038
2025-04-24 03:30:00,28.74829739332199
2025-04-24 04:00:00,26.37099976837635
2025-04-24 04:30:00,55.65914595127106
2025-04-24 05:00:00,27.80545473098755
2025-04-24 05:30:00,26.495650708675385
2025-04-24 06:00:00,17.130728289484978
2025-04-24 06:30:00,31.653316617012024
2025-04-24 07:00:00,25.278084248304367
2025-04-24 07:30:00,21.097342386841774
2025-04-24 08:00:00,35.03382456302643
2025-04-24 08:30:00,36.62041932344437
2025-04-24 09:00:00,46.727527886629105
2025-04-24 09:30:00,24.375152319669724
2025-04-24 10:00:00,39.29211136698723
2025-04-24 10:30:00,39.22630751132965
2025-04-24 11:00:00,41.46643114089966
2025-04-24 11:30:00,33.61984097957611
2025-04-24 12:00:00,61.04402494430542
2025-04-24 12:30:00,41.79306548833847
2025-04-24 13:00:00,21.823120206594467
2025-04-24 13:30:00,78.27717679738998
2025-04-24 14:00:00,33.91198778152466
2025-04-24 14:30:00,33.06576517224312
2025-04-24 15:00:00,32.62728190422058
2025-04-24 15:30:00,35.2223439514637
2025-04-24 16:00:00,54.19953936338425
2025-04-24 16:30:00,38.81828486919403
2025-04-24 17:00:00,21.55308099091053
2025-04-24 17:30:00,48.97634422779083
2025-04-24 18:00:00,66.35552901029587
2025-04-24 18:30:00,60.261738717556
2025-04-24 19:00:00,52.05162727832794
2025-04-24 19:30:00,16.943042904138565
2025-04-24 20:00:00,47.699790477752686
2025-04-24 20:30:00,57.53986483812332
2025-04-24 21:00:00,46.03739249706268
2025-04-24 21:30:00,72.38964688777924
2025-04-24 22:00:00,68.7547116279602
2025-04-24 22:30:00,32.957067251205444
2025-04-24 23:00:00,15.965562373399734
2025-04-24 23:30:00,20.687521651387215
2025-04-25 00:00:00,40.714695155620575
2025-04-25 00:30:00,41.859230697155
2025-04-25 01:00:00,45.48562067747116
2025-04-25 01:30:00,65.4472953081131
2025-04-25 02:00:00,45.71342349052429
2025-04-25 02:30:00,28.272985011339188
2025-04-25 03:00:00,40.920487225055695
2025-04-25 03:30:00,45.19530376791954
2025-04-25 04:00:00,63.30506658554077
2025-04-25 04:30:00,52.19556146860123
2025-04-25 05:00:00,21.709617733955383
2025-04-25 05:30:00,18.112347036600113
2025-04-25 06:00:00,42.13178926706314
2025-04-25 06:30:00,67.78230738639832
2025-04-25 07:00:00,14.721992939710617
2025-04-25 07:30:00,27.62217351794243
2025-04-25 08:00:00,49.314966827631
2025-04-25 08:30:00,85.80936080217361
2025-04-25 09:00:00,66.49825483560562
2025-04-25 09:30:00,56.48410654067993
2025-04-25 10:00:00,25.070189103484154
2025-04-25 10:30:00,29.628339767456055
2025-04-25 11:00:00,17.36308704316616
2025-04-25 11:30:00,6.9261613339185715
2025-04-25 12:00:00,43.16947701573372
2025-04-25 12:30:00,38.26469761133194
2025-04-25 13:00:00,32.5540052652359
2025-04-25 13:30:00,64.20645481348038
2025-04-25 14:00:00,38.52621901035309
2025-04-25 14:30:00,54.97671461105347
2025-04-25 15:00:00,68.86853498220444
2025-04-25 15:30:00,42.729201436042786
2025-04-25 16:00:00,25.71952772140503
2025-04-25 16:30:00,28.288864314556122
2025-04-25 17:00:00,25.324525356292725
2025-04-25 17:30:00,1.3254460990428927
2025-04-25 18:00:00,16.25398723781109
2025-04-25 18:30:00,5.974393248558044
2025-04-25 19:00:00,57.516385555267334
2025-04-25 19:30:00,50.09972760081291
2025-04-25 20:00:00,79.36905884742737
2025-04-25 20:30:00,42.491104394197464
2025-04-25 21:00:00,42.64360409975052
2025-04-25 21:30:00,54.86471825838089
2025-04-25 22:00:00,53.06120753288269
2025-04-25 22:30:00,48.47998374700546
2025-04-25 23:00:00,42.56469902396202
2025-04-25 23:30:00,38.514193177223206
2025-04-26 00:00:00,55.08760666847229
2025-04-26 00:30:00,31.02158746123314
2025-04-26 01:00:00,35.633508920669556
2025-04-26 01:30:00,47.50626128911972
2025-04-26 02:00:00,65.95688420534134
2025-04-26 02:30:00,38.204371869564056
2025-04-26 03:00:00,26.739834383130074
2025-04-26 03:30:00,39.620786637067795
2025-04-26 04:00:00,39.07404774427414
2025-04-26 04:30:00,42.976635843515396
2025-04-26 05:00:00,28.14680916070938
2025-04-26 05:30:00,43.78401732444763
2025-04-26 06:00:00,52.87785983085632
2025-04-26 06:30:00,11.986991822719574
2025-04-26 07:00:00,53.2926470041275
2025-04-26 07:30:00,54.88847506046295
2025-04-26 08:00:00,52.681538105010986
2025-04-26 08:30:00,48.79739347100258
2025-04-26 09:00:00,55.37626135349274
2025-04-26 09:30:00,40.88861009478569
2025-04-26 10:00:00,29.8113232254982
2025-04-26 10:30:00,21.647719383239746
2025-04-26 11:00:00,11.802328795194626
2025-04-26 11:30:00,10.22250434756279
2025-04-26 12:00:00,24.29560548067093
2025-04-26 12:30:00,47.19247955083847
2025-04-26 13:00:00,21.63203665614128
2025-04-26 13:30:00,15.926952511072159
2025-04-26 14:00:00,67.27436625957489
2025-04-26 14:30:00,51.28598642349243
2025-04-26 15:00:00,31.962548196315765
2025-04-26 15:30:00,21.777953952550888
2025-04-26 16:00:00,30.347102999687195
2025-04-26 16:30:00,26.526423543691635
2025-04-26 17:00:00,20.82987889647484
2025-04-26 17:30:00,60.04670178890228
2025-04-26 18:00:00,58.40152156352997
2025-04-26 18:30:00,38.41490489244461
2025-04-26 19:00:00,26.20259040594101
2025-04-26 19:30:00,27.390031576156616
2025-04-26 20:00:00,18.61617885529995
2025-04-26 20:30:00,53.37581026554108
2025-04-26 21:00:00,26.59823164343834
2025-04-26 21:30:00,61.01888054609299
2025-04-26 22:00:00,60.65605306625366
2025-04-26 22:30:00,42.61299604177475
2025-04-26 23:00:00,42.46558129787445
2025-04-26 23:30:00,39.925534546375275
2025-04-27 00:00:00,9.933150805532932
2025-04-27 00:30:00,35.02486011385918
2025-04-27 01:00:00,49.42805302143097
2025-04-27 01:30:00,66.09706610441208
2025-04-27 02:00:00,43.58054369688034
2025-04-27 02:30:00,35.21336504817009
2025-04-27 03:00:00,38.05605807900429
2025-04-27 03:30:00,26.485029816627502
2025-04-27 04:00:00,52.16800034046173
2025-04-27 04:30:00,17.107649385929108
2025-04-27 05:00:00,0.04139643907547008
2025-04-27 05:30:00,35.06084221601486
2025-04-27 06:00:00,31.252833247184753
2025-04-27 06:30:00,45.16614979505539
2025-04-27 07:00:00,51.01796066761017
2025-04-27 07:30:00,41.07625934481621
2025-04-27 08:00:00,70.97926527261734
2025-04-27 08:30:00,47.4269514977932
2025-04-27 09:00:00,71.03339886665344
2025-04-27 09:30:00,16.969859644770622
2025-04-27 10:00:00,12.255205482244492
2025-04-27 10:30:00,51.165138363838196
2025-04-27 11:00:00,33.851286232471466
2025-04-27 11:30:00,54.652780294418335
2025-04-27 12:00:00,51.011404275894165
2025-04-27 12:30:00,37.68310981988907
2025-04-27 13:00:00,51.72336828708649
2025-04-27 13:30:00,78.5102351307869
2025-04-27 14:00:00,30.947854071855545
2025-04-27 14:30:00,37.2787469625473
2025-04-27 15:00:00,54.079489171504974
2025-04-27 15:30:00,47.94010189175606
2025-04-27 16:00:00,50.07064011693001
2025-04-27 16:30:00,25.302098333835602
2025-04-27 17:00:00,40.409065544605255
2025-04-27 17:30:00,60.910023629665375
2025-04-27 18:00:00,49.21157646179199
2025-04-27 18:30:00,45.92385822534561
2025-04-27 19:00:00,47.50430130958557
2025-04-27 19:30:00,73.80663114786148
2025-04-27 20:00:00,36.430891036987305
2025-04-27 20:30:00,26.5163576900959
2025-04-27 21:00:00,42.4035210609436
2025-04-27 21:30:00,52.36605077981949
2025-04-27 22:00:00,23.36317990720272
2025-04-27 22:30:00,66.86012834310532
2025-04-27 23:00:00,52.250226974487305
2025-04-27 23:30:00,52.296040773391724
2025-04-28 00:00:00,15.15686123073101
2025-04-28 00:30:00,18.03121168911457
2025-04-28 01:00:00,29.26288452744484
2025-04-28 01:30:00,17.949333399534225
2025-04-28 02:00:00,5.798567473888397
2025-04-28 02:30:00,2.4577852487564087
2025-04-28 03:00:00,68.83392602205276
2025-04-28 03:30:00,62.89818871021271
2025-04-28 04:00:00,44.368958473205566
2025-04-28 04:30:00,59.819968581199646
2025-04-28 05:00:00,49.668011754751205
2025-04-28 05:30:00,41.33077049255371
2025-04-28 06:00:00,40.86474922299385
2025-04-28 06:30:00,43.197757959365845
2025-04-28 07:00:00,61.43796348571777
2025-04-28 07:30:00,50.04643523693085
2025-04-28 08:00:00,60.061855494976044
2025-04-28 08:30:00,55.208327531814575
2025-04-28 09:00:00,54.730699598789215
2025-04-28 09:30:00,81.54222518205643
2025-04-28 10:00:00,29.504375398159027
2025-04-28 10:30:00,36.205085784196854
2025-04-28 11:00:00,24.035445660352707
2025-04-28 11:30:00,26.306561827659607
2025-04-28 12:00:00,31.82951530814171
2025-04-28 12:30:00,31.28606328368187
2025-04-28 13:00:00,26.40451455116272
2025-04-28 13:30:00,45.927211582660675
2025-04-28 14:00:00,25.749507024884224
2025-04-28 14:30:00,29.592470407485962
2025-04-28 15:00:00,45.831692934036255
2025-04-28 15:30:00,50.86097440123558
2025-04-28 16:00:00,33.53629034757614
2025-04-28 16:30:00,37.19044381380081
2025-04-28 17:00:00,49.52447071671486
2025-04-28 17:30:00,46.73829331994057
2025-04-28 18:00:00,68.01373529434204
2025-04-28 18:30:00,47.21043735742569
2025-04-28 19:00:00,71.7489937543869
2025-04-28 19:30:00,69.55757474899292
2025-04-28 20:00:00,36.42442137002945
2025-04-28 20:30:00,56.516055941581726
2025-04-28 21:00:00,54.20339572429657
2025-04-28 21:30:00,37.539302825927734
2025-04-28 22:00:00,33.58625537157059
2025-04-28 22:30:00,67.76099044084549
2025-04-28 23:00:00,69.11703032255173
2025-04-28 23:30:00,70.38798743486404
2025-04-29 00:00:00,54.28871554136276
2025-04-29 00:30:00,50.78991213440895
2025-04-29 01:00:00,51.28144782781601
2025-04-29 01:30:00,35.539085894823074
2025-04-29 02:00:00,29.843024015426636
2025-04-29 02:30:00,48.41670936346054
2025-04-29 03:00:00,52.879339933395386
2025-04-29 03:30:00,69.43098551034927
2025-04-29 04:00:00,43.87447702884674
2025-04-29 04:30:00,67.16116732358932
2025-04-29 05:00:00,56.074939131736755
2025-04-29 05:30:00,75.93341130018234
2025-04-29 06:00:00,75.5732029080391
2025-04-29 06:30:00,63.105830907821655
2025-04-29 07:00:00,51.0198512673378
2025-04-29 07:30:00,61.845847368240356
2025-04-29 08:00:00,36.884065479040146
2025-04-29 08:30:00,49.57212597131729
2025-04-29 09:00:00,26.569057434797287
2025-04-29 09:30:00,33.32997792959213
2025-04-29 10:00:00,53.072192668914795
2025-04-29 10:30:00,41.82126259803772
2025-04-29 11:00:00,38.61839008331299
2025-04-29 11:30:00,52.8951700925827
2025-04-29 12:00:00,31.82568207383156
2025-04-29 12:30:00,6.074651405215263
2025-04-29 13:00:00,27.435035943984985
2025-04-29 13:30:00,32.64897754788399
2025-04-29 14:00:00,53.84051042795181
2025-04-29 14:30:00,66.33759433031082
2025-04-29 15:00:00,32.721887052059174
2025-04-29 15:30:00,54.34525430202484
2025-04-29 16:00:00,57.91308772563934
2025-04-29 16:30:00,39.91426032781601
2025-04-29 17:00:00,52.10968083143234
2025-04-29 17:30:00,33.37159135937691
2025-04-29 18:00:00,47.686741292476654
2025-04-29 18:30:00,3.6615032106637955
2025-04-29 19:00:00,38.565461963415146
2025-04-29 19:30:00,24.161370009183884
2025-04-29 20:00:00,52.97336691617966
2025-04-29 20:30:00,47.15311807394028
2025-04-29 21:00:00,30.90116435289383
2025-04-29 21:30:00,31.06535166501999
2025-04-29 22:00:00,42.5462729036808
2025-04-29 22:30:00,44.8001828789711
2025-04-29 23:00:00,39.916867852211
2025-04-29 23:30:00,45.620810121297836
2025-04-30 00:00:00,45.88765352964401
2025-04-30 00:30:00,51.98455435037613
2025-04-30 01:00:00,53.515575885772705
2025-04-30 01:30:00,48.59136724472046
2025-04-30 02:00:00,47.5419687628746
2025-04-30 02:30:00,74.60417515039444
2025-04-30 03:00:00,44.93196403980255
2025-04-30 03:30:00,60.10128057003021
2025-04-30 04:00:00,30.618779867887497
2025-04-30 04:30:00,44.9286193549633
2025-04-30 05:00:00,75.3172145485878
2025-04-30 05:30:00,47.856276631355286
2025-04-30 06:00:00,61.34916889667511
2025-04-30 06:30:00,48.477613270282745
2025-04-30 07:00:00,64.48633295297623
2025-04-30 07:30:00,49.09049713611603
2025-04-30 08:00:00,58.82210195064545
2025-04-30 08:30:00,31.090840071439743
2025-04-30 09:00:00,47.63611137866974
2025-04-30 09:30:00,22.31160318851471
2025-04-30 10:00:00,10.701983854174614
2025-04-30 10:30:00,26.601466476917267
2025-04-30 11:00:00,88.69570529460907
2025-04-30 11:30:00,33.869368344545364
2025-04-30 12:00:00,47.546004354953766
2025-04-30 12:30:00,83.70075815916061
2025-04-30 13:00:00,40.559434711933136
2025-04-30 13:30:00,61.725635290145874
2025-04-30 14:00:00,42.54338786005974
2025-04-30 14:30:00,57.53753483295441
2025-04-30 15:00:00,45.39042580127716
2025-04-30 15:30:00,36.22661954164505
2025-04-30 16:00:00,37.28052192926407
2025-04-30 16:30:00,24.082305938005447
2025-04-30 17:00:00,23.364172905683517
2025-04-30 17:30:00,10.786234065890312
2025-04-30 18:00:00,44.42596843838692
2025-04-30 18:30:00,20.348576724529266
2025-04-30 19:00:00,66.2475335597992
2025-04-30 19:30:00,37.33401954174042
2025-04-30 20:00:00,47.31530782580376
2025-04-30 20:30:00,36.37171006202698
2025-04-30 21:00:00,31.35017889738083
2025-04-30 21:30:00,55.39882135391235
2025-04-30 22:00:00,23.898612782359123
2025-04-30 22:30:00,62.70545160770416
2025-04-30 23:00:00,57.855814695358276
2025-04-30 23:30:00,81.39480465650558
2025-05-01 00:00:00,34.1448293030262
2025-05-01 00:30:00,37.00562757253647
2025-05-01 01:00:00,12.262506261467934
2025-05-01 01:30:00,37.648281157016754
2025-05-01 02:00:00,39.47984445095062
2025-05-01 02:30:00,44.81564301252365
2025-05-01 03:00:00,36.9712932407856
2025-05-01 03:30:00,52.766146779060364
2025-05-01 04:00:00,61.66442495584488
2025-05-01 04:30:00,41.23228296637535
2025-05-01 05:00:00,51.30274164676666
2025-05-01 05:30:00,48.01489332318306
2025-05-01 06:00:00,42.44162213802338
2025-05-01 06:30:00,27.922700822353363
2025-05-01 07:00:00,31.640698164701462
2025-05-01 07:30:00,15.746703773736954
2025-05-01 08:00:00,38.345883548259735
2025-05-01 08:30:00,77.18573415279388
2025-05-01 09:00:00,77.82928389310837
2025-05-01 09:30:00,28.14599972963333
2025-05-01 10:00:00,17.41114267706871
2025-05-01 10:30:00,20.863039553165436
2025-05-01 11:00:00,35.02065396308899
2025-05-01 11:30:00,80.86554080247879
2025-05-01 12:00:00,54.671801924705505
2025-05-01 12:30:00,41.32135218381882
2025-05-01 13:00:00,81.72035205364227
2025-05-01 13:30:00,33.95738819241524
2025-05-01 14:00:00,90.79955542087555
2025-05-01 14:30:00,47.80793336033821
2025-05-01 15:00:00,25.167508736252785
2025-05-01 15:30:00,9.21535961329937
2025-05-01 16:00:00,12.128322824835777
2025-05-01 16:30:00,31.356255412101746
2025-05-01 17:00:00,19.397596389055252
2025-05-01 17:30:00,24.367802396416664
2025-05-01 18:00:00,47.00896129012108
2025-05-01 18:30:00,45.26174360513687
2025-05-01 19:00:00,56.70936542749405
2025-05-01 19:30:00,27.83297249674797
2025-05-01 20:00:00,12.311475396156311
2025-05-01 20:30:00,27.564348340034485
2025-05-01 21:00:00,41.927497535943985
2025-05-01 21:30:00,23.555982053279877
2025-05-01 22:00:00,35.85819831490517
2025-05-01 22:30:00,41.2438029050827
2025-05-01 23:00:00,44.746962785720825
2025-05-01 23:30:00,49.72160476446152
2025-05-02 00:00:00,57.44127035140991
2025-05-02 00:30:00,41.463601022958755
2025-05-02 01:00:00,18.215305224061012
2025-05-02 01:30:00,30.40923261642456
2025-05-02 02:00:00,62.64173781871796
2025-05-02 02:30:00,24.434927359223366
2025-05-02 03:00:00,27.982485979795456
2025-05-02 03:30:00,41.35239964723587
2025-05-02 04:00:00,27.957436978816986
2025-05-02 04:30:00,31.109355807304382
2025-05-02 05:00:00,33.12036418914795
2025-05-02 05:30:00,13.865184128284454
2025-05-02 06:00:00,9.90838510543108
2025-05-02 06:30:00,51.18895298242569
2025-05-02 07:00:00,43.07784652709961
2025-05-02 07:30:00,41.50343370437622
2025-05-02 08:00:00,27.56371235847473
2025-05-02 08:30:00,27.00298909842968
2025-05-02 09:00:00,46.991338819265366
2025-05-02 09:30:00,30.160676568746567
2025-05-02 10:00:00,45.63199472427368
2025-05-02 10:30:00,49.49978017807007
2025-05-02 11:00:00,39.101733177900314
2025-05-02 11:30:00,46.86385631561279
2025-05-02 12:00:00,36.43821927905083
2025-05-02 12:30:00,52.34104514122009
2025-05-02 13:00:00,57.38614809513092
2025-05-02 13:30:00,65.37255012989044
2025-05-02 14:00:00,66.54588407278061
2025-05-02 14:30:00,68.82790732383728
2025-05-02 15:00:00,35.278064608573914
2025-05-02 15:30:00,58.2123401761055
2025-05-02 16:00:00,47.52931562066078
2025-05-02 16:30:00,11.835463434457779
2025-05-02 17:00:00,29.213356018066406
2025-05-02 17:30:00,33.41543650627136
2025-05-02 18:00:00,60.44878667593002
2025-05-02 18:30:00,38.0495710670948
2025-05-02 19:00:00,50.1078941822052
2025-05-02 19:30:00,26.256382882595062
2025-05-02 20:00:00,27.506260097026825
2025-05-02 20:30:00,51.06426012516022
2025-05-02 21:00:00,90.84130471944809
2025-05-02 21:30:00,47.404012799263
2025-05-02 22:00:00,32.50019833445549
2025-05-02 22:30:00,33.51357424259186
2025-05-02 23:00:00,34.58651560544968
2025-05-02 23:30:00,47.64163863658905
2025-05-03 00:00:00,39.19685000181198
2025-05-03 00:30:00,26.92765274643898
2025-05-03 01:00:00,6.91155543923378
2025-05-03 01:30:00,42.30759769678116
2025-05-03 02:00:00,60.35918265581131
2025-05-03 02:30:00,71.37684625387192
2025-05-03 03:00:00,35.16164818406105
2025-05-03 03:30:00,25.028039425611496
2025-05-03 04:00:00,14.407868638634682
2025-05-03 04:30:00,40.164764791727066
2025-05-03 05:00:00,36.53483644127846
2025-05-03 05:30:00,30.289783716201782
2025-05-03 06:00:00,27.169987738132477
2025-05-03 06:30:00,40.96279156208038
2025-05-03 07:00:00,37.83697399497032
2025-05-03 07:30:00,60.265438973903656
2025-05-03 08:00:00,24.002030611038208
2025-05-03 08:30:00,31.4251871407032
2025-05-03 09:00:00,49.26873964071274
2025-05-03 09:30:00,47.510030925273895
2025-05-03 10:00:00,37.49819529056549
2025-05-03 10:30:00,30.765379399061203
2025-05-03 11:00:00,12.484349638223648
2025-05-03 11:30:00,27.629918038845062
2025-05-03 12:00:00,50.432319939136505
2025-05-03 12:30:00,64.1323629617691
2025-05-03 13:00:00,53.90152996778488
2025-05-03 13:30:00,61.11681592464447
2025-05-03 14:00:00,31.3608518242836
2025-05-03 14:30:00,49.36798167228699
2025-05-03 15:00:00,9.120953932404518
2025-05-03 15:30:00,27.474160373210907
2025-05-03 16:00:00,10.42537596076727
2025-05-03 16:30:00,29.239809960126877
2025-05-03 17:00:00,26.919434130191803
2025-05-03 17:30:00,28.359822511672974
2025-05-03 18:00:00,45.59684228897095
2025-05-03 18:30:00,54.917435348033905
2025-05-03 19:00:00,61.140364587306976
2025-05-03 19:30:00,47.64816612005234
2025-05-03 20:00:00,55.56640827655792
2025-05-03 20:30:00,50.798107624053955
2025-05-03 21:00:00,42.93854343891144
2025-05-03 21:30:00,40.55583852529526
2025-05-03 22:00:00,53.72846782207489
2025-05-03 22:30:00,23.935349389910698
2025-05-03 23:00:00,36.47833815217018
2025-05-03 23:30:00,26.392248779535294
2025-05-04 00:00:00,34.376618564128876
2025-05-04 00:30:00,65.36205643415451
2025-05-04 01:00:00,24.718758702278137
2025-05-04 01:30:00,39.77401193976402
2025-05-04 02:00:00,19.25509749352932
2025-05-04 02:30:00,24.94809654355049
2025-05-04 03:00:00,43.520628452301025
2025-05-04 03:30:00,48.42227131128311
2025-05-04 04:00:00,22.355886295437813
2025-05-04 04:30:00,45.75231087207794
2025-05-04 05:00:00,58.03141498565674
2025-05-04 05:30:00,33.47512626647949
2025-05-04 06:00:00,31.59662753343582
2025-05-04 06:30:00,41.33814209699631
2025-05-04 07:00:00,54.25475990772247
2025-05-04 07:30:00,82.53351229429245
2025-05-04 08:00:00,43.56190365552902
2025-05-04 08:30:00,52.963682651519775
2025-05-04 09:00:00,74.85632449388504
2025-05-04 09:30:00,43.870111882686615
2025-05-04 10:00:00,56.70228868722916
2025-05-04 10:30:00,28.641949713230133
2025-05-04 11:00:00,29.810187131166458
2025-05-04 11:30:00,51.8449621796608
2025-05-04 12:00:00,34.15597343444824
2025-05-04 12:30:00,57.59322369098663
2025-05-04 13:00:00,36.16630247235298
2025-05-04 13:30:00,19.41067737340927
2025-05-04 14:00:00,14.60175484418869
2025-05-04 14:30:00,26.013160407543182
2025-05-04 15:00:00,58.60195982456207
2025-05-04 15:30:00,60.3998681306839
2025-05-04 16:00:00,24.20510819554329
2025-05-04 16:30:00,19.929938971996307
2025-05-04 17:00:00,30.42661225795746
2025-05-04 17:30:00,33.65711238980293
2025-05-04 18:00:00,70.04619938135147
2025-05-04 18:30:00,48.46320539712906
2025-05-04 19:00:00,17.990277603268623
2025-05-04 19:30:00,32.67601543664932
2025-05-04 20:00:00,50.717777371406555
2025-05-04 20:30:00,34.20952308177948
2025-05-04 21:00:00,32.20941889286041
2025-05-04 21:30:00,19.5420942902565
2025-05-04 22:00:00,22.775047287344933
2025-05-04 22:30:00,23.953015223145485
2025-05-04 23:00:00,16.052976593375206
2025-05-04 23:30:00,43.90381023287773
2025-05-05 00:00:00,71.92288845777512
2025-05-05 00:30:00,75.40607273578644
2025-05-05 01:00:00,38.98825961351395
2025-05-05 01:30:00,60.349602460861206
2025-05-05 02:00:00,15.430742353200912
2025-05-05 02:30:00,43.04124289751053
2025-05-05 03:00:00,42.41589379310608
2025-05-05 03:30:00,36.16904008388519
2025-05-05 04:00:00,78.53250604867935
2025-05-05 04:30:00,39.257141053676605
2025-05-05 05:00:00,39.98987853527069
2025-05-05 05:30:00,25.468213826417923
2025-05-05 06:00:00,51.55208110809326
2025-05-05 06:30:00,42.64155450463295
2025-05-05 07:00:00,13.715860716998577
2025-05-05 07:30:00,22.324331492185593
2025-05-05 08:00:00,4.966882824897766
2025-05-05 08:30:00,43.39838990569115
2025-05-05 09:00:00,59.80500566959381
2025-05-05 09:30:00,31.09467041492462
2025-05-05 10:00:00,31.657889902591705
2025-05-05 10:30:00,33.72685644030571
2025-05-05 11:00:00,15.589584529399872
2025-05-05 11:30:00,48.68504732847214
2025-05-05 12:00:00,28.5956791639328
2025-05-05 12:30:00,81.26208686828613
2025-05-05 13:00:00,28.260421484708786
2025-05-05 13:30:00,43.6911062002182
2025-05-05 14:00:00,21.172074556350708
2025-05-05 14:30:00,26.910822361707687
2025-05-05 15:00:00,56.65728431940079
2025-05-05 15:30:00,36.74565854668617
2025-05-05 16:00:00,53.033305287361145
2025-05-05 16:30:00,26.417052060365677
2025-05-05 17:00:00,43.25829762220383
2025-05-05 17:30:00,59.75894904136658
2025-05-05 18:00:00,48.57092332839966
2025-05-05 18:30:00,41.72198009490967
2025-05-05 19:00:00,50.85204175114632
2025-05-05 19:30:00,35.47743904590607
2025-05-05 20:00:00,69.84598082304001
2025-05-05 20:30:00,42.75714126229286
2025-05-05 21:00:00,33.21717792749405
2025-05-05 21:30:00,46.27152043581009
2025-05-05 22:00:00,23.1888125538826
2025-05-05 22:30:00,59.11967194080353
2025-05-05 23:00:00,39.05121889710426
2025-05-05 23:30:00,48.56636160612106
2025-05-06 00:00:00,25.13803966343403
2025-05-06 00:30:00,43.44165977835655
2025-05-06 01:00:00,55.40049225091934
2025-05-06 01:30:00,48.61319297552109
2025-05-06 02:00:00,30.39807692170143
2025-05-06 02:30:00,9.656519062817097
2025-05-06 03:00:00,4.4239063411951065
2025-05-06 03:30:00,20.0788511633873
2025-05-06 04:00:00,64.13868808746338
2025-05-06 04:30:00,79.2602481842041
2025-05-06 05:00:00,61.56630456447601
2025-05-06 05:30:00,57.580324828624725
2025-05-06 06:00:00,44.08755108714104
2025-05-06 06:30:00,58.92690593004227
2025-05-06 07:00:00,41.23740550875664
2025-05-06 07:30:00,9.023734033107758
2025-05-06 08:00:00,28.37707495689392
2025-05-06 08:30:00,40.67059850692749
2025-05-06 09:00:00,26.530924558639526
2025-05-06 09:30:00,39.442020893096924
2025-05-06 10:00:00,25.453768372535706
2025-05-06 10:30:00,40.122023940086365
2025-05-06 11:00:00,38.613545060157776
2025-05-06 11:30:00,44.57493555545807
2025-05-06 12:00:00,33.723714113235474
2025-05-06 12:30:00,63.668269872665405
2025-05-06 13:00:00,40.40855097770691
2025-05-06 13:30:00,49.77259314060211
2025-05-06 14:00:00,59.98587882518768
2025-05-06 14:30:00,33.240385472774506
2025-05-06 15:00:00,65.49134570360184
2025-05-06 15:30:00,29.726523756980896
2025-05-06 16:00:00,63.272053360939026
2025-05-06 16:30:00,47.17508256435394
2025-05-06 17:00:00,26.870171576738358
2025-05-06 17:30:00,37.90180653333664
2025-05-06 18:00:00,70.32867926359177
2025-05-06 18:30:00,44.965740442276
2025-05-06 19:00:00,19.151801079511642
2025-05-06 19:30:00,28.212824046611786
2025-05-06 20:00:00,22.76995076239109
2025-05-06 20:30:00,46.50797837972641
2025-05-06 21:00:00,61.00479066371918
2025-05-06 21:30:00,37.717050999403
2025-05-06 22:00:00,38.142716348171234
2025-05-06 22:30:00,24.071630120277405
2025-05-06 23:00:00,38.44713181257248
2025-05-06 23:30:00,47.851923048496246
2025-05-07 00:00:00,53.88525462150574
2025-05-07 00:30:00,48.81504485011101
2025-05-07 01:00:00,27.578929662704468
2025-05-07 01:30:00,8.543995797634125
2025-05-07 02:00:00,48.27844986319542
2025-05-07 02:30:00,37.82056277990341
2025-05-07 03:00:00,54.08965331315994
2025-05-07 03:30:00,53.60678720474243
2025-05-07 04:00:00,52.89137154817581
2025-05-07 04:30:00,60.89651769399643
2025-05-07 05:00:00,45.499158412218094
2025-05-07 05:30:00,54.455429434776306
2025-05-07 06:00:00,56.635360300540924
2025-05-07 06:30:00,36.761913657188416
2025-05-07 07:00:00,30.353725880384445
2025-05-07 07:30:00,15.886121049523354
2025-05-07 08:00:00,41.746737122535706
2025-05-07 08:30:00,34.41614770889282
2025-05-07 09:00:00,27.93381604552269
2025-05-07 09:30:00,57.35159116983414
2025-05-07 10:00:00,15.542013108730316
2025-05-07 10:30:00,57.87984323501587
2025-05-07 11:00:00,49.16944846510887
2025-05-07 11:30:00,35.16520968079567
2025-05-07 12:00:00,50.34710419178009
2025-05-07 12:30:00,45.73704153299332
2025-05-07 13:00:00,48.934129506349564
2025-05-07 13:30:00,32.00809025764465
2025-05-07 14:00:00,36.36775541305542
2025-05-07 14:30:00,9.316039830446243
2025-05-07 15:00:00,45.94958367943764
2025-05-07 15:30:00,29.323698818683624
2025-05-07 16:00:00,15.708364203572273
2025-05-07 16:30:00,19.053062051534653
2025-05-07 17:00:00,43.32559025287628
2025-05-07 17:30:00,55.15579545497894
2025-05-07 18:00:00,23.712734162807465
2025-05-07 18:30:00,46.232031762599945
2025-05-07 19:00:00,38.966665148735046
2025-05-07 19:30:00,48.02963075041771
2025-05-07 20:00:00,55.11528342962265
2025-05-07 20:30:00,93.77690887451172
2025-05-07 21:00:00,68.97754222154617
2025-05-07 21:30:00,68.20095092058182
2025-05-07 22:00:00,60.98230004310608
2025-05-07 22:30:00,49.49961540102959
2025-05-07 23:00:00,53.83054864406586
2025-05-07 23:30:00,29.55403110384941
2025-05-08 00:00:00,62.76713025569916
2025-05-08 00:30:00,33.86635032296181
2025-05-08 01:00:00,56.203511476516724
2025-05-08 01:30:00,54.12313485145569
2025-05-08 02:00:00,20.43807378411293
2025-05-08 02:30:00,50.48962476849556
2025-05-08 03:00:00,10.778696238994598
2025-05-08 03:30:00,52.13299822807312
2025-05-08 04:00:00,8.6899925917387
2025-05-08 04:30:00,20.05574768781662
2025-05-08 05:00:00,31.12320575118065
2025-05-08 05:30:00,31.93606534600258
2025-05-08 06:00:00,10.671244263648987
2025-05-08 06:30:00,32.41020983457565
2025-05-08 07:00:00,13.37998729199171
2025-05-08 07:30:00,29.256796449422836
2025-05-08 08:00:00,11.501166231930256
2025-05-08 08:30:00,-9.037279352545738
2025-05-08 09:00:00,21.404858261346817
2025-05-08 09:30:00,29.730981409549713
2025-05-08 10:00:00,28.10948571562767
2025-05-08 10:30:00,7.023383401334286
2025-05-08 11:00:00,68.33572119474411
2025-05-08 11:30:00,46.6689048409462
2025-05-08 12:00:00,55.34638178348541
2025-05-08 12:30:00,89.55065530538559
2025-05-08 13:00:00,45.66728013753891
2025-05-08 13:30:00,52.26805758476257
2025-05-08 14:00:00,63.19763195514679
2025-05-08 14:30:00,34.5058471262455
2025-05-08 15:00:00,68.67873495817184
2025-05-08 15:30:00,70.60953450202942
2025-05-08 16:00:00,49.75135135650635
2025-05-08 16:30:00,55.22166579961777
2025-05-08 17:00:00,66.82401615381241
2025-05-08 17:30:00,48.00480434298515
2025-05-08 18:00:00,15.953338518738747
2025-05-08 18:30:00,60.32911229133606
2025-05-08 19:00:00,75.55680614709854
2025-05-08 19:30:00,37.77718883752823
2025-05-08 20:00:00,62.32569545507431
2025-05-08 20:30:00,49.93661278486252
2025-05-08 21:00:00,41.81219986081123
2025-05-08 21:30:00,54.692552268505096
2025-05-08 22:00:00,61.691500425338745
2025-05-08 22:30:00,41.53140243887901
2025-05-08 23:00:00,38.427205353975296
2025-05-08 23:30:00,46.1038034260273
2025-05-09 00:00:00,27.01863858103752
2025-05-09 00:30:00,37.935501992702484
2025-05-09 01:00:00,34.48570674657822
2025-05-09 01:30:00,50.26673346757889
2025-05-09 02:00:00,40.313818633556366
2025-05-09 02:30:00,36.29447588324547
2025-05-09 03:00:00,22.573432460427284
2025-05-09 03:30:00,51.751923859119415
2025-05-09 04:00:00,47.05863434076309
2025-05-09 04:30:00,30.190582156181335
2025-05-09 05:00:00,50.171353578567505
2025-05-09 05:30:00,42.23157188296318
2025-05-09 06:00:00,42.30675357580185
2025-05-09 06:30:00,54.35502529144287
2025-05-09 07:00:00,51.379475712776184
2025-05-09 07:30:00,64.62902408838272
2025-05-09 08:00:00,31.717599898576736
2025-05-09 08:30:00,55.73244571685791
2025-05-09 09:00:00,33.27012628316879
2025-05-09 09:30:00,46.17035022377968
2025-05-09 10:00:00,77.08467090129852
2025-05-09 10:30:00,26.462305039167404
2025-05-09 11:00:00,48.80319535732269
2025-05-09 11:30:00,24.65254145860672
2025-05-09 12:00:00,70.22378277778625
2025-05-09 12:30:00,29.104736149311066
2025-05-09 13:00:00,26.635890424251556
2025-05-09 13:30:00,31.92980670928955
2025-05-09 14:00:00,47.26393496990204
2025-05-09 14:30:00,29.453930497169495
2025-05-09 15:00:00,33.41779252886772
2025-05-09 15:30:00,98.00153201818465
2025-05-09 16:00:00,58.19737148284912
2025-05-09 16:30:00,54.53277635574341
2025-05-09 17:00:00,43.63598972558975
2025-05-09 17:30:00,42.618367195129395
2025-05-09 18:00:00,12.2151820063591
2025-05-09 18:30:00,37.95399749279022
2025-05-09 19:00:00,23.961702153086662
2025-05-09 19:30:00,39.91226854920387
2025-05-09 20:00:00,39.13843220472336
2025-05-09 20:30:00,62.159750521183014
2025-05-09 21:00:00,41.029014587402344
2025-05-09 21:30:00,65.13276773691177
2025-05-09 22:00:00,33.90241914987564
2025-05-09 22:30:00,12.021514780819416
2025-05-09 23:00:00,21.21158057451248
2025-05-09 23:30:00,30.520240306854248
2025-05-10 00:00:00,13.17227715998888
2025-05-10 00:30:00,38.475178599357605
2025-05-10 01:00:00,38.83206832408905
2025-05-10 01:30:00,35.26610526442528
2025-05-10 02:00:00,34.74133664369583
2025-05-10 02:30:00,47.434849232435226
2025-05-10 03:00:00,47.70587855577469
2025-05-10 03:30:00,20.247513473033905
2025-05-10 04:00:00,70.24222046136856
2025-05-10 04:30:00,62.05290561914444
2025-05-10 05:00:00,58.11036920547485
2025-05-10 05:30:00,42.15517604351044
2025-05-10 06:00:00,55.26521897315979
2025-05-10 06:30:00,40.68223696947098
2025-05-10 07:00:00,52.85242056846619
2025-05-10 07:30:00,58.838498711586
2025-05-10 08:00:00,37.99853065609932
2025-05-10 08:30:00,48.501870185136795
2025-05-10 09:00:00,43.581971764564514
2025-05-10 09:30:00,71.15169721841812
2025-05-10 10:00:00,24.032897397875786
2025-05-10 10:30:00,23.021474242210388
2025-05-10 11:00:00,46.82318818569183
2025-05-10 11:30:00,42.255802780389786
2025-05-10 12:00:00,20.44495828449726
2025-05-10 12:30:00,5.567915752530098
2025-05-10 13:00:00,39.57199239730835
2025-05-10 13:30:00,11.207677364349365
2025-05-10 14:00:00,34.14190956950188
2025-05-10 14:30:00,60.50658583641052
2025-05-10 15:00:00,52.94434303045273
2025-05-10 15:30:00,46.83390447497368
2025-05-10 16:00:00,39.58037579059601
2025-05-10 16:30:00,34.177790492773056
2025-05-10 17:00:00,31.3332502245903
2025-05-10 17:30:00,37.05742248892784
2025-05-10 18:00:00,34.203556418418884
2025-05-10 18:30:00,35.687801510095596
2025-05-10 19:00:00,39.4706834256649
2025-05-10 19:30:00,53.470028042793274
2025-05-10 20:00:00,16.254185259342194
2025-05-10 20:30:00,17.540865570306778
2025-05-10 21:00:00,31.027163863182068
2025-05-10 21:30:00,34.22143906354904
2025-05-10 22:00:00,57.08757787942886
2025-05-10 22:30:00,35.0064195394516
2025-05-10 23:00:00,14.432323575019836
2025-05-10 23:30:00,4.63833836466074
2025-05-11 00:00:00,32.78191214799881
2025-05-11 00:30:00,10.80671700835228
2025-05-11 01:00:00,65.33442014455795
2025-05-11 01:30:00,11.828266002237797
2025-05-11 02:00:00,43.05200833082199
2025-05-11 02:30:00,14.724522411823273
2025-05-11 03:00:00,34.48439431190491
2025-05-11 03:30:00,50.08875113725662
2025-05-11 04:00:00,29.84934914112091
2025-05-11 04:30:00,72.34669500589371
2025-05-11 05:00:00,95.86689460277557
2025-05-11 05:30:00,38.47324174642563
2025-05-11 06:00:00,22.65848632156849
2025-05-11 06:30:00,32.72311854362488
2025-05-11 07:00:00,47.99101221561432
2025-05-11 07:30:00,28.050943613052368
2025-05-11 08:00:00,24.037310242652893
2025-05-11 08:30:00,31.593947738409042
2025-05-11 09:00:00,43.04911172389984
2025-05-11 09:30:00,36.80219152569771
2025-05-11 10:00:00,35.7741996049881
2025-05-11 10:30:00,67.33768689632416
2025-05-11 11:00:00,32.667470157146454
2025-05-11 11:30:00,23.649221286177635
2025-05-11 12:00:00,32.2326437830925
2025-05-11 12:30:00,14.494372248649597
2025-05-11 13:00:00,56.134825468063354
2025-05-11 13:30:00,62.39097607135773
2025-05-11 14:00:00,27.13174356520176
2025-05-11 14:30:00,30.781741470098495
2025-05-11 15:00:00,14.765671141445637
2025-05-11 15:30:00,48.53362011909485
2025-05-11 16:00:00,32.99688547849655
2025-05-11 16:30:00,36.140250355005264
2025-05-11 17:00:00,40.202839851379395
2025-05-11 17:30:00,29.279642641544342
2025-05-11 18:00:00,29.589903354644775
2025-05-11 18:30:00,20.17688049376011
2025-05-11 19:00:00,31.892581552267075
2025-05-11 19:30:00,43.88635832071304
2025-05-11 20:00:00,37.15344414114952
2025-05-11 20:30:00,68.10311383008957
2025-05-11 21:00:00,63.348943531513214
2025-05-11 21:30:00,53.91822159290314
2025-05-11 22:00:00,44.585186421871185
2025-05-11 22:30:00,25.499973878264427
2025-05-11 23:00:00,21.662508845329285
2025-05-11 23:30:00,22.31648290157318
2025-05-12 00:00:00,51.872257351875305
2025-05-12 00:30:00,38.70973438024521
2025-05-12 01:00:00,42.10166397690773
2025-05-12 01:30:00,26.9440885335207
2025-05-12 02:00:00,23.754549950361252
2025-05-12 02:30:00,37.67040753364563
2025-05-12 03:00:00,50.45509096980095
2025-05-12 03:30:00,55.750415086746216
2025-05-12 04:00:00,37.83401668071747
2025-05-12 04:30:00,66.74051755666733
2025-05-12 05:00:00,43.38373053073883
2025-05-12 05:30:00,34.26420882344246
2025-05-12 06:00:00,45.59814894199371
2025-05-12 06:30:00,37.79292070865631
2025-05-12 07:00:00,20.395069867372513
2025-05-12 07:30:00,27.300254106521606
2025-05-12 08:00:00,38.95559906959534
2025-05-12 08:30:00,52.55084389448166
2025-05-12 09:00:00,51.85034489631653
2025-05-12 09:30:00,42.42901235818863
2025-05-12 10:00:00,68.52378672361374
2025-05-12 10:30:00,58.198689699172974
2025-05-12 11:00:00,58.779074907302856
2025-05-12 11:30:00,67.93419712781906
2025-05-12 12:00:00,41.112224102020264
2025-05-12 12:30:00,43.75054734945297
2025-05-12 13:00:00,50.98386627435684
2025-05-12 13:30:00,48.9614420235157
2025-05-12 14:00:00,21.628068998456
2025-05-12 14:30:00,45.671174079179764
2025-05-12 15:00:00,32.60239768028259
2025-05-12 15:30:00,64.0464534163475
2025-05-12 16:00:00,30.74631729722023
2025-05-12 16:30:00,36.44202071428299
2025-05-12 17:00:00,41.41973853111267
2025-05-12 17:30:00,55.73719823360443
2025-05-12 18:00:00,23.229093313217163
2025-05-12 18:30:00,49.07622802257538
2025-05-12 19:00:00,57.60491418838501
2025-05-12 19:30:00,29.240061461925507
2025-05-12 20:00:00,52.901021122932434
2025-05-12 20:30:00,56.94503128528595
2025-05-12 21:00:00,46.971504867076874
2025-05-12 21:30:00,12.654837504029274
2025-05-12 22:00:00,43.57789281010628
2025-05-12 22:30:00,47.89083355665207
2025-05-12 23:00:00,45.69533848762512
2025-05-12 23:30:00,74.77629488706589
2025-05-13 00:00:00,54.67737543582916
2025-05-13 00:30:00,31.30659392476082
2025-05-13 01:00:00,57.361321687698364
2025-05-13 01:30:00,48.99080413579941
2025-05-13 02:00:00,40.341781586408615
2025-05-13 02:30:00,41.99299496412277
2025-05-13 03:00:00,32.0423147380352
2025-05-13 03:30:00,52.57450819015503
2025-05-13 04:00:00,41.15029627084732
2025-05-13 04:30:00,51.52080816030502
2025-05-13 05:00:00,38.48917597532272
2025-05-13 05:30:00,30.134144574403763
2025-05-13 06:00:00,35.131676107645035
2025-05-13 06:30:00,35.44491147994995
2025-05-13 07:00:00,32.90339908003807
2025-05-13 07:30:00,46.39183947443962
2025-05-13 08:00:00,14.14829782396555
2025-05-13 08:30:00,48.20287212729454
2025-05-13 09:00:00,50.56726944446564
2025-05-13 09:30:00,63.83290237188339
2025-05-13 10:00:00,53.51598060131073
2025-05-13 10:30:00,42.14399433135986
2025-05-13 11:00:00,57.93659591674805
2025-05-13 11:30:00,68.08118402957916
2025-05-13 12:00:00,39.99603599309921
2025-05-13 12:30:00,65.04642456769943
2025-05-13 13:00:00,24.119340300559998
2025-05-13 13:30:00,46.649808049201965
2025-05-13 14:00:00,77.00121277570724
2025-05-13 14:30:00,31.646104007959366
2025-05-13 15:00:00,43.99980586767197
2025-05-13 15:30:00,35.89989846944809
2025-05-13 16:00:00,44.134928822517395
2025-05-13 16:30:00,35.62591761350632
2025-05-13 17:00:00,40.23650062084198
2025-05-13 17:30:00,41.025366365909576
2025-05-13 18:00:00,27.75458487868309
2025-05-13 18:30:00,35.62690627574921
2025-05-13 19:00:00,35.57602775096893
2025-05-13 19:30:00,24.180082321166992
2025-05-13 20:00:00,34.07863807678223
2025-05-13 20:30:00,58.317658722400665
2025-05-13 21:00:00,26.119476288557053
2025-05-13 21:30:00,44.12991324067116
2025-05-13 22:00:00,14.010178528726101
2025-05-13 22:30:00,74.30305522680283
2025-05-13 23:00:00,58.094949543476105
2025-05-13 23:30:00,63.07894045114517
2025-05-14 00:00:00,50.74487018585205
2025-05-14 00:30:00,59.57682126760483
2025-05-14 01:00:00,23.546598434448242
2025-05-14 01:30:00,34.02028387784958
2025-05-14 02:00:00,27.512721091508865
2025-05-14 02:30:00,42.15905264019966
2025-05-14 03:00:00,29.721482157707214
2025-05-14 03:30:00,38.512609004974365
2025-05-14 04:00:00,11.969542801380157
2025-05-14 04:30:00,65.2979263663292
2025-05-14 05:00:00,68.99811333417892
2025-05-14 05:30:00,17.525908440351486
2025-05-14 06:00:00,47.03788688778877
2025-05-14 06:30:00,36.916780948638916
2025-05-14 07:00:00,42.9669024348259
2025-05-14 07:30:00,49.391963958740234
2025-05-14 08:00:00,28.797140777111053
2025-05-14 08:30:00,56.48269581794739
2025-05-14 09:00:00,76.53768628835678
2025-05-14 09:30:00,43.49151784181595
2025-05-14 10:00:00,1.1398637890815737
2025-05-14 10:30:00,42.137304961681366
2025-05-14 11:00:00,42.776868253946304
2025-05-14 11:30:00,28.204258531332016
2025-05-14 12:00:00,56.76734960079193
2025-05-14 12:30:00,52.87344264984131
2025-05-14 13:00:00,32.50267577171326
2025-05-14 13:30:00,35.64106264710426
2025-05-14 14:00:00,31.358594089746475
2025-05-14 14:30:00,44.226435005664825
2025-05-14 15:00:00,37.18340176343918
2025-05-14 15:30:00,41.46425724029541
2025-05-14 16:00:00,62.18403923511505
2025-05-14 16:30:00,42.43680024147034
2025-05-14 17:00:00,43.89134210348129
2025-05-14 17:30:00,61.76816511154175
2025-05-14 18:00:00,50.11803808808327
2025-05-14 18:30:00,40.96071016788483
2025-05-14 19:00:00,51.105662524700165
2025-05-14 19:30:00,53.75647991895676
2025-05-14 20:00:00,42.173871010541916
2025-05-14 20:30:00,59.1781359910965
2025-05-14 21:00:00,25.861788123846054
2025-05-14 21:30:00,21.670329973101616
2025-05-14 22:00:00,41.98540943861008
2025-05-14 22:30:00,37.63769495487213
2025-05-14 23:00:00,38.00410705804825
2025-05-14 23:30:00,32.68579509854317
2025-05-15 00:00:00,21.856766521930695
2025-05-15 00:30:00,46.56106549501419
2025-05-15 01:00:00,18.403993725776672
2025-05-15 01:30:00,59.75617963075638
2025-05-15 02:00:00,45.80654853582382
2025-05-15 02:30:00,28.578287959098816
2025-05-15 03:00:00,30.58453804254532
2025-05-15 03:30:00,50.36557078361511
2025-05-15 04:00:00,26.317831709980965
2025-05-15 04:30:00,46.40684574842453
2025-05-15 05:00:00,40.98934668302536
2025-05-15 05:30:00,38.446637481451035
2025-05-15 06:00:00,30.43778818845749
2025-05-15 06:30:00,44.70615589618683
2025-05-15 07:00:00,20.509832739830017
2025-05-15 07:30:00,71.52965527772903
2025-05-15 08:00:00,33.57734873890877
2025-05-15 08:30:00,51.37825000286102
2025-05-15 09:00:00,14.757123693823814
2025-05-15 09:30:00,22.780574545264244
2025-05-15 10:00:00,41.33044672012329
2025-05-15 10:30:00,30.438109070062637
2025-05-15 11:00:00,31.98962077498436
2025-05-15 11:30:00,35.77766281366348
2025-05-15 12:00:00,48.146197497844696
2025-05-15 12:30:00,58.2081658244133
2025-05-15 13:00:00,28.375840574502945
2025-05-15 13:30:00,39.416220277547836
2025-05-15 14:00:00,49.533082485198975
2025-05-15 14:30:00,83.72664839029312
2025-05-15 15:00:00,37.7757665514946
2025-05-15 15:30:00,41.370221585035324
2025-05-15 16:00:00,63.75683897733688
2025-05-15 16:30:00,58.187010765075684
2025-05-15 17:00:00,46.5191890001297
2025-05-15 17:30:00,26.14902052283287
2025-05-15 18:00:00,30.358368545770645
2025-05-15 18:30:00,50.555604964494705
2025-05-15 19:00:00,52.93575727939606
2025-05-15 19:30:00,27.59941405057907
2025-05-15 20:00:00,27.286991000175476
2025-05-15 20:30:00,42.08495789766312
2025-05-15 21:00:00,41.236590296030045
2025-05-15 21:30:00,33.1973295211792
2025-05-15 22:00:00,18.309645861387253
2025-05-15 22:30:00,10.366045385599136
2025-05-15 23:00:00,9.609357416629791
2025-05-15 23:30:00,33.38638660311699
2025-05-16 00:00:00,63.29452085494995
2025-05-16 00:30:00,28.570002853870392
2025-05-16 01:00:00,28.973298996686935
2025-05-16 01:30:00,30.883218109607697
2025-05-16 02:00:00,56.170602321624756
2025-05-16 02:30:00,41.94943022727966
2025-05-16 03:00:00,59.861787259578705
2025-05-16 03:30:00,31.530251294374466
2025-05-16 04:00:00,27.796912342309952
2025-05-16 04:30:00,53.185166120529175
2025-05-16 05:00:00,63.70216768980026
2025-05-16 05:30:00,41.4281450510025
2025-05-16 06:00:00,33.571835935115814
2025-05-16 06:30:00,44.517327189445496
2025-05-16 07:00:00,54.14050871133804
2025-05-16 07:30:00,26.832249730825424
2025-05-16 08:00:00,48.07193797826767
2025-05-16 08:30:00,44.328735530376434
2025-05-16 09:00:00,47.079136073589325
2025-05-16 09:30:00,5.396450065076351
2025-05-16 10:00:00,8.055653020739555
2025-05-16 10:30:00,63.383263409137726
2025-05-16 11:00:00,18.36785262823105
2025-05-16 11:30:00,29.368041187524796
2025-05-16 12:00:00,25.046338349580765
2025-05-16 12:30:00,73.91496193408966
2025-05-16 13:00:00,44.121038407087326
2025-05-16 13:30:00,36.96344754099846
2025-05-16 14:00:00,25.706883251667023
2025-05-16 14:30:00,18.04613557457924
2025-05-16 15:00:00,42.828949362039566
2025-05-16 15:30:00,36.566230803728104
2025-05-16 16:00:00,30.8979295194149
2025-05-16 16:30:00,81.79912704229355
2025-05-16 17:00:00,47.46302032470703
2025-05-16 17:30:00,39.99828505516052
2025-05-16 18:00:00,76.86126214265823
2025-05-16 18:30:00,59.77206760644913
2025-05-16 19:00:00,97.46225434541701
2025-05-16 19:30:00,48.9384628534317
2025-05-16 20:00:00,39.754961401224136
2025-05-16 20:30:00,34.86465346813202
2025-05-16 21:00:00,51.77879697084427
2025-05-16 21:30:00,54.612401247024536
2025-05-16 22:00:00,38.591534316539764
2025-05-16 22:30:00,45.44542953372002
2025-05-16 23:00:00,47.92539048194885
2025-05-16 23:30:00,75.62952774763107
2025-05-17 00:00:00,15.845133483409882
2025-05-17 00:30:00,32.9524390399456
2025-05-17 01:00:00,55.92400336265564
2025-05-17 01:30:00,38.613758981227875
2025-05-17 02:00:00,27.849693030118942
2025-05-17 02:30:00,33.637535721063614
2025-05-17 03:00:00,52.00765782594681
2025-05-17 03:30:00,49.18713164329529
2025-05-17 04:00:00,63.036983013153076
2025-05-17 04:30:00,25.922394275665283
2025-05-17 05:00:00,72.3169252872467
2025-05-17 05:30:00,72.07107216119766
2025-05-17 06:00:00,74.70512276887894
2025-05-17 06:30:00,94.38373935222626
2025-05-17 07:00:00,60.60054922103882
2025-05-17 07:30:00,32.58931091427803
2025-05-17 08:00:00,40.55312982201576
2025-05-17 08:30:00,40.54905664920807
2025-05-17 09:00:00,60.66563904285431
2025-05-17 09:30:00,48.00121682882309
2025-05-17 10:00:00,62.08772271871567
2025-05-17 10:30:00,35.69597965478897
2025-05-17 11:00:00,58.34036326408386
2025-05-17 11:30:00,45.492737889289856
2025-05-17 12:00:00,64.60729086399078
2025-05-17 12:30:00,25.01809498667717
2025-05-17 13:00:00,52.59304416179657
2025-05-17 13:30:00,21.537726372480392
2025-05-17 14:00:00,35.08997017145157
2025-05-17 14:30:00,49.686923533678055
2025-05-17 15:00:00,33.86865431070328
2025-05-17 15:30:00,40.870585799217224
2025-05-17 16:00:00,51.204366862773895
2025-05-17 16:30:00,30.701610684394836
2025-05-17 17:00:00,21.251365557312965
2025-05-17 17:30:00,18.250065952539444
2025-05-17 18:00:00,39.06955251097679
2025-05-17 18:30:00,39.466063886880875
2025-05-17 19:00:00,43.694245636463165
2025-05-17 19:30:00,35.77005994319916
2025-05-17 20:00:00,58.9264954328537
2025-05-17 20:30:00,42.725599467754364
2025-05-17 21:00:00,42.87772047519684
2025-05-17 21:30:00,25.583192065358162
2025-05-17 22:00:00,34.664828062057495
2025-05-17 22:30:00,29.651980936527252
2025-05-17 23:00:00,44.20248740911484
2025-05-17 23:30:00,24.093134969472885
2025-05-18 00:00:00,52.745506286621094
2025-05-18 00:30:00,20.407344311475754
2025-05-18 01:00:00,30.784710347652435
2025-05-18 01:30:00,37.09589070081711
2025-05-18 02:00:00,33.09076792001724
2025-05-18 02:30:00,28.265679895877838
2025-05-18 03:00:00,28.694108873605728
2025-05-18 03:30:00,44.38597097992897
2025-05-18 04:00:00,53.22593832015991
2025-05-18 04:30:00,48.739513367414474
2025-05-18 05:00:00,28.933165669441223
2025-05-18 05:30:00,60.869193613529205
2025-05-18 06:00:00,26.39680616557598
2025-05-18 06:30:00,58.42923879623413
2025-05-18 07:00:00,65.81006497144699
2025-05-18 07:30:00,40.06373044848442
2025-05-18 08:00:00,35.23151075839996
2025-05-18 08:30:00,20.24883458018303
2025-05-18 09:00:00,49.85979777574539
2025-05-18 09:30:00,18.59431265294552
2025-05-18 10:00:00,38.50455516576767
2025-05-18 10:30:00,74.24729698896408
2025-05-18 11:00:00,44.650203973054886
2025-05-18 11:30:00,52.70924377441406
2025-05-18 12:00:00,32.01606893539429
2025-05-18 12:30:00,79.76199716329575
2025-05-18 13:00:00,59.105610966682434
2025-05-18 13:30:00,41.17116802930832
2025-05-18 14:00:00,44.16121509671211
2025-05-18 14:30:00,61.52696043252945
2025-05-18 15:00:00,44.80946531891823
2025-05-18 15:30:00,46.20803791284561
2025-05-18 16:00:00,57.87612563371658
2025-05-18 16:30:00,48.68950209021568
2025-05-18 17:00:00,47.5925697684288
2025-05-18 17:30:00,59.06724971532822
2025-05-18 18:00:00,18.695307970046997
2025-05-18 18:30:00,39.66859221458435
2025-05-18 19:00:00,40.16286841034889
2025-05-18 19:30:00,76.37538957595825
2025-05-18 20:00:00,28.753688782453537
2025-05-18 20:30:00,53.66193836927414
2025-05-18 21:00:00,43.863509237766266
2025-05-18 21:30:00,46.74092108011246
2025-05-18 22:00:00,31.520780950784683
2025-05-18 22:30:00,30.190940618515015
2025-05-18 23:00:00,40.81090182065964
2025-05-18 23:30:00,54.638597905635834
2025-05-19 00:00:00,60.886665761470795
2025-05-19 00:30:00,36.67457893490791
2025-05-19 01:00:00,10.567862570285797
2025-05-19 01:30:00,50.232826977968216
2025-05-19 02:00:00,37.50334674119949
2025-05-19 02:30:00,45.7058784365654
2025-05-19 03:00:00,33.75710025429726
2025-05-19 03:30:00,36.822826236486435
2025-05-19 04:00:00,31.396160364151
2025-05-19 04:30:00,43.80147212743759
2025-05-19 05:00:00,22.044135361909866
2025-05-19 05:30:00,40.70927196741104
2025-05-19 06:00:00,12.050952054560184
2025-05-19 06:30:00,37.556058049201965
2025-05-19 07:00:00,53.642494678497314
2025-05-19 07:30:00,52.40499019622803
2025-05-19 08:00:00,17.44797034561634
2025-05-19 08:30:00,37.62847900390625
2025-05-19 09:00:00,67.91607165336609
2025-05-19 09:30:00,42.33518773317337
2025-05-19 10:00:00,31.27827250957489
2025-05-19 10:30:00,41.547420501708984
2025-05-19 11:00:00,36.00903579592705
2025-05-19 11:30:00,40.46407216787338
2025-05-19 12:00:00,27.518583685159683
2025-05-19 12:30:00,32.13856476545334
2025-05-19 13:00:00,23.245965614914894
2025-05-19 13:30:00,53.47998982667923
2025-05-19 14:00:00,35.78518185019493
2025-05-19 14:30:00,27.879269063472748
2025-05-19 15:00:00,54.40254467725754
2025-05-19 15:30:00,27.997922986745834
2025-05-19 16:00:00,28.275800675153732
2025-05-19 16:30:00,6.037889502942562
2025-05-19 17:00:00,37.931824862957
2025-05-19 17:30:00,64.81937915086746
2025-05-19 18:00:00,54.92975026369095
2025-05-19 18:30:00,31.959955126047134
2025-05-19 19:00:00,32.02957487106323
2025-05-19 19:30:00,31.748445004224777
2025-05-19 20:00:00,28.442852795124054
2025-05-19 20:30:00,50.26121488213539
2025-05-19 21:00:00,36.83057075738907
2025-05-19 21:30:00,34.27486729621887
2025-05-19 22:00:00,31.335322946310043
2025-05-19 22:30:00,50.16436356306076
2025-05-19 23:00:00,39.50978183746338
2025-05-19 23:30:00,77.6302679181099
2025-05-20 00:00:00,30.475608855485916
2025-05-20 00:30:00,27.658404231071472
2025-05-20 01:00:00,51.01284968852997
2025-05-20 01:30:00,39.60627469420433
2025-05-20 02:00:00,35.45318502187729
2025-05-20 02:30:00,29.92143476009369
2025-05-20 03:00:00,22.972593277692795
2025-05-20 03:30:00,14.11792753636837
2025-05-20 04:00:00,40.36097666621208
2025-05-20 04:30:00,11.481040306389332
2025-05-20 05:00:00,52.63150370121002
2025-05-20 05:30:00,58.116757929325104
2025-05-20 06:00:00,24.350253641605377
2025-05-20 06:30:00,21.238025844097137
2025-05-20 07:00:00,32.984261244535446
2025-05-20 07:30:00,23.192608207464218
2025-05-20 08:00:00,35.08115893602371
2025-05-20 08:30:00,23.75943833589554
2025-05-20 09:00:00,67.04489254951477
2025-05-20 09:30:00,23.9502342492342
2025-05-20 10:00:00,39.42758122086525
2025-05-20 10:30:00,22.744232535362244
2025-05-20 11:00:00,53.71853494644165
2025-05-20 11:30:00,40.69557523727417
2025-05-20 12:00:00,51.14729619026184
2025-05-20 12:30:00,54.55031210184097
2025-05-20 13:00:00,58.693541169166565
2025-05-20 13:30:00,46.02824014425278
2025-05-20 14:00:00,24.812297135591507
2025-05-20 14:30:00,30.939106434583664
2025-05-20 15:00:00,25.73448485136032
2025-05-20 15:30:00,58.693130671978
2025-05-20 16:00:00,61.02014094591141
2025-05-20 16:30:00,69.94811367988586
2025-05-20 17:00:00,51.91797286272049
2025-05-20 17:30:00,31.309450060129166
2025-05-20 18:00:00,30.43555936217308
2025-05-20 18:30:00,27.157944560050964
2025-05-20 19:00:00,30.157253831624985
2025-05-20 19:30:00,69.20196276903152
2025-05-20 20:00:00,27.732418030500412
2025-05-20 20:30:00,42.57587784528732
2025-05-20 21:00:00,57.844783306121826
2025-05-20 21:30:00,34.45425456762314
2025-05-20 22:00:00,57.21044373512268
2025-05-20 22:30:00,45.61139181256294
2025-05-20 23:00:00,17.223554134368896
2025-05-20 23:30:00,45.81328994035721
2025-05-21 00:00:00,26.262536004185677
2025-05-21 00:30:00,28.806825041770935
2025-05-21 01:00:00,23.61864647269249
2025-05-21 01:30:00,50.59831690788269
2025-05-21 02:00:00,48.693158984184265
2025-05-21 02:30:00,49.15750068426132
2025-05-21 03:00:00,17.626737534999847
2025-05-21 03:30:00,34.63932520151138
2025-05-21 04:00:00,11.158038280904293
2025-05-21 04:30:00,11.25704687833786
2025-05-21 05:00:00,30.286135494709015
2025-05-21 05:30:00,41.86287313699722
2025-05-21 06:00:00,44.925887525081635
2025-05-21 06:30:00,68.24891549348831
2025-05-21 07:00:00,46.245849907398224
2025-05-21 07:30:00,42.19648015499115
2025-05-21 08:00:00,38.20193201303482
2025-05-21 08:30:00,41.22807392477989
2025-05-21 09:00:00,16.793228775262833
2025-05-21 09:30:00,32.57043960690498
2025-05-21 10:00:00,53.18303847312927
2025-05-21 10:30:00,50.28001970052719
2025-05-21 11:00:00,43.12027806043625
2025-05-21 11:30:00,24.81228268146515
2025-05-21 12:00:00,36.45598918199539
2025-05-21 12:30:00,27.318709135055542
2025-05-21 13:00:00,18.733920723199844
2025-05-21 13:30:00,29.287436306476593
2025-05-21 14:00:00,46.125157952308655
2025-05-21 14:30:00,39.74449372291565
2025-05-21 15:00:00,47.06545090675354
2025-05-21 15:30:00,46.10947233438492
2025-05-21 16:00:00,4.872269727289677
2025-05-21 16:30:00,34.658763110637665
2025-05-21 17:00:00,78.80414533615112
2025-05-21 17:30:00,65.55080997943878
2025-05-21 18:00:00,37.809791564941406
2025-05-21 18:30:00,34.961241722106934
2025-05-21 19:00:00,71.95146137475967
2025-05-21 19:30:00,48.85466939210892
2025-05-21 20:00:00,39.88120085000992
2025-05-21 20:30:00,31.589117169380188
2025-05-21 21:00:00,15.129414290189743
2025-05-21 21:30:00,51.225276201963425
2025-05-21 22:00:00,46.25330823659897
2025-05-21 22:30:00,57.867817401885986
2025-05-21 23:00:00,26.129559487104416
2025-05-21 23:30:00,26.76096197962761
2025-05-22 00:00:00,36.34592968225479
2025-05-22 00:30:00,49.73239043354988
2025-05-22 01:00:00,73.74850243330002
2025-05-22 01:30:00,54.88357800245285
2025-05-22 02:00:00,58.03244411945343
2025-05-22 02:30:00,20.632315561175346
2025-05-22 03:00:00,6.692998208105564
2025-05-22 03:30:00,56.209431886672974
2025-05-22 04:00:00,32.092976450920105
2025-05-22 04:30:00,59.603503584861755
2025-05-22 05:00:00,48.035149335861206
2025-05-22 05:30:00,61.452163219451904
2025-05-22 06:00:00,53.12780636548996
2025-05-22 06:30:00,15.725034147500992
2025-05-22 07:00:00,25.052631676197052
2025-05-22 07:30:00,44.837928384542465
2025-05-22 08:00:00,32.586602210998535
2025-05-22 08:30:00,64.92721849679947
2025-05-22 09:00:00,70.87842750549316
2025-05-22 09:30:00,51.52767097949982
2025-05-22 10:00:00,44.87600922584534
2025-05-22 10:30:00,25.78485170006752
2025-05-22 11:00:00,40.54873865842819
2025-05-22 11:30:00,27.341439694166183
2025-05-22 12:00:00,-5.921057879924774
2025-05-22 12:30:00,23.183950185775757
2025-05-22 13:00:00,51.831878304481506
2025-05-22 13:30:00,36.51824310421944
2025-05-22 14:00:00,51.611308336257935
2025-05-22 14:30:00,39.6387560069561
2025-05-22 15:00:00,25.511998265981674
2025-05-22 15:30:00,35.91263833642006
2025-05-22 16:00:00,40.38688424229622
2025-05-22 16:30:00,51.723402976989746
2025-05-22 17:00:00,25.892871722579002
2025-05-22 17:30:00,40.884695917367935
2025-05-22 18:00:00,53.25505471229553
2025-05-22 18:30:00,20.390099093317986
2025-05-22 19:00:00,50.85322988033295
2025-05-22 19:30:00,28.320302039384842
2025-05-22 20:00:00,7.476483404636383
2025-05-22 20:30:00,9.842155575752258
2025-05-22 21:00:00,28.980933666229248
2025-05-22 21:30:00,38.33171850442886
2025-05-22 22:00:00,40.77891194820404
2025-05-22 22:30:00,57.4631307721138
2025-05-22 23:00:00,34.93337416648865
2025-05-22 23:30:00,36.118011236190796
2025-05-23 00:00:00,33.43830871582031
2025-05-23 00:30:00,26.7929677516222
2025-05-23 01:00:00,28.866303771734238
2025-05-23 01:30:00,44.705661565065384
2025-05-23 02:00:00,63.43906790018082
2025-05-23 02:30:00,36.402439534664154
2025-05-23 03:00:00,27.700697004795074
2025-05-23 03:30:00,22.476163417100906
2025-05-23 04:00:00,34.916798174381256
2025-05-23 04:30:00,13.782411850988865
2025-05-23 05:00:00,16.979009106755257
2025-05-23 05:30:00,10.022731699049473
2025-05-23 06:00:00,69.06320893764496
2025-05-23 06:30:00,35.481035232543945
2025-05-23 07:00:00,61.31909853219986
2025-05-23 07:30:00,-3.986445337533951
2025-05-23 08:00:00,22.241207256913185
2025-05-23 08:30:00,19.629122585058212
2025-05-23 09:00:00,40.41195347905159
2025-05-23 09:30:00,9.074752762913704
2025-05-23 10:00:00,55.59847331047058
2025-05-23 10:30:00,53.75347924232483
2025-05-23 11:00:00,55.880519568920135
2025-05-23 11:30:00,28.265766620635986
2025-05-23 12:00:00,49.74829575419426
2025-05-23 12:30:00,66.63980120420456
2025-05-23 13:00:00,22.27302512526512
2025-05-23 13:30:00,55.07063752412796
2025-05-23 14:00:00,29.516678750514984
2025-05-23 14:30:00,26.887692868709564
2025-05-23 15:00:00,34.66616940498352
2025-05-23 15:30:00,30.89319145679474
2025-05-23 16:00:00,38.58972465991974
2025-05-23 16:30:00,65.82568120956421
2025-05-23 17:00:00,33.016540199518204
2025-05-23 17:30:00,26.394463151693344
2025-05-23 18:00:00,39.60328847169876
2025-05-23 18:30:00,44.09915775060654
2025-05-23 19:00:00,40.44526445865631
2025-05-23 19:30:00,41.27938896417618
2025-05-23 20:00:00,52.21053594350815
2025-05-23 20:30:00,15.0908824801445
2025-05-23 21:00:00,23.026556313037872
2025-05-23 21:30:00,47.247624933719635
2025-05-23 22:00:00,42.071151316165924
2025-05-23 22:30:00,60.463292837142944
2025-05-23 23:00:00,72.75596648454666
2025-05-23 23:30:00,59.72756624221802
2025-05-24 00:00:00,45.806357741355896
2025-05-24 00:30:00,31.954919308423996
2025-05-24 01:00:00,19.56073433160782
2025-05-24 01:30:00,17.474002227187157
2025-05-24 02:00:00,47.063068866729736
2025-05-24 02:30:00,48.66331121325493
2025-05-24 03:00:00,23.399362921714783
2025-05-24 03:30:00,36.949854880571365
2025-05-24 04:00:00,57.43911957740784
2025-05-24 04:30:00,58.589384734630585
2025-05-24 05:00:00,40.23955622315407
2025-05-24 05:30:00,32.46388667821884
2025-05-24 06:00:00,57.047164142131805
2025-05-24 06:30:00,42.41167896986008
2025-05-24 07:00:00,54.380799889564514
2025-05-24 07:30:00,27.861522287130356
2025-05-24 08:00:00,16.406800597906113
2025-05-24 08:30:00,39.99567753076553
2025-05-24 09:00:00,26.02373504638672
2025-05-24 09:30:00,31.315471649169922
2025-05-24 10:00:00,10.967779338359833
2025-05-24 10:30:00,31.80410784482956
2025-05-24 11:00:00,27.337389647960663
2025-05-24 11:30:00,72.48026269674301
2025-05-24 12:00:00,34.4048185646534
2025-05-24 12:30:00,20.225346624851227
2025-05-24 13:00:00,51.30577701330185
2025-05-24 13:30:00,48.937621623277664
2025-05-24 14:00:00,43.35312536358833
2025-05-24 14:30:00,34.435857355594635
2025-05-24 15:00:00,23.46083053946495
2025-05-24 15:30:00,43.950942248106
2025-05-24 16:00:00,68.70597809553146
2025-05-24 16:30:00,39.55341595411301
2025-05-24 17:00:00,75.36162918806076
2025-05-24 17:30:00,47.672564685344696
2025-05-24 18:00:00,51.89596790075302
2025-05-24 18:30:00,18.230116367340088
2025-05-24 19:00:00,54.46034383773804
2025-05-24 19:30:00,15.319149270653725
2025-05-24 20:00:00,30.150506645441055
2025-05-24 20:30:00,14.476303145289421
2025-05-24 21:00:00,28.43534243106842
2025-05-24 21:30:00,74.4096052646637
2025-05-24 22:00:00,66.0259980559349
2025-05-24 22:30:00,36.467512011528015
2025-05-24 23:00:00,64.44528901576996
2025-05-24 23:30:00,40.44004073739052
2025-05-25 00:00:00,37.84388595819473
2025-05-25 00:30:00,21.147608056664467
2025-05-25 01:00:00,42.34591269493103
2025-05-25 01:30:00,44.40292567014694
2025-05-25 02:00:00,12.320349507033825
2025-05-25 02:30:00,47.52683240175247
2025-05-25 03:00:00,34.88332241773605
2025-05-25 03:30:00,35.98095142841339
2025-05-25 04:00:00,37.865610510110855
2025-05-25 04:30:00,28.319960922002792
2025-05-25 05:00:00,33.91564178466797
2025-05-25 05:30:00,46.152025282382965
2025-05-25 06:00:00,49.286659866571426
2025-05-25 06:30:00,14.215517461299896
2025-05-25 07:00:00,37.488863706588745
2025-05-25 07:30:00,22.755201771855354
2025-05-25 08:00:00,38.586082220077515
2025-05-25 08:30:00,20.19298528134823
2025-05-25 09:00:00,4.547648839652538
2025-05-25 09:30:00,47.47303992509842
2025-05-25 10:00:00,34.8241240978241
2025-05-25 10:30:00,79.93123763799667
2025-05-25 11:00:00,59.97012960910797
2025-05-25 11:30:00,75.5592633485794
2025-05-25 12:00:00,70.88652181625366
2025-05-25 12:30:00,47.65634137392044
2025-05-25 13:00:00,47.27207553386688
2025-05-25 13:30:00,38.74256259202957
2025-05-25 14:00:00,32.34257897734642
2025-05-25 14:30:00,0.5129912197589875
2025-05-25 15:00:00,22.59937183558941
2025-05-25 15:30:00,23.326009675860405
2025-05-25 16:00:00,37.626258850097656
2025-05-25 16:30:00,31.92469573020935
2025-05-25 17:00:00,67.1531770825386
2025-05-25 17:30:00,42.162206530570984
2025-05-25 18:00:00,49.79148757457733
2025-05-25 18:30:00,49.77185598015785
2025-05-25 19:00:00,24.12384131550789
2025-05-25 19:30:00,42.80278739333153
2025-05-25 20:00:00,28.987391769886017
2025-05-25 20:30:00,23.864599332213402
2025-05-25 21:00:00,68.13135141134262
2025-05-25 21:30:00,49.15704682469368
2025-05-25 22:00:00,18.052261233329773
2025-05-25 22:30:00,24.154408901929855
2025-05-25 23:00:00,66.99199044704437
2025-05-25 23:30:00,69.90491896867752
2025-05-26 00:00:00,29.106262505054474
2025-05-26 00:30:00,16.94519367814064
2025-05-26 01:00:00,29.540704399347305
2025-05-26 01:30:00,16.902243241667747
2025-05-26 02:00:00,11.862210795283318
2025-05-26 02:30:00,12.036489978432655
2025-05-26 03:00:00,60.974142134189606
2025-05-26 03:30:00,56.28099715709686
2025-05-26 04:00:00,64.55700784921646
2025-05-26 04:30:00,44.604514479637146
2025-05-26 05:00:00,28.08202576637268
2025-05-26 05:30:00,25.821922197937965
2025-05-26 06:00:00,67.1951749920845
2025-05-26 06:30:00,34.930078625679016
2025-05-26 07:00:00,46.82217928767204
2025-05-26 07:30:00,13.742098569869995
2025-05-26 08:00:00,38.64727810025215
2025-05-26 08:30:00,60.628185510635376
2025-05-26 09:00:00,32.27977579832077
2025-05-26 09:30:00,30.467222571372986
2025-05-26 10:00:00,44.51329159736633
2025-05-26 10:30:00,59.444855093955994
2025-05-26 11:00:00,47.38106542825699
2025-05-26 11:30:00,42.30133906006813
2025-05-26 12:00:00,27.149484559893608
2025-05-26 12:30:00,20.8693964779377
2025-05-26 13:00:00,48.82194525003433
2025-05-26 13:30:00,39.123183101415634
2025-05-26 14:00:00,39.24747413396835
2025-05-26 14:30:00,29.8259334564209
2025-05-26 15:00:00,43.073501616716385
2025-05-26 15:30:00,44.843001782894135
2025-05-26 16:00:00,30.886201441287994
2025-05-26 16:30:00,41.67320030927658
2025-05-26 17:00:00,46.52287769317627
2025-05-26 17:30:00,37.55280297994614
2025-05-26 18:00:00,45.573481529951096
2025-05-26 18:30:00,39.04189309477806
2025-05-26 19:00:00,45.036828726530075
2025-05-26 19:30:00,43.238573521375656
2025-05-26 20:00:00,43.89047485589981
2025-05-26 20:30:00,28.928690671920776
2025-05-26 21:00:00,31.616990506649017
2025-05-26 21:30:00,61.1755690574646
2025-05-26 22:00:00,36.35351520776749
2025-05-26 22:30:00,44.29754641652107
2025-05-26 23:00:00,73.69480246305466
2025-05-26 23:30:00,32.591207295656204
2025-05-27 00:00:00,39.153990626335144
2025-05-27 00:30:00,43.34532880783081
2025-05-27 01:00:00,60.71994608640671
2025-05-27 01:30:00,42.364402413368225
2025-05-27 02:00:00,35.181326031684875
2025-05-27 02:30:00,17.92024591565132
2025-05-27 03:00:00,46.99886652827263
2025-05-27 03:30:00,33.52716112136841
2025-05-27 04:00:00,43.61900323629379
2025-05-27 04:30:00,25.708458751440048
2025-05-27 05:00:00,21.583765655755997
2025-05-27 05:30:00,58.94950062036514
2025-05-27 06:00:00,20.417566269636154
2025-05-27 06:30:00,22.772235959768295
2025-05-27 07:00:00,35.87123304605484
2025-05-27 07:30:00,50.73374918103218
2025-05-27 08:00:00,36.335768431425095
2025-05-27 08:30:00,25.897021502256393
2025-05-27 09:00:00,44.35531955957413
2025-05-27 09:30:00,38.36588516831398
2025-05-27 10:00:00,43.58297777175903
2025-05-27 10:30:00,43.15630352497101
2025-05-27 11:00:00,46.00702437758446
2025-05-27 11:30:00,7.52672016620636
2025-05-27 12:00:00,20.320748195052147
2025-05-27 12:30:00,71.69080144166946
2025-05-27 13:00:00,66.6774166226387
2025-05-27 13:30:00,58.17434895038605
2025-05-27 14:00:00,47.5623317360878
2025-05-27 14:30:00,54.24755018949509
2025-05-27 15:00:00,53.47263556718826
2025-05-27 15:30:00,37.14505207538605
2025-05-27 16:00:00,29.02222043275833
2025-05-27 16:30:00,74.16942393779755
2025-05-27 17:00:00,76.72868889570236
2025-05-27 17:30:00,58.73287373781204
2025-05-27 18:00:00,23.668374449014664
2025-05-27 18:30:00,58.599895775318146
2025-05-27 19:00:00,35.27694296836853
2025-05-27 19:30:00,39.5953733921051
2025-05-27 20:00:00,56.82760018110275
2025-05-27 20:30:00,45.25428527593613
2025-05-27 21:00:00,49.34280836582184
2025-05-27 21:30:00,61.90998899936676
2025-05-27 22:00:00,37.46913093328476
2025-05-27 22:30:00,68.82593578100204
2025-05-27 23:00:00,47.7404730618
2025-05-27 23:30:00,32.07086741924286
2025-05-28 00:00:00,32.44170826673508
2025-05-28 00:30:00,14.427604302763939
2025-05-28 01:00:00,65.81482326984406
2025-05-28 01:30:00,24.401977732777596
2025-05-28 02:00:00,16.28119568526745
2025-05-28 02:30:00,72.16230660676956
2025-05-28 03:00:00,26.846868634223938
2025-05-28 03:30:00,59.680359065532684
2025-05-28 04:00:00,67.70669496059418
2025-05-28 04:30:00,48.40093991160393
2025-05-28 05:00:00,34.48154106736183
2025-05-28 05:30:00,52.30902636051178
2025-05-28 06:00:00,33.48192548751831
2025-05-28 06:30:00,53.343074560165405
2025-05-28 07:00:00,59.23051196336746
2025-05-28 07:30:00,54.23051166534424
2025-05-28 08:00:00,63.25757610797882
2025-05-28 08:30:00,38.35342860221863
2025-05-28 09:00:00,70.70705938339233
2025-05-28 09:30:00,84.63368529081345
2025-05-28 10:00:00,66.077321767807
2025-05-28 10:30:00,45.72627031803131
2025-05-28 11:00:00,48.98616147041321
2025-05-28 11:30:00,23.664723336696625
2025-05-28 12:00:00,9.783471822738647
2025-05-28 12:30:00,72.04254549741745
2025-05-28 13:00:00,48.043318808078766
2025-05-28 13:30:00,44.16599652171135
2025-05-28 14:00:00,37.70968806743622
2025-05-28 14:30:00,43.375890612602234
2025-05-28 15:00:00,38.37450271844864
2025-05-28 15:30:00,59.00886082649231
2025-05-28 16:00:00,27.139538675546646
2025-05-28 16:30:00,49.55185839533806
2025-05-28 17:00:00,26.652956411242485
2025-05-28 17:30:00,20.302736908197403
2025-05-28 18:00:00,22.23505413532257
2025-05-28 18:30:00,20.230685979127884
2025-05-28 19:00:00,45.08984935283661
2025-05-28 19:30:00,28.55123272538185
2025-05-28 20:00:00,7.039152853190899
2025-05-28 20:30:00,32.809958934783936
2025-05-28 21:00:00,15.817686542868614
2025-05-28 21:30:00,65.91672486066818
2025-05-28 22:00:00,25.316308185458183
2025-05-28 22:30:00,16.63869248330593
2025-05-28 23:00:00,24.488920748233795
2025-05-28 23:30:00,33.935880452394485
2025-05-29 00:00:00,40.50559887290001
2025-05-29 00:30:00,25.17815998196602
2025-05-29 01:00:00,42.56928965449333
2025-05-29 01:30:00,43.45146256685257
2025-05-29 02:00:00,41.60409513115883
2025-05-29 02:30:00,39.59472295641899
2025-05-29 03:00:00,26.03125986456871
2025-05-29 03:30:00,61.830190658569336
2025-05-29 04:00:00,62.49994283914566
2025-05-29 04:30:00,40.72757089138031
2025-05-29 05:00:00,38.483041644096375
2025-05-29 05:30:00,17.35557234287262
2025-05-29 06:00:00,21.50222559273243
2025-05-29 06:30:00,32.37963646650314
2025-05-29 07:00:00,34.71292561292648
2025-05-29 07:30:00,20.514520213007927
2025-05-29 08:00:00,54.05723559856415
2025-05-29 08:30:00,31.46430867910385
2025-05-29 09:00:00,44.47853231430054
2025-05-29 09:30:00,67.13141494989395
2025-05-29 10:00:00,47.963185131549835
2025-05-29 10:30:00,23.441055849194527
2025-05-29 11:00:00,12.435133337974548
2025-05-29 11:30:00,-2.707003653049469
2025-05-29 12:00:00,24.719156190752983
2025-05-29 12:30:00,51.739290952682495
2025-05-29 13:00:00,41.37763366103172
2025-05-29 13:30:00,48.33780139684677
2025-05-29 14:00:00,28.423854291439056
2025-05-29 14:30:00,13.660111874341965
2025-05-29 15:00:00,32.84593814611435
2025-05-29 15:30:00,3.7806370109319687
2025-05-29 16:00:00,9.316204607486725
2025-05-29 16:30:00,19.927691355347633
2025-05-29 17:00:00,33.993589997291565
2025-05-29 17:30:00,61.55294895172119
2025-05-29 18:00:00,10.82036603987217
2025-05-29 18:30:00,44.99654507637024
2025-05-29 19:00:00,50.1282976269722
2025-05-29 19:30:00,59.41396951675415
2025-05-29 20:00:00,24.678853750228882
2025-05-29 20:30:00,63.54403376579285
2025-05-29 21:00:00,26.680912137031555
2025-05-29 21:30:00,18.735522240400314
2025-05-29 22:00:00,56.764568626880646
2025-05-29 22:30:00,49.28308969736099
2025-05-29 23:00:00,45.64246240258217
2025-05-29 23:30:00,30.30326074361801
2025-05-30 00:00:00,54.141034841537476
2025-05-30 00:30:00,59.29045033454895
2025-05-30 01:00:00,71.55037671327591
2025-05-30 01:30:00,15.258347988128662
2025-05-30 02:00:00,30.65070903301239
2025-05-30 02:30:00,66.51990133523941
2025-05-30 03:00:00,45.53885233402252
2025-05-30 03:30:00,66.39841729402542
2025-05-30 04:00:00,56.31080734729767
2025-05-30 04:30:00,18.049412325024605
2025-05-30 05:00:00,28.609959840774536
2025-05-30 05:30:00,24.442573592066765
2025-05-30 06:00:00,37.49189907312393
2025-05-30 06:30:00,34.72018736600876
2025-05-30 07:00:00,49.49940437078476
2025-05-30 07:30:00,64.75556707382202
2025-05-30 08:00:00,61.79511916637421
2025-05-30 08:30:00,23.82377654314041
2025-05-30 09:00:00,41.497253119945526
2025-05-30 09:30:00,53.249284625053406
2025-05-30 10:00:00,43.0370916724205
2025-05-30 10:30:00,52.01076257228851
2025-05-30 11:00:00,66.8612499833107
2025-05-30 11:30:00,46.289131343364716
2025-05-30 12:00:00,26.68999221920967
2025-05-30 12:30:00,1.6275069862604143
2025-05-30 13:00:00,30.128573954105377
2025-05-30 13:30:00,72.73157370090485
2025-05-30 14:00:00,64.11061817407608
2025-05-30 14:30:00,55.69735109806061
2025-05-30 15:00:00,38.20067739486694
2025-05-30 15:30:00,53.58897393941879
2025-05-30 16:00:00,32.229773193597794
2025-05-30 16:30:00,36.359143644571304
2025-05-30 17:00:00,54.15432685613632
2025-05-30 17:30:00,22.769764304161072
2025-05-30 18:00:00,28.639593690633774
2025-05-30 18:30:00,32.50772026181221
2025-05-30 19:00:00,48.61251652240753
2025-05-30 19:30:00,14.446900561451912
2025-05-30 20:00:00,19.003811061382294
2025-05-30 20:30:00,25.25564132630825
2025-05-30 21:00:00,59.801611840724945
2025-05-30 21:30:00,17.781026661396027
2025-05-30 22:00:00,21.087361812591553
2025-05-30 22:30:00,47.4543391764164
2025-05-30 23:00:00,36.29861843585968
2025-05-30 23:30:00,29.532407730817795
2025-05-31 00:00:00,72.27117508649826
2025-05-31 00:30:00,25.394116193056107
2025-05-31 01:00:00,48.29239809513092
2025-05-31 01:30:00,50.501494497060776
2025-05-31 02:00:00,69.86141782999039
2025-05-31 02:30:00,37.775723189115524
2025-05-31 03:00:00,45.973765432834625
2025-05-31 03:30:00,56.04262548685074
2025-05-31 04:00:00,50.50364238023758
2025-05-31 04:30:00,50.22132149338722
2025-05-31 05:00:00,76.83341771364212
2025-05-31 05:30:00,56.63745903968811
2025-05-31 06:00:00,51.47315001487732
2025-05-31 06:30:00,43.29420167207718
2025-05-31 07:00:00,49.06113791465759
2025-05-31 07:30:00,43.562918335199356
2025-05-31 08:00:00,44.93194958567619
2025-05-31 08:30:00,26.10285259783268
2025-05-31 09:00:00,47.263298988342285
2025-05-31 09:30:00,3.458603411912918
2025-05-31 10:00:00,27.738974422216415
2025-05-31 10:30:00,28.56226122379303
2025-05-31 11:00:00,40.854986906051636
2025-05-31 11:30:00,35.27896365523338
2025-05-31 12:00:00,53.76911860704422
2025-05-31 12:30:00,56.42072230577469
2025-05-31 13:00:00,29.911256164312363
2025-05-31 13:30:00,63.51059848070145
2025-05-31 14:00:00,53.25170713663101
2025-05-31 14:30:00,52.41132688522339
2025-05-31 15:00:00,40.65852352976799
2025-05-31 15:30:00,65.5522033572197
2025-05-31 16:00:00,59.62636423110962
2025-05-31 16:30:00,45.85564053058624
2025-05-31 17:00:00,60.279187738895416
2025-05-31 17:30:00,70.51703387498856
2025-05-31 18:00:00,39.34852582216263
2025-05-31 18:30:00,39.809936225414276
2025-05-31 19:00:00,46.19637632369995
2025-05-31 19:30:00,41.57932075858116
2025-05-31 20:00:00,49.98924604058266
2025-05-31 20:30:00,38.900962471961975
2025-05-31 21:00:00,30.180588573217392
2025-05-31 21:30:00,26.493762999773026
2025-05-31 22:00:00,46.281193137168884
2025-05-31 22:30:00,23.899831265211105
2025-05-31 23:00:00,30.223028779029846
2025-05-31 23:30:00,34.557792365550995
2025-06-01 00:00:00,21.59440967440605
2025-06-01 00:30:00,22.406335532665253
2025-06-01 01:00:00,22.280090302228928
2025-06-01 01:30:00,10.104018814861774
2025-06-01 02:00:00,20.356037944555283
2025-06-01 02:30:00,35.392032504081726
2025-06-01 03:00:00,50.54606235027313
2025-06-01 03:30:00,40.95872128009796
2025-06-01 04:00:00,41.87203994393349
2025-06-01 04:30:00,42.9665150642395
2025-06-01 05:00:00,74.73503124713898
2025-06-01 05:30:00,45.995105504989624
2025-06-01 06:00:00,57.800836980342865
2025-06-01 06:30:00,39.50740557909012
2025-06-01 07:00:00,41.66339462995529
2025-06-01 07:30:00,71.79672127962112
2025-06-01 08:00:00,25.640177458524704
2025-06-01 08:30:00,37.97214609384537
2025-06-01 09:00:00,61.097516775131226
2025-06-01 09:30:00,27.077432185411453
2025-06-01 10:00:00,26.73913335800171
2025-06-01 10:30:00,41.99468031525612
2025-06-01 11:00:00,59.46499836444855
2025-06-01 11:30:00,40.4325997531414
2025-06-01 12:00:00,40.35076627135277
2025-06-01 12:30:00,46.37112671136856
2025-06-01 13:00:00,45.35598450899124
2025-06-01 13:30:00,50.47715952992439
2025-06-01 14:00:00,68.96853440999985
2025-06-01 14:30:00,56.66569083929062
2025-06-01 15:00:00,33.86374568939209
2025-06-01 15:30:00,57.465408742427826
2025-06-01 16:00:00,16.9033273011446
2025-06-01 16:30:00,53.34419620037079
2025-06-01 17:00:00,24.528183937072754
2025-06-01 17:30:00,56.16128808259964
2025-06-01 18:00:00,66.72572809457779
2025-06-01 18:30:00,55.55290812253952
2025-06-01 19:00:00,25.196469023823738
2025-06-01 19:30:00,51.88432365655899
2025-06-01 20:00:00,82.85918110609055
2025-06-01 20:30:00,41.423490822315216
2025-06-01 21:00:00,47.87354063987732
2025-06-01 21:30:00,30.88430216908455
2025-06-01 22:00:00,42.74924352765083
2025-06-01 22:30:00,17.586004361510277
2025-06-01 23:00:00,43.810294926166534
2025-06-01 23:30:00,25.094659939408302
2025-06-02 00:00:00,28.919133603572845
2025-06-02 00:30:00,46.67603939771652
2025-06-02 01:00:00,37.18899840116501
2025-06-02 01:30:00,23.597401797771454
2025-06-02 02:00:00,25.631536781787872
2025-06-02 02:30:00,16.33015614748001
2025-06-02 03:00:00,22.29089042544365
2025-06-02 03:30:00,36.876161962747574
2025-06-02 04:00:00,29.622234344482422
2025-06-02 04:30:00,22.417907506227493
2025-06-02 05:00:00,26.85279193520546
2025-06-02 05:30:00,31.580991059541702
2025-06-02 06:00:00,32.456856191158295
2025-06-02 06:30:00,24.837691590189934
2025-06-02 07:00:00,33.982613533735275
2025-06-02 07:30:00,29.341477394104004
2025-06-02 08:00:00,41.04025122523308
2025-06-02 08:30:00,55.77795308828354
2025-06-02 09:00:00,54.69606173038483
2025-06-02 09:30:00,32.3076086640358
2025-06-02 10:00:00,52.36962962150574
2025-06-02 10:30:00,31.69696518778801
2025-06-02 11:00:00,32.480968564748764
2025-06-02 11:30:00,40.02232226729393
2025-06-02 12:00:00,57.181263744831085
2025-06-02 12:30:00,31.248809218406677
2025-06-02 13:00:00,30.701477706432343
2025-06-02 13:30:00,25.282138630747795
2025-06-02 14:00:00,21.386633053421974
2025-06-02 14:30:00,65.77299302816391
2025-06-02 15:00:00,51.7400136590004
2025-06-02 15:30:00,57.26296424865723
2025-06-02 16:00:00,35.837031692266464
2025-06-02 16:30:00,48.244089514017105
2025-06-02 17:00:00,9.831274509429932
2025-06-02 17:30:00,16.85629068315029
2025-06-02 18:00:00,55.19725567102432
2025-06-02 18:30:00,50.8350205719471
2025-06-02 19:00:00,49.88151076436043
2025-06-02 19:30:00,12.433971226215363
2025-06-02 20:00:00,9.658202968537807
2025-06-02 20:30:00,34.435730159282684
2025-06-02 21:00:00,55.21806961297989
2025-06-02 21:30:00,62.23023462295532
2025-06-02 22:00:00,25.214892253279686
2025-06-02 22:30:00,50.854542315006256
2025-06-02 23:00:00,31.295415103435516
2025-06-02 23:30:00,51.366811007261276
2025-06-03 00:00:00,3.8912175819277763
2025-06-03 00:30:00,10.835482887923717
2025-06-03 01:00:00,16.19818563759327
2025-06-03 01:30:00,4.721766859292984
2025-06-03 02:00:00,33.65534609556198
2025-06-03 02:30:00,63.753601253032684
2025-06-03 03:00:00,54.030657351017
2025-06-03 03:30:00,41.43755468726158
2025-06-03 04:00:00,48.39280512928963
2025-06-03 04:30:00,56.35335451364517
2025-06-03 05:00:00,46.19170185923576
2025-06-03 05:30:00,43.71691259741783
2025-06-03 06:00:00,33.87270724773407
2025-06-03 06:30:00,60.42238187789917
2025-06-03 07:00:00,45.83599737286568
2025-06-03 07:30:00,26.906935647130013
2025-06-03 08:00:00,34.52294057607651
2025-06-03 08:30:00,31.681054085493088
2025-06-03 09:00:00,32.66377279162407
2025-06-03 09:30:00,50.46180635690689
2025-06-03 10:00:00,28.087232142686844
2025-06-03 10:30:00,28.585066944360733
2025-06-03 11:00:00,16.930621027946472
2025-06-03 11:30:00,42.5344523191452
2025-06-03 12:00:00,21.26671728491783
2025-06-03 12:30:00,45.978604674339294
2025-06-03 13:00:00,11.99451519548893
2025-06-03 13:30:00,17.38246713578701
2025-06-03 14:00:00,73.26801836490631
2025-06-03 14:30:00,67.32256788015366
2025-06-03 15:00:00,61.850755989551544
2025-06-03 15:30:00,12.75898526608944
2025-06-03 16:00:00,15.897249281406403
2025-06-03 16:30:00,52.00179523229599
2025-06-03 17:00:00,55.30466139316559
2025-06-03 17:30:00,18.800815865397453
2025-06-03 18:00:00,61.862614154815674
2025-06-03 18:30:00,26.11337375640869
2025-06-03 19:00:00,20.271257266402245
2025-06-03 19:30:00,44.03265142440796
2025-06-03 20:00:00,54.53637832403183
2025-06-03 20:30:00,33.29072052240372
2025-06-03 21:00:00,23.80424901843071
2025-06-03 21:30:00,54.59484815597534
2025-06-03 22:00:00,34.05404871702194
2025-06-03 22:30:00,28.575171649456024
2025-06-03 23:00:00,34.32443627715111
2025-06-03 23:30:00,67.97802203893661
2025-06-04 00:00:00,34.04544273018837
2025-06-04 00:30:00,8.623643815517426
2025-06-04 01:00:00,21.74377427995205
2025-06-04 01:30:00,34.91696584224701
2025-06-04 02:00:00,27.984763950109482
2025-06-04 02:30:00,43.62783759832382
2025-06-04 03:00:00,39.389459908008575
2025-06-04 03:30:00,31.88407963514328
2025-06-04 04:00:00,18.91637371480465
2025-06-04 04:30:00,6.33984487503767
2025-06-04 05:00:00,25.85828299820423
2025-06-04 05:30:00,44.83082562685013
2025-06-04 06:00:00,63.21847480535507
2025-06-04 06:30:00,46.99478757381439
2025-06-04 07:00:00,78.81304329633713
2025-06-04 07:30:00,65.4906576871872
2025-06-04 08:00:00,27.660335302352905
2025-06-04 08:30:00,77.98244559764862
2025-06-04 09:00:00,46.132517993450165
2025-06-04 09:30:00,35.51064306497574
2025-06-04 10:00:00,61.611655831336975
2025-06-04 10:30:00,49.732647716999054
2025-06-04 11:00:00,59.26180803775787
2025-06-04 11:30:00,20.791092693805695
2025-06-04 12:00:00,33.73549711704254
2025-06-04 12:30:00,11.687894754111767
2025-06-04 13:00:00,14.086380682885647
2025-06-04 13:30:00,34.435805320739746
2025-06-04 14:00:00,23.317071244120598
2025-06-04 14:30:00,48.23522046208382
2025-06-04 15:00:00,26.16117499768734
2025-06-04 15:30:00,23.585608676075935
2025-06-04 16:00:00,43.288434475660324
2025-06-04 16:30:00,34.01038858294487
2025-06-04 17:00:00,28.48015022277832
2025-06-04 17:30:00,34.69099003076553
2025-06-04 18:00:00,57.197712540626526
2025-06-04 18:30:00,21.962903171777725
2025-06-04 19:00:00,50.147689282894135
2025-06-04 19:30:00,21.599850207567215
2025-06-04 20:00:00,7.50832512229681
2025-06-04 20:30:00,22.233177989721298
2025-06-04 21:00:00,9.167603179812431
2025-06-04 21:30:00,36.952552020549774
2025-06-04 22:00:00,28.296681106090546
2025-06-04 22:30:00,62.940221309661865
2025-06-04 23:00:00,63.047852516174316
2025-06-04 23:30:00,35.767137318849564
2025-06-05 00:00:00,55.50464290380478
2025-06-05 00:30:00,22.82917509973049
2025-06-05 01:00:00,36.736072570085526
2025-06-05 01:30:00,20.178336024284363
2025-06-05 02:00:00,52.89540135860443
2025-06-05 02:30:00,49.439957439899445
2025-06-05 03:00:00,62.74849021434784
2025-06-05 03:30:00,31.721615254878998
2025-06-05 04:00:00,40.39944487810135
2025-06-05 04:30:00,23.31206578016281
2025-06-05 05:00:00,36.07866710424423
2025-06-05 05:30:00,53.61016368865967
2025-06-05 06:00:00,15.998590052127838
2025-06-05 06:30:00,16.720791921019554
2025-06-05 07:00:00,33.60997748374939
2025-06-05 07:30:00,18.10811197757721
2025-06-05 08:00:00,31.089148938655853
2025-06-05 08:30:00,45.432094156742096
2025-06-05 09:00:00,24.98757365345955
2025-06-05 09:30:00,61.118319153785706
2025-06-05 10:00:00,45.633440136909485
2025-06-05 10:30:00,66.76510113477707
2025-06-05 11:00:00,35.3962299823761
2025-06-05 11:30:00,20.996240109205246
2025-06-05 12:00:00,58.47822093963623
2025-06-05 12:30:00,69.29393726587296
2025-06-05 13:00:00,58.64552456140518
2025-06-05 13:30:00,71.43556469678879
2025-06-05 14:00:00,78.93004655838013
2025-06-05 14:30:00,61.41946220397949
2025-06-05 15:00:00,38.60391283035278
2025-06-05 15:30:00,46.18557620048523
2025-06-05 16:00:00,62.14297217130661
2025-06-05 16:30:00,60.8563756942749
2025-06-05 17:00:00,31.66973650455475
2025-06-05 17:30:00,29.43326109647751
2025-06-05 18:00:00,22.50651852786541
2025-06-05 18:30:00,27.985634088516235
2025-06-05 19:00:00,28.614475309848785
2025-06-05 19:30:00,73.26223093271255
2025-06-05 20:00:00,30.03714582324028
2025-06-05 20:30:00,55.910948395729065
2025-06-05 21:00:00,71.49638766050339
2025-06-05 21:30:00,57.981184005737305
2025-06-05 22:00:00,40.631612837314606
2025-06-05 22:30:00,21.123330906033516
2025-06-05 23:00:00,61.101060926914215
2025-06-05 23:30:00,40.73314440250397
2025-06-06 00:00:00,25.6029754281044
2025-06-06 00:30:00,13.560546070337296
2025-06-06 01:00:00,34.231053948402405
2025-06-06 01:30:00,-1.6160379946231842
2025-06-06 02:00:00,31.5263891518116
2025-06-06 02:30:00,46.41422891616821
2025-06-06 03:00:00,57.75081413984299
2025-06-06 03:30:00,51.15725219249725
2025-06-06 04:00:00,72.98340505361557
2025-06-06 04:30:00,40.84540671110153
2025-06-06 05:00:00,34.1689994931221
2025-06-06 05:30:00,36.47527676820755
2025-06-06 06:00:00,6.040919810533524
2025-06-06 06:30:00,16.46241284906864
2025-06-06 07:00:00,25.387541010975838
2025-06-06 07:30:00,23.439750641584396
2025-06-06 08:00:00,28.806969583034515
2025-06-06 08:30:00,53.32388526201248
2025-06-06 09:00:00,67.23080730438232
2025-06-06 09:30:00,60.93845200538635
2025-06-06 10:00:00,23.381133377552032
2025-06-06 10:30:00,50.39637541770935
2025-06-06 11:00:00,52.80815625190735
2025-06-06 11:30:00,21.17071008682251
2025-06-06 12:00:00,38.90529003739357
2025-06-06 12:30:00,29.618895441293716
2025-06-06 13:00:00,44.93710970878601
2025-06-06 13:30:00,23.2076578438282
2025-06-06 14:00:00,18.481602266430855
2025-06-06 14:30:00,69.10841566324234
2025-06-06 15:00:00,52.549722254276276
2025-06-06 15:30:00,49.34732961654663
2025-06-06 16:00:00,57.36698192358017
2025-06-06 16:30:00,54.06337571144104
2025-06-06 17:00:00,65.2278180718422
2025-06-06 17:30:00,64.35234898328781
2025-06-06 18:00:00,45.60360103845596
2025-06-06 18:30:00,57.18483680486679
2025-06-06 19:00:00,26.327615708112717
2025-06-06 19:30:00,25.171155512332916
2025-06-06 20:00:00,17.568909466266632
2025-06-06 20:30:00,50.60104584693909
2025-06-06 21:00:00,35.159552335739136
2025-06-06 21:30:00,30.623512148857117
2025-06-06 22:00:00,62.51780813932419
2025-06-06 22:30:00,80.29930907487869
2025-06-06 23:00:00,62.60546374320984
2025-06-06 23:30:00,69.76281756162643
2025-06-07 00:00:00,12.454611718654633
2025-06-07 00:30:00,47.45182126760483
2025-06-07 01:00:00,30.921827971935272
2025-06-07 01:30:00,24.870420068502426
2025-06-07 02:00:00,60.32238245010376
2025-06-07 02:30:00,84.20262855291367
2025-06-07 03:00:00,41.71953156590462
2025-06-07 03:30:00,43.17480480670929
2025-06-07 04:00:00,50.52864223718643
2025-06-07 04:30:00,44.57711523771286
2025-06-07 05:00:00,36.71974229812622
2025-06-07 05:30:00,31.762219786643982
2025-06-07 06:00:00,43.53278437256813
2025-06-07 06:30:00,21.46987870335579
2025-06-07 07:00:00,59.90514385700226
2025-06-07 07:30:00,31.6659437417984
2025-06-07 08:00:00,38.51058253645897
2025-06-07 08:30:00,35.33438366651535
2025-06-07 09:00:00,15.481727838516235
2025-06-07 09:30:00,55.715343594551086
2025-06-07 10:00:00,48.93804946541786
2025-06-07 10:30:00,52.576265811920166
2025-06-07 11:00:00,31.53427243232727
2025-06-07 11:30:00,63.23938703536987
2025-06-07 12:00:00,25.554877877235413
2025-06-07 12:30:00,86.56388932466507
2025-06-07 13:00:00,36.37684705853462
2025-06-07 13:30:00,26.993043214082718
2025-06-07 14:00:00,10.655573099851608
2025-06-07 14:30:00,11.578535556793213
2025-06-07 15:00:00,29.383220911026
2025-06-07 15:30:00,52.432302713394165
2025-06-07 16:00:00,40.81078040599823
2025-06-07 16:30:00,64.75517970323563
2025-06-07 17:00:00,47.467743933200836
2025-06-07 17:30:00,36.33133101463318
2025-06-07 18:00:00,34.462632179260254
2025-06-07 18:30:00,56.506967186927795
2025-06-07 19:00:00,38.72985452413559
2025-06-07 19:30:00,41.60970911383629
2025-06-07 20:00:00,50.68867543339729
2025-06-07 20:30:00,20.309547692537308
2025-06-07 21:00:00,7.904113791882992
2025-06-07 21:30:00,46.9681630730629
2025-06-07 22:00:00,29.017661601305008
2025-06-07 22:30:00,37.02751690149307
2025-06-07 23:00:00,54.94488662481308
2025-06-07 23:30:00,20.907827109098434
2025-06-08 00:00:00,40.21538892388344
2025-06-08 00:30:00,42.21976864337921
2025-06-08 01:00:00,29.53254070878029
2025-06-08 01:30:00,67.21110343933105
2025-06-08 02:00:00,56.38379490375519
2025-06-08 02:30:00,26.762667566537857
2025-06-08 03:00:00,39.494859397411346
2025-06-08 03:30:00,37.156077682971954
2025-06-08 04:00:00,111.93605566024779
2025-06-08 04:30:00,43.40447509288788
2025-06-08 05:00:00,54.86677074432373
2025-06-08 05:30:00,61.634094417095184
2025-06-08 06:00:00,75.4602410197258
2025-06-08 06:30:00,39.343914955854416
2025-06-08 07:00:00,25.532086610794067
2025-06-08 07:30:00,43.08315119147301
2025-06-08 08:00:00,50.30549943447113
2025-06-08 08:30:00,36.68816581368446
2025-06-08 09:00:00,48.92341610789299
2025-06-08 09:30:00,51.229829251766205
2025-06-08 10:00:00,36.26278376579285
2025-06-08 10:30:00,19.944225430488586
2025-06-08 11:00:00,25.370000928640366
2025-06-08 11:30:00,48.76884078979492
2025-06-08 12:00:00,51.898673713207245
2025-06-08 12:30:00,54.204199373722076
2025-06-08 13:00:00,16.554965510964394
2025-06-08 13:30:00,46.83160626888275
2025-06-08 14:00:00,66.57897824048996
2025-06-08 14:30:00,36.81569457054138
2025-06-08 15:00:00,15.306556835770607
2025-06-08 15:30:00,20.688545003533363
2025-06-08 16:00:00,45.16249579191208
2025-06-08 16:30:00,22.377983763813972
2025-06-08 17:00:00,19.985503524541855
2025-06-08 17:30:00,38.31848141551018
2025-06-08 18:00:00,40.747696816921234
2025-06-08 18:30:00,43.05670303106308
2025-06-08 19:00:00,46.630858689546585
2025-06-08 19:30:00,45.28768587112427
2025-06-08 20:00:00,30.126718044281006
2025-06-08 20:30:00,26.118345975875854
2025-06-08 21:00:00,21.73449617624283
2025-06-08 21:30:00,25.348595812916756
2025-06-08 22:00:00,41.23455226421356
2025-06-08 22:30:00,41.09700679779053
2025-06-08 23:00:00,51.66129070520401
2025-06-08 23:30:00,35.684615820646286
2025-06-09 00:00:00,63.599867165088654
2025-06-09 00:30:00,25.339551866054535
2025-06-09 01:00:00,37.85179525613785
2025-06-09 01:30:00,32.19314932823181
2025-06-09 02:00:00,28.11344614624977
2025-06-09 02:30:00,41.67086163163185
2025-06-09 03:00:00,21.240905106067657
2025-06-09 03:30:00,59.15075409412384
2025-06-09 04:00:00,40.45363050699234
2025-06-09 04:30:00,51.01056304574013
2025-06-09 05:00:00,19.0719535946846
2025-06-09 05:30:00,47.339995473623276
2025-06-09 06:00:00,40.59836545586586
2025-06-09 06:30:00,49.64176017045975
2025-06-09 07:00:00,76.23939937353134
2025-06-09 07:30:00,65.40103632211685
2025-06-09 08:00:00,37.667571634054184
2025-06-09 08:30:00,44.08076053857803
2025-06-09 09:00:00,23.211837977170944
2025-06-09 09:30:00,46.76689803600311
2025-06-09 10:00:00,31.520731806755066
2025-06-09 10:30:00,29.789254665374756
2025-06-09 11:00:00,74.51502788066864
2025-06-09 11:30:00,29.867119044065475
2025-06-09 12:00:00,27.894041180610657
2025-06-09 12:30:00,54.00302106142044
2025-06-09 13:00:00,40.20454254746437
2025-06-09 13:30:00,45.65360653400421
2025-06-09 14:00:00,29.03241926431656
2025-06-09 14:30:00,16.65361925959587
2025-06-09 15:00:00,6.5772098153829575
2025-06-09 15:30:00,37.38631457090378
2025-06-09 16:00:00,60.008970737457275
2025-06-09 16:30:00,86.28552597761154
2025-06-09 17:00:00,22.628541707992554
2025-06-09 17:30:00,44.75293233990669
2025-06-09 18:00:00,29.70531666278839
2025-06-09 18:30:00,53.889030039310455
2025-06-09 19:00:00,62.193099081516266
2025-06-09 19:30:00,33.3702991604805
2025-06-09 20:00:00,59.38359850645065
2025-06-09 20:30:00,28.541059911251068
2025-06-09 21:00:00,32.53052309155464
2025-06-09 21:30:00,37.39092254638672
2025-06-09 22:00:00,41.80927723646164
2025-06-09 22:30:00,14.438470914959908
2025-06-09 23:00:00,23.485685855150223
2025-06-09 23:30:00,35.515996873378754
2025-06-10 00:00:00,58.857763171195984
2025-06-10 00:30:00,35.03738605976105
2025-06-10 01:00:00,32.2073028087616
2025-06-10 01:30:00,43.41389340162277
2025-06-10 02:00:00,68.13214349746704
2025-06-10 02:30:00,48.65659871697426
2025-06-10 03:00:00,67.31483781337738
2025-06-10 03:30:00,57.95672184228897
2025-06-10 04:00:00,74.40806156396866
2025-06-10 04:30:00,60.265687584877014
2025-06-10 05:00:00,53.715898513793945
2025-06-10 05:30:00,36.21281296014786
2025-06-10 06:00:00,43.25911283493042
2025-06-10 06:30:00,26.32103618979454
2025-06-10 07:00:00,19.560945361852646
2025-06-10 07:30:00,39.54501810669899
2025-06-10 08:00:00,60.95938158035278
2025-06-10 08:30:00,60.810671746730804
2025-06-10 09:00:00,29.401837825775146
2025-06-10 09:30:00,38.09347981214523
2025-06-10 10:00:00,9.687672764062881
2025-06-10 10:30:00,38.97786420583725
2025-06-10 11:00:00,39.07055851817131
2025-06-10 11:30:00,34.49917221069336
2025-06-10 12:00:00,26.639978051185608
2025-06-10 12:30:00,24.71295103430748
2025-06-10 13:00:00,46.96252018213272
2025-06-10 13:30:00,31.088362634181976
2025-06-10 14:00:00,17.160203143954277
2025-06-10 14:30:00,23.709627971053123
2025-06-10 15:00:00,17.515235513448715
2025-06-10 15:30:00,51.55778759717941
2025-06-10 16:00:00,27.15219470858574
2025-06-10 16:30:00,40.38640147447586
2025-06-10 17:00:00,34.43617534637451
2025-06-10 17:30:00,36.272479593753815
2025-06-10 18:00:00,36.715484112501144
2025-06-10 18:30:00,54.0615776181221
2025-06-10 19:00:00,34.56823980808258
2025-06-10 19:30:00,39.14838242530823
2025-06-10 20:00:00,59.999165058135986
2025-06-10 20:30:00,46.48896253108978
2025-06-10 21:00:00,50.702444434165955
2025-06-10 21:30:00,61.21998369693756
2025-06-10 22:00:00,40.675573617219925
2025-06-10 22:30:00,33.872912496328354
2025-06-10 23:00:00,47.472548484802246
2025-06-10 23:30:00,36.46240970492363
2025-06-11 00:00:00,46.16668754816055
2025-06-11 00:30:00,36.03332161903381
2025-06-11 01:00:00,48.44551932811737
2025-06-11 01:30:00,46.650507628917694
2025-06-11 02:00:00,18.855621576309204
2025-06-11 02:30:00,27.246591717004776
2025-06-11 03:00:00,24.780931681394577
2025-06-11 03:30:00,51.81220334768295
2025-06-11 04:00:00,43.601568669080734
2025-06-11 04:30:00,58.086490988731384
2025-06-11 05:00:00,26.085775047540665
2025-06-11 05:30:00,35.023793399333954
2025-06-11 06:00:00,54.158865451812744
2025-06-11 06:30:00,34.03481316566467
2025-06-11 07:00:00,29.52906882762909
2025-06-11 07:30:00,12.230200566351414
2025-06-11 08:00:00,13.333686389029026
2025-06-11 08:30:00,31.568667471408844
2025-06-11 09:00:00,39.98946803808212
2025-06-11 09:30:00,24.00698548555374
2025-06-11 10:00:00,52.07636117935181
2025-06-11 10:30:00,26.873643457889557
2025-06-11 11:00:00,36.47715002298355
2025-06-11 11:30:00,50.4275760948658
2025-06-11 12:00:00,65.58110004663467
2025-06-11 12:30:00,43.83658987283707
2025-06-11 13:00:00,10.924960434436798
2025-06-11 13:30:00,50.04858601093292
2025-06-11 14:00:00,30.653703927993774
2025-06-11 14:30:00,38.59665685892105
2025-06-11 15:00:00,22.68196126818657
2025-06-11 15:30:00,63.4699187874794
2025-06-11 16:00:00,40.36741164326668
2025-06-11 16:30:00,21.945517748594284
2025-06-11 17:00:00,24.600711852312088
2025-06-11 17:30:00,37.80126363039017
2025-06-11 18:00:00,69.24927979707718
2025-06-11 18:30:00,47.168300688266754
2025-06-11 19:00:00,57.684030294418335
2025-06-11 19:30:00,24.740970358252525
2025-06-11 20:00:00,31.904607385396957
2025-06-11 20:30:00,16.563182681798935
2025-06-11 21:00:00,53.237964153289795
2025-06-11 21:30:00,62.932606875896454
2025-06-11 22:00:00,54.525520384311676
2025-06-11 22:30:00,32.26456716656685
2025-06-11 23:00:00,23.47209319472313
2025-06-11 23:30:00,82.03614002466202
2025-06-12 00:00:00,34.557341396808624
2025-06-12 00:30:00,40.81539127230644
2025-06-12 01:00:00,34.2286921441555
2025-06-12 01:30:00,42.70970571041107
2025-06-12 02:00:00,47.10778993368149
2025-06-12 02:30:00,56.81713539361954
2025-06-12 03:00:00,51.59883153438568
2025-06-12 03:30:00,59.885630786418915
2025-06-12 04:00:00,45.10999262332916
2025-06-12 04:30:00,32.63835954666138
2025-06-12 05:00:00,37.10116067528725
2025-06-12 05:30:00,53.978859543800354
2025-06-12 06:00:00,48.33098483085632
2025-06-12 06:30:00,51.121605426073074
2025-06-12 07:00:00,42.38053610920906
2025-06-12 07:30:00,73.75837749242783
2025-06-12 08:00:00,45.52103906869888
2025-06-12 08:30:00,42.67319169640541
2025-06-12 09:00:00,19.360804855823517
2025-06-12 09:30:00,38.20849996805191
2025-06-12 10:00:00,60.57661896944046
2025-06-12 10:30:00,65.17488127946854
2025-06-12 11:00:00,19.086482882499695
2025-06-12 11:30:00,27.58156031370163
2025-06-12 12:00:00,17.127243399620056
2025-06-12 12:30:00,35.82336676120758
2025-06-12 13:00:00,32.540354788303375
2025-06-12 13:30:00,38.95088702440262
2025-06-12 14:00:00,24.805041164159775
2025-06-12 14:30:00,41.70136561989784
2025-06-12 15:00:00,59.15150570869446
2025-06-12 15:30:00,45.06291553378105
2025-06-12 16:00:00,33.12979984283447
2025-06-12 16:30:00,75.9660776257515
2025-06-12 17:00:00,58.57435244321823
2025-06-12 17:30:00,35.57921054959297
2025-06-12 18:00:00,23.42255601286888
2025-06-12 18:30:00,20.014158830046654
2025-06-12 19:00:00,50.192713886499405
2025-06-12 19:30:00,61.451353788375854
2025-06-12 20:00:00,38.692054092884064
2025-06-12 20:30:00,65.09433710575104
2025-06-12 21:00:00,42.39802849292755
2025-06-12 21:30:00,53.18790662288666
2025-06-12 22:00:00,100.27873337268828
2025-06-12 22:30:00,37.64729827642441
2025-06-12 23:00:00,50.06422537565231
2025-06-12 23:30:00,58.21792525053024
2025-06-13 00:00:00,26.163119077682495
2025-06-13 00:30:00,27.814858585596085
2025-06-13 01:00:00,26.629179373383522
2025-06-13 01:30:00,42.32384413480759
2025-06-13 02:00:00,44.51588177680969
2025-06-13 02:30:00,29.95192140340805
2025-06-13 03:00:00,75.84267407655716
2025-06-13 03:30:00,57.25978434085846
2025-06-13 04:00:00,40.68245089054108
2025-06-13 04:30:00,26.26627817749977
2025-06-13 05:00:00,4.9882257878780365
2025-06-13 05:30:00,20.386836796998978
2025-06-13 06:00:00,65.80769449472427
2025-06-13 06:30:00,42.58043956756592
2025-06-13 07:00:00,71.15923649072647
2025-06-13 07:30:00,50.58597308397293
2025-06-13 08:00:00,18.440937027335167
2025-06-13 08:30:00,31.39193108677864
2025-06-13 09:00:00,23.08779266476631
2025-06-13 09:30:00,46.82149416208267
2025-06-13 10:00:00,39.972660779953
2025-06-13 10:30:00,25.624832957983017
2025-06-13 11:00:00,59.110617876052856
2025-06-13 11:30:00,43.26789516210556
2025-06-13 12:00:00,27.198961034417152
2025-06-13 12:30:00,57.57767105102539
2025-06-13 13:00:00,71.94502061605453
2025-06-13 13:30:00,57.58074110746384
2025-06-13 14:00:00,37.32923811674118
2025-06-13 14:30:00,52.38148778676987
2025-06-13 15:00:00,29.271606147289276
2025-06-13 15:30:00,27.77729520201683
2025-06-13 16:00:00,25.28905926644802
2025-06-13 16:30:00,31.470093220472336
2025-06-13 17:00:00,31.710375726222992
2025-06-13 17:30:00,66.74145996570587
2025-06-13 18:00:00,20.050139486789703
2025-06-13 18:30:00,38.43086513876915
2025-06-13 19:00:00,23.921268180012703
2025-06-13 19:30:00,16.283660113811493
2025-06-13 20:00:00,48.42077964544296
2025-06-13 20:30:00,48.414090275764465
2025-06-13 21:00:00,22.285462900996208
2025-06-13 21:30:00,57.09442913532257
2025-06-13 22:00:00,39.75101253390312
2025-06-13 22:30:00,10.132598958909512
2025-06-13 23:00:00,39.163495659828186
2025-06-13 23:30:00,26.393246114253998
2025-06-14 00:00:00,32.34276109933853
2025-06-14 00:30:00,50.38917726278305
2025-06-14 01:00:00,56.76370716094971
2025-06-14 01:30:00,20.55410572886467
2025-06-14 02:00:00,24.84737730026245
2025-06-14 02:30:00,49.419747680425644
2025-06-14 03:00:00,48.586481750011444
2025-06-14 03:30:00,41.43098095059395
2025-06-14 04:00:00,37.74427390098572
2025-06-14 04:30:00,43.16272982954979
2025-06-14 05:00:00,46.886173486709595
2025-06-14 05:30:00,47.70424234867096
2025-06-14 06:00:00,60.08775728940964
2025-06-14 06:30:00,63.11125409603119
2025-06-14 07:00:00,21.16646057367325
2025-06-14 07:30:00,62.33107817173004
2025-06-14 08:00:00,50.740395188331604
2025-06-14 08:30:00,52.090630292892456
2025-06-14 09:00:00,52.144630908966064
2025-06-14 09:30:00,52.78843504190445
2025-06-14 10:00:00,60.70232939720154
2025-06-14 10:30:00,11.219750173389912
2025-06-14 11:00:00,7.826701827347279
2025-06-14 11:30:00,37.157737016677856
2025-06-14 12:00:00,64.62937098741531
2025-06-14 12:30:00,39.48833191394806
2025-06-14 13:00:00,23.637376129627228
2025-06-14 13:30:00,13.892866671085358
2025-06-14 14:00:00,84.70459145307541
2025-06-14 14:30:00,42.02818498015404
2025-06-14 15:00:00,35.79892483353615
2025-06-14 15:30:00,44.69060903787613
2025-06-14 16:00:00,39.21938109397888
2025-06-14 16:30:00,8.38073354959488
2025-06-14 17:00:00,1.9114264994859698
2025-06-14 17:30:00,5.568123891949654
2025-06-14 18:00:00,24.16223581135273
2025-06-14 18:30:00,40.97390389442444
2025-06-14 19:00:00,25.96682481467724
2025-06-14 19:30:00,45.87409555912018
2025-06-14 20:00:00,30.123760730028152
2025-06-14 20:30:00,31.699225813150406
2025-06-14 21:00:00,62.14284497499466
2025-06-14 21:30:00,53.28112995624542
2025-06-14 22:00:00,40.98207047581673
2025-06-14 22:30:00,27.01699659228325
2025-06-14 23:00:00,34.75085324048996
2025-06-14 23:30:00,50.80194374918938
2025-06-15 00:00:00,48.01953309774399
2025-06-15 00:30:00,36.11491805315018
2025-06-15 01:00:00,11.184575334191322
2025-06-15 01:30:00,23.15682990849018
2025-06-15 02:00:00,48.43013435602188
2025-06-15 02:30:00,44.05265882611275
2025-06-15 03:00:00,51.810046792030334
2025-06-15 03:30:00,37.79928630590439
2025-06-15 04:00:00,65.41114842891693
2025-06-15 04:30:00,51.730398774147034
2025-06-15 05:00:00,38.945752918720245
2025-06-15 05:30:00,45.816972851753235
2025-06-15 06:00:00,46.765175104141235
2025-06-15 06:30:00,32.8776476085186
2025-06-15 07:00:00,45.297092616558075
2025-06-15 07:30:00,50.58674204349518
2025-06-15 08:00:00,58.08849722146988
2025-06-15 08:30:00,61.332298040390015
2025-06-15 09:00:00,45.79351958632469
2025-06-15 09:30:00,60.18966466188431
2025-06-15 10:00:00,41.24074441194534
2025-06-15 10:30:00,45.120850563049316
2025-06-15 11:00:00,50.21304216980934
2025-06-15 11:30:00,47.92607271671295
2025-06-15 12:00:00,49.89389505982399
2025-06-15 12:30:00,65.8425115942955
2025-06-15 13:00:00,48.97995486855507
2025-06-15 13:30:00,58.71978986263275
2025-06-15 14:00:00,36.78120702505112
2025-06-15 14:30:00,46.60269916057587
2025-06-15 15:00:00,21.688930988311768
2025-06-15 15:30:00,56.312056183815
2025-06-15 16:00:00,65.43798106908798
2025-06-15 16:30:00,51.94192624092102
2025-06-15 17:00:00,60.498584032058716
2025-06-15 17:30:00,14.660427756607533
2025-06-15 18:00:00,47.051170229911804
2025-06-15 18:30:00,19.15211907029152
2025-06-15 19:00:00,54.06472861766815
2025-06-15 19:30:00,19.169919326901436
2025-06-15 20:00:00,32.72066134214401
2025-06-15 20:30:00,38.44413980841637
2025-06-15 21:00:00,49.08130431175232
2025-06-15 21:30:00,32.94468006491661
2025-06-15 22:00:00,64.34909969568253
2025-06-15 22:30:00,76.91843688488007
2025-06-15 23:00:00,54.16816234588623
2025-06-15 23:30:00,40.75588074326515
2025-06-16 00:00:00,27.774222254753113
2025-06-16 00:30:00,18.903250813484192
2025-06-16 01:00:00,45.38493034243584
2025-06-16 01:30:00,68.99866837263107
2025-06-16 02:00:00,67.60408800840378
2025-06-16 02:30:00,36.42507469654083
2025-06-16 03:00:00,30.05965957045555
2025-06-16 03:30:00,43.41167902946472
2025-06-16 04:00:00,29.505959570407867
2025-06-16 04:30:00,13.111335672438145
2025-06-16 05:00:00,46.00498056411743
2025-06-16 05:30:00,29.58175700902939
2025-06-16 06:00:00,70.99133157730103
2025-06-16 06:30:00,39.41077396273613
2025-06-16 07:00:00,67.69610875844955
2025-06-16 07:30:00,41.44185334444046
2025-06-16 08:00:00,43.1795891225338
2025-06-16 08:30:00,60.618738293647766
2025-06-16 09:00:00,68.8068505525589
2025-06-16 09:30:00,50.60909679532051
2025-06-16 10:00:00,58.11565941572189
2025-06-16 10:30:00,38.653293907642365
2025-06-16 11:00:00,37.74676579236984
2025-06-16 11:30:00,34.13079434633255
2025-06-16 12:00:00,49.66835576295853
2025-06-16 12:30:00,65.97925341129303
2025-06-16 13:00:00,56.40125548839569
2025-06-16 13:30:00,35.94411075115204
2025-06-16 14:00:00,26.894935831427574
2025-06-16 14:30:00,43.41446000337601
2025-06-16 15:00:00,80.43039065599442
2025-06-16 15:30:00,84.32469075918198
2025-06-16 16:00:00,46.03155303001404
2025-06-16 16:30:00,32.999085396528244
2025-06-16 17:00:00,60.13031601905823
2025-06-16 17:30:00,23.698622599244118
2025-06-16 18:00:00,58.15088701248169
2025-06-16 18:30:00,34.1051122546196
2025-06-16 19:00:00,52.798743724823
2025-06-16 19:30:00,50.48065742850304
2025-06-16 20:00:00,72.29995614290237
2025-06-16 20:30:00,46.15104529261589
2025-06-16 21:00:00,36.344750225543976
2025-06-16 21:30:00,44.71098646521568
2025-06-16 22:00:00,39.66144320368767
2025-06-16 22:30:00,65.6115693449974
2025-06-16 23:00:00,35.98962390422821
2025-06-16 23:30:00,32.318761467933655
2025-06-17 00:00:00,22.502007395029068
2025-06-17 00:30:00,39.61026403307915
2025-06-17 01:00:00,53.8602836728096
2025-06-17 01:30:00,17.595353290438652
2025-06-17 02:00:00,55.62959015369415
2025-06-17 02:30:00,39.05717399716377
2025-06-17 03:00:00,47.70567041635513
2025-06-17 03:30:00,53.34804677963257
2025-06-17 04:00:00,52.91592621803284
2025-06-17 04:30:00,50.06387269496918
2025-06-17 05:00:00,33.19080203771591
2025-06-17 05:30:00,16.02078725397587
2025-06-17 06:00:00,9.035674225538969
2025-06-17 06:30:00,67.09962165355682
2025-06-17 07:00:00,44.99797025322914
2025-06-17 07:30:00,35.472903341054916
2025-06-17 08:00:00,71.7150901556015
2025-06-17 08:30:00,68.19903141260147
2025-06-17 09:00:00,72.91962188482285
2025-06-17 09:30:00,31.534457445144653
2025-06-17 10:00:00,7.169310092926025
2025-06-17 10:30:00,42.964974254369736
2025-06-17 11:00:00,5.034710980951786
2025-06-17 11:30:00,17.808842182159424
2025-06-17 12:00:00,42.82309544086456
2025-06-17 12:30:00,25.160751432180405
2025-06-17 13:00:00,52.26317209005356
2025-06-17 13:30:00,54.58886414766312
2025-06-17 14:00:00,54.47786223888397
2025-06-17 14:30:00,41.04326057434082
2025-06-17 15:00:00,65.97896432876587
2025-06-17 15:30:00,56.628000259399414
2025-06-17 16:00:00,48.54459369182587
2025-06-17 16:30:00,42.682540625333786
2025-06-17 17:00:00,43.58874496817589
2025-06-17 17:30:00,39.674073219299316
2025-06-17 18:00:00,61.145076632499695
2025-06-17 18:30:00,35.45656728744507
2025-06-17 19:00:00,50.79682409763336
2025-06-17 19:30:00,50.902807533741
2025-06-17 20:00:00,61.91442930698395
2025-06-17 20:30:00,32.77053385972977
2025-06-17 21:00:00,90.2995582818985
2025-06-17 21:30:00,52.15397983789444
2025-06-17 22:00:00,19.50900734961033
2025-06-17 22:30:00,16.736085832118988
2025-06-17 23:00:00,62.0968519449234
2025-06-17 23:30:00,75.92085933685303
2025-06-18 00:00:00,34.86431524157524
2025-06-18 00:30:00,28.945697396993637
2025-06-18 01:00:00,31.338491290807724
2025-06-18 01:30:00,56.5866961479187
2025-06-18 02:00:00,48.60884806513786
2025-06-18 02:30:00,58.23114788532257
2025-06-18 03:00:00,68.77874594926834
2025-06-18 03:30:00,82.36310970783234
2025-06-18 04:00:00,45.10102528333664
2025-06-18 04:30:00,40.11538082361221
2025-06-18 05:00:00,46.75740745663643
2025-06-18 05:30:00,45.16695633530617
2025-06-18 06:00:00,62.13227033615112
2025-06-18 06:30:00,43.553702384233475
2025-06-18 07:00:00,30.964317321777344
2025-06-18 07:30:00,64.09577089548111
2025-06-18 08:00:00,48.275058925151825
2025-06-18 08:30:00,30.972671806812286
2025-06-18 09:00:00,34.50924962759018
2025-06-18 09:30:00,20.119316935539246
2025-06-18 10:00:00,26.23494452238083
2025-06-18 10:30:00,22.979746624827385
2025-06-18 11:00:00,52.74440777301788
2025-06-18 11:30:00,27.800881445407867
2025-06-18 12:00:00,38.02773666381836
2025-06-18 12:30:00,45.32180339097977
2025-06-18 13:00:00,37.236968755722046
2025-06-18 13:30:00,30.497544437646866
2025-06-18 14:00:00,38.42735856771469
2025-06-18 14:30:00,52.30608928203583
2025-06-18 15:00:00,60.210391879081726
2025-06-18 15:30:00,39.64064371585846
2025-06-18 16:00:00,39.30137646198273
2025-06-18 16:30:00,22.36667774617672
2025-06-18 17:00:00,4.051778353750706
2025-06-18 17:30:00,25.953820437192917
2025-06-18 18:00:00,38.78954717516899
2025-06-18 18:30:00,35.33785265684128
2025-06-18 19:00:00,13.306820504367352
2025-06-18 19:30:00,42.37499728798866
2025-06-18 20:00:00,53.1273438334465
2025-06-18 20:30:00,42.034426271915436
2025-06-18 21:00:00,25.52093380689621
2025-06-18 21:30:00,34.46954992413521
2025-06-18 22:00:00,38.32101666927338
2025-06-18 22:30:00,33.55876362323761
2025-06-18 23:00:00,32.45899540185928
2025-06-18 23:30:00,49.016208708286285
2025-06-19 00:00:00,46.27899610996246
2025-06-19 00:30:00,14.23300550878048
2025-06-19 01:00:00,42.92562144994736
2025-06-19 01:30:00,41.00022774934769
2025-06-19 02:00:00,45.53233063220978
2025-06-19 02:30:00,60.566691875457764
2025-06-19 03:00:00,43.41371417045593
2025-06-19 03:30:00,39.75409126281738
2025-06-19 04:00:00,40.75429657101631
2025-06-19 04:30:00,43.24757266044617
2025-06-19 05:00:00,25.975384548306465
2025-06-19 05:30:00,3.2952219173312187
2025-06-19 06:00:00,39.60863071680069
2025-06-19 06:30:00,39.53344613313675
2025-06-19 07:00:00,40.542190939188
2025-06-19 07:30:00,37.3300099670887
2025-06-19 08:00:00,27.75579035282135
2025-06-19 08:30:00,24.330347418785095
2025-06-19 09:00:00,28.2608579993248
2025-06-19 09:30:00,30.95363861322403
2025-06-19 10:00:00,54.451844811439514
2025-06-19 10:30:00,39.56473642587662
2025-06-19 11:00:00,56.509360790252686
2025-06-19 11:30:00,55.300949573516846
2025-06-19 12:00:00,22.814508497714996
2025-06-19 12:30:00,44.568052500486374
2025-06-19 13:00:00,58.745009422302246
2025-06-19 13:30:00,51.742401480674744
2025-06-19 14:00:00,58.23365134000778
2025-06-19 14:30:00,34.438991010189056
2025-06-19 15:00:00,14.073319211602211
2025-06-19 15:30:00,39.7032850086689
2025-06-19 16:00:00,46.17801669239998
2025-06-19 16:30:00,57.84644842147827
2025-06-19 17:00:00,53.51835685968399
2025-06-19 17:30:00,35.47534030675888
2025-06-19 18:00:00,31.620890229940414
2025-06-19 18:30:00,66.50418680906296
2025-06-19 19:00:00,38.97385174036026
2025-06-19 19:30:00,52.45943599939346
2025-06-19 20:00:00,28.586315780878067
2025-06-19 20:30:00,40.63815188407898
2025-06-19 21:00:00,30.55807253718376
2025-06-19 21:30:00,38.807837426662445
2025-06-19 22:00:00,51.44017148017883
2025-06-19 22:30:00,23.866609901189804
2025-06-19 23:00:00,20.414799749851227
2025-06-19 23:30:00,54.72893041372299
2025-06-20 00:00:00,15.92263650894165
2025-06-20 00:30:00,16.567922189831734
2025-06-20 01:00:00,54.19771236181259
2025-06-20 01:30:00,17.5460864007473
2025-06-20 02:00:00,31.312725365161896
2025-06-20 02:30:00,18.267999187111855
2025-06-20 03:00:00,53.38345938920975
2025-06-20 03:30:00,50.97620847821236
2025-06-20 04:00:00,34.39873626828194
2025-06-20 04:30:00,34.95312428474426
2025-06-20 05:00:00,44.56714478135109
2025-06-20 05:30:00,40.74275928735733
2025-06-20 06:00:00,61.67176765203476
2025-06-20 06:30:00,63.2126179933548
2025-06-20 07:00:00,48.4004340171814
2025-06-20 07:30:00,40.65380859375
2025-06-20 08:00:00,52.560898184776306
2025-06-20 08:30:00,39.50459569692612
2025-06-20 09:00:00,22.25186139345169
2025-06-20 09:30:00,59.02558135986328
2025-06-20 10:00:00,30.65137681365013
2025-06-20 10:30:00,62.233426094055176
2025-06-20 11:00:00,62.92821282148361
2025-06-20 11:30:00,30.704489946365356
2025-06-20 12:00:00,42.195803701877594
2025-06-20 12:30:00,38.75591242313385
2025-06-20 13:00:00,56.79132032394409
2025-06-20 13:30:00,44.593139082193375
2025-06-20 14:00:00,37.60276800394058
2025-06-20 14:30:00,48.48503690958023
2025-06-20 15:00:00,62.223273515701294
2025-06-20 15:30:00,58.455140590667725
2025-06-20 16:00:00,57.83020198345184
2025-06-20 16:30:00,29.36045277118683
2025-06-20 17:00:00,29.42622771859169
2025-06-20 17:30:00,60.03339242935181
2025-06-20 18:00:00,46.676131904125214
2025-06-20 18:30:00,14.589763700962067
2025-06-20 19:00:00,33.247494012117386
2025-06-20 19:30:00,10.292987003922462
2025-06-20 20:00:00,29.941887348890305
2025-06-20 20:30:00,52.81743001937866
2025-06-20 21:00:00,78.21393710374832
2025-06-20 21:30:00,43.495056211948395
2025-06-20 22:00:00,21.0519260764122
2025-06-20 22:30:00,21.030136480927467
2025-06-20 23:00:00,38.25710052251816
2025-06-20 23:30:00,49.09335616230965
2025-06-21 00:00:00,44.926390528678894
2025-06-21 00:30:00,27.70862364768982
2025-06-21 01:00:00,33.50018393993378
2025-06-21 01:30:00,89.21016812324524
2025-06-21 02:00:00,33.59937971830368
2025-06-21 02:30:00,30.851199328899384
2025-06-21 03:00:00,20.60165835916996
2025-06-21 03:30:00,28.699323922395706
2025-06-21 04:00:00,36.124521374702454
2025-06-21 04:30:00,37.40283852815628
2025-06-21 05:00:00,28.01747363805771
2025-06-21 05:30:00,47.148111164569855
2025-06-21 06:00:00,67.24627321958542
2025-06-21 06:30:00,62.084120750427246
2025-06-21 07:00:00,53.7348507642746
2025-06-21 07:30:00,31.97135654091835
2025-06-21 08:00:00,53.0694637298584
2025-06-21 08:30:00,63.5184326171875
2025-06-21 09:00:00,48.69604402780533
2025-06-21 09:30:00,79.7198720574379
2025-06-21 10:00:00,59.72467541694641
2025-06-21 10:30:00,68.30828148126602
2025-06-21 11:00:00,39.142635464668274
2025-06-21 11:30:00,30.39051452279091
2025-06-21 12:00:00,17.50471869111061
2025-06-21 12:30:00,35.43230748176575
2025-06-21 13:00:00,36.278382658958435
2025-06-21 13:30:00,30.246568769216537
2025-06-21 14:00:00,69.40891116857529
2025-06-21 14:30:00,63.67949205636978
2025-06-21 15:00:00,51.19811689853668
2025-06-21 15:30:00,66.10847908258438
2025-06-21 16:00:00,52.09623271226883
2025-06-21 16:30:00,36.65941655635834
2025-06-21 17:00:00,45.52502262592316
2025-06-21 17:30:00,54.783890783786774
2025-06-21 18:00:00,52.78050261735916
2025-06-21 18:30:00,39.12211638689041
2025-06-21 19:00:00,45.82465377449989
2025-06-21 19:30:00,65.97737437486649
2025-06-21 20:00:00,23.112483203411102
2025-06-21 20:30:00,42.71425586938858
2025-06-21 21:00:00,46.854125797748566
2025-06-21 21:30:00,18.463307678699493
2025-06-21 22:00:00,29.71920418739319
2025-06-21 22:30:00,33.49075695872307
2025-06-21 23:00:00,42.90948775410652
2025-06-21 23:30:00,47.577476769685745
2025-06-22 00:00:00,45.60291591286659
2025-06-22 00:30:00,57.594935059547424
2025-06-22 01:00:00,73.42554521560669
2025-06-22 01:30:00,24.617894917726517
2025-06-22 02:00:00,33.59352579712868
2025-06-22 02:30:00,68.56637436151505
2025-06-22 03:00:00,53.31753122806549
2025-06-22 03:30:00,61.694489538669586
2025-06-22 04:00:00,56.92399764060974
2025-06-22 04:30:00,58.66464447975159
2025-06-22 05:00:00,47.53618711233139
2025-06-22 05:30:00,50.79774338006973
2025-06-22 06:00:00,22.982792109251022
2025-06-22 06:30:00,45.80489209294319
2025-06-22 07:00:00,21.00526960194111
2025-06-22 07:30:00,44.3109627366066
2025-06-22 08:00:00,18.21359385550022
2025-06-22 08:30:00,24.19942483305931
2025-06-22 09:00:00,7.799692124128342
2025-06-22 09:30:00,36.760653257369995
2025-06-22 10:00:00,31.368399769067764
2025-06-22 10:30:00,26.88028946518898
2025-06-22 11:00:00,27.59788480401039
2025-06-22 11:30:00,30.286655843257904
2025-06-22 12:00:00,11.227129727602005
2025-06-22 12:30:00,48.985762536525726
2025-06-22 13:00:00,29.239517986774445
2025-06-22 13:30:00,51.483903884887695
2025-06-22 14:00:00,36.912623941898346
2025-06-22 14:30:00,44.78035470843315
2025-06-22 15:00:00,40.38514685630798
2025-06-22 15:30:00,15.084521941840649
2025-06-22 16:00:00,52.60524344444275
2025-06-22 16:30:00,61.30381762981415
2025-06-22 17:00:00,34.68727242946625
2025-06-22 17:30:00,31.87186300754547
2025-06-22 18:00:00,34.85100010037422
2025-06-22 18:30:00,36.412516951560974
2025-06-22 19:00:00,23.493430376052856
2025-06-22 19:30:00,29.730189323425293
2025-06-22 20:00:00,-5.861472189426422
2025-06-22 20:30:00,9.244343027472496
2025-06-22 21:00:00,37.269054025411606
2025-06-22 21:30:00,25.95902681350708
2025-06-22 22:00:00,49.55038696527481
2025-06-22 22:30:00,25.116845577955246
2025-06-22 23:00:00,31.980774849653244
2025-06-22 23:30:00,39.656346678733826
2025-06-23 00:00:00,50.50157544016838
2025-06-23 00:30:00,61.60753929615021
2025-06-23 01:00:00,43.692858040332794
2025-06-23 01:30:00,31.08511045575142
2025-06-23 02:00:00,43.40206125378609
2025-06-23 02:30:00,38.181427389383316
2025-06-23 03:00:00,43.354984164237976
2025-06-23 03:30:00,63.666055500507355
2025-06-23 04:00:00,39.318001598119736
2025-06-23 04:30:00,37.84760355949402
2025-06-23 05:00:00,42.28255447745323
2025-06-23 05:30:00,29.666273176670074
2025-06-23 06:00:00,65.58357459306717
2025-06-23 06:30:00,44.90104955434799
2025-06-23 07:00:00,46.24870026111603
2025-06-23 07:30:00,31.778836250305176
2025-06-23 08:00:00,44.533018589019775
2025-06-23 08:30:00,23.481387197971344
2025-06-23 09:00:00,75.37730902433395
2025-06-23 09:30:00,48.15295624732971
2025-06-23 10:00:00,23.83307921886444
2025-06-23 10:30:00,33.11021161079407
2025-06-23 11:00:00,52.86496675014496
2025-06-23 11:30:00,11.734108932316303
2025-06-23 12:00:00,22.71971833705902
2025-06-23 12:30:00,19.26563599705696
2025-06-23 13:00:00,48.24194452166557
2025-06-23 13:30:00,52.9461989402771
2025-06-23 14:00:00,44.88280266523361
2025-06-23 14:30:00,64.90310901403427
2025-06-23 15:00:00,58.020753622055054
2025-06-23 15:30:00,31.268316507339478
2025-06-23 16:00:00,23.712306320667267
2025-06-23 16:30:00,24.944000244140625
2025-06-23 17:00:00,37.56506007909775
2025-06-23 17:30:00,53.37477535009384
2025-06-23 18:00:00,37.140889286994934
2025-06-23 18:30:00,48.05424323678017
2025-06-23 19:00:00,39.63922721147537
2025-06-23 19:30:00,60.25261527299881
2025-06-23 20:00:00,49.49370655417442
2025-06-23 20:30:00,35.315373599529266
2025-06-23 21:00:00,63.497011601924896
2025-06-23 21:30:00,20.770158782601357
2025-06-23 22:00:00,47.23092174530029
2025-06-23 22:30:00,30.10183960199356
2025-06-23 23:00:00,30.409437865018845
2025-06-23 23:30:00,31.185372948646545
2025-06-24 00:00:00,15.141229093074799
2025-06-24 00:30:00,19.700653165578842
2025-06-24 01:00:00,41.009492844343185
2025-06-24 01:30:00,39.099972665309906
2025-06-24 02:00:00,40.34472444653511
2025-06-24 02:30:00,67.90816813707352
2025-06-24 03:00:00,39.44174337387085
2025-06-24 03:30:00,57.41246038675308
2025-06-24 04:00:00,41.82221657037735
2025-06-24 04:30:00,18.85462135076523
2025-06-24 05:00:00,41.637342512607574
2025-06-24 05:30:00,44.17836058139801
2025-06-24 06:00:00,45.53835800290108
2025-06-24 06:30:00,8.315091580152512
2025-06-24 07:00:00,29.647939562797546
2025-06-24 07:30:00,40.87318754196167
2025-06-24 08:00:00,24.288598120212555
2025-06-24 08:30:00,62.812689661979675
2025-06-24 09:00:00,43.48149824142456
2025-06-24 09:30:00,20.967120826244354
2025-06-24 10:00:00,35.0893052816391
2025-06-24 10:30:00,36.142950385808945
2025-06-24 11:00:00,59.05314248800278
2025-06-24 11:30:00,43.76369193196297
2025-06-24 12:00:00,39.9784337580204
2025-06-24 12:30:00,24.38952550292015
2025-06-24 13:00:00,8.429208353161812
2025-06-24 13:30:00,52.85850864648819
2025-06-24 14:00:00,47.383814603090286
2025-06-24 14:30:00,47.43679475784302
2025-06-24 15:00:00,31.89732539653778
2025-06-24 15:30:00,12.338201075792313
2025-06-24 16:00:00,28.916959702968597
2025-06-24 16:30:00,41.454532504081726
2025-06-24 17:00:00,41.97410053014755
2025-06-24 17:30:00,17.374842584133148
2025-06-24 18:00:00,20.365563213825226
2025-06-24 18:30:00,14.713559679687023
2025-06-24 19:00:00,16.783550292253494
2025-06-24 19:30:00,25.496688455343246
2025-06-24 20:00:00,20.683243229985237
2025-06-24 20:30:00,16.059161514043808
2025-06-24 21:00:00,38.11963310837746
2025-06-24 21:30:00,39.472594261169434
2025-06-24 22:00:00,43.89313441514969
2025-06-24 22:30:00,42.68581014871597
2025-06-24 23:00:00,47.75085401535034
2025-06-24 23:30:00,32.272152692079544
2025-06-25 00:00:00,32.09469938278198
2025-06-25 00:30:00,47.923453629016876
2025-06-25 01:00:00,69.64224702119827
2025-06-25 01:30:00,25.831130921840668
2025-06-25 02:00:00,49.84687289595604
2025-06-25 02:30:00,28.336661219596863
2025-06-25 03:00:00,43.88975214958191
2025-06-25 03:30:00,36.3980570435524
2025-06-25 04:00:00,30.81023633480072
2025-06-25 04:30:00,30.739055544137955
2025-06-25 05:00:00,60.039885222911835
2025-06-25 05:30:00,85.02218908071518
2025-06-25 06:00:00,65.71428614854813
2025-06-25 06:30:00,35.42019781470299
2025-06-25 07:00:00,24.73878200352192
2025-06-25 07:30:00,19.676089823246002
2025-06-25 08:00:00,24.957986056804657
2025-06-25 08:30:00,35.29220363497734
2025-06-25 09:00:00,49.467310428619385
2025-06-25 09:30:00,49.98810416460037
2025-06-25 10:00:00,50.60608744621277
2025-06-25 10:30:00,39.75572746992111
2025-06-25 11:00:00,34.249263256788254
2025-06-25 11:30:00,14.938486844301224
2025-06-25 12:00:00,45.68883413076401
2025-06-25 12:30:00,36.075001537799835
2025-06-25 13:00:00,33.589490205049515
2025-06-25 13:30:00,18.450377017259598
2025-06-25 14:00:00,39.939803659915924
2025-06-25 14:30:00,49.42796918749809
2025-06-25 15:00:00,31.780992805957794
2025-06-25 15:30:00,50.76336568593979
2025-06-25 16:00:00,46.78332370519638
2025-06-25 16:30:00,32.855159878730774
2025-06-25 17:00:00,76.03364199399948
2025-06-25 17:30:00,72.07822984457016
2025-06-25 18:00:00,52.58224982023239
2025-06-25 18:30:00,40.76379582285881
2025-06-25 19:00:00,67.31660121679306
2025-06-25 19:30:00,65.61972725391388
2025-06-25 20:00:00,75.08669435977936
2025-06-25 20:30:00,33.0076220035553
2025-06-25 21:00:00,16.577951908111572
2025-06-25 21:30:00,34.95953902602196
2025-06-25 22:00:00,51.51196223497391
2025-06-25 22:30:00,63.086358308792114
2025-06-25 23:00:00,23.61090050637722
2025-06-25 23:30:00,33.35036113858223
2025-06-26 00:00:00,76.424325466156
2025-06-26 00:30:00,29.471691727638245
2025-06-26 01:00:00,27.923995912075043
2025-06-26 01:30:00,51.0908961892128
2025-06-26 02:00:00,44.443799048662186
2025-06-26 02:30:00,24.66100001335144
2025-06-26 03:00:00,12.681162804365158
2025-06-26 03:30:00,53.80277359485626
2025-06-26 04:00:00,45.463476955890656
2025-06-26 04:30:00,25.036412701010704
2025-06-26 05:00:00,16.428838804364204
2025-06-26 05:30:00,41.740331053733826
2025-06-26 06:00:00,57.416443943977356
2025-06-26 06:30:00,36.47546178102493
2025-06-26 07:00:00,48.4209386408329
2025-06-26 07:30:00,20.64017426967621
2025-06-26 08:00:00,16.806536689400673
2025-06-26 08:30:00,31.54754999279976
2025-06-26 09:00:00,15.728416413068771
2025-06-26 09:30:00,37.24833258986473
2025-06-26 10:00:00,71.89823549985886
2025-06-26 10:30:00,53.19561356306076
2025-06-26 11:00:00,43.8663364648819
2025-06-26 11:30:00,57.89981305599213
2025-06-26 12:00:00,37.19165796041489
2025-06-26 12:30:00,59.21675741672516
2025-06-26 13:00:00,54.97443664073944
2025-06-26 13:30:00,50.743332266807556
2025-06-26 14:00:00,25.667310744524002
2025-06-26 14:30:00,38.709890484809875
2025-06-26 15:00:00,36.311080783605576
2025-06-26 15:30:00,60.99603724479675
2025-06-26 16:00:00,25.705770283937454
2025-06-26 16:30:00,53.808445394039154
2025-06-26 17:00:00,18.299347296357155
2025-06-26 17:30:00,41.74000149965286
2025-06-26 18:00:00,43.09915190935135
2025-06-26 18:30:00,42.26266849040985
2025-06-26 19:00:00,33.8845249414444
2025-06-26 19:30:00,32.65388906002045
2025-06-26 20:00:00,56.69459331035614
2025-06-26 20:30:00,66.39887404441833
2025-06-26 21:00:00,36.409279227256775
2025-06-26 21:30:00,30.049931943416595
2025-06-26 22:00:00,56.78570055961609
2025-06-26 22:30:00,29.618268132209778
2025-06-26 23:00:00,40.79001271724701
2025-06-26 23:30:00,50.42409265041351
2025-06-27 00:00:00,49.176796942949295
2025-06-27 00:30:00,59.368306040763855
2025-06-27 01:00:00,37.46151939034462
2025-06-27 01:30:00,62.62264680862427
2025-06-27 02:00:00,89.05322521924973
2025-06-27 02:30:00,57.261449456214905
2025-06-27 03:00:00,52.433956265449524
2025-06-27 03:30:00,51.845927715301514
2025-06-27 04:00:00,49.987910479307175
2025-06-27 04:30:00,5.548002302646637
2025-06-27 05:00:00,-4.102485954761505
2025-06-27 05:30:00,37.203585505485535
2025-06-27 06:00:00,45.4739995598793
2025-06-27 06:30:00,43.40861764550209
2025-06-27 07:00:00,26.763078063726425
2025-06-27 07:30:00,42.604725390672684
2025-06-27 08:00:00,32.59029379487038
2025-06-27 08:30:00,64.89156883955002
2025-06-27 09:00:00,54.75823760032654
2025-06-27 09:30:00,28.22823792695999
2025-06-27 10:00:00,33.334932804107666
2025-06-27 10:30:00,61.194544434547424
2025-06-27 11:00:00,53.34297049045563
2025-06-27 11:30:00,37.12789213657379
2025-06-27 12:00:00,11.994393058121204
2025-06-27 12:30:00,19.193680465221405
2025-06-27 13:00:00,37.01212614774704
2025-06-27 13:30:00,40.5447059571743
2025-06-27 14:00:00,59.67968261241913
2025-06-27 14:30:00,48.8355610370636
2025-06-27 15:00:00,28.512677788734436
2025-06-27 15:30:00,24.355809807777405
2025-06-27 16:00:00,35.93070888519287
2025-06-27 16:30:00,50.31691241264343
2025-06-27 17:00:00,40.084746748209
2025-06-27 17:30:00,27.794637262821198
2025-06-27 18:00:00,26.13670416176319
2025-06-27 18:30:00,39.988320380449295
2025-06-27 19:00:00,41.53623589873314
2025-06-27 19:30:00,35.790625274181366
2025-06-27 20:00:00,31.69055911898613
2025-06-27 20:30:00,20.171020790934563
2025-06-27 21:00:00,20.781954795122147
2025-06-27 21:30:00,23.794222190976143
2025-06-27 22:00:00,49.92015242576599
2025-06-27 22:30:00,55.69573801755905
2025-06-27 23:00:00,58.02392774820328
2025-06-27 23:30:00,30.66375821828842
2025-06-28 00:00:00,52.418282210826874
2025-06-28 00:30:00,44.72634541988373
2025-06-28 01:00:00,76.88805431127548
2025-06-28 01:30:00,49.429431945085526
2025-06-28 02:00:00,27.528791189193726
2025-06-28 02:30:00,51.02391865849495
2025-06-28 03:00:00,56.93190115690231
2025-06-28 03:30:00,37.980436980724335
2025-06-28 04:00:00,68.58901530504227
2025-06-28 04:30:00,25.00532765686512
2025-06-28 05:00:00,33.37614440917969
2025-06-28 05:30:00,68.49347931146622
2025-06-28 06:00:00,61.31235134601593
2025-06-28 06:30:00,34.32957038283348
2025-06-28 07:00:00,12.385440051555634
2025-06-28 07:30:00,48.377162873744965
2025-06-28 08:00:00,38.699576020240784
2025-06-28 08:30:00,24.41434034705162
2025-06-28 09:00:00,46.596287310123444
2025-06-28 09:30:00,60.90172117948532
2025-06-28 10:00:00,53.212247371673584
2025-06-28 10:30:00,64.9081968665123
2025-06-28 11:00:00,24.533842727541924
2025-06-28 11:30:00,80.15144914388657
2025-06-28 12:00:00,56.87805086374283
2025-06-28 12:30:00,67.87646734714508
2025-06-28 13:00:00,42.520654410123825
2025-06-28 13:30:00,66.20159834623337
2025-06-28 14:00:00,59.300071001052856
2025-06-28 14:30:00,45.55513346195221
2025-06-28 15:00:00,41.989346742630005
2025-06-28 15:30:00,42.5690583884716
2025-06-28 16:00:00,28.123058140277863
2025-06-28 16:30:00,78.30332720279694
2025-06-28 17:00:00,52.91188484430313
2025-06-28 17:30:00,52.14716327190399
2025-06-28 18:00:00,34.90851306915283
2025-06-28 18:30:00,25.228966236114502
2025-06-28 19:00:00,28.896255612373352
2025-06-28 19:30:00,33.66398388147354
2025-06-28 20:00:00,66.62716829776764
2025-06-28 20:30:00,40.16327601671219
2025-06-28 21:00:00,43.897340565919876
2025-06-28 21:30:00,56.86398410797119
2025-06-28 22:00:00,79.08892053365707
2025-06-28 22:30:00,68.0513796210289
2025-06-28 23:00:00,29.238066792488098
2025-06-28 23:30:00,50.087534099817276
2025-06-29 00:00:00,50.13746154308319
2025-06-29 00:30:00,50.02990838885307
2025-06-29 01:00:00,16.862229883670807
2025-06-29 01:30:00,20.81964248418808
2025-06-29 02:00:00,36.80243146419525
2025-06-29 02:30:00,27.95900958776474
2025-06-29 03:00:00,43.19758450984955
2025-06-29 03:30:00,27.147343903779984
2025-06-29 04:00:00,34.76435050368309
2025-06-29 04:30:00,20.785296589136124
2025-06-29 05:00:00,29.219958662986755
2025-06-29 05:30:00,28.303989112377167
2025-06-29 06:00:00,18.312999218702316
2025-06-29 06:30:00,14.228065811097622
2025-06-29 07:00:00,32.30682814121246
2025-06-29 07:30:00,58.09368336200714
2025-06-29 08:00:00,48.3501481115818
2025-06-29 08:30:00,41.61545318365097
2025-06-29 09:00:00,26.414042711257935
2025-06-29 09:30:00,35.71900796890259
2025-06-29 10:00:00,14.972388997673988
2025-06-29 10:30:00,25.634531676769257
2025-06-29 11:00:00,25.867886319756508
2025-06-29 11:30:00,39.77234971523285
2025-06-29 12:00:00,62.630359530448914
2025-06-29 12:30:00,35.35376086831093
2025-06-29 13:00:00,59.25681269168854
2025-06-29 13:30:00,39.03901672363281
2025-06-29 14:00:00,42.68565982580185
2025-06-29 14:30:00,36.48245179653168
2025-06-29 15:00:00,34.03121408820152
2025-06-29 15:30:00,45.00391089916229
2025-06-29 16:00:00,60.42177480459213
2025-06-29 16:30:00,62.21156567335129
2025-06-29 17:00:00,50.32608211040497
2025-06-29 17:30:00,50.635628789663315
2025-06-29 18:00:00,34.21429005265236
2025-06-29 18:30:00,55.334598779678345
2025-06-29 19:00:00,14.034775838255882
2025-06-29 19:30:00,23.74124203622341
2025-06-29 20:00:00,62.03017795085907
2025-06-29 20:30:00,45.02131366729736
2025-06-29 21:00:00,25.517508178949356
2025-06-29 21:30:00,40.78558975458145
2025-06-29 22:00:00,41.38101014494896
2025-06-29 22:30:00,38.82876121997833
2025-06-29 23:00:00,37.58896431326866
2025-06-29 23:30:00,59.39320182800293
2025-06-30 00:00:00,59.70463043451309
2025-06-30 00:30:00,23.69064825773239
2025-06-30 01:00:00,44.12510001659393
2025-06-30 01:30:00,45.50483310222626
2025-06-30 02:00:00,44.30634608864784
2025-06-30 02:30:00,51.8294153213501
2025-06-30 03:00:00,50.20152512192726
2025-06-30 03:30:00,51.13137063384056
2025-06-30 04:00:00,19.95647819340229
2025-06-30 04:30:00,26.674433797597885
2025-06-30 05:00:00,30.60364928841591
2025-06-30 05:30:00,18.820697516202927
2025-06-30 06:00:00,44.08755975961685
2025-06-30 06:30:00,38.85332456231117
2025-06-30 07:00:00,54.814608693122864
2025-06-30 07:30:00,33.4536936879158
2025-06-30 08:00:00,43.380625784397125
2025-06-30 08:30:00,17.847074791789055
2025-06-30 09:00:00,18.44559270143509
2025-06-30 09:30:00,41.01572835445404
2025-06-30 10:00:00,22.921393871307373
2025-06-30 10:30:00,46.58437132835388
2025-06-30 11:00:00,65.72791928052902
2025-06-30 11:30:00,41.136593759059906
2025-06-30 12:00:00,38.094942569732666
2025-06-30 12:30:00,50.66785570979118
2025-06-30 13:00:00,84.47799700498581
2025-06-30 13:30:00,60.3281409740448
2025-06-30 14:00:00,58.483985245227814
2025-06-30 14:30:00,56.80020672082901
2025-06-30 15:00:00,67.64766430854797
2025-06-30 15:30:00,62.22166621685028
2025-06-30 16:00:00,66.88087868690491
2025-06-30 16:30:00,31.89111590385437
2025-06-30 17:00:00,29.97835800051689
2025-06-30 17:30:00,22.584387242794037
2025-06-30 18:00:00,15.316972479224205
2025-06-30 18:30:00,6.802819937467575
2025-06-30 19:00:00,48.34481453895569
2025-06-30 19:30:00,76.34757405519485
2025-06-30 20:00:00,33.99297425150871
2025-06-30 20:30:00,54.26965922117233
2025-06-30 21:00:00,11.856339529156685
2025-06-30 21:30:00,33.58471745252609
2025-06-30 22:00:00,30.83204761147499
2025-06-30 22:30:00,64.25706160068512
2025-06-30 23:00:00,16.47658222913742
2025-06-30 23:30:00,16.78703662753105
2025-07-01 00:00:00,36.42079049348831
2025-07-01 00:30:00,37.423525273799896
2025-07-01 01:00:00,41.230114847421646
2025-07-01 01:30:00,39.78257745504379
2025-07-01 02:00:00,23.85321381688118
2025-07-01 02:30:00,30.851364105939865
2025-07-01 03:00:00,16.025437146425247
2025-07-01 03:30:00,24.026670560240746
2025-07-01 04:00:00,34.973082542419434
2025-07-01 04:30:00,28.32805234193802
2025-07-01 05:00:00,27.568832010030746
2025-07-01 05:30:00,35.22570598125458
2025-07-01 06:00:00,49.2634291946888
2025-07-01 06:30:00,23.392020225524902
2025-07-01 07:00:00,28.949614465236664
2025-07-01 07:30:00,51.88733011484146
2025-07-01 08:00:00,49.65504062175751
2025-07-01 08:30:00,58.41468060016632
2025-07-01 09:00:00,56.90656018257141
2025-07-01 09:30:00,18.91565389931202
2025-07-01 10:00:00,18.54586097598076
2025-07-01 10:30:00,13.769574418663979
2025-07-01 11:00:00,27.926308572292328
2025-07-01 11:30:00,55.03820824623108
2025-07-01 12:00:00,18.44251397252083
2025-07-01 12:30:00,45.16269525885582
2025-07-01 13:00:00,16.572199165821075
2025-07-01 13:30:00,55.693026423454285
2025-07-01 14:00:00,55.588153064250946
2025-07-01 14:30:00,26.947183161973953
2025-07-01 15:00:00,56.228401482105255
2025-07-01 15:30:00,30.502507984638214
2025-07-01 16:00:00,40.5375280380249
2025-07-01 16:30:00,39.801026701927185
2025-07-01 17:00:00,62.521618247032166
2025-07-01 17:30:00,56.197718262672424
2025-07-01 18:00:00,49.52265238761902
2025-07-01 18:30:00,19.346096336841583
2025-07-01 19:00:00,49.53565242886543
2025-07-01 19:30:00,62.485610127449036
2025-07-01 20:00:00,61.38173693418503
2025-07-01 20:30:00,14.87457937002182
2025-07-01 21:00:00,35.49885427951813
2025-07-01 21:30:00,77.46820825338364
2025-07-01 22:00:00,34.64378863573074
2025-07-01 22:30:00,44.686105132102966
2025-07-01 23:00:00,37.25505954027176
2025-07-01 23:30:00,44.1445090174675
2025-07-02 00:00:00,25.6816463470459
2025-07-02 00:30:00,41.69376853108406
2025-07-02 01:00:00,53.918418169021606
2025-07-02 01:30:00,33.00249657034874
2025-07-02 02:00:00,4.644697457551956
2025-07-02 02:30:00,25.561685770750046
2025-07-02 03:00:00,49.94253897666931
2025-07-02 03:30:00,34.07439434528351
2025-07-02 04:00:00,51.99923396110535
2025-07-02 04:30:00,16.573369950056076
2025-07-02 05:00:00,51.585915327072144
2025-07-02 05:30:00,48.23375481367111
2025-07-02 06:00:00,39.035044729709625
2025-07-02 06:30:00,29.69622790813446
2025-07-02 07:00:00,17.82693874835968
2025-07-02 07:30:00,17.778453826904297
2025-07-02 08:00:00,36.2125441133976
2025-07-02 08:30:00,39.42740488052368
2025-07-02 09:00:00,40.278275936841965
2025-07-02 09:30:00,28.84583094716072
2025-07-02 10:00:00,42.87135487794876
2025-07-02 10:30:00,41.83676320314407
2025-07-02 11:00:00,37.67237329483032
2025-07-02 11:30:00,22.519641429185867
2025-07-02 12:00:00,35.295522302389145
2025-07-02 12:30:00,30.037998616695404
2025-07-02 13:00:00,45.53587767481804
2025-07-02 13:30:00,27.05622509121895
2025-07-02 14:00:00,23.23969830572605
2025-07-02 14:30:00,3.6749809607863426
2025-07-02 15:00:00,17.022352695465088
2025-07-02 15:30:00,13.993243351578712
2025-07-02 16:00:00,74.10052978992462
2025-07-02 16:30:00,46.888350278139114
2025-07-02 17:00:00,45.40127217769623
2025-07-02 17:30:00,47.50858551263809
2025-07-02 18:00:00,67.82762396335602
2025-07-02 18:30:00,75.85688537359238
2025-07-02 19:00:00,46.22624722123146
2025-07-02 19:30:00,59.176135540008545
2025-07-02 20:00:00,56.090665221214294
2025-07-02 20:30:00,51.3593555688858
2025-07-02 21:00:00,35.408674985170364
2025-07-02 21:30:00,22.317741855978966
2025-07-02 22:00:00,33.450964748859406
2025-07-02 22:30:00,33.835126519203186
2025-07-02 23:00:00,49.75583213567734
2025-07-02 23:30:00,37.56904652714729
2025-07-03 00:00:00,47.83305752277374
2025-07-03 00:30:00,56.33756482601166
2025-07-03 01:00:00,50.1698676943779
2025-07-03 01:30:00,38.70667877793312
2025-07-03 02:00:00,16.970540434122086
2025-07-03 02:30:00,19.864211723208427
2025-07-03 03:00:00,44.692996859550476
2025-07-03 03:30:00,13.350799351930618
2025-07-03 04:00:00,49.067208647727966
2025-07-03 04:30:00,75.12200289964676
2025-07-03 05:00:00,72.44171065092087
2025-07-03 05:30:00,42.50367370247841
2025-07-03 06:00:00,55.09138208627701
2025-07-03 06:30:00,48.92181169986725
2025-07-03 07:00:00,15.967359021306038
2025-07-03 07:30:00,22.05413183569908
2025-07-03 08:00:00,12.914413377642632
2025-07-03 08:30:00,47.01777541637421
2025-07-03 09:00:00,48.599926978349686
2025-07-03 09:30:00,44.12054118514061
2025-07-03 10:00:00,49.285254925489426
2025-07-03 10:30:00,31.006055057048798
2025-07-03 11:00:00,16.454948738217354
2025-07-03 11:30:00,29.686676621437073
2025-07-03 12:00:00,57.74817192554474
2025-07-03 12:30:00,27.508624792099
2025-07-03 13:00:00,26.460187509655952
2025-07-03 13:30:00,42.61169517040253
2025-07-03 14:00:00,52.05878496170044
2025-07-03 14:30:00,39.683624505996704
2025-07-03 15:00:00,59.8858562707901
2025-07-03 15:30:00,22.93056645989418
2025-07-03 16:00:00,43.95000272989273
2025-07-03 16:30:00,25.817769527435303
2025-07-03 17:00:00,38.991115748882294
2025-07-03 17:30:00,45.93171548843384
2025-07-03 18:00:00,62.85020101070404
2025-07-03 18:30:00,40.36406695842743
2025-07-03 19:00:00,95.21735507249832
2025-07-03 19:30:00,65.30232620239258
2025-07-03 20:00:00,67.42331892251968
2025-07-03 20:30:00,44.53639507293701
2025-07-03 21:00:00,32.46275347471237
2025-07-03 21:30:00,43.652117639780045
2025-07-03 22:00:00,34.824569284915924
2025-07-03 22:30:00,66.64216011762619
2025-07-03 23:00:00,68.02801597118378
2025-07-03 23:30:00,45.8828085064888
2025-07-04 00:00:00,23.591800823807716
2025-07-04 00:30:00,45.61845988035202
2025-07-04 01:00:00,38.63773837685585
2025-07-04 01:30:00,32.53539702296257
2025-07-04 02:00:00,21.57457861304283
2025-07-04 02:30:00,15.80992178618908
2025-07-04 03:00:00,-4.440500035881996
2025-07-04 03:30:00,21.172395437955856
2025-07-04 04:00:00,49.91450375318527
2025-07-04 04:30:00,44.53135058283806
2025-07-04 05:00:00,42.89871942996979
2025-07-04 05:30:00,30.9663987159729
2025-07-04 06:00:00,53.11450278759003
2025-07-04 06:30:00,63.69369179010391
2025-07-04 07:00:00,34.89165955781937
2025-07-04 07:30:00,19.593665167689323
2025-07-04 08:00:00,83.49182087182999
2025-07-04 08:30:00,30.042502522468567
2025-07-04 09:00:00,44.37130293250084
2025-07-04 09:30:00,25.21067887544632
2025-07-04 10:00:00,17.111235454678535
2025-07-04 10:30:00,36.27534729242325
2025-07-04 11:00:00,43.58466023206711
2025-07-04 11:30:00,44.9550501704216
2025-07-04 12:00:00,41.605907678604126
2025-07-04 12:30:00,62.182622730731964
2025-07-04 13:00:00,26.870009690523148
2025-07-04 13:30:00,37.94685426354408
2025-07-04 14:00:00,60.29175126552582
2025-07-04 14:30:00,58.75556671619415
2025-07-04 15:00:00,74.52533656358719
2025-07-04 15:30:00,64.19383347034454
2025-07-04 16:00:00,41.82194483280182
2025-07-04 16:30:00,85.39657986164093
2025-07-04 17:00:00,63.50304764509201
2025-07-04 17:30:00,48.445762157440186
2025-07-04 18:00:00,44.204083144664764
2025-07-04 18:30:00,61.520490765571594
2025-07-04 19:00:00,83.20683753490448
2025-07-04 19:30:00,62.98005110025406
2025-07-04 20:00:00,40.11573350429535
2025-07-04 20:30:00,51.01447433233261
2025-07-04 21:00:00,56.84801518917084
2025-07-04 21:30:00,15.463475167751312
2025-07-04 22:00:00,46.376029551029205
2025-07-04 22:30:00,62.87681394815445
2025-07-04 23:00:00,58.05535101890564
2025-07-04 23:30:00,27.661338418722153
2025-07-05 00:00:00,40.41122210025787
2025-07-05 00:30:00,57.4836151599884
2025-07-05 01:00:00,28.438447177410126
2025-07-05 01:30:00,25.457900807261467
2025-07-05 02:00:00,36.552684396505356
2025-07-05 02:30:00,51.04428452253342
2025-07-05 03:00:00,33.08015859127045
2025-07-05 03:30:00,28.162827223539352
2025-07-05 04:00:00,50.06597143411636
2025-07-05 04:30:00,30.867879390716553
2025-07-05 05:00:00,22.329468488693237
2025-07-05 05:30:00,34.75366312265396
2025-07-05 06:00:00,23.796318039298058
2025-07-05 06:30:00,14.814986452460289
2025-07-05 07:00:00,65.18214303255081
2025-07-05 07:30:00,43.737755447626114
2025-07-05 08:00:00,62.472578287124634
2025-07-05 08:30:00,23.725766003131866
2025-07-05 09:00:00,41.70229357481003
2025-07-05 09:30:00,36.24807524681091
2025-07-05 10:00:00,33.536064863204956
2025-07-05 10:30:00,23.125987693667412
2025-07-05 11:00:00,29.962704181671143
2025-07-05 11:30:00,38.606849908828735
2025-07-05 12:00:00,14.549858748912811
2025-07-05 12:30:00,21.786769524216652
2025-07-05 13:00:00,22.14072795212269
2025-07-05 13:30:00,63.770015358924866
2025-07-05 14:00:00,45.92506659030914
2025-07-05 14:30:00,60.139109909534454
2025-07-05 15:00:00,46.07299301028252
2025-07-05 15:30:00,21.97274498641491
2025-07-05 16:00:00,24.079149156808853
2025-07-05 16:30:00,54.81799674034119
2025-07-05 17:00:00,32.01366087794304
2025-07-05 17:30:00,18.51899364590645
2025-07-05 18:00:00,21.86712434887886
2025-07-05 18:30:00,15.534942150115967
2025-07-05 19:00:00,13.416543945670128
2025-07-05 19:30:00,32.48650738596916
2025-07-05 20:00:00,33.72877016663551
2025-07-05 20:30:00,57.722108244895935
2025-07-05 21:00:00,54.675507962703705
2025-07-05 21:30:00,45.216294050216675
2025-07-05 22:00:00,36.15801736712456
2025-07-05 22:30:00,56.714343428611755
2025-07-05 23:00:00,44.36890932917595
2025-07-05 23:30:00,38.501759737730026
2025-07-06 00:00:00,31.03935158252716
2025-07-06 00:30:00,13.935930572450161
2025-07-06 01:00:00,24.576715111732483
2025-07-06 01:30:00,44.411300390958786
2025-07-06 02:00:00,37.23656404018402
2025-07-06 02:30:00,28.97257050871849
2025-07-06 03:00:00,40.42938804626465
2025-07-06 03:30:00,45.23296543955803
2025-07-06 04:00:00,49.08335968852043
2025-07-06 04:30:00,47.510158121585846
2025-07-06 05:00:00,18.666781306266785
2025-07-06 05:30:00,3.904928043484688
2025-07-06 06:00:00,60.25880742073059
2025-07-06 06:30:00,51.326356798410416
2025-07-06 07:00:00,62.98817431926727
2025-07-06 07:30:00,29.26228901743889
2025-07-06 08:00:00,40.814171344041824
2025-07-06 08:30:00,47.85133332014084
2025-07-06 09:00:00,51.564719796180725
2025-07-06 09:30:00,70.08350259065628
2025-07-06 10:00:00,50.65897220373154
2025-07-06 10:30:00,62.031392097473145
2025-07-06 11:00:00,38.807577252388
2025-07-06 11:30:00,48.00059241056442
2025-07-06 12:00:00,44.18299746513367
2025-07-06 12:30:00,29.26859101653099
2025-07-06 13:00:00,42.12240853905678
2025-07-06 13:30:00,55.42622059583664
2025-07-06 14:00:00,71.37871372699738
2025-07-06 14:30:00,49.677762508392334
2025-07-06 15:00:00,78.99716573953629
2025-07-06 15:30:00,31.643406867980957
2025-07-06 16:00:00,49.97244456410408
2025-07-06 16:30:00,6.343998990952969
2025-07-06 17:00:00,30.296175330877304
2025-07-06 17:30:00,33.03950780630112
2025-07-06 18:00:00,43.29040890932083
2025-07-06 18:30:00,35.046561539173126
2025-07-06 19:00:00,55.91418033838272
2025-07-06 19:30:00,49.17868176102638
2025-07-06 20:00:00,23.864281341433525
2025-07-06 20:30:00,28.248817712068558
2025-07-06 21:00:00,46.341065019369125
2025-07-06 21:30:00,28.377508580684662
2025-07-06 22:00:00,66.69395792484283
2025-07-06 22:30:00,59.85479724407196
2025-07-06 23:00:00,60.096192717552185
2025-07-06 23:30:00,45.51835638284683
2025-07-07 00:00:00,28.456983149051666
2025-07-07 00:30:00,32.42547050118446
2025-07-07 01:00:00,33.66110172867775
2025-07-07 01:30:00,32.96596521139145
2025-07-07 02:00:00,14.11594009399414
2025-07-07 02:30:00,12.969349898397923
2025-07-07 03:00:00,32.40946400165558
2025-07-07 03:30:00,42.70018911361694
2025-07-07 04:00:00,59.897037982940674
2025-07-07 04:30:00,36.414621472358704
2025-07-07 05:00:00,11.63567416369915
2025-07-07 05:30:00,88.45971566438675
2025-07-07 06:00:00,57.35764455795288
2025-07-07 06:30:00,61.95645034313202
2025-07-07 07:00:00,32.324175983667374
2025-07-07 07:30:00,60.065151035785675
2025-07-07 08:00:00,45.26890128850937
2025-07-07 08:30:00,17.664488822221756
2025-07-07 09:00:00,39.136538714170456
2025-07-07 09:30:00,21.604605615139008
2025-07-07 10:00:00,41.341105192899704
2025-07-07 10:30:00,47.489676624536514
2025-07-07 11:00:00,23.063923120498657
2025-07-07 11:30:00,57.320509016513824
2025-07-07 12:00:00,44.89575934410095
2025-07-07 12:30:00,25.58732594549656
2025-07-07 13:00:00,45.33055970072746
2025-07-07 13:30:00,40.45675837993622
2025-07-07 14:00:00,16.824968591332436
2025-07-07 14:30:00,62.84534442424774
2025-07-07 15:00:00,48.43328246474266
2025-07-07 15:30:00,45.46485298871994
2025-07-07 16:00:00,36.44881126284599
2025-07-07 16:30:00,41.87624031305313
2025-07-07 17:00:00,41.91887420415878
2025-07-07 17:30:00,82.09769147634506
2025-07-07 18:00:00,49.78020179271698
2025-07-07 18:30:00,78.66691786050797
2025-07-07 19:00:00,30.814566791057587
2025-07-07 19:30:00,33.6434012055397
2025-07-07 20:00:00,56.20159775018692
2025-07-07 20:30:00,19.993074595928192
2025-07-07 21:00:00,17.163854256272316
2025-07-07 21:30:00,36.82421672344208
2025-07-07 22:00:00,34.584859162569046
2025-07-07 22:30:00,44.53030988574028
2025-07-07 23:00:00,47.07569020986557
2025-07-07 23:30:00,11.300433106720448
2025-07-08 00:00:00,34.55095845460892
2025-07-08 00:30:00,23.498694568872452
2025-07-08 01:00:00,15.931350901722908
2025-07-08 01:30:00,32.66094267368317
2025-07-08 02:00:00,25.39871260523796
2025-07-08 02:30:00,68.88510519266129
2025-07-08 03:00:00,35.65525659918785
2025-07-08 03:30:00,82.78447639942169
2025-07-08 04:00:00,35.51955258846283
2025-07-08 04:30:00,45.34991955757141
2025-07-08 05:00:00,22.36709836125374
2025-07-08 05:30:00,41.282224863767624
2025-07-08 06:00:00,46.65815097093582
2025-07-08 06:30:00,58.63367795944214
2025-07-08 07:00:00,51.75963079929352
2025-07-08 07:30:00,49.74241581559181
2025-07-08 08:00:00,63.55853992700577
2025-07-08 08:30:00,47.615733951330185
2025-07-08 09:00:00,32.48205262422562
2025-07-08 09:30:00,32.77023899555206
2025-07-08 10:00:00,52.02925807237625
2025-07-08 10:30:00,51.76595592498779
2025-07-08 11:00:00,41.40614587068558
2025-07-08 11:30:00,34.15685224533081
2025-07-08 12:00:00,75.43189936876297
2025-07-08 12:30:00,51.47020137310028
2025-07-08 13:00:00,29.275633066892624
2025-07-08 13:30:00,20.33968310058117
2025-07-08 14:00:00,32.281007289886475
2025-07-08 14:30:00,21.166882634162903
2025-07-08 15:00:00,48.74088940024376
2025-07-08 15:30:00,47.441142559051514
2025-07-08 16:00:00,57.929068207740784
2025-07-08 16:30:00,57.8582661151886
2025-07-08 17:00:00,22.10285958647728
2025-07-08 17:30:00,38.59620299935341
2025-07-08 18:00:00,41.160743713378906
2025-07-08 18:30:00,31.538111448287964
2025-07-08 19:00:00,65.87180143594742
2025-07-08 19:30:00,42.29972019791603
2025-07-08 20:00:00,63.37568944692612
2025-07-08 20:30:00,61.896014750003815
2025-07-08 21:00:00,73.59117794036865
2025-07-08 21:30:00,55.73267698287964
2025-07-08 22:00:00,42.714229851961136
2025-07-08 22:30:00,64.26082545518875
2025-07-08 23:00:00,28.177336275577545
2025-07-08 23:30:00,48.384381264448166
2025-07-09 00:00:00,44.57610633969307
2025-07-09 00:30:00,36.10217818617821
2025-07-09 01:00:00,71.19909518957138
2025-07-09 01:30:00,92.62795615196228
2025-07-09 02:00:00,64.52279204130173
2025-07-09 02:30:00,36.97446158528328
2025-07-09 03:00:00,41.18367373943329
2025-07-09 03:30:00,21.10790979862213
2025-07-09 04:00:00,44.18189316987991
2025-07-09 04:30:00,28.837141126394272
2025-07-09 05:00:00,53.103286385536194
2025-07-09 05:30:00,42.84661519527435
2025-07-09 06:00:00,50.43038308620453
2025-07-09 06:30:00,77.96029031276703
2025-07-09 07:00:00,43.044168412685394
2025-07-09 07:30:00,52.62120658159256
2025-07-09 08:00:00,54.83316779136658
2025-07-09 08:30:00,80.21204084157944
2025-07-09 09:00:00,81.46797144412994
2025-07-09 09:30:00,31.94706204533577
2025-07-09 10:00:00,38.92869704961777
2025-07-09 10:30:00,29.721502393484116
2025-07-09 11:00:00,57.330066084861755
2025-07-09 11:30:00,39.99786877632141
2025-07-09 12:00:00,23.390879794955254
2025-07-09 12:30:00,31.701445966959
2025-07-09 13:00:00,73.71213585138321
2025-07-09 13:30:00,47.676522225141525
2025-07-09 14:00:00,66.89795768260956
2025-07-09 14:30:00,70.49245029687881
2025-07-09 15:00:00,30.684832334518433
2025-07-09 15:30:00,26.24924398958683
2025-07-09 16:00:00,18.112101316452026
2025-07-09 16:30:00,44.85982060432434
2025-07-09 17:00:00,25.61533659696579
2025-07-09 17:30:00,44.72912350296974
2025-07-09 18:00:00,47.38861048221588
2025-07-09 18:30:00,21.19168157875538
2025-07-09 19:00:00,34.7184933423996
2025-07-09 19:30:00,34.86837685108185
2025-07-09 20:00:00,68.55860382318497
2025-07-09 20:30:00,30.70940724015236
2025-07-09 21:00:00,47.17451885342598
2025-07-09 21:30:00,54.599785685539246
2025-07-09 22:00:00,30.62260153889656
2025-07-09 22:30:00,37.353862166404724
2025-07-09 23:00:00,52.96246272325516
2025-07-09 23:30:00,32.775352865457535
2025-07-10 00:00:00,27.862109124660492
2025-07-10 00:30:00,33.25646713376045
2025-07-10 01:00:00,25.172527208924294
2025-07-10 01:30:00,46.87672916054726
2025-07-10 02:00:00,38.762815713882446
2025-07-10 02:30:00,49.033643275499344
2025-07-10 03:00:00,38.09209221601486
2025-07-10 03:30:00,23.7859847843647
2025-07-10 04:00:00,55.58862715959549
2025-07-10 04:30:00,12.862340942025185
2025-07-10 05:00:00,33.777703166007996
2025-07-10 05:30:00,52.89484632015228
2025-07-10 06:00:00,67.97269135713577
2025-07-10 06:30:00,58.31936430931091
2025-07-10 07:00:00,30.131372272968292
2025-07-10 07:30:00,24.794749826192856
2025-07-10 08:00:00,26.33593261241913
2025-07-10 08:30:00,43.64955058693886
2025-07-10 09:00:00,21.584554851055145
2025-07-10 09:30:00,41.20954951643944
2025-07-10 10:00:00,53.25020968914032
2025-07-10 10:30:00,54.62543308734894
2025-07-10 11:00:00,40.94915843009949
2025-07-10 11:30:00,36.13721498847008
2025-07-10 12:00:00,40.63685390353203
2025-07-10 12:30:00,53.12145233154297
2025-07-10 13:00:00,52.19242203235626
2025-07-10 13:30:00,62.270278334617615
2025-07-10 14:00:00,40.345577239990234
2025-07-10 14:30:00,42.33972054719925
2025-07-10 15:00:00,37.11545291543007
2025-07-10 15:30:00,6.955542236566544
2025-07-10 16:00:00,18.046239644289017
2025-07-10 16:30:00,24.817084342241287
2025-07-10 17:00:00,28.834050834178925
2025-07-10 17:30:00,30.236742854118347
2025-07-10 18:00:00,31.667799651622772
2025-07-10 18:30:00,52.733919858932495
2025-07-10 19:00:00,42.36757653951645
2025-07-10 19:30:00,39.51550856232643
2025-07-10 20:00:00,59.60072839260101
2025-07-10 20:30:00,54.757636308670044
2025-07-10 21:00:00,42.688712537288666
2025-07-10 21:30:00,80.88795047998428
2025-07-10 22:00:00,50.234749376773834
2025-07-10 22:30:00,48.72064784169197
2025-07-10 23:00:00,33.60927790403366
2025-07-10 23:30:00,28.44930511713028
2025-07-11 00:00:00,43.77131214737892
2025-07-11 00:30:00,24.922428905963898
2025-07-11 01:00:00,53.86771309375763
2025-07-11 01:30:00,69.35248225927353
2025-07-11 02:00:00,27.010078847408295
2025-07-11 02:30:00,39.79450789093971
2025-07-11 03:00:00,20.446996316313744
2025-07-11 03:30:00,52.90391194820404
2025-07-11 04:00:00,46.28003680706024
2025-07-11 04:30:00,28.841451346874237
2025-07-11 05:00:00,77.2689436674118
2025-07-11 05:30:00,45.01330319046974
2025-07-11 06:00:00,60.88605868816376
2025-07-11 06:30:00,27.313424706459045
2025-07-11 07:00:00,51.71836715936661
2025-07-11 07:30:00,28.826462417840958
2025-07-11 08:00:00,48.35988441109657
2025-07-11 08:30:00,38.72900751233101
2025-07-11 09:00:00,37.72690004110336
2025-07-11 09:30:00,24.114034190773964
2025-07-11 10:00:00,41.654132425785065
2025-07-11 10:30:00,65.21907621622086
2025-07-11 11:00:00,29.084760546684265
2025-07-11 11:30:00,34.122330009937286
2025-07-11 12:00:00,74.49597734212875
2025-07-11 12:30:00,44.402064204216
2025-07-11 13:00:00,83.30000883340836
2025-07-11 13:30:00,58.72995978593826
2025-07-11 14:00:00,37.388268768787384
2025-07-11 14:30:00,24.884069100022316
2025-07-11 15:00:00,20.144955664873123
2025-07-11 15:30:00,50.72525015473366
2025-07-11 16:00:00,71.21647483110428
2025-07-11 16:30:00,66.08868271112442
2025-07-11 17:00:00,23.68756663799286
2025-07-11 17:30:00,11.7290745601058
2025-07-11 18:00:00,39.20163720846176
2025-07-11 18:30:00,58.94403696060181
2025-07-11 19:00:00,43.64462751150131
2025-07-11 19:30:00,69.78552788496017
2025-07-11 20:00:00,30.38816139101982
2025-07-11 20:30:00,47.746829986572266
2025-07-11 21:00:00,36.71283322572708
2025-07-11 21:30:00,37.153305381536484
2025-07-11 22:00:00,51.102407455444336
2025-07-11 22:30:00,56.13772785663605
2025-07-11 23:00:00,47.164557069540024
2025-07-11 23:30:00,23.539819449186325
2025-07-12 00:00:00,31.29426744580269
2025-07-12 00:30:00,4.58300869166851
2025-07-12 01:00:00,3.0721448808908463
2025-07-12 01:30:00,17.285985842347145
2025-07-12 02:00:00,44.633882373571396
2025-07-12 02:30:00,61.56023961305618
2025-07-12 03:00:00,54.026766300201416
2025-07-12 03:30:00,55.7265310883522
2025-07-12 04:00:00,53.090208292007446
2025-07-12 04:30:00,40.00296530127525
2025-07-12 05:00:00,52.571403443813324
2025-07-12 05:30:00,44.28526908159256
2025-07-12 06:00:00,19.538057252764702
2025-07-12 06:30:00,27.0081694573164
2025-07-12 07:00:00,9.899600610136986
2025-07-12 07:30:00,66.59098094701767
2025-07-12 08:00:00,27.134167522192
2025-07-12 08:30:00,62.703370213508606
2025-07-12 09:00:00,51.644437193870544
2025-07-12 09:30:00,32.23571094870567
2025-07-12 10:00:00,25.062876760959625
2025-07-12 10:30:00,77.90305775403976
2025-07-12 11:00:00,42.54402384161949
2025-07-12 11:30:00,54.97650647163391
2025-07-12 12:00:00,59.069730043411255
2025-07-12 12:30:00,50.81332781910896
2025-07-12 13:00:00,91.89518398046494
2025-07-12 13:30:00,51.98996019363403
2025-07-12 14:00:00,30.70586597919464
2025-07-12 14:30:00,2.2894756197929382
2025-07-12 15:00:00,27.836114823818207
2025-07-12 15:30:00,19.33394619822502
2025-07-12 16:00:00,53.57038015127182
2025-07-12 16:30:00,45.00906813144684
2025-07-12 17:00:00,48.517888247966766
2025-07-12 17:30:00,45.03026366233826
2025-07-12 18:00:00,65.4136056303978
2025-07-12 18:30:00,25.458931386470795
2025-07-12 19:00:00,29.979566365480423
2025-07-12 19:30:00,35.605939120054245
2025-07-12 20:00:00,31.699711471796036
2025-07-12 20:30:00,40.29514390230179
2025-07-12 21:00:00,48.190571665763855
2025-07-12 21:30:00,17.728845819830894
2025-07-12 22:00:00,39.3213751912117
2025-07-12 22:30:00,51.062600791454315
2025-07-12 23:00:00,45.714527785778046
2025-07-12 23:30:00,51.569345116615295
2025-07-13 00:00:00,42.61535495519638
2025-07-13 00:30:00,33.758791387081146
2025-07-13 01:00:00,22.03861966729164
2025-07-13 01:30:00,30.713338762521744
2025-07-13 02:00:00,73.0620008111
2025-07-13 02:30:00,39.58759129047394
2025-07-13 03:00:00,32.6654697060585
2025-07-13 03:30:00,18.111500024795532
2025-07-13 04:00:00,53.56382954120636
2025-07-13 04:30:00,90.2750209569931
2025-07-13 05:00:00,61.46580791473389
2025-07-13 05:30:00,7.855390377342701
2025-07-13 06:00:00,13.51338803768158
2025-07-13 06:30:00,15.448788329958916
2025-07-13 07:00:00,43.46778705716133
2025-07-13 07:30:00,13.34847079217434
2025-07-13 08:00:00,30.038102686405182
2025-07-13 08:30:00,46.322384506464005
2025-07-13 09:00:00,61.595386266708374
2025-07-13 09:30:00,55.5722650885582
2025-07-13 10:00:00,30.746357768774033
2025-07-13 10:30:00,32.709167420864105
2025-07-13 11:00:00,26.04919743537903
2025-07-13 11:30:00,44.552074909210205
2025-07-13 12:00:00,63.49258863925934
2025-07-13 12:30:00,50.19761383533478
2025-07-13 13:00:00,31.57782271504402
2025-07-13 13:30:00,40.83634686470032
2025-07-13 14:00:00,27.127991273999214
2025-07-13 14:30:00,23.31860627233982
2025-07-13 15:00:00,37.230473071336746
2025-07-13 15:30:00,24.038301795721054
2025-07-13 16:00:00,18.433613121509552
2025-07-13 16:30:00,40.1741888821125
2025-07-13 17:00:00,37.77307230234146
2025-07-13 17:30:00,40.43667870759964
2025-07-13 18:00:00,60.571964740753174
2025-07-13 18:30:00,41.68759083747864
2025-07-13 19:00:00,35.654400914907455
2025-07-13 19:30:00,57.087329268455505
2025-07-13 20:00:00,46.665140986442566
2025-07-13 20:30:00,14.761342130601406
2025-07-13 21:00:00,36.274549424648285
2025-07-13 21:30:00,40.98011049628258
2025-07-13 22:00:00,51.818488001823425
2025-07-13 22:30:00,30.57653045654297
2025-07-13 23:00:00,67.23852580785751
2025-07-13 23:30:00,43.92386966943741
2025-07-14 00:00:00,17.939338371157646
2025-07-14 00:30:00,15.114579297602177
2025-07-14 01:00:00,55.23027467727661
2025-07-14 01:30:00,30.33471292257309
2025-07-14 02:00:00,66.6980744600296
2025-07-14 02:30:00,40.00877007842064
2025-07-14 03:00:00,58.52740544080734
2025-07-14 03:30:00,35.45509874820709
2025-07-14 04:00:00,47.10602942109108
2025-07-14 04:30:00,70.2451286315918
2025-07-14 05:00:00,67.42476433515549
2025-07-14 05:30:00,63.4313725233078
2025-07-14 06:00:00,16.438261449337006
2025-07-14 06:30:00,40.77014696598053
2025-07-14 07:00:00,59.15347146987915
2025-07-14 07:30:00,71.4039911031723
2025-07-14 08:00:00,63.50103563070297
2025-07-14 08:30:00,41.14338430762291
2025-07-14 09:00:00,54.86947077512741
2025-07-14 09:30:00,44.588661193847656
2025-07-14 10:00:00,99.3386427760124
2025-07-14 10:30:00,39.50202864408493
2025-07-14 11:00:00,35.85918119549751
2025-07-14 11:30:00,36.485562324523926
2025-07-14 12:00:00,45.94837820529938
2025-07-14 12:30:00,57.37659680843353
2025-07-14 13:00:00,25.465606302022934
2025-07-14 13:30:00,53.183240830898285
2025-07-14 14:00:00,38.86572331190109
2025-07-14 14:30:00,45.96874985098839
2025-07-14 15:00:00,43.30858641862869
2025-07-14 15:30:00,30.856767058372498
2025-07-14 16:00:00,24.256547540426254
2025-07-14 16:30:00,35.86450320482254
2025-07-14 17:00:00,5.556111067533493
2025-07-14 17:30:00,41.113105803728104
2025-07-14 18:00:00,59.27078115940094
2025-07-14 18:30:00,40.3306143283844
2025-07-14 19:00:00,54.88937121629715
2025-07-14 19:30:00,53.16849762201309
2025-07-14 20:00:00,43.085686445236206
2025-07-14 20:30:00,30.26428085565567
2025-07-14 21:00:00,38.86006307601929
2025-07-14 21:30:00,23.689104557037354
2025-07-14 22:00:00,65.45363199710846
2025-07-14 22:30:00,19.478908076882362
2025-07-14 23:00:00,26.92428493499756
2025-07-14 23:30:00,37.82547718286514
2025-07-15 00:00:00,31.486221134662628
2025-07-15 00:30:00,29.474808037281036
2025-07-15 01:00:00,36.332871824502945
2025-07-15 01:30:00,57.659088253974915
2025-07-15 02:00:00,63.781781017780304
2025-07-15 02:30:00,33.48376116156578
2025-07-15 03:00:00,46.6873020529747
2025-07-15 03:30:00,52.61876094341278
2025-07-15 04:00:00,54.214473366737366
2025-07-15 04:30:00,49.421566009521484
2025-07-15 05:00:00,47.80052995681763
2025-07-15 05:30:00,28.61721581220627
2025-07-15 06:00:00,64.49182552099228
2025-07-15 06:30:00,50.39606320858002
2025-07-15 07:00:00,30.25064194202423
2025-07-15 07:30:00,45.92658716440201
2025-07-15 08:00:00,42.797546327114105
2025-07-15 08:30:00,33.65784087777138
2025-07-15 09:00:00,10.67605459690094
2025-07-15 09:30:00,13.13325896859169
2025-07-15 10:00:00,13.502308949828148
2025-07-15 10:30:00,47.66744792461395
2025-07-15 11:00:00,51.71466112136841
2025-07-15 11:30:00,29.027750581502914
2025-07-15 12:00:00,38.90736564993858
2025-07-15 12:30:00,16.53416457772255
2025-07-15 13:00:00,56.15466809272766
2025-07-15 13:30:00,43.684564262628555
2025-07-15 14:00:00,56.94697970151901
2025-07-15 14:30:00,49.21833810210228
2025-07-15 15:00:00,48.70027619600296
2025-07-15 15:30:00,55.33310133218765
2025-07-15 16:00:00,57.606365382671356
2025-07-15 16:30:00,47.33726942539215
2025-07-15 17:00:00,34.31336152553558
2025-07-15 17:30:00,38.326231718063354
2025-07-15 18:00:00,45.03586319088936
2025-07-15 18:30:00,51.882080376148224
2025-07-15 19:00:00,43.01839381456375
2025-07-15 19:30:00,25.69329059123993
2025-07-15 20:00:00,67.08290112018585
2025-07-15 20:30:00,26.973346576094627
2025-07-15 21:00:00,36.99074560403824
2025-07-15 21:30:00,51.6548268198967
2025-07-15 22:00:00,27.709294319152832
2025-07-15 22:30:00,73.4596916437149
2025-07-15 23:00:00,50.43152496218681
2025-07-15 23:30:00,62.73655688762665
2025-07-16 00:00:00,53.790759325027466
2025-07-16 00:30:00,52.14190775156021
2025-07-16 01:00:00,46.236402690410614
2025-07-16 01:30:00,40.7837829887867
2025-07-16 02:00:00,56.807844281196594
2025-07-16 02:30:00,23.66490112245083
2025-07-16 03:00:00,19.957624405622482
2025-07-16 03:30:00,19.39672914147377
2025-07-16 04:00:00,27.06723913550377
2025-07-16 04:30:00,49.56145882606506
2025-07-16 05:00:00,37.2318519949913
2025-07-16 05:30:00,30.940228074789047
2025-07-16 06:00:00,43.96641683578491
2025-07-16 06:30:00,28.200566947460175
2025-07-16 07:00:00,17.23688517510891
2025-07-16 07:30:00,13.81522199511528
2025-07-16 08:00:00,32.8563277721405
2025-07-16 08:30:00,50.957195520401
2025-07-16 09:00:00,62.852045357227325
2025-07-16 09:30:00,37.34511452913284
2025-07-16 10:00:00,34.014750838279724
2025-07-16 10:30:00,78.18605798482895
2025-07-16 11:00:00,64.79909712076187
2025-07-16 11:30:00,28.349149584770203
2025-07-16 12:00:00,32.08411607146263
2025-07-16 12:30:00,24.570742666721344
2025-07-16 13:00:00,22.918919324874878
2025-07-16 13:30:00,28.34941554069519
2025-07-16 14:00:00,45.019321888685226
2025-07-16 14:30:00,61.97403812408447
2025-07-16 15:00:00,65.73223239183426
2025-07-16 15:30:00,29.919049829244614
2025-07-16 16:00:00,39.697214275598526
2025-07-16 16:30:00,42.43005305528641
2025-07-16 17:00:00,25.627281486988068
2025-07-16 17:30:00,55.585828840732574
2025-07-16 18:00:00,61.60113322734833
2025-07-16 18:30:00,52.72905170917511
2025-07-16 19:00:00,39.922253459692
2025-07-16 19:30:00,63.09744173288345
2025-07-16 20:00:00,57.93949830532074
2025-07-16 20:30:00,66.4677739739418
2025-07-16 21:00:00,45.12740117311478
2025-07-16 21:30:00,50.89010235667229
2025-07-16 22:00:00,37.65343260765076
2025-07-16 22:30:00,64.48173654079437
2025-07-16 23:00:00,39.90589717030525
2025-07-16 23:30:00,23.949420481920242
2025-07-17 00:00:00,32.394394129514694
2025-07-17 00:30:00,34.84873369336128
2025-07-17 01:00:00,62.11016708612442
2025-07-17 01:30:00,65.03101646900177
2025-07-17 02:00:00,78.66374951601028
2025-07-17 02:30:00,24.11348493397236
2025-07-17 03:00:00,35.39221462607384
2025-07-17 03:30:00,22.802739948034286
2025-07-17 04:00:00,55.47968351840973
2025-07-17 04:30:00,22.54995895922184
2025-07-17 05:00:00,48.226313829422
2025-07-17 05:30:00,65.46473854780197
2025-07-17 06:00:00,60.02344220876694
2025-07-17 06:30:00,46.581659734249115
2025-07-17 07:00:00,26.59292697906494
2025-07-17 07:30:00,28.153724014759064
2025-07-17 08:00:00,24.158045560121536
2025-07-17 08:30:00,19.027789011597633
2025-07-17 09:00:00,57.808358907699585
2025-07-17 09:30:00,49.39376783370972
2025-07-17 10:00:00,33.45368790626526
2025-07-17 10:30:00,43.953679859638214
2025-07-17 11:00:00,44.81503304839134
2025-07-17 11:30:00,72.17512452602386
2025-07-17 12:00:00,44.54819542169571
2025-07-17 12:30:00,21.818095952272415
2025-07-17 13:00:00,28.404109954833984
2025-07-17 13:30:00,23.11414398252964
2025-07-17 14:00:00,31.885438323020935
2025-07-17 14:30:00,29.070581048727036
2025-07-17 15:00:00,14.213070377707481
2025-07-17 15:30:00,41.330469846725464
2025-07-17 16:00:00,48.711030066013336
2025-07-17 16:30:00,58.86691552400589
2025-07-17 17:00:00,51.18725606799126
2025-07-17 17:30:00,40.01406028866768
2025-07-17 18:00:00,59.21177941560745
2025-07-17 18:30:00,43.48808354139328
2025-07-17 19:00:00,11.990687742829323
2025-07-17 19:30:00,-1.2871936112642288
2025-07-17 20:00:00,24.836035147309303
2025-07-17 20:30:00,35.56595900654793
2025-07-17 21:00:00,37.16118577122688
2025-07-17 21:30:00,59.51933431625366
2025-07-17 22:00:00,43.54187312722206
2025-07-17 22:30:00,24.32418128848076
2025-07-17 23:00:00,33.72646328806877
2025-07-17 23:30:00,39.15615585446358
2025-07-18 00:00:00,32.33190315961838
2025-07-18 00:30:00,9.802409619092941
2025-07-18 01:00:00,5.980223320424557
2025-07-18 01:30:00,21.113804191350937
2025-07-18 02:00:00,55.801808178424835
2025-07-18 02:30:00,61.665841460227966
2025-07-18 03:00:00,32.95673480629921
2025-07-18 03:30:00,37.96603199839592
2025-07-18 04:00:00,37.139848589897156
2025-07-18 04:30:00,34.767779022455215
2025-07-18 05:00:00,32.02066245675087
2025-07-18 05:30:00,30.075047433376312
2025-07-18 06:00:00,8.530752927064896
2025-07-18 06:30:00,50.24645721912384
2025-07-18 07:00:00,18.77641874551773
2025-07-18 07:30:00,44.061669528484344
2025-07-18 08:00:00,56.86386847496033
2025-07-18 08:30:00,34.058500587940216
2025-07-18 09:00:00,53.14538836479187
2025-07-18 09:30:00,25.50110997259617
2025-07-18 10:00:00,52.30112862586975
2025-07-18 10:30:00,30.552553951740265
2025-07-18 11:00:00,51.26719316840172
2025-07-18 11:30:00,56.186363101005554
2025-07-18 12:00:00,43.30743587017059
2025-07-18 12:30:00,46.347815096378326
2025-07-18 13:00:00,48.97267287969589
2025-07-18 13:30:00,57.93334662914276
2025-07-18 14:00:00,38.5855849981308
2025-07-18 14:30:00,33.633688032627106
2025-07-18 15:00:00,48.12943649291992
2025-07-18 15:30:00,22.613756582140923
2025-07-18 16:00:00,33.25138795375824
2025-07-18 16:30:00,11.528411537408829
2025-07-18 17:00:00,15.289842084050179
2025-07-18 17:30:00,8.021995142102242
2025-07-18 18:00:00,27.960547506809235
2025-07-18 18:30:00,53.776848673820496
2025-07-18 19:00:00,27.473457902669907
2025-07-18 19:30:00,35.33571344614029
2025-07-18 20:00:00,36.28837335109711
2025-07-18 20:30:00,72.49109750986099
2025-07-18 21:00:00,54.45504206418991
2025-07-18 21:30:00,33.57658267021179
2025-07-18 22:00:00,32.52121752500534
2025-07-18 22:30:00,58.86581701040268
2025-07-18 23:00:00,43.779562562704086
2025-07-18 23:30:00,31.281570941209793
2025-07-19 00:00:00,35.2151457965374
2025-07-19 00:30:00,56.212403655052185
2025-07-19 01:00:00,27.726590126752853
2025-07-19 01:30:00,27.550131261348724
2025-07-19 02:00:00,42.48715263605118
2025-07-19 02:30:00,11.83141627907753
2025-07-19 03:00:00,19.247516304254532
2025-07-19 03:30:00,36.97364059090614
2025-07-19 04:00:00,47.45762026309967
2025-07-19 04:30:00,49.35941904783249
2025-07-19 05:00:00,64.7655982375145
2025-07-19 05:30:00,56.30244129896164
2025-07-19 06:00:00,41.576987862586975
2025-07-19 06:30:00,82.081427693367
2025-07-19 07:00:00,60.88374024629593
2025-07-19 07:30:00,32.33028429746628
2025-07-19 08:00:00,25.89301770925522
2025-07-19 08:30:00,52.88948094844818
2025-07-19 09:00:00,18.781379401683807
2025-07-19 09:30:00,17.648401379585266
2025-07-19 10:00:00,-7.374427512288094
2025-07-19 10:30:00,24.92376446723938
2025-07-19 11:00:00,17.85673014819622
2025-07-19 11:30:00,22.262597918510437
2025-07-19 12:00:00,7.001354590058327
2025-07-19 12:30:00,35.81411901116371
2025-07-19 13:00:00,11.103556342422962
2025-07-19 13:30:00,29.048607885837555
2025-07-19 14:00:00,29.13954457640648
2025-07-19 14:30:00,34.88371556997299
2025-07-19 15:00:00,48.56743988394737
2025-07-19 15:30:00,36.40420004725456
2025-07-19 16:00:00,63.70067602396011
2025-07-19 16:30:00,41.986987829208374
2025-07-19 17:00:00,53.3632236123085
2025-07-19 17:30:00,35.04231780767441
2025-07-19 18:00:00,28.02249500155449
2025-07-19 18:30:00,38.798442244529724
2025-07-19 19:00:00,55.5629797577858
2025-07-19 19:30:00,43.29814764857292
2025-07-19 20:00:00,44.570304453372955
2025-07-19 20:30:00,65.8620998263359
2025-07-19 21:00:00,46.0497710108757
2025-07-19 21:30:00,27.860727310180664
2025-07-19 22:00:00,38.50909087061882
2025-07-19 22:30:00,30.447770208120346
2025-07-19 23:00:00,39.442977756261826
2025-07-19 23:30:00,39.08562260866165
2025-07-20 00:00:00,40.93721354007721
2025-07-20 00:30:00,38.98774793744087
2025-07-20 01:00:00,54.47844040393829
2025-07-20 01:30:00,74.34598976373672
2025-07-20 02:00:00,48.898396015167236
2025-07-20 02:30:00,48.19768309593201
2025-07-20 03:00:00,52.767407178878784
2025-07-20 03:30:00,36.632994413375854
2025-07-20 04:00:00,30.69379100203514
2025-07-20 04:30:00,55.50228977203369
2025-07-20 05:00:00,28.566577225923538
2025-07-20 05:30:00,32.08357259631157
2025-07-20 06:00:00,50.5065621137619
2025-07-20 06:30:00,69.21182626485825
2025-07-20 07:00:00,48.602444887161255
2025-07-20 07:30:00,63.33408468961716
2025-07-20 08:00:00,45.496585577726364
2025-07-20 08:30:00,57.1870453953743
2025-07-20 09:00:00,39.05137211084366
2025-07-20 09:30:00,50.25218105316162
2025-07-20 10:00:00,38.26753640174866
2025-07-20 10:30:00,47.547533601522446
2025-07-20 11:00:00,52.58043438196182
2025-07-20 11:30:00,29.779029816389084
2025-07-20 12:00:00,24.43030782043934
2025-07-20 12:30:00,1.7127545326948168
2025-07-20 13:00:00,11.219183571636677
2025-07-20 13:30:00,27.50905552506447
2025-07-20 14:00:00,32.57219144701958
2025-07-20 14:30:00,56.36817288398743
2025-07-20 15:00:00,40.93276745080948
2025-07-20 15:30:00,51.26149535179138
2025-07-20 16:00:00,59.273689329624176
2025-07-20 16:30:00,37.53287363052368
2025-07-20 17:00:00,34.078111946582794
2025-07-20 17:30:00,19.999775528907776
2025-07-20 18:00:00,48.2082721889019
2025-07-20 18:30:00,57.00638037919998
2025-07-20 19:00:00,13.735438108444214
2025-07-20 19:30:00,43.531495064496994
2025-07-20 20:00:00,69.09035378694534
2025-07-20 20:30:00,37.46267282962799
2025-07-20 21:00:00,35.44736868143082
2025-07-20 21:30:00,87.26949352025986
2025-07-20 22:00:00,25.89558331668377
2025-07-20 22:30:00,69.10701650381088
2025-07-20 23:00:00,20.903884023427963
2025-07-20 23:30:00,52.118682861328125
2025-07-21 00:00:00,18.03768280148506
2025-07-21 00:30:00,54.27210485935211
2025-07-21 01:00:00,-1.7333765923976898
2025-07-21 01:30:00,14.000953182578087
2025-07-21 02:00:00,41.01482352614403
2025-07-21 02:30:00,32.96747422218323
2025-07-21 03:00:00,26.171002358198166
2025-07-21 03:30:00,35.32297068834305
2025-07-21 04:00:00,22.190930023789406
2025-07-21 04:30:00,49.1434628367424
2025-07-21 05:00:00,29.069248378276825
2025-07-21 05:30:00,37.67300060391426
2025-07-21 06:00:00,30.459128260612488
2025-07-21 06:30:00,64.38017028570175
2025-07-21 07:00:00,23.733244568109512
2025-07-21 07:30:00,20.947601974010468
2025-07-21 08:00:00,22.27673116326332
2025-07-21 08:30:00,-1.87033811211586
2025-07-21 09:00:00,7.8719721511006355
2025-07-21 09:30:00,27.87038266658783
2025-07-21 10:00:00,54.57261770963669
2025-07-21 10:30:00,55.07932734489441
2025-07-21 11:00:00,38.99356138706207
2025-07-21 11:30:00,34.177645951509476
2025-07-21 12:00:00,39.048848420381546
2025-07-21 12:30:00,47.82972151041031
2025-07-21 13:00:00,60.3174911737442
2025-07-21 13:30:00,72.45597398281097
2025-07-21 14:00:00,44.59374037384987
2025-07-21 14:30:00,53.17301309108734
2025-07-21 15:00:00,14.232920229434967
2025-07-21 15:30:00,39.535995841026306
2025-07-21 16:00:00,52.2909933924675
2025-07-21 16:30:00,18.729460179805756
2025-07-21 17:00:00,37.23485845327377
2025-07-21 17:30:00,38.04502668976784
2025-07-21 18:00:00,63.90918546915054
2025-07-21 18:30:00,68.93596059083939
2025-07-21 19:00:00,43.11421310901642
2025-07-21 19:30:00,47.691800236701965
2025-07-21 20:00:00,33.394767105579376
2025-07-21 20:30:00,18.489085167646408
2025-07-21 21:00:00,51.229470789432526
2025-07-21 21:30:00,25.00819969177246
2025-07-21 22:00:00,52.110386192798615
2025-07-21 22:30:00,53.54964715242386
2025-07-21 23:00:00,38.272534638643265
2025-07-21 23:30:00,9.619477473199368
2025-07-22 00:00:00,51.04666078090668
2025-07-22 00:30:00,58.01124858856201
2025-07-22 01:00:00,23.902352064847946
2025-07-22 01:30:00,14.232772797346115
2025-07-22 02:00:00,64.2249214053154
2025-07-22 02:30:00,23.942644387483597
2025-07-22 03:00:00,30.302058160305023
2025-07-22 03:30:00,18.474904224276543
2025-07-22 04:00:00,31.4347066283226
2025-07-22 04:30:00,42.97705212235451
2025-07-22 05:00:00,46.436401546001434
2025-07-22 05:30:00,50.89649397134781
2025-07-22 06:00:00,42.07474461197853
2025-07-22 06:30:00,48.645289808511734
2025-07-22 07:00:00,57.986150443553925
2025-07-22 07:30:00,50.888298481702805
2025-07-22 08:00:00,27.80529284477234
2025-07-22 08:30:00,38.43144619464874
2025-07-22 09:00:00,52.14669495820999
2025-07-22 09:30:00,37.3031310737133
2025-07-22 10:00:00,25.88078662753105
2025-07-22 10:30:00,45.77377235889435
2025-07-22 11:00:00,51.989046692848206
2025-07-22 11:30:00,49.96959710121155
2025-07-22 12:00:00,58.617419958114624
2025-07-22 12:30:00,22.76208482682705
2025-07-22 13:00:00,55.65043878555298
2025-07-22 13:30:00,33.772141218185425
2025-07-22 14:00:00,36.400228053331375
2025-07-22 14:30:00,36.051319897174835
2025-07-22 15:00:00,70.32897412776947
2025-07-22 15:30:00,53.562436163425446
2025-07-22 16:00:00,31.630190014839172
2025-07-22 16:30:00,42.0178040266037
2025-07-22 17:00:00,44.96698349714279
2025-07-22 17:30:00,41.97055348753929
2025-07-22 18:00:00,33.286757200956345
2025-07-22 18:30:00,52.07668495178223
2025-07-22 19:00:00,32.12688294053078
2025-07-22 19:30:00,19.863864824175835
2025-07-22 20:00:00,30.645152866840363
2025-07-22 20:30:00,43.66910123825073
2025-07-22 21:00:00,47.181115716695786
2025-07-22 21:30:00,52.18481916189194
2025-07-22 22:00:00,40.72380703687668
2025-07-22 22:30:00,9.053616493940353
2025-07-22 23:00:00,44.94738659262657
2025-07-22 23:30:00,79.95013785362244
2025-07-23 00:00:00,73.3791995048523
2025-07-23 00:30:00,50.297861874103546
2025-07-23 01:00:00,69.77530592679977
2025-07-23 01:30:00,65.15106666088104
2025-07-23 02:00:00,47.26708886027336
2025-07-23 02:30:00,16.2795869410038
2025-07-23 03:00:00,36.09516504406929
2025-07-23 03:30:00,58.36383676528931
2025-07-23 04:00:00,30.78828340768814
2025-07-23 04:30:00,28.083488523960114
2025-07-23 05:00:00,53.44950896501541
2025-07-23 05:30:00,48.61719387769699
2025-07-23 06:00:00,59.26251918077469
2025-07-23 06:30:00,63.14758598804474
2025-07-23 07:00:00,32.94672966003418
2025-07-23 07:30:00,40.38933277130127
2025-07-23 08:00:00,45.180410236120224
2025-07-23 08:30:00,43.31556487083435
2025-07-23 09:00:00,46.03036779165268
2025-07-23 09:30:00,39.020758271217346
2025-07-23 10:00:00,13.495395541191101
2025-07-23 10:30:00,37.57871922850609
2025-07-23 11:00:00,21.807821959257126
2025-07-23 11:30:00,32.1279091835022
2025-07-23 12:00:00,30.135821253061295
2025-07-23 12:30:00,52.687348663806915
2025-07-23 13:00:00,28.42058765888214
2025-07-23 13:30:00,19.78523726761341
2025-07-23 14:00:00,39.35603907704353
2025-07-23 14:30:00,54.48767948150635
2025-07-23 15:00:00,66.28691816329956
2025-07-23 15:30:00,64.29338771104813
2025-07-23 16:00:00,37.63886284828186
2025-07-23 16:30:00,34.133054971694946
2025-07-23 17:00:00,35.10958153009415
2025-07-23 17:30:00,30.544494330883026
2025-07-23 18:00:00,32.00837644934654
2025-07-23 18:30:00,34.69159132242203
2025-07-23 19:00:00,43.234575510025024
2025-07-23 19:30:00,63.924576222896576
2025-07-23 20:00:00,41.71943327784538
2025-07-23 20:30:00,45.460632383823395
2025-07-23 21:00:00,25.258488789200783
2025-07-23 21:30:00,23.116450861096382
2025-07-23 22:00:00,45.120220363140106
2025-07-23 22:30:00,20.19224089384079
2025-07-23 23:00:00,41.656312108039856
2025-07-23 23:30:00,24.0597285926342
2025-07-24 00:00:00,40.550273686647415
2025-07-24 00:30:00,22.750132709741592
2025-07-24 01:00:00,27.691371202468872
2025-07-24 01:30:00,37.26512539386749
2025-07-24 02:00:00,52.15839123725891
2025-07-24 02:30:00,28.069901645183563
2025-07-24 03:00:00,11.810699179768562
2025-07-24 03:30:00,9.218575656414032
2025-07-24 04:00:00,19.9924169331789
2025-07-24 04:30:00,45.469666212797165
2025-07-24 05:00:00,29.216183245182037
2025-07-24 05:30:00,30.078851759433746
2025-07-24 06:00:00,26.041927009820938
2025-07-24 06:30:00,43.80580258369446
2025-07-24 07:00:00,44.65243858098984
2025-07-24 07:30:00,42.78315868973732
2025-07-24 08:00:00,14.798164017498493
2025-07-24 08:30:00,53.6466401219368
2025-07-24 09:00:00,33.26688855886459
2025-07-24 09:30:00,51.85623061656952
2025-07-24 10:00:00,34.900545954704285
2025-07-24 10:30:00,38.63121956586838
2025-07-24 11:00:00,17.915504962205887
2025-07-24 11:30:00,22.54510959982872
2025-07-24 12:00:00,20.7445330619812
2025-07-24 12:30:00,51.9766161441803
2025-07-24 13:00:00,27.255481004714966
2025-07-24 13:30:00,59.55226081609726
2025-07-24 14:00:00,56.93754982948303
2025-07-24 14:30:00,30.94647514820099
2025-07-24 15:00:00,39.29046070575714
2025-07-24 15:30:00,27.057628586888313
2025-07-24 16:00:00,0.7093938887119294
2025-07-24 16:30:00,12.855298891663551
2025-07-24 17:00:00,64.03856724500656
2025-07-24 17:30:00,37.443535566329956
2025-07-24 18:00:00,52.913364946842194
2025-07-24 18:30:00,42.82291620969772
2025-07-24 19:00:00,18.217142343521118
2025-07-24 19:30:00,67.13459485769272
2025-07-24 20:00:00,35.267466843128204
2025-07-24 20:30:00,7.308665215969086
2025-07-24 21:00:00,51.986364006996155
2025-07-24 21:30:00,49.21713840961456
2025-07-24 22:00:00,51.50075739622116
2025-07-24 22:30:00,45.90916705131531
2025-07-24 23:00:00,54.198510229587555
2025-07-24 23:30:00,40.53606817126274
2025-07-25 00:00:00,59.787105679512024
2025-07-25 00:30:00,41.68973582983017
2025-07-25 01:00:00,39.86860263347626
2025-07-25 01:30:00,59.9858672618866
2025-07-25 02:00:00,47.683648109436035
2025-07-25 02:30:00,34.70638945698738
2025-07-25 03:00:00,59.291051626205444
2025-07-25 03:30:00,33.82020118832588
2025-07-25 04:00:00,26.15964286029339
2025-07-25 04:30:00,22.253526508808136
2025-07-25 05:00:00,14.358142107725143
2025-07-25 05:30:00,18.810021698474884
2025-07-25 06:00:00,54.715834975242615
2025-07-25 06:30:00,39.55380043387413
2025-07-25 07:00:00,25.141278833150864
2025-07-25 07:30:00,21.029366075992584
2025-07-25 08:00:00,24.671902760863304
2025-07-25 08:30:00,89.4092766046524
2025-07-25 09:00:00,42.10221612453461
2025-07-25 09:30:00,30.79132455587387
2025-07-25 10:00:00,16.13089445233345
2025-07-25 10:30:00,41.86065009236336
2025-07-25 11:00:00,55.358442306518555
2025-07-25 11:30:00,42.54918974637985
2025-07-25 12:00:00,13.138781167566776
2025-07-25 12:30:00,55.84910786151886
2025-07-25 13:00:00,48.62888437509537
2025-07-25 13:30:00,30.978375405073166
2025-07-25 14:00:00,60.898471891880035
2025-07-25 14:30:00,54.63898527622223
2025-07-25 15:00:00,50.61487555503845
2025-07-25 15:30:00,34.634991854429245
2025-07-25 16:00:00,58.14793258905411
2025-07-25 16:30:00,43.73356953263283
2025-07-25 17:00:00,69.69903439283371
2025-07-25 17:30:00,62.15637403726578
2025-07-25 18:00:00,53.70942306518555
2025-07-25 18:30:00,38.72828480601311
2025-07-25 19:00:00,19.547517478466034
2025-07-25 19:30:00,45.29316109418869
2025-07-25 20:00:00,40.89384827017784
2025-07-25 20:30:00,53.53746521472931
2025-07-25 21:00:00,63.80493074655533
2025-07-25 21:30:00,16.279082491993904
2025-07-25 22:00:00,30.817446053028107
2025-07-25 22:30:00,40.44648438692093
2025-07-25 23:00:00,47.8518767952919
2025-07-25 23:30:00,21.524187192320824
2025-07-26 00:00:00,24.483975991606712
2025-07-26 00:30:00,59.99473053216934
2025-07-26 01:00:00,50.42941176891327
2025-07-26 01:30:00,46.60686194896698
2025-07-26 02:00:00,53.347607374191284
2025-07-26 02:30:00,49.975855737924576
2025-07-26 03:00:00,44.50900161266327
2025-07-26 03:30:00,50.925552546978
2025-07-26 04:00:00,46.99888676404953
2025-07-26 04:30:00,57.486945390701294
2025-07-26 05:00:00,58.800253093242645
2025-07-26 05:30:00,27.36396211385727
2025-07-26 06:00:00,79.98995608091354
2025-07-26 06:30:00,78.40955346822739
2025-07-26 07:00:00,68.83604210615158
2025-07-26 07:30:00,65.38051146268845
2025-07-26 08:00:00,46.692962288856506
2025-07-26 08:30:00,41.40733399987221
2025-07-26 09:00:00,34.42363494634628
2025-07-26 09:30:00,59.82843869924545
2025-07-26 10:00:00,21.447954684495926
2025-07-26 10:30:00,22.336279273033142
2025-07-26 11:00:00,47.81174057722092
2025-07-26 11:30:00,20.297965601086617
2025-07-26 12:00:00,28.728006690740585
2025-07-26 12:30:00,74.3983137011528
2025-07-26 13:00:00,37.80574730038643
2025-07-26 13:30:00,6.838327944278717
2025-07-26 14:00:00,42.31467732787132
2025-07-26 14:30:00,57.52117854356766
2025-07-26 15:00:00,19.599240124225616
2025-07-26 15:30:00,34.512082636356354
2025-07-26 16:00:00,27.78661811351776
2025-07-26 16:30:00,35.797265499830246
2025-07-26 17:00:00,24.957952812314034
2025-07-26 17:30:00,34.778180211782455
2025-07-26 18:00:00,58.80448526144028
2025-07-26 18:30:00,63.80287826061249
2025-07-26 19:00:00,19.05272237956524
2025-07-26 19:30:00,52.195578813552856
2025-07-26 20:00:00,22.11993135511875
2025-07-26 20:30:00,14.198814995586872
2025-07-26 21:00:00,16.00995533168316
2025-07-26 21:30:00,59.907838106155396
2025-07-26 22:00:00,56.34839963912964
2025-07-26 22:30:00,59.00673317909241
2025-07-26 23:00:00,41.627392292022705
2025-07-26 23:30:00,70.46355360746384
2025-07-27 00:00:00,23.58499437570572
2025-07-27 00:30:00,15.842813596129417
2025-07-27 01:00:00,35.10297021269798
2025-07-27 01:30:00,17.142384096980095
2025-07-27 02:00:00,15.429370656609535
2025-07-27 02:30:00,39.5481633245945
2025-07-27 03:00:00,32.55780670046806
2025-07-27 03:30:00,34.899788558483124
2025-07-27 04:00:00,16.94228406250477
2025-07-27 04:30:00,34.74604579806328
2025-07-27 05:00:00,49.69542545080185
2025-07-27 05:30:00,25.688529402017593
2025-07-27 06:00:00,24.623540699481964
2025-07-27 06:30:00,59.47732484340668
2025-07-27 07:00:00,51.55530148744583
2025-07-27 07:30:00,48.55613675713539
2025-07-27 08:00:00,54.13880890607834
2025-07-27 08:30:00,73.18610972166061
2025-07-27 09:00:00,55.8054159283638
2025-07-27 09:30:00,25.3862517029047
2025-07-27 10:00:00,24.095290079712868
2025-07-27 10:30:00,46.53212255239487
2025-07-27 11:00:00,44.394848704338074
2025-07-27 11:30:00,54.77403885126114
2025-07-27 12:00:00,53.47169893980026
2025-07-27 12:30:00,73.75143951177597
2025-07-27 13:00:00,67.12478917837143
2025-07-27 13:30:00,68.67595398426056
2025-07-27 14:00:00,51.76060211658478
2025-07-27 14:30:00,76.07927656173706
2025-07-27 15:00:00,79.34280437231064
2025-07-27 15:30:00,57.04731446504593
2025-07-27 16:00:00,45.9439263343811
2025-07-27 16:30:00,41.7626915872097
2025-07-27 17:00:00,45.31925368309021
2025-07-27 17:30:00,40.390963196754456
2025-07-27 18:00:00,61.20805037021637
2025-07-27 18:30:00,46.85240286588669
2025-07-27 19:00:00,75.04466754198074
2025-07-27 19:30:00,55.24533009529114
2025-07-27 20:00:00,42.42582377791405
2025-07-27 20:30:00,17.592290461063385
2025-07-27 21:00:00,44.940445721149445
2025-07-27 21:30:00,39.19834166765213
2025-07-27 22:00:00,75.17505532503128
2025-07-27 22:30:00,29.928271561861038
2025-07-27 23:00:00,38.152793765068054
2025-07-27 23:30:00,45.56876948475838
2025-07-28 00:00:00,2.157957524061203
2025-07-28 00:30:00,37.74941089749336
2025-07-28 01:00:00,43.70046669244766
2025-07-28 01:30:00,32.837650150060654
2025-07-28 02:00:00,33.108373045921326
2025-07-28 02:30:00,30.803662598133087
2025-07-28 03:00:00,59.25741398334503
2025-07-28 03:30:00,58.89743685722351
2025-07-28 04:00:00,40.4915089905262
2025-07-28 04:30:00,45.49795004725456
2025-07-28 05:00:00,28.46192067861557
2025-07-28 05:30:00,67.40025013685226
2025-07-28 06:00:00,25.71354515850544
2025-07-28 06:30:00,22.405115604400635
2025-07-28 07:00:00,0.36919434368610393
2025-07-28 07:30:00,61.065232038497925
2025-07-28 08:00:00,54.8917590379715
2025-07-28 08:30:00,50.88675767183304
2025-07-28 09:00:00,34.16838663816452
2025-07-28 09:30:00,32.98126634955406
2025-07-28 10:00:00,39.07775956392288
2025-07-28 10:30:00,19.6904254257679
2025-07-28 11:00:00,38.62428158521652
2025-07-28 11:30:00,30.002979159355164
2025-07-28 12:00:00,34.967867493629456
2025-07-28 12:30:00,23.245245799422264
2025-07-28 13:00:00,50.70281156897545
2025-07-28 13:30:00,40.49529018998146
2025-07-28 14:00:00,55.480828285217285
2025-07-28 14:30:00,37.53860613703728
2025-07-28 15:00:00,48.03331944346428
2025-07-28 15:30:00,35.173549711704254
2025-07-28 16:00:00,29.39673551917076
2025-07-28 16:30:00,44.2278226017952
2025-07-28 17:00:00,49.09914070367813
2025-07-28 17:30:00,73.72788506746292
2025-07-28 18:00:00,41.3770757317543
2025-07-28 18:30:00,48.2342144548893
2025-07-28 19:00:00,52.60482716560364
2025-07-28 19:30:00,32.26979088783264
2025-07-28 20:00:00,36.1255447268486
2025-07-28 20:30:00,47.88776060938835
2025-07-28 21:00:00,35.32419639825821
2025-07-28 21:30:00,10.516582943499088
2025-07-28 22:00:00,23.245094031095505
2025-07-28 22:30:00,28.993994414806366
2025-07-28 23:00:00,51.01884236931801
2025-07-28 23:30:00,36.333805561065674
2025-07-29 00:00:00,55.448832631111145
2025-07-29 00:30:00,21.27552418410778
2025-07-29 01:00:00,36.398282527923584
2025-07-29 01:30:00,20.230405569076538
2025-07-29 02:00:00,32.66281881928444
2025-07-29 02:30:00,22.788178861141205
2025-07-29 03:00:00,28.789332658052444
2025-07-29 03:30:00,58.15058636665344
2025-07-29 04:00:00,45.41469717025757
2025-07-29 04:30:00,26.012997075915337
2025-07-29 05:00:00,29.525310754776
2025-07-29 05:30:00,32.94791489839554
2025-07-29 06:00:00,13.214885033667088
2025-07-29 06:30:00,10.770358376204967
2025-07-29 07:00:00,41.55740541219711
2025-07-29 07:30:00,20.119254782795906
2025-07-29 08:00:00,27.251954197883606
2025-07-29 08:30:00,44.9903182387352
2025-07-29 09:00:00,53.39744520187378
2025-07-29 09:30:00,50.799818992614746
2025-07-29 10:00:00,44.41848987340927
2025-07-29 10:30:00,52.4082105755806
2025-07-29 11:00:00,28.834120213985443
2025-07-29 11:30:00,68.32302469015121
2025-07-29 12:00:00,41.725107967853546
2025-07-29 12:30:00,25.429945081472397
2025-07-29 13:00:00,24.1807891279459
2025-07-29 13:30:00,48.0150320827961
2025-07-29 14:00:00,40.47434905171394
2025-07-29 14:30:00,23.125590205192566
2025-07-29 15:00:00,38.61723953485489
2025-07-29 15:30:00,70.36266380548477
2025-07-29 16:00:00,52.777808368206024
2025-07-29 16:30:00,64.99429720640182
2025-07-29 17:00:00,44.944764614105225
2025-07-29 17:30:00,42.15929836034775
2025-07-29 18:00:00,40.03303277492523
2025-07-29 18:30:00,32.22336423397064
2025-07-29 19:00:00,32.72642853856087
2025-07-29 19:30:00,14.396181754767895
2025-07-29 20:00:00,75.29869014024734
2025-07-29 20:30:00,28.897371470928192
2025-07-29 21:00:00,31.125949144363403
2025-07-29 21:30:00,45.948193192481995
2025-07-29 22:00:00,27.594710677862167
2025-07-29 22:30:00,33.737951427698135
2025-07-29 23:00:00,26.476519227027893
2025-07-29 23:30:00,48.4871472120285
2025-07-30 00:00:00,33.0982146859169
2025-07-30 00:30:00,18.695741593837738
2025-07-30 01:00:00,15.183111369609833
2025-07-30 01:30:00,47.777654856443405
2025-07-30 02:00:00,65.96941882371902
2025-07-30 02:30:00,34.656531393527985
2025-07-30 03:00:00,27.75525265932083
2025-07-30 03:30:00,31.27489024400711
2025-07-30 04:00:00,56.45202416181564
2025-07-30 04:30:00,67.36004453897476
2025-07-30 05:00:00,59.71000158786774
2025-07-30 05:30:00,35.390864610672
2025-07-30 06:00:00,46.68479570746422
2025-07-30 06:30:00,37.68635621666908
2025-07-30 07:00:00,13.807355336844921
2025-07-30 07:30:00,44.94909796118736
2025-07-30 08:00:00,26.825599387288094
2025-07-30 08:30:00,14.762028701603413
2025-07-30 09:00:00,34.27484127879143
2025-07-30 09:30:00,41.93681466579437
2025-07-30 10:00:00,47.96335858106613
2025-07-30 10:30:00,35.974733263254166
2025-07-30 11:00:00,10.082631766796112
2025-07-30 11:30:00,51.942203760147095
2025-07-30 12:00:00,17.287955939769745
2025-07-30 12:30:00,32.419154047966
2025-07-30 13:00:00,29.709710717201233
2025-07-30 13:30:00,51.603930950164795
2025-07-30 14:00:00,50.11948639154434
2025-07-30 14:30:00,59.774386048316956
2025-07-30 15:00:00,23.975952476263046
2025-07-30 15:30:00,55.41003775596619
2025-07-30 16:00:00,41.113108694553375
2025-07-30 16:30:00,54.65282076597214
2025-07-30 17:00:00,55.38395673036575
2025-07-30 17:30:00,67.97871005535126
2025-07-30 18:00:00,43.18378660082817
2025-07-30 18:30:00,35.02959528565407
2025-07-30 19:00:00,61.95182502269745
2025-07-30 19:30:00,28.574185878038406
2025-07-30 20:00:00,72.78087961673737
2025-07-30 20:30:00,61.72515541315079
2025-07-30 21:00:00,65.83799612522125
2025-07-30 21:30:00,17.365603506565094
2025-07-30 22:00:00,3.14889195561409
2025-07-30 22:30:00,21.447104781866074
2025-07-30 23:00:00,42.36207529902458
2025-07-30 23:30:00,70.03350287675858
2025-07-31 00:00:00,22.058901697397232
2025-07-31 00:30:00,38.09558144211769
2025-07-31 01:00:00,35.5197896361351
2025-07-31 01:30:00,55.607030153274536
2025-07-31 02:00:00,14.711127050220966
2025-07-31 02:30:00,13.202364146709442
2025-07-31 03:00:00,11.410483933985233
2025-07-31 03:30:00,20.079906314611435
2025-07-31 04:00:00,56.90732914209366
2025-07-31 04:30:00,40.93903186917305
2025-07-31 05:00:00,10.46910908818245
2025-07-31 05:30:00,48.949338138103485
2025-07-31 06:00:00,36.995200365781784
2025-07-31 06:30:00,31.952158570289612
2025-07-31 07:00:00,36.18082308769226
2025-07-31 07:30:00,9.698844358325005
2025-07-31 08:00:00,10.291024133563042
2025-07-31 08:30:00,56.283223092556
2025-07-31 09:00:00,82.87316113710403
2025-07-31 09:30:00,41.08991849422455
2025-07-31 10:00:00,33.2621533870697
2025-07-31 10:30:00,69.52666026353836
2025-07-31 11:00:00,74.4001869559288
2025-07-31 11:30:00,59.794396340847015
2025-07-31 12:00:00,52.54406201839447
2025-07-31 12:30:00,20.88097856938839
2025-07-31 13:00:00,5.6593988090753555
2025-07-31 13:30:00,13.58668852597475
2025-07-31 14:00:00,26.11370186507702
2025-07-31 14:30:00,12.96668528020382
2025-07-31 15:00:00,67.1569351553917
2025-07-31 15:30:00,24.10534292459488
2025-07-31 16:00:00,56.50213950872421
2025-07-31 16:30:00,21.33738784492016
2025-07-31 17:00:00,49.00442859530449
2025-07-31 17:30:00,17.486886635422707
2025-07-31 18:00:00,55.738898038864136
2025-07-31 18:30:00,60.07119286060333
2025-07-31 19:00:00,80.9643896818161
2025-07-31 19:30:00,54.75509238243103
2025-07-31 20:00:00,75.36779820919037
2025-07-31 20:30:00,34.68559864163399
2025-07-31 21:00:00,50.076557636260986
2025-07-31 21:30:00,39.11176723241806
2025-07-31 22:00:00,34.056482791900635
2025-07-31 22:30:00,65.64514917135239
2025-07-31 23:00:00,37.45061230659485
2025-07-31 23:30:00,26.745186746120453
2025-08-01 00:00:00,59.429545283317566
2025-08-01 00:30:00,32.67419132590294
2025-08-01 01:00:00,28.247068762779236
2025-08-01 01:30:00,39.91870930790901
2025-08-01 02:00:00,17.650393158197403
2025-08-01 02:30:00,52.92958825826645
2025-08-01 03:00:00,55.244728803634644
2025-08-01 03:30:00,31.350225150585175
2025-08-01 04:00:00,46.38713899254799
2025-08-01 04:30:00,46.087025076150894
2025-08-01 05:00:00,40.23151394724846
2025-08-01 05:30:00,32.9530403316021
2025-08-01 06:00:00,48.261474937200546
2025-08-01 06:30:00,37.477254152297974
2025-08-01 07:00:00,54.83125984668732
2025-08-01 07:30:00,56.88415628671646
2025-08-01 08:00:00,72.92057007551193
2025-08-01 08:30:00,55.478775799274445
2025-08-01 09:00:00,41.572579354047775
2025-08-01 09:30:00,45.44552493095398
2025-08-01 10:00:00,15.455435782670975
2025-08-01 10:30:00,3.5144266933202744
2025-08-01 11:00:00,14.599638760089874
2025-08-01 11:30:00,21.370399624109268
2025-08-01 12:00:00,36.50714811682701
2025-08-01 12:30:00,37.29977482557297
2025-08-01 13:00:00,32.63793748617172
2025-08-01 13:30:00,45.3912872672081
2025-08-01 14:00:00,20.727579817175865
2025-08-01 14:30:00,20.893144607543945
2025-08-01 15:00:00,35.98951983451843
2025-08-01 15:30:00,52.21084815263748
2025-08-01 16:00:00,36.674512445926666
2025-08-01 16:30:00,39.43883520364761
2025-08-01 17:00:00,41.042243003845215
2025-08-01 17:30:00,28.28187718987465
2025-08-01 18:00:00,26.923566564917564
2025-08-01 18:30:00,41.713856875896454
2025-08-01 19:00:00,36.13051983714104
2025-08-01 19:30:00,36.771502524614334
2025-08-01 20:00:00,39.75957226753235
2025-08-01 20:30:00,48.638184159994125
2025-08-01 21:00:00,76.84625297784805
2025-08-01 21:30:00,52.74825257062912
2025-08-01 22:00:00,54.25802654027939
2025-08-01 22:30:00,68.44453185796738
2025-08-01 23:00:00,55.77019411325455
2025-08-01 23:30:00,25.673015788197517
2025-08-02 00:00:00,29.980754494667053
2025-08-02 00:30:00,44.74281734228134
2025-08-02 01:00:00,16.132831305265427
2025-08-02 01:30:00,20.351898282766342
2025-08-02 02:00:00,31.340298056602478
2025-08-02 02:30:00,20.73144195973873
2025-08-02 03:00:00,34.40312743186951
2025-08-02 03:30:00,59.97566843032837
2025-08-02 04:00:00,43.08130395412445
2025-08-02 04:30:00,58.09348678588867
2025-08-02 05:00:00,32.40874129533768
2025-08-02 05:30:00,35.384652227163315
2025-08-02 06:00:00,51.981253027915955
2025-08-02 06:30:00,50.90144017338753
2025-08-02 07:00:00,64.60914677381516
2025-08-02 07:30:00,29.706426739692688
2025-08-02 08:00:00,26.86402279138565
2025-08-02 08:30:00,29.279217690229416
2025-08-02 09:00:00,41.36658492684364
2025-08-02 09:30:00,48.417761623859406
2025-08-02 10:00:00,42.67490017414093
2025-08-02 10:30:00,57.026003301143646
2025-08-02 11:00:00,47.56272488832474
2025-08-02 11:30:00,63.23573303222656
2025-08-02 12:00:00,63.843147456645966
2025-08-02 12:30:00,31.957818806171417
2025-08-02 13:00:00,21.34524366259575
2025-08-02 13:30:00,60.03515005111694
2025-08-02 14:00:00,56.95723634958267
2025-08-02 14:30:00,49.95788636803627
2025-08-02 15:00:00,35.55836480855942
2025-08-02 15:30:00,17.46918322145939
2025-08-02 16:00:00,34.11567822098732
2025-08-02 16:30:00,32.06486028432846
2025-08-02 17:00:00,38.84640970826149
2025-08-02 17:30:00,41.14994069933891
2025-08-02 18:00:00,68.18009650707245
2025-08-02 18:30:00,41.16559451818466
2025-08-02 19:00:00,46.62640103697777
2025-08-02 19:30:00,41.43253043293953
2025-08-02 20:00:00,31.354055494070053
2025-08-02 20:30:00,45.68966668844223
2025-08-02 21:00:00,61.617680311203
2025-08-02 21:30:00,68.37110489606857
2025-08-02 22:00:00,30.464325964450836
2025-08-02 22:30:00,41.738891422748566
2025-08-02 23:00:00,33.49053147435188
2025-08-02 23:30:00,26.401347652077675
2025-08-03 00:00:00,40.63862019777298
2025-08-03 00:30:00,42.32520282268524
2025-08-03 01:00:00,34.323170095682144
2025-08-03 01:30:00,31.656635284423828
2025-08-03 02:00:00,21.346949249505997
2025-08-03 02:30:00,19.985957384109497
2025-08-03 03:00:00,44.9631242454052
2025-08-03 03:30:00,18.459938421845436
2025-08-03 04:00:00,48.795369893312454
2025-08-03 04:30:00,39.08051162958145
2025-08-03 05:00:00,31.00616490840912
2025-08-03 05:30:00,52.461528956890106
2025-08-03 06:00:00,35.66918459534645
2025-08-03 06:30:00,37.143571972846985
2025-08-03 07:00:00,35.51294416189194
2025-08-03 07:30:00,53.44521898031235
2025-08-03 08:00:00,44.446149289608
2025-08-03 08:30:00,19.228052377700806
2025-08-03 09:00:00,44.2968612909317
2025-08-03 09:30:00,41.4399656355381
2025-08-03 10:00:00,38.76665762066841
2025-08-03 10:30:00,27.75315970182419
2025-08-03 11:00:00,37.146884858608246
2025-08-03 11:30:00,23.098520517349243
2025-08-03 12:00:00,8.028936013579369
2025-08-03 12:30:00,6.85182087123394
2025-08-03 13:00:00,43.58826798200607
2025-08-03 13:30:00,65.81067782640457
2025-08-03 14:00:00,52.2415429353714
2025-08-03 14:30:00,56.696709394454956
2025-08-03 15:00:00,51.55817496776581
2025-08-03 15:30:00,42.1761634349823
2025-08-03 16:00:00,26.737523168325424
2025-08-03 16:30:00,30.234707713127136
2025-08-03 17:00:00,13.083742022514343
2025-08-03 17:30:00,22.787003740668297
2025-08-03 18:00:00,60.67588412761688
2025-08-03 18:30:00,40.088536620140076
2025-08-03 19:00:00,37.66628521680832
2025-08-03 19:30:00,64.50023204088211
2025-08-03 20:00:00,27.293882727622986
2025-08-03 20:30:00,20.342167764902115
2025-08-03 21:00:00,44.97741937637329
2025-08-03 21:30:00,24.709915667772293
2025-08-03 22:00:00,63.02297407388687
2025-08-03 22:30:00,29.49804449081421
2025-08-03 23:00:00,65.62589049339294
2025-08-03 23:30:00,34.71892407536507
2025-08-04 00:00:00,38.081786423921585
2025-08-04 00:30:00,22.990536630153656
2025-08-04 01:00:00,26.116073787212372
2025-08-04 01:30:00,44.122437566518784
2025-08-04 02:00:00,75.02727633714676
2025-08-04 02:30:00,62.213305950164795
2025-08-04 03:00:00,38.47932982444763
2025-08-04 03:30:00,50.64686253666878
2025-08-04 04:00:00,70.85842877626419
2025-08-04 04:30:00,63.36298716068268
2025-08-04 05:00:00,56.46216517686844
2025-08-04 05:30:00,45.05200845003128
2025-08-04 06:00:00,65.82610327005386
2025-08-04 06:30:00,48.048588782548904
2025-08-04 07:00:00,33.4768463075161
2025-08-04 07:30:00,66.33662301301956
2025-08-04 08:00:00,61.27067720890045
2025-08-04 08:30:00,58.85295283794403
2025-08-04 09:00:00,54.853785157203674
2025-08-04 09:30:00,39.84619873762131
2025-08-04 10:00:00,23.260564282536507
2025-08-04 10:30:00,35.794941276311874
2025-08-04 11:00:00,50.19803589582443
2025-08-04 11:30:00,50.95213657617569
2025-08-04 12:00:00,57.50752806663513
2025-08-04 12:30:00,42.393067836761475
2025-08-04 13:00:00,30.495165288448334
2025-08-04 13:30:00,47.234648019075394
2025-08-04 14:00:00,45.98789578676224
2025-08-04 14:30:00,29.03807082772255
2025-08-04 15:00:00,10.768214829266071
2025-08-04 15:30:00,49.90498426556587
2025-08-04 16:00:00,46.17191994190216
2025-08-04 16:30:00,40.65749728679657
2025-08-04 17:00:00,66.6381476521492
2025-08-04 17:30:00,30.62519171833992
2025-08-04 18:00:00,40.24425092339516
2025-08-04 18:30:00,31.706695705652237
2025-08-04 19:00:00,30.436597168445587
2025-08-04 19:30:00,33.51075857877731
2025-08-04 20:00:00,63.04981827735901
2025-08-04 20:30:00,47.842169404029846
2025-08-04 21:00:00,54.70062345266342
2025-08-04 21:30:00,52.49521863460541
2025-08-04 22:00:00,42.43930369615555
2025-08-04 22:30:00,35.734080731868744
2025-08-04 23:00:00,5.006632395088673
2025-08-04 23:30:00,50.264247357845306
2025-08-05 00:00:00,23.65565626323223
2025-08-05 00:30:00,54.895696341991425
2025-08-05 01:00:00,62.59626513719559
2025-08-05 01:30:00,43.731421649456024
2025-08-05 02:00:00,62.5458260178566
2025-08-05 02:30:00,45.40541762113571
2025-08-05 03:00:00,12.074713915586472
2025-08-05 03:30:00,51.52362382411957
2025-08-05 04:00:00,37.46792834997177
2025-08-05 04:30:00,56.83703005313873
2025-08-05 05:00:00,28.104166597127914
2025-08-05 05:30:00,58.181090354919434
2025-08-05 06:00:00,57.44789034128189
2025-08-05 06:30:00,48.5033763051033
2025-08-05 07:00:00,68.77095806598663
2025-08-05 07:30:00,30.044768929481506
2025-08-05 08:00:00,39.93167755007744
2025-08-05 08:30:00,39.11225000023842
2025-08-05 09:00:00,37.833820104599
2025-08-05 09:30:00,23.609913289546967
2025-08-05 10:00:00,42.279501765966415
2025-08-05 10:30:00,20.36393278837204
2025-08-05 11:00:00,14.150908961892128
2025-08-05 11:30:00,29.513727217912674
2025-08-05 12:00:00,50.89732074737549
2025-08-05 12:30:00,36.276451587677
2025-08-05 13:00:00,36.52978038787842
2025-08-05 13:30:00,58.82703948020935
2025-08-05 14:00:00,55.8202400803566
2025-08-05 14:30:00,40.665334314107895
2025-08-05 15:00:00,64.10596972703934
2025-08-05 15:30:00,35.991578102111816
2025-08-05 16:00:00,27.944815635681152
2025-08-05 16:30:00,22.694949746131897
2025-08-05 17:00:00,12.577067077159882
2025-08-05 17:30:00,50.61903256177902
2025-08-05 18:00:00,39.418937653303146
2025-08-05 18:30:00,9.738781109452248
2025-08-05 19:00:00,28.659283101558685
2025-08-05 19:30:00,85.49349188804626
2025-08-05 20:00:00,58.52587330341339
2025-08-05 20:30:00,64.46722459793091
2025-08-05 21:00:00,50.835590064525604
2025-08-05 21:30:00,47.09479856491089
2025-08-05 22:00:00,51.722431659698486
2025-08-05 22:30:00,44.873199343681335
2025-08-05 23:00:00,58.15628129243851
2025-08-05 23:30:00,64.72875756025314
2025-08-06 00:00:00,41.74203085899353
2025-08-06 00:30:00,43.34192052483559
2025-08-06 01:00:00,46.11039739847183
2025-08-06 01:30:00,60.96603626012802
2025-08-06 02:00:00,53.501017689704895
2025-08-06 02:30:00,46.294204741716385
2025-08-06 03:00:00,20.22934752702713
2025-08-06 03:30:00,4.208354122936726
2025-08-06 04:00:00,3.2857335060834885
2025-08-06 04:30:00,24.76026950776577
2025-08-06 05:00:00,49.53581142425537
2025-08-06 05:30:00,38.301058411598206
2025-08-06 06:00:00,36.85465711355209
2025-08-06 06:30:00,30.62950772047043
2025-08-06 07:00:00,66.32690984010696
2025-08-06 07:30:00,50.362136483192444
2025-08-06 08:00:00,68.07080018520355
2025-08-06 08:30:00,44.06567621231079
2025-08-06 09:00:00,44.11038860678673
2025-08-06 09:30:00,37.650027215480804
2025-08-06 10:00:00,39.4467271566391
2025-08-06 10:30:00,70.63470202684402
2025-08-06 11:00:00,54.483106195926666
2025-08-06 11:30:00,11.50062420219183
2025-08-06 12:00:00,26.509312748908997
2025-08-06 12:30:00,36.21404445171356
2025-08-06 13:00:00,43.877402544021606
2025-08-06 13:30:00,52.59051179885864
2025-08-06 14:00:00,40.93847393989563
2025-08-06 14:30:00,59.34440469741821
2025-08-06 15:00:00,17.92855414748192
2025-08-06 15:30:00,61.55908328294754
2025-08-06 16:00:00,55.67321848869324
2025-08-06 16:30:00,35.30814653635025
2025-08-06 17:00:00,19.827959328889847
2025-08-06 17:30:00,56.1046336889267
2025-08-06 18:00:00,79.31219631433487
2025-08-06 18:30:00,64.46432799100876
2025-08-06 19:00:00,57.55996763706207
2025-08-06 19:30:00,59.76195549964905
2025-08-06 20:00:00,38.517685294151306
2025-08-06 20:30:00,37.00852128863335
2025-08-06 21:00:00,24.41881823539734
2025-08-06 21:30:00,-13.428172647953033
2025-08-06 22:00:00,2.8045946657657623
2025-08-06 22:30:00,35.8048452436924
2025-08-06 23:00:00,35.86328327655792
2025-08-06 23:30:00,52.61373668909073
2025-08-07 00:00:00,10.270126357674599
2025-08-07 00:30:00,45.98608902096748
2025-08-07 01:00:00,46.88895446062088
2025-08-07 01:30:00,41.26337379217148
2025-08-07 02:00:00,50.23399776220322
2025-08-07 02:30:00,26.94517982006073
2025-08-07 03:00:00,55.60006904602051
2025-08-07 03:30:00,58.49475646018982
2025-08-07 04:00:00,20.221782237291336
2025-08-07 04:30:00,30.26510763168335
2025-08-07 05:00:00,35.55190670490265
2025-08-07 05:30:00,25.76811671257019
2025-08-07 06:00:00,36.08540850877762
2025-08-07 06:30:00,57.49368679523468
2025-08-07 07:00:00,36.854821890592575
2025-08-07 07:30:00,31.206025004386902
2025-08-07 08:00:00,16.175025790929794
2025-08-07 08:30:00,42.132011860609055
2025-08-07 09:00:00,26.77026031911373
2025-08-07 09:30:00,35.0884091258049
2025-08-07 10:00:00,14.8921237885952
2025-08-07 10:30:00,55.3995498418808
2025-08-07 11:00:00,60.95296394824982
2025-08-07 11:30:00,60.80257165431976
2025-08-07 12:00:00,24.53814572095871
2025-08-07 12:30:00,4.939814582467079
2025-08-07 13:00:00,46.73270535469055
2025-08-07 13:30:00,19.419974267482758
2025-08-07 14:00:00,42.173544347286224
2025-08-07 14:30:00,42.68989199399948
2025-08-07 15:00:00,51.41352963447571
2025-08-07 15:30:00,42.52919679880142
2025-08-07 16:00:00,62.934855937957764
2025-08-07 16:30:00,49.11085432767868
2025-08-07 17:00:00,35.72075113654137
2025-08-07 17:30:00,79.82039761543274
2025-08-07 18:00:00,58.24683350324631
2025-08-07 18:30:00,28.699124455451965
2025-08-07 19:00:00,20.92716094851494
2025-08-07 19:30:00,53.343091905117035
2025-08-07 20:00:00,38.46881878376007
2025-08-07 20:30:00,48.8040192425251
2025-08-07 21:00:00,54.46191644668579
2025-08-07 21:30:00,38.980465948581696
2025-08-07 22:00:00,39.421490252017975
2025-08-07 22:30:00,50.26702833175659
2025-08-07 23:00:00,44.77176317572594
2025-08-07 23:30:00,16.352035358548164
2025-08-08 00:00:00,41.526294350624084
2025-08-08 00:30:00,16.98812821507454
2025-08-08 01:00:00,12.959622994065285
2025-08-08 01:30:00,49.96797823905945
2025-08-08 02:00:00,11.776515893638134
2025-08-08 02:30:00,27.176176995038986
2025-08-08 03:00:00,30.469367563724518
2025-08-08 03:30:00,30.196569055318832
2025-08-08 04:00:00,30.499541997909546
2025-08-08 04:30:00,45.80806910991669
2025-08-08 05:00:00,53.92007750272751
2025-08-08 05:30:00,61.00845044851303
2025-08-08 06:00:00,33.474646389484406
2025-08-08 06:30:00,62.78635424375534
2025-08-08 07:00:00,50.83430075645447
2025-08-08 07:30:00,73.24205297231674
2025-08-08 08:00:00,57.356499791145325
2025-08-08 08:30:00,41.84467250108719
2025-08-08 09:00:00,58.22527951002121
2025-08-08 09:30:00,30.725089967250824
2025-08-08 10:00:00,38.89175808429718
2025-08-08 10:30:00,28.9083970785141
2025-08-08 11:00:00,26.688688457012177
2025-08-08 11:30:00,-4.253800421953201
2025-08-08 12:00:00,61.62133431434631
2025-08-08 12:30:00,32.35026279091835
2025-08-08 13:00:00,21.98331817984581
2025-08-08 13:30:00,57.24074536561966
2025-08-08 14:00:00,34.00782731175423
2025-08-08 14:30:00,31.570017486810684
2025-08-08 15:00:00,35.243010461330414
2025-08-08 15:30:00,48.84770828485489
2025-08-08 16:00:00,35.34008148312569
2025-08-08 16:30:00,54.65989172458649
2025-08-08 17:00:00,70.98186701536179
2025-08-08 17:30:00,23.53180029988289
2025-08-08 18:00:00,57.87938070297241
2025-08-08 18:30:00,37.937395483255386
2025-08-08 19:00:00,56.30630922317505
2025-08-08 19:30:00,28.21634218096733
2025-08-08 20:00:00,58.256113052368164
2025-08-08 20:30:00,16.52282965183258
2025-08-08 21:00:00,66.02219372987747
2025-08-08 21:30:00,35.545347422361374
2025-08-08 22:00:00,46.629277408123016
2025-08-08 22:30:00,34.36185222864151
2025-08-08 23:00:00,66.69686609506607
2025-08-08 23:30:00,26.32035395503044
2025-08-09 00:00:00,58.663632690906525
2025-08-09 00:30:00,37.073608219623566
2025-08-09 01:00:00,45.315697968006134
2025-08-09 01:30:00,79.40911990404129
2025-08-09 02:00:00,41.96880742907524
2025-08-09 02:30:00,64.39337557554245
2025-08-09 03:00:00,51.707457184791565
2025-08-09 03:30:00,47.83501750230789
2025-08-09 04:00:00,44.841021567583084
2025-08-09 04:30:00,62.72164022922516
2025-08-09 05:00:00,46.29246735572815
2025-08-09 05:30:00,19.260743275284767
2025-08-09 06:00:00,23.875454381108284
2025-08-09 06:30:00,41.50667721033096
2025-08-09 07:00:00,35.862855434417725
2025-08-09 07:30:00,43.656867265701294
2025-08-09 08:00:00,68.31339246034622
2025-08-09 08:30:00,59.449896693229675
2025-08-09 09:00:00,52.730265855789185
2025-08-09 09:30:00,47.41115602850914
2025-08-09 10:00:00,77.22782456874847
2025-08-09 10:30:00,52.18959480524063
2025-08-09 11:00:00,47.438263297080994
2025-08-09 11:30:00,52.436621606349945
2025-08-09 12:00:00,55.862902879714966
2025-08-09 12:30:00,12.046454653143883
2025-08-09 13:00:00,30.440690577030182
2025-08-09 13:30:00,42.73517966270447
2025-08-09 14:00:00,50.894545555114746
2025-08-09 14:30:00,38.63545173406601
2025-08-09 15:00:00,13.13663400709629
2025-08-09 15:30:00,10.61888924986124
2025-08-09 16:00:00,23.5580822378397
2025-08-09 16:30:00,30.73800328373909
2025-08-09 17:00:00,40.11442685127258
2025-08-09 17:30:00,33.729186445474625
2025-08-09 18:00:00,52.75676316022873
2025-08-09 18:30:00,29.376661628484726
2025-08-09 19:00:00,26.265649423003197
2025-08-09 19:30:00,75.58611911535263
2025-08-09 20:00:00,43.12681132555008
2025-08-09 20:30:00,44.38354557752609
2025-08-09 21:00:00,41.66816449165344
2025-08-09 21:30:00,48.56687906384468
2025-08-09 22:00:00,32.51719060540199
2025-08-09 22:30:00,24.959888219833374
2025-08-09 23:00:00,19.266925305128098
2025-08-09 23:30:00,18.904287174344063
2025-08-10 00:00:00,60.62061154842377
2025-08-10 00:30:00,41.08148595690727
2025-08-10 01:00:00,40.72453552484512
2025-08-10 01:30:00,47.05657318234444
2025-08-10 02:00:00,55.08326464891434
2025-08-10 02:30:00,45.08023735880852
2025-08-10 03:00:00,44.32921540737152
2025-08-10 03:30:00,44.274717569351196
2025-08-10 04:00:00,37.460360169410706
2025-08-10 04:30:00,62.27781182527542
2025-08-10 05:00:00,20.25630158185959
2025-08-10 05:30:00,18.158314049243927
2025-08-10 06:00:00,25.909587919712067
2025-08-10 06:30:00,36.2986878156662
2025-08-10 07:00:00,34.8821776509285
2025-08-10 07:30:00,30.546240389347076
2025-08-10 08:00:00,30.72256049513817
2025-08-10 08:30:00,41.84477078914642
2025-08-10 09:00:00,62.1977995634079
2025-08-10 09:30:00,29.021512180566788
2025-08-10 10:00:00,27.490476191043854
2025-08-10 10:30:00,26.51085789501667
2025-08-10 11:00:00,29.697982639074326
2025-08-10 11:30:00,48.05424323678017
2025-08-10 12:00:00,51.651039838790894
2025-08-10 12:30:00,39.30643540620804
2025-08-10 13:00:00,35.163706451654434
2025-08-10 13:30:00,48.68759125471115
2025-08-10 14:00:00,9.569201685488224
2025-08-10 14:30:00,34.555199295282364
2025-08-10 15:00:00,64.86991077661514
2025-08-10 15:30:00,31.808903723955154
2025-08-10 16:00:00,13.067384287714958
2025-08-10 16:30:00,33.74710667133331
2025-08-10 17:00:00,43.34756052494049
2025-08-10 17:30:00,38.57654827833176
2025-08-10 18:00:00,27.23889634013176
2025-08-10 18:30:00,25.175882011651993
2025-08-10 19:00:00,21.696236103773117
2025-08-10 19:30:00,20.599973008036613
2025-08-10 20:00:00,32.91106554865837
2025-08-10 20:30:00,20.803349792957306
2025-08-10 21:00:00,37.01630628108978
2025-08-10 21:30:00,57.65814584493637
2025-08-10 22:00:00,11.444774903357029
2025-08-10 22:30:00,29.73617333173752
2025-08-10 23:00:00,19.88603600859642
2025-08-10 23:30:00,47.837255001068115
2025-08-11 00:00:00,35.28384047746658
2025-08-11 00:30:00,54.699010372161865
2025-08-11 01:00:00,40.69595682621002
2025-08-11 01:30:00,52.76401913166046
2025-08-11 02:00:00,38.37515604496002
2025-08-11 02:30:00,22.178544282913208
2025-08-11 03:00:00,12.493382021784782
2025-08-11 03:30:00,48.451358795166016
2025-08-11 04:00:00,76.61136764287949
2025-08-11 04:30:00,54.103367388248444
2025-08-11 05:00:00,43.258763045072556
2025-08-11 05:30:00,35.455228835344315
2025-08-11 06:00:00,22.229954719543457
2025-08-11 06:30:00,28.725274860858917
2025-08-11 07:00:00,42.38050431013107
2025-08-11 07:30:00,28.86676052212715
2025-08-11 08:00:00,76.11656820774078
2025-08-11 08:30:00,49.154572278261185
2025-08-11 09:00:00,34.38792169094086
2025-08-11 09:30:00,31.820761889219284
2025-08-11 10:00:00,34.1701500415802
2025-08-11 10:30:00,35.30519500374794
2025-08-11 11:00:00,65.72694796323776
2025-08-11 11:30:00,52.37262451648712
2025-08-11 12:00:00,36.799089670181274
2025-08-11 12:30:00,27.422726809978485
2025-08-11 13:00:00,21.345619469881058
2025-08-11 13:30:00,36.19075018167496
2025-08-11 14:00:00,5.548795834183693
2025-08-11 14:30:00,36.812838435173035
2025-08-11 15:00:00,45.087935626506805
2025-08-11 15:30:00,55.58307099342346
2025-08-11 16:00:00,43.412497133016586
2025-08-11 16:30:00,61.21312087774277
2025-08-11 17:00:00,33.79767009615898
2025-08-11 17:30:00,22.750531643629074
2025-08-11 18:00:00,39.34617269039154
2025-08-11 18:30:00,60.86823385953903
2025-08-11 19:00:00,37.618968188762665
2025-08-11 19:30:00,47.20603173971176
2025-08-11 20:00:00,12.567804150283337
2025-08-11 20:30:00,55.223822355270386
2025-08-11 21:00:00,47.89234256744385
2025-08-11 21:30:00,65.4638597369194
2025-08-11 22:00:00,40.04546332359314
2025-08-11 22:30:00,52.4152352809906
2025-08-11 23:00:00,61.84166145324707
2025-08-11 23:30:00,28.356474936008453
2025-08-12 00:00:00,39.2408107817173
2025-08-12 00:30:00,40.36030888557434
2025-08-12 01:00:00,39.1026206612587
2025-08-12 01:30:00,58.56554698944092
2025-08-12 02:00:00,64.9336187839508
2025-08-12 02:30:00,46.25678300857544
2025-08-12 03:00:00,50.008319705724716
2025-08-12 03:30:00,63.098095059394836
2025-08-12 04:00:00,54.396780371665955
2025-08-12 04:30:00,57.342751026153564
2025-08-12 05:00:00,38.70623070001602
2025-08-12 05:30:00,28.92214584350586
2025-08-12 06:00:00,57.15890610218048
2025-08-12 06:30:00,31.55523380637169
2025-08-12 07:00:00,61.373740911483765
2025-08-12 07:30:00,67.04455721378326
2025-08-12 08:00:00,28.68745708465576
2025-08-12 08:30:00,32.97854030132294
2025-08-12 09:00:00,40.44366294145584
2025-08-12 09:30:00,54.08718454837799
2025-08-12 10:00:00,72.15474998950958
2025-08-12 10:30:00,34.57210484147072
2025-08-12 11:00:00,66.69686031341553
2025-08-12 11:30:00,66.0976442694664
2025-08-12 12:00:00,37.32595703005791
2025-08-12 12:30:00,53.286819100379944
2025-08-12 13:00:00,26.971114858984947
2025-08-12 13:30:00,55.80975794792175
2025-08-12 14:00:00,58.223527669906616
2025-08-12 14:30:00,42.94629085063934
2025-08-12 15:00:00,19.866631343960762
2025-08-12 15:30:00,41.77291065454483
2025-08-12 16:00:00,45.465581476688385
2025-08-12 16:30:00,19.60918889939785
2025-08-12 17:00:00,51.661227107048035
2025-08-12 17:30:00,52.701831698417664
2025-08-12 18:00:00,56.82132709026337
2025-08-12 18:30:00,19.305919647216797
2025-08-12 19:00:00,52.66293275356293
2025-08-12 19:30:00,36.77354055643082
2025-08-12 20:00:00,36.315576016902924
2025-08-12 20:30:00,47.108720779418945
2025-08-12 21:00:00,54.95272076129913
2025-08-12 21:30:00,77.04342460632324
2025-08-12 22:00:00,21.831072866916656
2025-08-12 22:30:00,28.96567589044571
2025-08-12 23:00:00,54.07399082183838
2025-08-12 23:30:00,47.20986208319664
2025-08-13 00:00:00,51.968313694000244
2025-08-13 00:30:00,42.90577593445778
2025-08-13 01:00:00,59.45185089111328
2025-08-13 01:30:00,33.34743273258209
2025-08-13 02:00:00,40.31631052494049
2025-08-13 02:30:00,35.55288091301918
2025-08-13 03:00:00,93.57327336072922
2025-08-13 03:30:00,55.085669815540314
2025-08-13 04:00:00,41.41705006361008
2025-08-13 04:30:00,53.00452423095703
2025-08-13 05:00:00,36.98428750038147
2025-08-13 05:30:00,41.28314125537872
2025-08-13 06:00:00,39.44780543446541
2025-08-13 06:30:00,24.067577183246613
2025-08-13 07:00:00,47.03730005025864
2025-08-13 07:30:00,49.85294362902641
2025-08-13 08:00:00,63.91781169176102
2025-08-13 08:30:00,23.382645279169083
2025-08-13 09:00:00,42.886173248291016
2025-08-13 09:30:00,19.538570374250412
2025-08-13 10:00:00,16.74020092189312
2025-08-13 10:30:00,16.86286297440529
2025-08-13 11:00:00,22.09316375851631
2025-08-13 11:30:00,37.517604291439056
2025-08-13 12:00:00,51.62544447183609
2025-08-13 12:30:00,43.276758432388306
2025-08-13 13:00:00,50.63365435600281
2025-08-13 13:30:00,59.04069459438324
2025-08-13 14:00:00,54.333656311035156
2025-08-13 14:30:00,35.60573387145996
2025-08-13 15:00:00,31.238113164901733
2025-08-13 15:30:00,14.999030120670795
2025-08-13 16:00:00,45.17106419801712
2025-08-13 16:30:00,21.60505947470665
2025-08-13 17:00:00,48.657295405864716
2025-08-13 17:30:00,78.12439090013504
2025-08-13 18:00:00,59.551301062107086
2025-08-13 18:30:00,55.96967840194702
2025-08-13 19:00:00,56.80487251281738
2025-08-13 19:30:00,40.14569112658501
2025-08-13 20:00:00,28.213309705257416
2025-08-13 20:30:00,24.3125196993351
2025-08-13 21:00:00,39.39516928792
2025-08-13 21:30:00,37.777899980545044
2025-08-13 22:00:00,47.21274423599243
2025-08-13 22:30:00,37.597084641456604
2025-08-13 23:00:00,40.53737771511078
2025-08-13 23:30:00,32.784386694431305
2025-08-14 00:00:00,47.61973774433136
2025-08-14 00:30:00,59.14693820476532
2025-08-14 01:00:00,55.69510781764984
2025-08-14 01:30:00,54.621738612651825
2025-08-14 02:00:00,24.750492736697197
2025-08-14 02:30:00,70.25413066148758
2025-08-14 03:00:00,57.66831576824188
2025-08-14 03:30:00,29.11676776409149
2025-08-14 04:00:00,9.56787046045065
2025-08-14 04:30:00,24.95984774827957
2025-08-14 05:00:00,27.50427410006523
2025-08-14 05:30:00,32.75854849815369
2025-08-14 06:00:00,57.491553366184235
2025-08-14 06:30:00,47.486725091934204
2025-08-14 07:00:00,35.036750078201294
2025-08-14 07:30:00,25.624416679143906
2025-08-14 08:00:00,40.351893693208694
2025-08-14 08:30:00,54.16893708705902
2025-08-14 09:00:00,49.71345841884613
2025-08-14 09:30:00,35.968324303627014
2025-08-14 10:00:00,22.38818548619747
2025-08-14 10:30:00,29.808900713920593
2025-08-14 11:00:00,22.40519943833351
2025-08-14 11:30:00,55.6217155456543
2025-08-14 12:00:00,51.56647163629532
2025-08-14 12:30:00,41.725952088832855
2025-08-14 13:00:00,28.182875096797943
2025-08-14 13:30:00,35.56076708436012
2025-08-14 14:00:00,18.633837461471558
2025-08-14 14:30:00,23.43751458823681
2025-08-14 15:00:00,34.38644737005234
2025-08-14 15:30:00,76.85395413637161
2025-08-14 16:00:00,47.53156757354736
2025-08-14 16:30:00,73.75723272562027
2025-08-14 17:00:00,31.162879437208176
2025-08-14 17:30:00,44.16122376918793
2025-08-14 18:00:00,31.966485500335693
2025-08-14 18:30:00,54.46567451953888
2025-08-14 19:00:00,29.217472553253174
2025-08-14 19:30:00,47.145610600709915
2025-08-14 20:00:00,44.39216312766075
2025-08-14 20:30:00,44.574282228946686
2025-08-14 21:00:00,24.11173887550831
2025-08-14 21:30:00,33.21574118733406
2025-08-14 22:00:00,14.130473718047142
2025-08-14 22:30:00,7.862819075584412
2025-08-14 23:00:00,12.55766674876213
2025-08-14 23:30:00,42.65573111176491
2025-08-15 00:00:00,9.950796402990818
2025-08-15 00:30:00,6.807975001633167
2025-08-15 01:00:00,38.76186463236809
2025-08-15 01:30:00,39.03663468360901
2025-08-15 02:00:00,18.626925498247147
2025-08-15 02:30:00,39.45435604453087
2025-08-15 03:00:00,57.30588722229004
2025-08-15 03:30:00,86.55752950906754
2025-08-15 04:00:00,52.01572322845459
2025-08-15 04:30:00,41.139614671468735
2025-08-15 05:00:00,40.261416643857956
2025-08-15 05:30:00,54.05477261543274
2025-08-15 06:00:00,56.05729931592941
2025-08-15 06:30:00,40.66016551852226
2025-08-15 07:00:00,35.31218212842941
2025-08-15 07:30:00,10.940495006740093
2025-08-15 08:00:00,39.535634487867355
2025-08-15 08:30:00,17.329436391592026
2025-08-15 09:00:00,15.266831114888191
2025-08-15 09:30:00,11.447218373417854
2025-08-15 10:00:00,33.7854910492897
2025-08-15 10:30:00,44.10684734582901
2025-08-15 11:00:00,37.8273648917675
2025-08-15 11:30:00,23.27222442626953
2025-08-15 12:00:00,52.33480095863342
2025-08-15 12:30:00,43.9132314324379
2025-08-15 13:00:00,48.567535281181335
2025-08-15 13:30:00,64.10104376077652
2025-08-15 14:00:00,69.98058342933655
2025-08-15 14:30:00,34.10372465848923
2025-08-15 15:00:00,24.630238741636276
2025-08-15 15:30:00,36.08404693007469
2025-08-15 16:00:00,15.05589409917593
2025-08-15 16:30:00,15.08536895364523
2025-08-15 17:00:00,13.742076888680458
2025-08-15 17:30:00,51.6822549700737
2025-08-15 18:00:00,57.40754020214081
2025-08-15 18:30:00,28.354731768369675
2025-08-15 19:00:00,32.36224237084389
2025-08-15 19:30:00,57.378221452236176
2025-08-15 20:00:00,56.90743899345398
2025-08-15 20:30:00,57.48103654384613
2025-08-15 21:00:00,41.66706019639969
2025-08-15 21:30:00,44.329547852277756
2025-08-15 22:00:00,38.76867252588272
2025-08-15 22:30:00,58.72723662853241
2025-08-15 23:00:00,65.02489948272705
2025-08-15 23:30:00,49.97455486655235
2025-08-16 00:00:00,4.689756028354168
2025-08-16 00:30:00,47.16487216949463
2025-08-16 01:00:00,19.857393711805344
2025-08-16 01:30:00,25.095467925071716
2025-08-16 02:00:00,87.0894124507904
2025-08-16 02:30:00,31.542384088039398
2025-08-16 03:00:00,16.486035227775574
2025-08-16 03:30:00,52.67195212841034
2025-08-16 04:00:00,71.69775676727295
2025-08-16 04:30:00,50.364223659038544
2025-08-16 05:00:00,39.638854295015335
2025-08-16 05:30:00,38.36282667517662
2025-08-16 06:00:00,37.86754736304283
2025-08-16 06:30:00,17.86143496632576
2025-08-16 07:00:00,45.65230855345726
2025-08-16 07:30:00,26.296519100666046
2025-08-16 08:00:00,9.928036212921143
2025-08-16 08:30:00,48.6217440366745
2025-08-16 09:00:00,37.82385542988777
2025-08-16 09:30:00,46.25576254725456
2025-08-16 10:00:00,40.721046298742294
2025-08-16 10:30:00,46.08843290805817
2025-08-16 11:00:00,12.217684015631676
2025-08-16 11:30:00,64.15120536088943
2025-08-16 12:00:00,23.211180314421654
2025-08-16 12:30:00,56.204361379146576
2025-08-16 13:00:00,26.911037728190422
2025-08-16 13:30:00,28.84975090622902
2025-08-16 14:00:00,24.196812972426414
2025-08-16 14:30:00,39.5744611620903
2025-08-16 15:00:00,74.43139630556107
2025-08-16 15:30:00,29.734696120023727
2025-08-16 16:00:00,24.52374941110611
2025-08-16 16:30:00,12.302893981337547
2025-08-16 17:00:00,27.57028031349182
2025-08-16 17:30:00,44.446785271167755
2025-08-16 18:00:00,33.554401367902756
2025-08-16 18:30:00,53.77111905813217
2025-08-16 19:00:00,48.71107053756714
2025-08-16 19:30:00,27.443040639162064
2025-08-16 20:00:00,11.90773767977953
2025-08-16 20:30:00,19.36361762881279
2025-08-16 21:00:00,45.17878848314285
2025-08-16 21:30:00,57.217850029468536
2025-08-16 22:00:00,29.988698482513428
2025-08-16 22:30:00,51.4161776304245
2025-08-16 23:00:00,73.53113549947739
2025-08-16 23:30:00,26.758539468050003
2025-08-17 00:00:00,67.11470597982407
2025-08-17 00:30:00,32.06320962309837
2025-08-17 01:00:00,60.30850648880005
2025-08-17 01:30:00,43.091444969177246
2025-08-17 02:00:00,52.24781024456024
2025-08-17 02:30:00,45.36209571361542
2025-08-17 03:00:00,54.052928268909454
2025-08-17 03:30:00,72.25605607032776
2025-08-17 04:00:00,31.859669506549835
2025-08-17 04:30:00,49.800634145736694
2025-08-17 05:00:00,37.61996552348137
2025-08-17 05:30:00,57.12119817733765
2025-08-17 06:00:00,71.41588395833969
2025-08-17 06:30:00,32.60588690638542
2025-08-17 07:00:00,63.79010081291199
2025-08-17 07:30:00,43.05785357952118
2025-08-17 08:00:00,46.205777287483215
2025-08-17 08:30:00,78.99122220277786
2025-08-17 09:00:00,44.58452442288399
2025-08-17 09:30:00,32.92795953154564
2025-08-17 10:00:00,57.93364727497101
2025-08-17 10:30:00,36.337534725666046
2025-08-17 11:00:00,70.51408523321152
2025-08-17 11:30:00,49.46922993659973
2025-08-17 12:00:00,64.56829363107681
2025-08-17 12:30:00,30.424999177455902
2025-08-17 13:00:00,44.24295896291733
2025-08-17 13:30:00,63.30240124464035
2025-08-17 14:00:00,44.63544920086861
2025-08-17 14:30:00,38.824858605861664
2025-08-17 15:00:00,43.88919711112976
2025-08-17 15:30:00,58.4001339673996
2025-08-17 16:00:00,66.69575601816177
2025-08-17 16:30:00,28.938204377889633
2025-08-17 17:00:00,12.192413866519928
2025-08-17 17:30:00,31.04379767179489
2025-08-17 18:00:00,34.589533627033234
2025-08-17 18:30:00,55.3694332242012
2025-08-17 19:00:00,22.386224061250687
2025-08-17 19:30:00,19.841819390654564
2025-08-17 20:00:00,41.71467787027359
2025-08-17 20:30:00,30.267686247825623
2025-08-17 21:00:00,52.613118052482605
2025-08-17 21:30:00,59.90972292423248
2025-08-17 22:00:00,75.40982502698898
2025-08-17 22:30:00,47.70195281505585
2025-08-17 23:00:00,35.48535990715027
2025-08-17 23:30:00,26.017911478877068
2025-08-18 00:00:00,34.930598974227905
2025-08-18 00:30:00,55.96721541881561
2025-08-18 01:00:00,62.15765178203583
2025-08-18 01:30:00,44.02826026082039
2025-08-18 02:00:00,59.29739987850189
2025-08-18 02:30:00,81.9008320569992
2025-08-18 03:00:00,37.24721673130989
2025-08-18 03:30:00,56.57069832086563
2025-08-18 04:00:00,64.21253710985184
2025-08-18 04:30:00,39.05218732357025
2025-08-18 05:00:00,67.62919193506241
2025-08-18 05:30:00,13.16050499677658
2025-08-18 06:00:00,10.893213391304016
2025-08-18 06:30:00,28.75045394897461
2025-08-18 07:00:00,20.466768115758896
2025-08-18 07:30:00,41.51772305369377
2025-08-18 08:00:00,51.47688785195351
2025-08-18 08:30:00,53.28204923868179
2025-08-18 09:00:00,58.41425275802612
2025-08-18 09:30:00,5.7097302451729774
2025-08-18 10:00:00,49.99559140205383
2025-08-18 10:30:00,42.35440015792847
2025-08-18 11:00:00,37.96173623204231
2025-08-18 11:30:00,68.66158080101013
2025-08-18 12:00:00,45.344418317079544
2025-08-18 12:30:00,23.781723707914352
2025-08-18 13:00:00,31.00344753265381
2025-08-18 13:30:00,40.69642513990402
2025-08-18 14:00:00,25.633806079626083
2025-08-18 14:30:00,47.63108712434769
2025-08-18 15:00:00,40.96176242828369
2025-08-18 15:30:00,25.58679547905922
2025-08-18 16:00:00,36.5845673084259
2025-08-18 16:30:00,42.44117984175682
2025-08-18 17:00:00,32.338523149490356
2025-08-18 17:30:00,22.064887151122093
2025-08-18 18:00:00,34.93131300806999
2025-08-18 18:30:00,15.749509319663048
2025-08-18 19:00:00,29.668950080871582
2025-08-18 19:30:00,34.90711969137192
2025-08-18 20:00:00,61.08953809738159
2025-08-18 20:30:00,38.33201915025711
2025-08-18 21:00:00,16.50702840089798
2025-08-18 21:30:00,5.320364266633987
2025-08-18 22:00:00,34.828980684280396
2025-08-18 22:30:00,35.72085231542587
2025-08-18 23:00:00,14.800270706415176
2025-08-18 23:30:00,45.61325350403786
2025-08-19 00:00:00,64.23629969358444
2025-08-19 00:30:00,54.950835943222046
2025-08-19 01:00:00,57.16462993621826
2025-08-19 01:30:00,33.50086039304733
2025-08-19 02:00:00,44.0727818608284
2025-08-19 02:30:00,46.272844433784485
2025-08-19 03:00:00,42.07735213637352
2025-08-19 03:30:00,63.77479100227356
2025-08-19 04:00:00,52.635811030864716
2025-08-19 04:30:00,33.26882541179657
2025-08-19 05:00:00,31.187749207019806
2025-08-19 05:30:00,53.66374224424362
2025-08-19 06:00:00,20.50782361626625
2025-08-19 06:30:00,44.5240975022316
2025-08-19 07:00:00,48.28306072950363
2025-08-19 07:30:00,15.391798600554466
2025-08-19 08:00:00,55.279118061065674
2025-08-19 08:30:00,75.69980949163437
2025-08-19 09:00:00,57.69175457954407
2025-08-19 09:30:00,42.36149424314499
2025-08-19 10:00:00,43.013649970293045
2025-08-19 10:30:00,36.11151844263077
2025-08-19 11:00:00,39.63157230615616
2025-08-19 11:30:00,44.403778463602066
2025-08-19 12:00:00,40.96815115213394
2025-08-19 12:30:00,27.27981597185135
2025-08-19 13:00:00,30.774040311574936
2025-08-19 13:30:00,48.646584898233414
2025-08-19 14:00:00,45.875257670879364
2025-08-19 14:30:00,50.1013984978199
2025-08-19 15:00:00,49.29463565349579
2025-08-19 15:30:00,39.05348241329193
2025-08-19 16:00:00,15.436933055520058
2025-08-19 16:30:00,14.314643859863281
2025-08-19 17:00:00,41.39222076535225
2025-08-19 17:30:00,51.97511291503906
2025-08-19 18:00:00,20.74438852071762
2025-08-19 18:30:00,34.349265575408936
2025-08-19 19:00:00,43.16845366358757
2025-08-19 19:30:00,38.551658272743225
2025-08-19 20:00:00,45.7597576379776
2025-08-19 20:30:00,26.720412373542786
2025-08-19 21:00:00,48.39240908622742
2025-08-19 21:30:00,73.25023978948593
2025-08-19 22:00:00,56.310009479522705
2025-08-19 22:30:00,53.819800555706024
2025-08-19 23:00:00,33.37096983194351
2025-08-19 23:30:00,33.75210201740265
2025-08-20 00:00:00,56.055501222610474
2025-08-20 00:30:00,32.24102717638016
2025-08-20 01:00:00,51.51696914434433
2025-08-20 01:30:00,56.4835804104805
2025-08-20 02:00:00,31.5916206240654
2025-08-20 02:30:00,41.370924055576324
2025-08-20 03:00:00,32.06643867492676
2025-08-20 03:30:00,66.46423560380936
2025-08-20 04:00:00,47.65808743238449
2025-08-20 04:30:00,10.335618004202843
2025-08-20 05:00:00,70.81156849861145
2025-08-20 05:30:00,62.473572731018066
2025-08-20 06:00:00,49.51081445813179
2025-08-20 06:30:00,73.8361753821373
2025-08-20 07:00:00,27.8313507437706
2025-08-20 07:30:00,39.017031997442245
2025-08-20 08:00:00,23.345107913017273
2025-08-20 08:30:00,36.69366705417633
2025-08-20 09:00:00,24.517823219299316
2025-08-20 09:30:00,51.24351152777672
2025-08-20 10:00:00,36.11560896039009
2025-08-20 10:30:00,40.008330672979355
2025-08-20 11:00:00,37.96488434076309
2025-08-20 11:30:00,74.49190706014633
2025-08-20 12:00:00,76.3972846865654
2025-08-20 12:30:00,52.5308336019516
2025-08-20 13:00:00,42.07555115222931
2025-08-20 13:30:00,40.045651227235794
2025-08-20 14:00:00,45.185558795928955
2025-08-20 14:30:00,70.83531373739243
2025-08-20 15:00:00,39.36449474096298
2025-08-20 15:30:00,61.884046733379364
2025-08-20 16:00:00,48.219543516635895
2025-08-20 16:30:00,53.24919790029526
2025-08-20 17:00:00,23.22982758283615
2025-08-20 17:30:00,50.60905921459198
2025-08-20 18:00:00,47.72366002202034
2025-08-20 18:30:00,24.618590161204338
2025-08-20 19:00:00,39.02245807647705
2025-08-20 19:30:00,36.42501398921013
2025-08-20 20:00:00,47.306791454553604
2025-08-20 20:30:00,36.31076568365097
2025-08-20 21:00:00,43.29223880171776
2025-08-20 21:30:00,33.16339701414108
2025-08-20 22:00:00,44.0869237780571
2025-08-20 22:30:00,74.81002503633499
2025-08-20 23:00:00,29.866815507411957
2025-08-20 23:30:00,18.444103926420212
2025-08-21 00:00:00,51.62432861328125
2025-08-21 00:30:00,46.3471155166626
2025-08-21 01:00:00,32.45845192670822
2025-08-21 01:30:00,53.473826587200165
2025-08-21 02:00:00,37.33783543109894
2025-08-21 02:30:00,60.01254379749298
2025-08-21 03:00:00,47.193439304828644
2025-08-21 03:30:00,36.934469908475876
2025-08-21 04:00:00,26.38564468920231
2025-08-21 04:30:00,28.68313530087471
2025-08-21 05:00:00,56.85010814666748
2025-08-21 05:30:00,30.433729469776154
2025-08-21 06:00:00,46.27333587408066
2025-08-21 06:30:00,16.976764380931854
2025-08-21 07:00:00,11.86320162564516
2025-08-21 07:30:00,18.459300994873047
2025-08-21 08:00:00,36.65285438299179
2025-08-21 08:30:00,42.459721595048904
2025-08-21 09:00:00,23.79551872611046
2025-08-21 09:30:00,36.91561883687973
2025-08-21 10:00:00,41.43569877743721
2025-08-21 10:30:00,43.72740340232849
2025-08-21 11:00:00,2.7718054801225662
2025-08-21 11:30:00,42.662186324596405
2025-08-21 12:00:00,76.995760679245
2025-08-21 12:30:00,31.86320787668228
2025-08-21 13:00:00,76.00017780065536
2025-08-21 13:30:00,39.92998641729355
2025-08-21 14:00:00,43.37180009484291
2025-08-21 14:30:00,34.67954236268997
2025-08-21 15:00:00,30.705166399478912
2025-08-21 15:30:00,33.68402886390686
2025-08-21 16:00:00,54.25890535116196
2025-08-21 16:30:00,10.61052031069994
2025-08-21 17:00:00,42.61411768198013
2025-08-21 17:30:00,12.355921112000942
2025-08-21 18:00:00,21.574793979525566
2025-08-21 18:30:00,34.46247607469559
2025-08-21 19:00:00,52.33180606365204
2025-08-21 19:30:00,38.777819097042084
2025-08-21 20:00:00,43.630953907966614
2025-08-21 20:30:00,14.060772307217121
2025-08-21 21:00:00,66.26364701986313
2025-08-21 21:30:00,41.15592181682587
2025-08-21 22:00:00,30.976461678743362
2025-08-21 22:30:00,47.57216054201126
2025-08-21 23:00:00,37.91123351454735
2025-08-21 23:30:00,60.52606999874115
2025-08-22 00:00:00,61.72298729419708
2025-08-22 00:30:00,88.01384055614471
2025-08-22 01:00:00,41.41675519943237
2025-08-22 01:30:00,47.90543511509895
2025-08-22 02:00:00,45.443070620298386
2025-08-22 02:30:00,56.49336874485016
2025-08-22 03:00:00,76.69738703966141
2025-08-22 03:30:00,62.6635519862175
2025-08-22 04:00:00,42.61114591360092
2025-08-22 04:30:00,69.70467150211334
2025-08-22 05:00:00,55.57342720031738
2025-08-22 05:30:00,46.52820548415184
2025-08-22 06:00:00,35.08274021744728
2025-08-22 06:30:00,17.276668712496758
2025-08-22 07:00:00,36.185997664928436
2025-08-22 07:30:00,24.806764096021652
2025-08-22 08:00:00,54.75664186477661
2025-08-22 08:30:00,56.05218833684921
2025-08-22 09:00:00,31.120260000228882
2025-08-22 09:30:00,47.54882001876831
2025-08-22 10:00:00,65.76479464769363
2025-08-22 10:30:00,35.76027449965477
2025-08-22 11:00:00,27.886906623840332
2025-08-22 11:30:00,54.592408299446106
2025-08-22 12:00:00,55.68515181541443
2025-08-22 12:30:00,57.31449031829834
2025-08-22 13:00:00,7.74216253310442
2025-08-22 13:30:00,22.072088196873665
2025-08-22 14:00:00,32.820336997509
2025-08-22 14:30:00,18.932153284549713
2025-08-22 15:00:00,40.1068499982357
2025-08-22 15:30:00,37.26675871014595
2025-08-22 16:00:00,54.8994659781456
2025-08-22 16:30:00,39.19299364089966
2025-08-22 17:00:00,63.210744738578796
2025-08-22 17:30:00,48.07499358057976
2025-08-22 18:00:00,41.83464711904526
2025-08-22 18:30:00,56.967406272888184
2025-08-22 19:00:00,59.26695370674133
2025-08-22 19:30:00,43.2845174074173
2025-08-22 20:00:00,34.75941875576973
2025-08-22 20:30:00,40.34621611237526
2025-08-22 21:00:00,30.65585470199585
2025-08-22 21:30:00,50.46965205669403
2025-08-22 22:00:00,46.02345582842827
2025-08-22 22:30:00,50.705179154872894
2025-08-22 23:00:00,6.60049107670784
2025-08-22 23:30:00,15.919128492474556
2025-08-23 00:00:00,48.403362423181534
2025-08-23 00:30:00,53.795419335365295
2025-08-23 01:00:00,17.920592814683914
2025-08-23 01:30:00,34.40430688858032
2025-08-23 02:00:00,18.841666117310524
2025-08-23 02:30:00,-4.204935356974602
2025-08-23 03:00:00,29.073888152837753
2025-08-23 03:30:00,21.971697062253952
2025-08-23 04:00:00,34.77023911476135
2025-08-23 04:30:00,31.61474433541298
2025-08-23 05:00:00,62.80931317806244
2025-08-23 05:30:00,72.32788729667664
2025-08-23 06:00:00,36.5422745347023
2025-08-23 06:30:00,32.372926861047745
2025-08-23 07:00:00,29.81987428665161
2025-08-23 07:30:00,4.709808960556984
2025-08-23 08:00:00,16.841716587543488
2025-08-23 08:30:00,11.337653204798698
2025-08-23 09:00:00,54.079870760440826
2025-08-23 09:30:00,51.32659962773323
2025-08-23 10:00:00,26.883730992674828
2025-08-23 10:30:00,29.229191958904266
2025-08-23 11:00:00,38.80016806721687
2025-08-23 11:30:00,49.29285490512848
2025-08-23 12:00:00,35.70616114139557
2025-08-23 12:30:00,34.444440215826035
2025-08-23 13:00:00,51.489893674850464
2025-08-23 13:30:00,37.67302951216698
2025-08-23 14:00:00,53.2579802274704
2025-08-23 14:30:00,47.39085954427719
2025-08-23 15:00:00,60.94906133413315
2025-08-23 15:30:00,24.207643449306488
2025-08-23 16:00:00,61.24850457906723
2025-08-23 16:30:00,37.994312942028046
2025-08-23 17:00:00,26.598822817206383
2025-08-23 17:30:00,13.38052137196064
2025-08-23 18:00:00,61.467172384262085
2025-08-23 18:30:00,38.83647972345352
2025-08-23 19:00:00,30.485671818256378
2025-08-23 19:30:00,67.39419096708298
2025-08-23 20:00:00,34.799448013305664
2025-08-23 20:30:00,37.343859910964966
2025-08-23 21:00:00,27.86586430668831
2025-08-23 21:30:00,37.20201578736305
2025-08-23 22:00:00,76.19521600008011
2025-08-23 22:30:00,56.652421951293945
2025-08-23 23:00:00,39.55449712276459
2025-08-23 23:30:00,39.338945627212524
2025-08-24 00:00:00,21.88704213500023
2025-08-24 00:30:00,14.081164911389351
2025-08-24 01:00:00,7.950140789151192
2025-08-24 01:30:00,24.441722244024277
2025-08-24 02:00:00,58.0926079750061
2025-08-24 02:30:00,41.451685041189194
2025-08-24 03:00:00,29.598289638757706
2025-08-24 03:30:00,26.285400986671448
2025-08-24 04:00:00,26.91447202861309
2025-08-24 04:30:00,32.709150075912476
2025-08-24 05:00:00,34.35710549354553
2025-08-24 05:30:00,34.33788728713989
2025-08-24 06:00:00,33.200110495090485
2025-08-24 06:30:00,40.26024007797241
2025-08-24 07:00:00,35.96029359102249
2025-08-24 07:30:00,64.27916485071182
2025-08-24 08:00:00,76.44718033075333
2025-08-24 08:30:00,26.733792558312416
2025-08-24 09:00:00,53.513685286045074
2025-08-24 09:30:00,36.792646020650864
2025-08-24 10:00:00,24.1384197473526
2025-08-24 10:30:00,35.374037116765976
2025-08-24 11:00:00,26.48396310210228
2025-08-24 11:30:00,53.5573194026947
2025-08-24 12:00:00,47.64772093296051
2025-08-24 12:30:00,66.72513836622238
2025-08-24 13:00:00,67.79574394226074
2025-08-24 13:30:00,53.30692768096924
2025-08-24 14:00:00,62.205153822898865
2025-08-24 14:30:00,22.29126912355423
2025-08-24 15:00:00,41.008770138025284
2025-08-24 15:30:00,27.465898394584656
2025-08-24 16:00:00,38.58827346563339
2025-08-24 16:30:00,65.78283339738846
2025-08-24 17:00:00,58.55097144842148
2025-08-24 17:30:00,41.357626259326935
2025-08-24 18:00:00,56.23516023159027
2025-08-24 18:30:00,74.15858334302902
2025-08-24 19:00:00,75.68788772821426
2025-08-24 19:30:00,40.5139996111393
2025-08-24 20:00:00,25.18140348792076
2025-08-24 20:30:00,23.973417222499847
2025-08-24 21:00:00,41.39846205711365
2025-08-24 21:30:00,95.64078003168106
2025-08-24 22:00:00,54.418322801589966
2025-08-24 22:30:00,23.664918467402458
2025-08-24 23:00:00,56.014833092689514
2025-08-24 23:30:00,31.72988012433052
2025-08-25 00:00:00,26.111830055713654
2025-08-25 00:30:00,55.11257761716843
2025-08-25 01:00:00,32.334851801395416
2025-08-25 01:30:00,43.66096067428589
2025-08-25 02:00:00,49.08301568031311
2025-08-25 02:30:00,45.5294369161129
2025-08-25 03:00:00,21.087611868977547
2025-08-25 03:30:00,44.71492666006088
2025-08-25 04:00:00,69.3450528383255
2025-08-25 04:30:00,48.33391323685646
2025-08-25 05:00:00,27.01031155884266
2025-08-25 05:30:00,29.68948072195053
2025-08-25 06:00:00,44.682965695858
2025-08-25 06:30:00,35.37910184264183
2025-08-25 07:00:00,65.8736053109169
2025-08-25 07:30:00,24.557716608047485
2025-08-25 08:00:00,25.768680423498154
2025-08-25 08:30:00,35.371120274066925
2025-08-25 09:00:00,44.25293520092964
2025-08-25 09:30:00,53.65731883049011
2025-08-25 10:00:00,43.417767107486725
2025-08-25 10:30:00,30.764228850603104
2025-08-25 11:00:00,46.26509702205658
2025-08-25 11:30:00,67.33295172452927
2025-08-25 12:00:00,39.574469834566116
2025-08-25 12:30:00,43.96371102333069
2025-08-25 13:00:00,7.460829585790634
2025-08-25 13:30:00,43.49871599674225
2025-08-25 14:00:00,41.17077776789665
2025-08-25 14:30:00,9.787086077034473
2025-08-25 15:00:00,30.933171570301056
2025-08-25 15:30:00,58.057287871837616
2025-08-25 16:00:00,31.92755475640297
2025-08-25 16:30:00,44.07373583316803
2025-08-25 17:00:00,42.11745077371597
2025-08-25 17:30:00,68.09485763311386
2025-08-25 18:00:00,41.868041932582855
2025-08-25 18:30:00,36.746976763010025
2025-08-25 19:00:00,34.51747691631317
2025-08-25 19:30:00,50.86682543158531
2025-08-25 20:00:00,28.6629978120327
2025-08-25 20:30:00,26.5509435236454
2025-08-25 21:00:00,44.403524070978165
2025-08-25 21:30:00,52.892279267311096
2025-08-25 22:00:00,40.89543244242668
2025-08-25 22:30:00,40.51604342460632
2025-08-25 23:00:00,66.3923812508583
2025-08-25 23:30:00,80.29527926445007
2025-08-26 00:00:00,25.329731732606888
2025-08-26 00:30:00,19.434343114495277
2025-08-26 01:00:00,35.992907881736755
2025-08-26 01:30:00,43.93684658408165
2025-08-26 02:00:00,67.25001394748688
2025-08-26 02:30:00,23.73509180545807
2025-08-26 03:00:00,36.49958571791649
2025-08-26 03:30:00,58.59353017807007
2025-08-26 04:00:00,35.386597752571106
2025-08-26 04:30:00,31.46959888935089
2025-08-26 05:00:00,19.453249111771584
2025-08-26 05:30:00,51.53917068243027
2025-08-26 06:00:00,23.294593632221222
2025-08-26 06:30:00,33.019419461488724
2025-08-26 07:00:00,43.15796285867691
2025-08-26 07:30:00,73.27233725786209
2025-08-26 08:00:00,25.66083674132824
2025-08-26 08:30:00,54.64125168323517
2025-08-26 09:00:00,54.39686131477356
2025-08-26 09:30:00,41.59964036941528
2025-08-26 10:00:00,71.4827429652214
2025-08-26 10:30:00,39.456992477178574
2025-08-26 11:00:00,64.37518072128296
2025-08-26 11:30:00,48.624001771211624
2025-08-26 12:00:00,36.42395305633545
2025-08-26 12:30:00,46.636920750141144
2025-08-26 13:00:00,39.713891446590424
2025-08-26 13:30:00,40.73559871315956
2025-08-26 14:00:00,60.14608258008957
2025-08-26 14:30:00,52.76001822948456
2025-08-26 15:00:00,56.94641309976578
2025-08-26 15:30:00,91.51806426048279
2025-08-26 16:00:00,39.55849802494049
2025-08-26 16:30:00,39.20183378458023
2025-08-26 17:00:00,29.777676910161972
2025-08-26 17:30:00,65.1001650094986
2025-08-26 18:00:00,36.339691281318665
2025-08-26 18:30:00,95.89497607946396
2025-08-26 19:00:00,40.63037556409836
2025-08-26 19:30:00,84.87762469053268
2025-08-26 20:00:00,45.01902702450752
2025-08-26 20:30:00,65.12866276502609
2025-08-26 21:00:00,68.05865293741226
2025-08-26 21:30:00,43.41900438070297
2025-08-26 22:00:00,38.253278851509094
2025-08-26 22:30:00,34.43845331668854
2025-08-26 23:00:00,62.393421709537506
2025-08-26 23:30:00,32.20789831876755
2025-08-27 00:00:00,23.17819455265999
2025-08-27 00:30:00,37.32997816801071
2025-08-27 01:00:00,62.33042484521866
2025-08-27 01:30:00,24.72902113199234
2025-08-27 02:00:00,56.92278349399567
2025-08-27 02:30:00,46.772335678339005
2025-08-27 03:00:00,55.712406516075134
2025-08-27 03:30:00,36.33694499731064
2025-08-27 04:00:00,56.26828330755234
2025-08-27 04:30:00,42.88787883520126
2025-08-27 05:00:00,37.806117326021194
2025-08-27 05:30:00,53.64973330497742
2025-08-27 06:00:00,58.44748568534851
2025-08-27 06:30:00,35.64557811617851
2025-08-27 07:00:00,39.75150686502457
2025-08-27 07:30:00,50.90084755420685
2025-08-27 08:00:00,40.07631999254227
2025-08-27 08:30:00,53.71254515647888
2025-08-27 09:00:00,30.59299948811531
2025-08-27 09:30:00,25.11382755637169
2025-08-27 10:00:00,57.83664274215698
2025-08-27 10:30:00,24.98308564722538
2025-08-27 11:00:00,43.57156479358673
2025-08-27 11:30:00,30.125818997621536
2025-08-27 12:00:00,51.15643697977066
2025-08-27 12:30:00,85.23318463563919
2025-08-27 13:00:00,60.67993128299713
2025-08-27 13:30:00,46.53270649909973
2025-08-27 14:00:00,76.96254509687424
2025-08-27 14:30:00,57.24427217245102
2025-08-27 15:00:00,48.16607192158699
2025-08-27 15:30:00,64.16029411554337
2025-08-27 16:00:00,40.14215275645256
2025-08-27 16:30:00,42.72994148731232
2025-08-27 17:00:00,20.164721682667732
2025-08-27 17:30:00,13.022880755364895
2025-08-27 18:00:00,18.759072348475456
2025-08-27 18:30:00,31.20655980706215
2025-08-27 19:00:00,49.365024358034134
2025-08-27 19:30:00,52.90514922142029
2025-08-27 20:00:00,62.379042744636536
2025-08-27 20:30:00,26.956170737743378
2025-08-27 21:00:00,49.97222486138344
2025-08-27 21:30:00,27.182074278593063
2025-08-27 22:00:00,35.878491908311844
2025-08-27 22:30:00,41.91029134392738
2025-08-27 23:00:00,42.70883268117905
2025-08-27 23:30:00,49.5725422501564
2025-08-28 00:00:00,39.494946122169495
2025-08-28 00:30:00,38.70176148414612
2025-08-28 01:00:00,34.79848825931549
2025-08-28 01:30:00,59.12374800443649
2025-08-28 02:00:00,27.977765262126923
2025-08-28 02:30:00,37.29495292901993
2025-08-28 03:00:00,60.54712098836899
2025-08-28 03:30:00,57.60086703300476
2025-08-28 04:00:00,21.024654030799866
2025-08-28 04:30:00,15.739820718765259
2025-08-28 05:00:00,27.46340361237526
2025-08-28 05:30:00,46.151036620140076
2025-08-28 06:00:00,65.0654461979866
2025-08-28 06:30:00,57.484320521354675
2025-08-28 07:00:00,53.079049706459045
2025-08-28 07:30:00,33.59666234254837
2025-08-28 08:00:00,53.959427416324615
2025-08-28 08:30:00,55.16133427619934
2025-08-28 09:00:00,45.837809920310974
2025-08-28 09:30:00,43.918484061956406
2025-08-28 10:00:00,53.88505804538727
2025-08-28 10:30:00,44.65695983171463
2025-08-28 11:00:00,55.186443984508514
2025-08-28 11:30:00,60.16358941793442
2025-08-28 12:00:00,40.45814886689186
2025-08-28 12:30:00,40.538288325071335
2025-08-28 13:00:00,33.8548968732357
2025-08-28 13:30:00,40.74335190653801
2025-08-28 14:00:00,32.49044758081436
2025-08-28 14:30:00,28.417332589626312
2025-08-28 15:00:00,42.18023660778999
2025-08-28 15:30:00,40.749705940485
2025-08-28 16:00:00,25.482734441757202
2025-08-28 16:30:00,22.719034656882286
2025-08-28 17:00:00,97.5073685646057
2025-08-28 17:30:00,27.357712149620056
2025-08-28 18:00:00,45.12211963534355
2025-08-28 18:30:00,53.006062150001526
2025-08-28 19:00:00,37.25970509648323
2025-08-28 19:30:00,48.41743206977844
2025-08-28 20:00:00,38.86926168203354
2025-08-28 20:30:00,46.54332450032234
2025-08-28 21:00:00,34.81988903880119
2025-08-28 21:30:00,49.52391278743744
2025-08-28 22:00:00,58.9102258682251
2025-08-28 22:30:00,43.37610453367233
2025-08-28 23:00:00,62.58400225639343
2025-08-28 23:30:00,39.620676785707474
2025-08-29 00:00:00,39.930483639240265
2025-08-29 00:30:00,69.20346599817276
2025-08-29 01:00:00,66.60050910711288
2025-08-29 01:30:00,49.66485497355461
2025-08-29 02:00:00,14.55649608373642
2025-08-29 02:30:00,51.60523760318756
2025-08-29 03:00:00,46.36698415875435
2025-08-29 03:30:00,31.313494324684143
2025-08-29 04:00:00,59.661661207675934
2025-08-29 04:30:00,57.94701445102692
2025-08-29 05:00:00,42.90384775400162
2025-08-29 05:30:00,47.30186837911606
2025-08-29 06:00:00,58.85954970121384
2025-08-29 06:30:00,48.589702129364014
2025-08-29 07:00:00,45.59614849090576
2025-08-29 07:30:00,36.506702929735184
2025-08-29 08:00:00,33.02833476662636
2025-08-29 08:30:00,51.229667365550995
2025-08-29 09:00:00,51.31204432249069
2025-08-29 09:30:00,45.73213002085686
2025-08-29 10:00:00,32.341778218746185
2025-08-29 10:30:00,27.217245504260063
2025-08-29 11:00:00,42.15263211727142
2025-08-29 11:30:00,34.85713732242584
2025-08-29 12:00:00,26.058452412486076
2025-08-29 12:30:00,51.01498889923096
2025-08-29 13:00:00,33.21438828110695
2025-08-29 13:30:00,34.20960980653763
2025-08-29 14:00:00,20.21047766506672
2025-08-29 14:30:00,32.33250445127487
2025-08-29 15:00:00,33.24413776397705
2025-08-29 15:30:00,56.07304275035858
2025-08-29 16:00:00,27.25192528963089
2025-08-29 16:30:00,54.52210921049118
2025-08-29 17:00:00,61.09475314617157
2025-08-29 17:30:00,87.63770371675491
2025-08-29 18:00:00,48.86191090941429
2025-08-29 18:30:00,30.955500304698944
2025-08-29 19:00:00,7.879666805267334
2025-08-29 19:30:00,14.709316670894623
2025-08-29 20:00:00,24.198882803320885
2025-08-29 20:30:00,14.029048390686512
2025-08-29 21:00:00,30.605190098285675
2025-08-29 21:30:00,38.15066611766815
2025-08-29 22:00:00,50.43802931904793
2025-08-29 22:30:00,76.38055258989334
2025-08-29 23:00:00,47.304796785116196
2025-08-29 23:30:00,51.75411510467529
2025-08-30 00:00:00,7.600972458720207
2025-08-30 00:30:00,39.639643490314484
2025-08-30 01:00:00,32.546651005744934
2025-08-30 01:30:00,23.72867128252983
2025-08-30 02:00:00,25.45936645567417
2025-08-30 02:30:00,27.161725759506226
2025-08-30 03:00:00,78.95870620012283
2025-08-30 03:30:00,62.30501449108124
2025-08-30 04:00:00,57.56958830356598
2025-08-30 04:30:00,66.3568587899208
2025-08-30 05:00:00,58.64320611953735
2025-08-30 05:30:00,34.563065230846405
2025-08-30 06:00:00,16.7772323936224
2025-08-30 06:30:00,14.261247426271439
2025-08-30 07:00:00,37.25169751048088
2025-08-30 07:30:00,52.98188328742981
2025-08-30 08:00:00,47.595217764377594
2025-08-30 08:30:00,60.62255996465683
2025-08-30 09:00:00,42.83250507712364
2025-08-30 09:30:00,44.537103325128555
2025-08-30 10:00:00,26.60300150513649
2025-08-30 10:30:00,47.57473048567772
2025-08-30 11:00:00,59.430643796920776
2025-08-30 11:30:00,52.85606300830841
2025-08-30 12:00:00,34.78599700331688
2025-08-30 12:30:00,65.76681822538376
2025-08-30 13:00:00,50.24071025848389
2025-08-30 13:30:00,16.779261752963066
2025-08-30 14:00:00,36.047700583934784
2025-08-30 14:30:00,30.79103547334671
2025-08-30 15:00:00,27.970552653074265
2025-08-30 15:30:00,51.46102300286293
2025-08-30 16:00:00,36.89470660686493
2025-08-30 16:30:00,27.361357480287552
2025-08-30 17:00:00,46.02455145120621
2025-08-30 17:30:00,39.17205250263214
2025-08-30 18:00:00,12.305502951145172
2025-08-30 18:30:00,74.13262373209
2025-08-30 19:00:00,55.71736717224121
2025-08-30 19:30:00,31.95946368575096
2025-08-30 20:00:00,23.675156325101852
2025-08-30 20:30:00,25.44250138103962
2025-08-30 21:00:00,25.99567525088787
2025-08-30 21:30:00,45.11486366391182
2025-08-30 22:00:00,68.97149461507797
2025-08-30 22:30:00,36.67716044187546
2025-08-30 23:00:00,26.57142646610737
2025-08-30 23:30:00,25.149767741560936
2025-08-31 00:00:00,50.58424437046051
2025-08-31 00:30:00,64.83630782365799
2025-08-31 01:00:00,73.47971349954605
2025-08-31 01:30:00,71.42881751060486
2025-08-31 02:00:00,77.21529573202133
2025-08-31 02:30:00,38.415832847356796
2025-08-31 03:00:00,63.42642343044281
2025-08-31 03:30:00,32.685378819704056
2025-08-31 04:00:00,23.593045324087143
2025-08-31 04:30:00,30.803402423858643
2025-08-31 05:00:00,46.363020837306976
2025-08-31 05:30:00,31.927673280239105
2025-08-31 06:00:00,35.917110443115234
2025-08-31 06:30:00,50.4215487241745
2025-08-31 07:00:00,39.91852140426636
2025-08-31 07:30:00,44.169156193733215
2025-08-31 08:00:00,31.92995125055313
2025-08-31 08:30:00,56.28883707523346
2025-08-31 09:00:00,51.5310937166214
2025-08-31 09:30:00,58.214814722537994
2025-08-31 10:00:00,79.15242618322372
2025-08-31 10:30:00,45.8783595263958
2025-08-31 11:00:00,58.11187243461609
2025-08-31 11:30:00,32.56010490655899
2025-08-31 12:00:00,36.36763399839401
2025-08-31 12:30:00,25.028198421001434
2025-08-31 13:00:00,12.381504192948341
2025-08-31 13:30:00,43.04570633172989
2025-08-31 14:00:00,23.308991387486458
2025-08-31 14:30:00,45.337674021720886
2025-08-31 15:00:00,43.914327055215836
2025-08-31 15:30:00,53.60257238149643
2025-08-31 16:00:00,24.50636687874794
2025-08-31 16:30:00,64.57003968954086
2025-08-31 17:00:00,42.50667726993561
2025-08-31 17:30:00,31.78816494345665
2025-08-31 18:00:00,55.8581041097641
2025-08-31 18:30:00,21.589700520038605
2025-08-31 19:00:00,33.193883657455444
2025-08-31 19:30:00,31.37706646323204
2025-08-31 20:00:00,63.01311635971069
2025-08-31 20:30:00,81.75360232591629
2025-08-31 21:00:00,66.97992992401123
2025-08-31 21:30:00,54.9892954826355
2025-08-31 22:00:00,36.52761226892471
2025-08-31 22:30:00,42.44718408584595
2025-08-31 23:00:00,65.38875609636307
2025-08-31 23:30:00,84.42673110961914
2025-09-01 00:00:00,61.78593212366104
2025-09-01 00:30:00,45.99550732970238
2025-09-01 01:00:00,42.529578387737274
2025-09-01 01:30:00,32.54941752552986
2025-09-01 02:00:00,24.875466004014015
2025-09-01 02:30:00,9.546962566673756
2025-09-01 03:00:00,12.387403644621372
2025-09-01 03:30:00,30.10897994041443
2025-09-01 04:00:00,35.71226078271866
2025-09-01 04:30:00,26.291918352246284
2025-09-01 05:00:00,49.730814933776855
2025-09-01 05:30:00,48.221272230148315
2025-09-01 06:00:00,61.03709852695465
2025-09-01 06:30:00,46.267464607954025
2025-09-01 07:00:00,27.75595512986183
2025-09-01 07:30:00,32.385418117046356
2025-09-01 08:00:00,40.84167754650116
2025-09-01 08:30:00,46.48590403795242
2025-09-01 09:00:00,38.844059467315674
2025-09-01 09:30:00,36.01653748750687
2025-09-01 10:00:00,21.485302701592445
2025-09-01 10:30:00,17.729082867503166
2025-09-01 11:00:00,21.5752435028553
2025-09-01 11:30:00,40.79183682799339
2025-09-01 12:00:00,26.116099804639816
2025-09-01 12:30:00,37.81840044260025
2025-09-01 13:00:00,23.791527941823006
2025-09-01 13:30:00,45.0989525616169
2025-09-01 14:00:00,47.762087762355804
2025-09-01 14:30:00,20.135363906621933
2025-09-01 15:00:00,66.71692842245102
2025-09-01 15:30:00,74.06103533506393
2025-09-01 16:00:00,33.40551519393921
2025-09-01 16:30:00,39.98361700773239
2025-09-01 17:00:00,50.913474678993225
2025-09-01 17:30:00,47.02253371477127
2025-09-01 18:00:00,21.639815866947174
2025-09-01 18:30:00,38.161813139915466
2025-09-01 19:00:00,38.118748515844345
2025-09-01 19:30:00,18.684763684868813
2025-09-01 20:00:00,27.813184797763824
2025-09-01 20:30:00,43.355001509189606
2025-09-01 21:00:00,30.04796040058136
2025-09-01 21:30:00,45.2176353931427
2025-09-01 22:00:00,48.27717500925064
2025-09-01 22:30:00,67.53314715623856
2025-09-01 23:00:00,60.689297556877136
2025-09-01 23:30:00,22.97425550222397
2025-09-02 00:00:00,24.63469061255455
2025-09-02 00:30:00,9.344962537288666
2025-09-02 01:00:00,33.49750703573227
2025-09-02 01:30:00,52.404446721076965
2025-09-02 02:00:00,42.6474749147892
2025-09-02 02:30:00,56.41277253627777
2025-09-02 03:00:00,64.08859586715698
2025-09-02 03:30:00,43.4507774412632
2025-09-02 04:00:00,49.65410977602005
2025-09-02 04:30:00,29.27022722363472
2025-09-02 05:00:00,30.774366974830627
2025-09-02 05:30:00,40.65560957789421
2025-09-02 06:00:00,30.04450297355652
2025-09-02 06:30:00,41.617135643959045
2025-09-02 07:00:00,49.25586101412773
2025-09-02 07:30:00,34.72361010313034
2025-09-02 08:00:00,46.77029475569725
2025-09-02 08:30:00,53.513309478759766
2025-09-02 09:00:00,16.14004246890545
2025-09-02 09:30:00,15.495878428220749
2025-09-02 10:00:00,34.48063912987709
2025-09-02 10:30:00,45.31832283735275
2025-09-02 11:00:00,43.05761653184891
2025-09-02 11:30:00,38.84135943651199
2025-09-02 12:00:00,57.22574198246002
2025-09-02 12:30:00,69.42354452610016
2025-09-02 13:00:00,62.41888988018036
2025-09-02 13:30:00,61.27618134021759
2025-09-02 14:00:00,44.02396160364151
2025-09-02 14:30:00,76.27676039934158
2025-09-02 15:00:00,21.705635622143745
2025-09-02 15:30:00,29.229853957891464
2025-09-02 16:00:00,38.4597242474556
2025-09-02 16:30:00,22.153878316283226
2025-09-02 17:00:00,57.80032241344452
2025-09-02 17:30:00,37.178519159555435
2025-09-02 18:00:00,40.51390999555588
2025-09-02 18:30:00,39.413858473300934
2025-09-02 19:00:00,16.417401254177094
2025-09-02 19:30:00,29.215081840753555
2025-09-02 20:00:00,36.699471831321716
2025-09-02 20:30:00,15.286221325397491
2025-09-02 21:00:00,47.86569494009018
2025-09-02 21:30:00,52.0237655043602
2025-09-02 22:00:00,22.257830947637558
2025-09-02 22:30:00,30.95986545085907
2025-09-02 23:00:00,51.08834359049797
2025-09-02 23:30:00,51.581237971782684
2025-09-03 00:00:00,20.442107930779457
2025-09-03 00:30:00,24.75217953324318
2025-09-03 01:00:00,6.7432378605008125
2025-09-03 01:30:00,56.91834896802902
2025-09-03 02:00:00,34.07700765132904
2025-09-03 02:30:00,45.69564202427864
2025-09-03 03:00:00,40.57028976082802
2025-09-03 03:30:00,53.485453486442566
2025-09-03 04:00:00,44.126363307237625
2025-09-03 04:30:00,23.05391652882099
2025-09-03 05:00:00,25.89969551563263
2025-09-03 05:30:00,9.866596780717373
2025-09-03 06:00:00,37.13024526834488
2025-09-03 06:30:00,62.1258584856987
2025-09-03 07:00:00,46.32205206155777
2025-09-03 07:30:00,58.945291578769684
2025-09-03 08:00:00,40.86638253927231
2025-09-03 08:30:00,57.60370582342148
2025-09-03 09:00:00,50.23796397447586
2025-09-03 09:30:00,39.69141238927841
2025-09-03 10:00:00,66.8722351193428
2025-09-03 10:30:00,21.900271996855736
2025-09-03 11:00:00,13.963477969169617
2025-09-03 11:30:00,34.172896325588226
2025-09-03 12:00:00,40.85709431767464
2025-09-03 12:30:00,38.46350544691086
2025-09-03 13:00:00,36.62454453110695
2025-09-03 13:30:00,70.08471095561981
2025-09-03 14:00:00,48.281967997550964
2025-09-03 14:30:00,66.79089885950089
2025-09-03 15:00:00,36.09676945209503
2025-09-03 15:30:00,47.45021107792854
2025-09-03 16:00:00,49.23352938890457
2025-09-03 16:30:00,43.05764544010162
2025-09-03 17:00:00,25.18715912103653
2025-09-03 17:30:00,30.88518676161766
2025-09-03 18:00:00,45.469524562358856
2025-09-03 18:30:00,77.04613620042801
2025-09-03 19:00:00,60.49372744560242
2025-09-03 19:30:00,40.71936672925949
2025-09-03 20:00:00,31.572376400232315
2025-09-03 20:30:00,27.279983639717102
2025-09-03 21:00:00,15.988071784377098
2025-09-03 21:30:00,42.26151216030121
2025-09-03 22:00:00,59.75360679626465
2025-09-03 22:30:00,48.705754309892654
2025-09-03 23:00:00,27.96518149971962
2025-09-03 23:30:00,38.06534340977669
2025-09-04 00:00:00,43.49912938475609
2025-09-04 00:30:00,47.34954097867012
2025-09-04 01:00:00,73.0095785856247
2025-09-04 01:30:00,39.85966998338699
2025-09-04 02:00:00,69.58016365766525
2025-09-04 02:30:00,58.482331693172455
2025-09-04 03:00:00,62.44025307893753
2025-09-04 03:30:00,31.257059633731842
2025-09-04 04:00:00,40.554104030132294
2025-09-04 04:30:00,20.84722962975502
2025-09-04 05:00:00,47.97110599279404
2025-09-04 05:30:00,46.96751552820206
2025-09-04 06:00:00,56.67357122898102
2025-09-04 06:30:00,36.46573415398598
2025-09-04 07:00:00,31.013123124837875
2025-09-04 07:30:00,66.31014305353165
2025-09-04 08:00:00,44.225712299346924
2025-09-04 08:30:00,77.5952137708664
2025-09-04 09:00:00,47.38766807317734
2025-09-04 09:30:00,72.70930856466293
2025-09-04 10:00:00,34.35870122909546
2025-09-04 10:30:00,39.501768469810486
2025-09-04 11:00:00,52.954362630844116
2025-09-04 11:30:00,19.021075069904327
2025-09-04 12:00:00,9.8462670519948
2025-09-04 12:30:00,56.09756851196289
2025-09-04 13:00:00,54.17171227931976
2025-09-04 13:30:00,42.168329298496246
2025-09-04 14:00:00,30.528097569942474
2025-09-04 14:30:00,59.04870218038559
2025-09-04 15:00:00,9.921153157949448
2025-09-04 15:30:00,21.691662818193436
2025-09-04 16:00:00,28.608606934547424
2025-09-04 16:30:00,40.64721751213074
2025-09-04 17:00:00,33.915237069129944
2025-09-04 17:30:00,42.68692600727081
2025-09-04 18:00:00,63.64628225564957
2025-09-04 18:30:00,46.028604388237
2025-09-04 19:00:00,75.3383002281189
2025-09-04 19:30:00,63.761267721652985
2025-09-04 20:00:00,53.743199467659
2025-09-04 20:30:00,56.28925335407257
2025-09-04 21:00:00,63.00983238220215
2025-09-04 21:30:00,36.507570177316666
2025-09-04 22:00:00,39.082460045814514
2025-09-04 22:30:00,41.931602507829666
2025-09-04 23:00:00,56.73370039463043
2025-09-04 23:30:00,59.5208375453949
2025-09-05 00:00:00,68.4596797823906
2025-09-05 00:30:00,26.41509786248207
2025-09-05 01:00:00,60.12245875597
2025-09-05 01:30:00,40.5231114923954
2025-09-05 02:00:00,52.86477017402649
2025-09-05 02:30:00,39.51839938759804
2025-09-05 03:00:00,65.64707446098328
2025-09-05 03:30:00,39.15344715118408
2025-09-05 04:00:00,67.27806651592255
2025-09-05 04:30:00,51.17697340250015
2025-09-05 05:00:00,50.95595246553421
2025-09-05 05:30:00,54.984808921813965
2025-09-05 06:00:00,20.064668774604797
2025-09-05 06:30:00,22.650908023118973
2025-09-05 07:00:00,11.816853746771812
2025-09-05 07:30:00,22.497399419546127
2025-09-05 08:00:00,31.008928537368774
2025-09-05 08:30:00,51.06732439994812
2025-09-05 09:00:00,28.5856711268425
2025-09-05 09:30:00,62.51740920543671
2025-09-05 10:00:00,38.426554918289185
2025-09-05 10:30:00,45.50516554713249
2025-09-05 11:00:00,40.05138084292412
2025-09-05 11:30:00,29.116779327392578
2025-09-05 12:00:00,58.11307501792908
2025-09-05 12:30:00,33.23117530345917
2025-09-05 13:00:00,7.208252400159836
2025-09-05 13:30:00,11.271628201007843
2025-09-05 14:00:00,40.321644097566605
2025-09-05 14:30:00,57.25742542743683
2025-09-05 15:00:00,30.20651638507843
2025-09-05 15:30:00,59.065341770648956
2025-09-05 16:00:00,44.6466800570488
2025-09-05 16:30:00,28.073625028133392
2025-09-05 17:00:00,32.340011924505234
2025-09-05 17:30:00,10.308898828923702
2025-09-05 18:00:00,19.456379875540733
2025-09-05 18:30:00,1.5538010597229006
2025-09-05 19:00:00,-6.022415995597839
2025-09-05 19:30:00,11.995870992541313
2025-09-05 20:00:00,8.348981447517872
2025-09-05 20:30:00,11.608902230858803
2025-09-05 21:00:00,44.954015254974365
2025-09-05 21:30:00,46.930009961128235
2025-09-05 22:00:00,36.397241830825806
2025-09-05 22:30:00,29.069190561771393
2025-09-05 23:00:00,39.51719391345978
2025-09-05 23:30:00,38.984802186489105
2025-09-06 00:00:00,48.80896833539009
2025-09-06 00:30:00,47.96173971891403
2025-09-06 01:00:00,45.46361571550369
2025-09-06 01:30:00,30.9626522064209
2025-09-06 02:00:00,95.3649143576622
2025-09-06 02:30:00,48.88215535879135
2025-09-06 03:00:00,42.59824126958847
2025-09-06 03:30:00,26.68533943593502
2025-09-06 04:00:00,26.795524686574936
2025-09-06 04:30:00,26.981166258454323
2025-09-06 05:00:00,35.47973147034645
2025-09-06 05:30:00,39.712093353271484
2025-09-06 06:00:00,53.99652826786041
2025-09-06 06:30:00,21.630987286567688
2025-09-06 07:00:00,52.08468097448349
2025-09-06 07:30:00,19.70581328868866
2025-09-06 08:00:00,61.534962236881256
2025-09-06 08:30:00,61.24515700340271
2025-09-06 09:00:00,13.801746413111687
2025-09-06 09:30:00,59.55205845832825
2025-09-06 10:00:00,31.982413947582245
2025-09-06 10:30:00,39.046634048223495
2025-09-06 11:00:00,41.197595953941345
2025-09-06 11:30:00,52.41622972488403
2025-09-06 12:00:00,43.418669044971466
2025-09-06 12:30:00,33.27105712890625
2025-09-06 13:00:00,56.087733924388885
2025-09-06 13:30:00,38.49038723111153
2025-09-06 14:00:00,43.13376376032829
2025-09-06 14:30:00,48.57077011466026
2025-09-06 15:00:00,26.800525814294815
2025-09-06 15:30:00,64.42719823122025
2025-09-06 16:00:00,61.1289284825325
2025-09-06 16:30:00,21.604886025190353
2025-09-06 17:00:00,40.140270829200745
2025-09-06 17:30:00,33.702249735593796
2025-09-06 18:00:00,23.479389637708664
2025-09-06 18:30:00,35.29846227169037
2025-09-06 19:00:00,15.073723264038563
2025-09-06 19:30:00,71.35384684801102
2025-09-06 20:00:00,60.65723252296448
2025-09-06 20:30:00,66.72569340467453
2025-09-06 21:00:00,58.267867147922516
2025-09-06 21:30:00,50.8734136223793
2025-09-06 22:00:00,24.16122691333294
2025-09-06 22:30:00,58.43059170246124
2025-09-06 23:00:00,23.69842168688774
2025-09-06 23:30:00,21.372911751270294
2025-09-07 00:00:00,17.1775191873312
2025-09-07 00:30:00,37.931038558483124
2025-09-07 01:00:00,60.97361022233963
2025-09-07 01:30:00,67.56977391242981
2025-09-07 02:00:00,87.49901348352432
2025-09-07 02:30:00,69.27316957712173
2025-09-07 03:00:00,39.16159349679947
2025-09-07 03:30:00,58.52929604053497
2025-09-07 04:00:00,35.99306398630142
2025-09-07 04:30:00,43.6982638835907
2025-09-07 05:00:00,42.15539574623108
2025-09-07 05:30:00,30.187968850135803
2025-09-07 06:00:00,44.081824362277985
2025-09-07 06:30:00,26.933230593800545
2025-09-07 07:00:00,42.20703744888306
2025-09-07 07:30:00,31.542667388916016
2025-09-07 08:00:00,52.4131481051445
2025-09-07 08:30:00,67.30107170343399
2025-09-07 09:00:00,63.5982540845871
2025-09-07 09:30:00,46.535753428936005
2025-09-07 10:00:00,67.06973630189896
2025-09-07 10:30:00,59.8666033744812
2025-09-07 11:00:00,53.830022513866425
2025-09-07 11:30:00,54.41363966464996
2025-09-07 12:00:00,34.74172401428223
2025-09-07 12:30:00,22.840047493577003
2025-09-07 13:00:00,17.532197430729866
2025-09-07 13:30:00,42.69892871379852
2025-09-07 14:00:00,13.289776921272278
2025-09-07 14:30:00,24.67475889623165
2025-09-07 15:00:00,66.00721347332001
2025-09-07 15:30:00,46.34380263090134
2025-09-07 16:00:00,21.766950026154518
2025-09-07 16:30:00,33.78711858391762
2025-09-07 17:00:00,54.69624674320221
2025-09-07 17:30:00,43.00562793016434
2025-09-07 18:00:00,32.411097317934036
2025-09-07 18:30:00,43.368894815444946
2025-09-07 19:00:00,42.688567996025085
2025-09-07 19:30:00,40.70307403802872
2025-09-07 20:00:00,36.700119376182556
2025-09-07 20:30:00,69.96357959508896
2025-09-07 21:00:00,59.49967670440674
2025-09-07 21:30:00,53.09374666213989
2025-09-07 22:00:00,22.969349771738052
2025-09-07 22:30:00,36.79375320672989
2025-09-07 23:00:00,23.06268873810768
2025-09-07 23:30:00,42.42234033346176
2025-09-08 00:00:00,38.3253413438797
2025-09-08 00:30:00,35.29421564936638
2025-09-08 01:00:00,38.38398751616478
2025-09-08 01:30:00,37.54424613714218
2025-09-08 02:00:00,47.78003689646721
2025-09-08 02:30:00,39.79270979762077
2025-09-08 03:00:00,47.99274092912674
2025-09-08 03:30:00,33.12148582935333
2025-09-08 04:00:00,29.11969617009163
2025-09-08 04:30:00,10.761135920882225
2025-09-08 05:00:00,17.76400837302208
2025-09-08 05:30:00,26.57583063840866
2025-09-08 06:00:00,12.766595363616943
2025-09-08 06:30:00,20.16981676220894
2025-09-08 07:00:00,34.85149443149567
2025-09-08 07:30:00,53.45223790407181
2025-09-08 08:00:00,34.513487577438354
2025-09-08 08:30:00,22.538186073303223
2025-09-08 09:00:00,12.543161310255527
2025-09-08 09:30:00,41.19525149464607
2025-09-08 10:00:00,51.52630650997162
2025-09-08 10:30:00,62.073840975761414
2025-09-08 11:00:00,34.64149332046509
2025-09-08 11:30:00,45.70284017920494
2025-09-08 12:00:00,32.99312162399292
2025-09-08 12:30:00,86.1027564406395
2025-09-08 13:00:00,52.888515412807465
2025-09-08 13:30:00,63.038185596466064
2025-09-08 14:00:00,57.96080946922302
2025-09-08 14:30:00,61.1391504406929
2025-09-08 15:00:00,35.75065094232559
2025-09-08 15:30:00,41.50669455528259
2025-09-08 16:00:00,74.95944601297379
2025-09-08 16:30:00,45.2935976088047
2025-09-08 17:00:00,17.581672459840775
2025-09-08 17:30:00,32.07131838798523
2025-09-08 18:00:00,30.57798743247986
2025-09-08 18:30:00,64.61709076166153
2025-09-08 19:00:00,37.51675149798393
2025-09-08 19:30:00,37.8338605761528
2025-09-08 20:00:00,42.410146832466125
2025-09-08 20:30:00,40.69438999891281
2025-09-08 21:00:00,41.901350021362305
2025-09-08 21:30:00,33.2119397521019
2025-09-08 22:00:00,35.485157549381256
2025-09-08 22:30:00,86.68888860940933
2025-09-08 23:00:00,36.15448188781738
2025-09-08 23:30:00,15.89879298210144
2025-09-09 00:00:00,25.308617144823074
2025-09-09 00:30:00,25.520491510629654
2025-09-09 01:00:00,33.169357895851135
2025-09-09 01:30:00,53.69708502292633
2025-09-09 02:00:00,47.04630786180496
2025-09-09 02:30:00,7.265621550381184
2025-09-09 03:00:00,33.24597632884979
2025-09-09 03:30:00,16.091074779629707
2025-09-09 04:00:00,58.16035735607147
2025-09-09 04:30:00,34.026016384363174
2025-09-09 05:00:00,59.4026837348938
2025-09-09 05:30:00,19.038359314203262
2025-09-09 06:00:00,37.35084414482117
2025-09-09 06:30:00,22.23532009124756
2025-09-09 07:00:00,48.846008479595184
2025-09-09 07:30:00,47.033570885658264
2025-09-09 08:00:00,45.64050531387329
2025-09-09 08:30:00,67.88427835702896
2025-09-09 09:00:00,76.94789439439774
2025-09-09 09:30:00,59.03623116016388
2025-09-09 10:00:00,38.36748957633972
2025-09-09 10:30:00,20.998312830924988
2025-09-09 11:00:00,45.34865915775299
2025-09-09 11:30:00,51.64610230922699
2025-09-09 12:00:00,49.19796934723854
2025-09-09 12:30:00,26.264400586485863
2025-09-09 13:00:00,23.603391587734222
2025-09-09 13:30:00,37.12303555011749
2025-09-09 14:00:00,25.102322071790695
2025-09-09 14:30:00,23.38048294186592
2025-09-09 15:00:00,48.67934662103653
2025-09-09 15:30:00,69.0928630232811
2025-09-09 16:00:00,46.68958002328873
2025-09-09 16:30:00,62.78196597099304
2025-09-09 17:00:00,40.75841599702835
2025-09-09 17:30:00,62.36669313907623
2025-09-09 18:00:00,50.4313023686409
2025-09-09 18:30:00,38.54849570989609
2025-09-09 19:00:00,18.68834686279297
2025-09-09 19:30:00,11.817408062517643
2025-09-09 20:00:00,27.897724092006683
2025-09-09 20:30:00,44.62880897521973
2025-09-09 21:00:00,23.47841253876686
2025-09-09 21:30:00,54.53371298313141
2025-09-09 22:00:00,47.40395498275757
2025-09-09 22:30:00,43.018237709999084
2025-09-09 23:00:00,44.676513373851776
2025-09-09 23:30:00,46.89216905832291
2025-09-10 00:00:00,44.87871503829956
2025-09-10 00:30:00,44.36890932917595
2025-09-10 01:00:00,21.04555180668831
2025-09-10 01:30:00,71.7929978966713
2025-09-10 02:00:00,59.06576383113861
2025-09-10 02:30:00,34.34580236673355
2025-09-10 03:00:00,30.313216745853424
2025-09-10 03:30:00,50.695662558078766
2025-09-10 04:00:00,43.02815902233124
2025-09-10 04:30:00,32.11339145898819
2025-09-10 05:00:00,44.327006816864014
2025-09-10 05:30:00,32.76836284995079
2025-09-10 06:00:00,33.03311330080032
2025-09-10 06:30:00,55.71438384056091
2025-09-10 07:00:00,30.732614785432816
2025-09-10 07:30:00,44.280886590480804
2025-09-10 08:00:00,81.38445550203323
2025-09-10 08:30:00,18.645406544208527
2025-09-10 09:00:00,43.527933567762375
2025-09-10 09:30:00,49.88291281461716
2025-09-10 10:00:00,38.64902126789093
2025-09-10 10:30:00,25.608625546097755
2025-09-10 11:00:00,28.60593292117119
2025-09-10 11:30:00,47.45930850505829
2025-09-10 12:00:00,40.138024657964706
2025-09-10 12:30:00,58.54874551296234
2025-09-10 13:00:00,60.221365451812744
2025-09-10 13:30:00,39.78946340084076
2025-09-10 14:00:00,16.668145656585693
2025-09-10 14:30:00,58.51193952560425
2025-09-10 15:00:00,41.34401336312294
2025-09-10 15:30:00,43.38603740930557
2025-09-10 16:00:00,49.847980082035065
2025-09-10 16:30:00,49.489263355731964
2025-09-10 17:00:00,42.404983818531036
2025-09-10 17:30:00,65.98765414953232
2025-09-10 18:00:00,43.946681171655655
2025-09-10 18:30:00,22.000345140695572
2025-09-10 19:00:00,45.42103964090347
2025-09-10 19:30:00,29.282747387886047
2025-09-10 20:00:00,61.207593619823456
2025-09-10 20:30:00,82.09643685817719
2025-09-10 21:00:00,21.21803867816925
2025-09-10 21:30:00,54.61812508106232
2025-09-10 22:00:00,68.93914049863815
2025-09-10 22:30:00,43.88428848981857
2025-09-10 23:00:00,26.27963089942932
2025-09-10 23:30:00,27.249994218349457
2025-09-11 00:00:00,34.661283910274506
2025-09-11 00:30:00,45.54946455359459
2025-09-11 01:00:00,31.395304679870605
2025-09-11 01:30:00,25.840328082442284
2025-09-11 02:00:00,20.132221579551697
2025-09-11 02:30:00,52.41005492210388
2025-09-11 03:00:00,17.92544651031494
2025-09-11 03:30:00,41.92029359936714
2025-09-11 04:00:00,21.847737029194832
2025-09-11 04:30:00,19.174170285463333
2025-09-11 05:00:00,36.58166491985321
2025-09-11 05:30:00,16.327875286340714
2025-09-11 06:00:00,11.803847201168537
2025-09-11 06:30:00,33.18437284231186
2025-09-11 07:00:00,43.60587599873543
2025-09-11 07:30:00,66.94915419816971
2025-09-11 08:00:00,13.185478836297989
2025-09-11 08:30:00,26.110273346304893
2025-09-11 09:00:00,61.95391219854355
2025-09-11 09:30:00,33.36608722805977
2025-09-11 10:00:00,12.777544364333153
2025-09-11 10:30:00,35.1771285533905
2025-09-11 11:00:00,27.21468423306942
2025-09-11 11:30:00,28.32425957918167
2025-09-11 12:00:00,2.674001634120941
2025-09-11 12:30:00,21.50036245584488
2025-09-11 13:00:00,72.06257313489914
2025-09-11 13:30:00,55.9242924451828
2025-09-11 14:00:00,41.92558091878891
2025-09-11 14:30:00,36.628137826919556
2025-09-11 15:00:00,37.61726838350296
2025-09-11 15:30:00,51.68831992149353
2025-09-11 16:00:00,66.89624053239822
2025-09-11 16:30:00,22.26589924097061
2025-09-11 17:00:00,9.33984649926424
2025-09-11 17:30:00,39.4052177965641
2025-09-11 18:00:00,21.374971464276314
2025-09-11 18:30:00,17.980915665626526
2025-09-11 19:00:00,28.831833571195602
2025-09-11 19:30:00,51.34095257520676
2025-09-11 20:00:00,47.53028404712677
2025-09-11 20:30:00,16.613987490534782
2025-09-11 21:00:00,63.51323491334915
2025-09-11 21:30:00,30.6169673204422
2025-09-11 22:00:00,76.077328145504
2025-09-11 22:30:00,53.30694502592087
2025-09-11 23:00:00,72.33012479543686
2025-09-11 23:30:00,34.00184619426727
2025-09-12 00:00:00,32.13419383764267
2025-09-12 00:30:00,34.28943705558777
2025-09-12 01:00:00,42.437158703804016
2025-09-12 01:30:00,58.0400527715683
2025-09-12 02:00:00,43.59997582435608
2025-09-12 02:30:00,66.23451906442642
2025-09-12 03:00:00,36.86545145511627
2025-09-12 03:30:00,61.395641803741455
2025-09-12 04:00:00,40.08006650209427
2025-09-12 04:30:00,34.99937170743942
2025-09-12 05:00:00,31.576842725276947
2025-09-12 05:30:00,61.60630202293396
2025-09-12 06:00:00,35.84954318404198
2025-09-12 06:30:00,33.07696133852005
2025-09-12 07:00:00,53.12159687280655
2025-09-12 07:30:00,32.728203505277634
2025-09-12 08:00:00,43.49821877479553
2025-09-12 08:30:00,51.575462102890015
2025-09-12 09:00:00,52.90934091806412
2025-09-12 09:30:00,67.08585554361343
2025-09-12 10:00:00,47.44421261548996
2025-09-12 10:30:00,63.22591578960419
2025-09-12 11:00:00,41.671338617801666
2025-09-12 11:30:00,54.702196061611176
2025-09-12 12:00:00,55.575034499168396
2025-09-12 12:30:00,21.383795708417892
2025-09-12 13:00:00,39.20445865392685
2025-09-12 13:30:00,20.512574687600136
2025-09-12 14:00:00,30.33401045203209
2025-09-12 14:30:00,24.57638844847679
2025-09-12 15:00:00,63.99120396375656
2025-09-12 15:30:00,44.864668518304825
2025-09-12 16:00:00,32.67402654886246
2025-09-12 16:30:00,33.60518738627434
2025-09-12 17:00:00,44.07834669947624
2025-09-12 17:30:00,11.44488475471735
2025-09-12 18:00:00,7.0361731350421906
2025-09-12 18:30:00,24.46357399225235
2025-09-12 19:00:00,29.32390406727791
2025-09-12 19:30:00,68.91944819688797
2025-09-12 20:00:00,36.979023307561874
2025-09-12 20:30:00,54.893701672554016
2025-09-12 21:00:00,86.92367565631866
2025-09-12 21:30:00,26.663659691810608
2025-09-12 22:00:00,7.289804749190807
2025-09-12 22:30:00,38.77468255162239
2025-09-12 23:00:00,52.66647112369537
2025-09-12 23:30:00,63.10807418823242
2025-09-13 00:00:00,54.804895520210266
2025-09-13 00:30:00,43.57187411189079
2025-09-13 01:00:00,39.15214627981186
2025-09-13 01:30:00,34.42837589979172
2025-09-13 02:00:00,32.992985755205154
2025-09-13 02:30:00,24.2112974524498
2025-09-13 03:00:00,22.562431424856186
2025-09-13 03:30:00,20.10698901116848
2025-09-13 04:00:00,25.12798537313938
2025-09-13 04:30:00,39.4943853020668
2025-09-13 05:00:00,53.91535967588425
2025-09-13 05:30:00,55.9811145067215
2025-09-13 06:00:00,36.490025758743286
2025-09-13 06:30:00,54.87643766403198
2025-09-13 07:00:00,45.60993194580078
2025-09-13 07:30:00,57.44586098194122
2025-09-13 08:00:00,36.54743465781212
2025-09-13 08:30:00,38.784693479537964
2025-09-13 09:00:00,16.923278331756592
2025-09-13 09:30:00,12.96947492659092
2025-09-13 10:00:00,25.448303267359734
2025-09-13 10:30:00,37.40116474032402
2025-09-13 11:00:00,23.34421320259571
2025-09-13 11:30:00,84.14091521501541
2025-09-13 12:00:00,70.81080532073975
2025-09-13 12:30:00,76.14644199609756
2025-09-13 13:00:00,45.57807216048241
2025-09-13 13:30:00,61.45053279399872
2025-09-13 14:00:00,39.81321731209755
2025-09-13 14:30:00,48.55339336395264
2025-09-13 15:00:00,79.68360954523087
2025-09-13 15:30:00,48.15787065029144
2025-09-13 16:00:00,51.11297342181206
2025-09-13 16:30:00,23.986433163285255
2025-09-13 17:00:00,0.5879214107990266
2025-09-13 17:30:00,34.980101466178894
2025-09-13 18:00:00,29.113087743520737
2025-09-13 18:30:00,70.79857712984085
2025-09-13 19:00:00,55.51341366767883
2025-09-13 19:30:00,41.06991109251976
2025-09-13 20:00:00,36.458747029304504
2025-09-13 20:30:00,43.10948950052261
2025-09-13 21:00:00,37.63440519571304
2025-09-13 21:30:00,17.888011768460274
2025-09-13 22:00:00,41.52715581655502
2025-09-13 22:30:00,75.20086461305618
2025-09-13 23:00:00,70.05351895093918
2025-09-13 23:30:00,51.22737783193588
2025-09-14 00:00:00,32.735852628946304
2025-09-14 00:30:00,20.56058695912361
2025-09-14 01:00:00,50.256054759025574
2025-09-14 01:30:00,26.656366139650345
2025-09-14 02:00:00,26.863921612501144
2025-09-14 02:30:00,42.3734969496727
2025-09-14 03:00:00,30.707421243190765
2025-09-14 03:30:00,28.363080471754074
2025-09-14 04:00:00,50.85242623090744
2025-09-14 04:30:00,77.07423502206802
2025-09-14 05:00:00,41.486776769161224
2025-09-14 05:30:00,80.30447787046432
2025-09-14 06:00:00,17.16250568628311
2025-09-14 06:30:00,47.84406000375748
2025-09-14 07:00:00,40.087417870759964
2025-09-14 07:30:00,30.530548989772797
2025-09-14 08:00:00,37.31997591257095
2025-09-14 08:30:00,40.425011336803436
2025-09-14 09:00:00,20.801586389541626
2025-09-14 09:30:00,7.44759538769722
2025-09-14 10:00:00,22.6361171156168
2025-09-14 10:30:00,58.85336911678314
2025-09-14 11:00:00,52.18816673755646
2025-09-14 11:30:00,57.85834127664566
2025-09-14 12:00:00,40.04290494322777
2025-09-14 12:30:00,3.6971644312143326
2025-09-14 13:00:00,18.78736485540867
2025-09-14 13:30:00,42.48588356375694
2025-09-14 14:00:00,62.89258050918579
2025-09-14 14:30:00,27.299424439668655
2025-09-14 15:00:00,14.481629490852356
2025-09-14 15:30:00,19.13801473379135
2025-09-14 16:00:00,14.297718077898026
2025-09-14 16:30:00,49.59137886762619
2025-09-14 17:00:00,54.53442990779877
2025-09-14 17:30:00,24.124552458524704
2025-09-14 18:00:00,45.416417211294174
2025-09-14 18:30:00,50.7526233792305
2025-09-14 19:00:00,44.162203758955
2025-09-14 19:30:00,13.089582212269306
2025-09-14 20:00:00,35.73580077290535
2025-09-14 20:30:00,46.70986205339432
2025-09-14 21:00:00,30.581470876932144
2025-09-14 21:30:00,63.27826285362244
2025-09-14 22:00:00,27.253729164600372
2025-09-14 22:30:00,26.764442533254623
2025-09-14 23:00:00,39.32698339223862
2025-09-14 23:30:00,41.333135187625885
2025-09-15 00:00:00,45.68986904621124
2025-09-15 00:30:00,25.54619961977005
2025-09-15 01:00:00,50.43928104639053
2025-09-15 01:30:00,66.66534453630447
2025-09-15 02:00:00,47.20853519439697
2025-09-15 02:30:00,60.84431517124176
2025-09-15 03:00:00,24.27334612607956
2025-09-15 03:30:00,45.634394109249115
2025-09-15 04:00:00,60.923304080963135
2025-09-15 04:30:00,70.85593110322952
2025-09-15 05:00:00,76.56802260875702
2025-09-15 05:30:00,60.81486922502518
2025-09-15 06:00:00,20.7123451679945
2025-09-15 06:30:00,16.57715693116188
2025-09-15 07:00:00,26.966793075203896
2025-09-15 07:30:00,25.309952706098557
2025-09-15 08:00:00,44.03859785199165
2025-09-15 08:30:00,41.731962114572525
2025-09-15 09:00:00,41.18002551794052
2025-09-15 09:30:00,57.59065663814545
2025-09-15 10:00:00,56.71725159883499
2025-09-15 10:30:00,55.91609984636307
2025-09-15 11:00:00,62.0053631067276
2025-09-15 11:30:00,33.44206967949867
2025-09-15 12:00:00,56.3856565952301
2025-09-15 12:30:00,45.866151571273804
2025-09-15 13:00:00,67.62410986423492
2025-09-15 13:30:00,55.91681098937988
2025-09-15 14:00:00,35.73567068576813
2025-09-15 14:30:00,29.82321608066559
2025-09-15 15:00:00,31.994107335805893
2025-09-15 15:30:00,65.1936485171318
2025-09-15 16:00:00,32.54125672578812
2025-09-15 16:30:00,19.485575765371323
2025-09-15 17:00:00,48.207361578941345
2025-09-15 17:30:00,47.929819226264954
2025-09-15 18:00:00,34.73690500855446
2025-09-15 18:30:00,13.663244806230068
2025-09-15 19:00:00,44.29556041955948
2025-09-15 19:30:00,45.498568683862686
2025-09-15 20:00:00,47.78912276029587
2025-09-15 20:30:00,64.26881569623947
2025-09-15 21:00:00,70.503915309906
2025-09-15 21:30:00,44.05273109674454
2025-09-15 22:00:00,47.14069041609764
2025-09-15 22:30:00,43.663024723529816
2025-09-15 23:00:00,33.47989323735237
2025-09-15 23:30:00,31.65949720144272
2025-09-16 00:00:00,14.825086995959282
2025-09-16 00:30:00,46.32365357875824
2025-09-16 01:00:00,59.44488978385925
2025-09-16 01:30:00,54.009883880615234
2025-09-16 02:00:00,63.21641653776169
2025-09-16 02:30:00,44.15847170352936
2025-09-16 03:00:00,88.87006831169128
2025-09-16 03:30:00,53.61372518539429
2025-09-16 04:00:00,60.977651596069336
2025-09-16 04:30:00,35.74826601147652
2025-09-16 05:00:00,55.23261624574661
2025-09-16 05:30:00,77.50123304128647
2025-09-16 06:00:00,45.5693476498127
2025-09-16 06:30:00,50.16647386550903
2025-09-16 07:00:00,44.39341485500336
2025-09-16 07:30:00,64.39875251054764
2025-09-16 08:00:00,55.64890664815903
2025-09-16 08:30:00,48.93302810192108
2025-09-16 09:00:00,30.81358101963997
2025-09-16 09:30:00,35.86413896083832
2025-09-16 10:00:00,57.005304992198944
2025-09-16 10:30:00,33.91013187170029
2025-09-16 11:00:00,37.149709194898605
2025-09-16 11:30:00,20.912834018468857
2025-09-16 12:00:00,39.064126431941986
2025-09-16 12:30:00,65.24616903066635
2025-09-16 13:00:00,66.25445419549942
2025-09-16 13:30:00,73.63455766439438
2025-09-16 14:00:00,31.91576886177063
2025-09-16 14:30:00,32.79150968790054
2025-09-16 15:00:00,19.995325103402138
2025-09-16 15:30:00,44.23783931136131
2025-09-16 16:00:00,60.520554304122925
2025-09-16 16:30:00,50.160033106803894
2025-09-16 17:00:00,50.01982229948044
2025-09-16 17:30:00,32.946668952703476
2025-09-16 18:00:00,40.78981614112854
2025-09-16 18:30:00,51.47379755973816
2025-09-16 19:00:00,26.986457914114
2025-09-16 19:30:00,22.409810304641724
2025-09-16 20:00:00,23.068109035491943
2025-09-16 20:30:00,38.92534947395325
2025-09-16 21:00:00,46.67205873131752
2025-09-16 21:30:00,22.04478868842125
2025-09-16 22:00:00,69.96105301380157
2025-09-16 22:30:00,15.953692644834518
2025-09-16 23:00:00,64.60971915721893
2025-09-16 23:30:00,41.28178545832634
2025-09-17 00:00:00,36.94972479343414
2025-09-17 00:30:00,66.95988494157791
2025-09-17 01:00:00,69.00521898269653
2025-09-17 01:30:00,54.42005151510239
2025-09-17 02:00:00,47.81370633840561
2025-09-17 02:30:00,54.265109062194824
2025-09-17 03:00:00,68.66609048843384
2025-09-17 03:30:00,80.02175515890121
2025-09-17 04:00:00,56.41635137796402
2025-09-17 04:30:00,31.848403960466385
2025-09-17 05:00:00,43.804394751787186
2025-09-17 05:30:00,44.16238009929657
2025-09-17 06:00:00,31.639787554740906
2025-09-17 06:30:00,34.55323642492294
2025-09-17 07:00:00,55.274533212184906
2025-09-17 07:30:00,32.36978453397751
2025-09-17 08:00:00,32.49229770898819
2025-09-17 08:30:00,12.749538771808147
2025-09-17 09:00:00,24.773600548505783
2025-09-17 09:30:00,38.80237665772438
2025-09-17 10:00:00,18.36584061384201
2025-09-17 10:30:00,50.552887588739395
2025-09-17 11:00:00,61.38820660114288
2025-09-17 11:30:00,63.333703100681305
2025-09-17 12:00:00,58.4450227022171
2025-09-17 12:30:00,31.99041575193405
2025-09-17 13:00:00,43.92330884933472
2025-09-17 13:30:00,21.882082924246788
2025-09-17 14:00:00,43.8631796836853
2025-09-17 14:30:00,48.217329144477844
2025-09-17 15:00:00,22.90596842765808
2025-09-17 15:30:00,40.47582048177719
2025-09-17 16:00:00,38.98594117164612
2025-09-17 16:30:00,34.60950344800949
2025-09-17 17:00:00,77.90855610370636
2025-09-17 17:30:00,13.73747469484806
2025-09-17 18:00:00,32.494934141635895
2025-09-17 18:30:00,43.65036290884018
2025-09-17 19:00:00,63.339299738407135
2025-09-17 19:30:00,51.826443552970886
2025-09-17 20:00:00,30.748410254716873
2025-09-17 20:30:00,63.962977945804596
2025-09-17 21:00:00,60.728867173194885
2025-09-17 21:30:00,63.80369347333908
2025-09-17 22:00:00,49.996025025844574
2025-09-17 22:30:00,51.83055430650711
2025-09-17 23:00:00,30.472819209098816
2025-09-17 23:30:00,59.35977232456207
2025-09-18 00:00:00,36.684659242630005
2025-09-18 00:30:00,31.403057873249054
2025-09-18 01:00:00,59.736522018909454
2025-09-18 01:30:00,53.275787711143494
2025-09-18 02:00:00,37.598582088947296
2025-09-18 02:30:00,41.53506511449814
2025-09-18 03:00:00,16.152418091893196
2025-09-18 03:30:00,17.5491304397583
2025-09-18 04:00:00,22.33661460876465
2025-09-18 04:30:00,30.693637788295746
2025-09-18 05:00:00,15.049717128276825
2025-09-18 05:30:00,40.77588525414467
2025-09-18 06:00:00,30.865260303020477
2025-09-18 06:30:00,54.489454448223114
2025-09-18 07:00:00,51.652502596378326
2025-09-18 07:30:00,32.503681778907776
2025-09-18 08:00:00,47.34381714463234
2025-09-18 08:30:00,65.01257878541946
2025-09-18 09:00:00,27.376944810152054
2025-09-18 09:30:00,46.421860694885254
2025-09-18 10:00:00,42.13293692469597
2025-09-18 10:30:00,49.760630905628204
2025-09-18 11:00:00,14.840476304292679
2025-09-18 11:30:00,12.744414061307907
2025-09-18 12:00:00,10.784172907471657
2025-09-18 12:30:00,41.6319135427475
2025-09-18 13:00:00,60.43689960241318
2025-09-18 13:30:00,42.90849331021309
2025-09-18 14:00:00,64.10696417093277
2025-09-18 14:30:00,42.77875596284866
2025-09-18 15:00:00,42.37521409988403
2025-09-18 15:30:00,53.93127655982971
2025-09-18 16:00:00,53.05010676383972
2025-09-18 16:30:00,67.58989983797073
2025-09-18 17:00:00,75.86664479970932
2025-09-18 17:30:00,58.053113520145416
2025-09-18 18:00:00,70.029143512249
2025-09-18 18:30:00,25.85553526878357
2025-09-18 19:00:00,20.19881173968315
2025-09-18 19:30:00,41.19118410348892
2025-09-18 20:00:00,34.82817703485489
2025-09-18 20:30:00,45.639522433280945
2025-09-18 21:00:00,31.361505150794983
2025-09-18 21:30:00,20.254597440361977
2025-09-18 22:00:00,27.3528411090374
2025-09-18 22:30:00,36.53887781500816
2025-09-18 23:00:00,11.746260516345501
2025-09-18 23:30:00,48.90574449300766
2025-09-19 00:00:00,52.78451508283615
2025-09-19 00:30:00,11.357122913002968
2025-09-19 01:00:00,37.79816177487373
2025-09-19 01:30:00,25.24922803044319
2025-09-19 02:00:00,39.958932250738144
2025-09-19 02:30:00,30.308576971292496
2025-09-19 03:00:00,19.18296417593956
2025-09-19 03:30:00,30.071306705474854
2025-09-19 04:00:00,36.27772933244705
2025-09-19 04:30:00,26.96294105052948
2025-09-19 05:00:00,38.102227449417114
2025-09-19 05:30:00,42.96601206064224
2025-09-19 06:00:00,33.54433262348175
2025-09-19 06:30:00,41.81108111143112
2025-09-19 07:00:00,27.41226202249527
2025-09-19 07:30:00,44.64075964689255
2025-09-19 08:00:00,36.43471559882164
2025-09-19 08:30:00,49.74731865525246
2025-09-19 09:00:00,27.24829152226448
2025-09-19 09:30:00,24.437920808792114
2025-09-19 10:00:00,43.17094266414642
2025-09-19 10:30:00,52.40855747461319
2025-09-19 11:00:00,17.006463274359703
2025-09-19 11:30:00,34.92211440205574
2025-09-19 12:00:00,55.73615175485611
2025-09-19 12:30:00,30.542222142219543
2025-09-19 13:00:00,38.03085297346115
2025-09-19 13:30:00,47.918125838041306
2025-09-19 14:00:00,37.76271736621857
2025-09-19 14:30:00,44.26987832784653
2025-09-19 15:00:00,16.5557893961668
2025-09-19 15:30:00,16.974625170230865
2025-09-19 16:00:00,9.097924172878265
2025-09-19 16:30:00,10.762254670262337
2025-09-19 17:00:00,42.6512416601181
2025-09-19 17:30:00,65.60936653614044
2025-09-19 18:00:00,18.14268335700035
2025-09-19 18:30:00,33.765376687049866
2025-09-19 19:00:00,48.00128620862961
2025-09-19 19:30:00,29.627617061138153
2025-09-19 20:00:00,29.291414082050323
2025-09-19 20:30:00,28.535815954208374
2025-09-19 21:00:00,39.87782725691795
2025-09-19 21:30:00,43.14232349395752
2025-09-19 22:00:00,46.374858766794205
2025-09-19 22:30:00,71.94818317890167
2025-09-19 23:00:00,38.04285278916359
2025-09-19 23:30:00,26.542065799236298
2025-09-20 00:00:00,50.764296531677246
2025-09-20 00:30:00,44.29187172651291
2025-09-20 01:00:00,76.21575820446014
2025-09-20 01:30:00,57.626896023750305
2025-09-20 02:00:00,36.02029266953468
2025-09-20 02:30:00,33.264928579330444
2025-09-20 03:00:00,51.74756449460983
2025-09-20 03:30:00,49.13956889510155
2025-09-20 04:00:00,22.501643151044846
2025-09-20 04:30:00,49.962086737155914
2025-09-20 05:00:00,35.12204387784004
2025-09-20 05:30:00,60.25794017314911
2025-09-20 06:00:00,28.21007776260376
2025-09-20 06:30:00,22.008485704660416
2025-09-20 07:00:00,21.679473653435707
2025-09-20 07:30:00,17.2053954154253
2025-09-20 08:00:00,75.80506443977356
2025-09-20 08:30:00,17.001616805791855
2025-09-20 09:00:00,59.74910867214203
2025-09-20 09:30:00,49.080937176942825
2025-09-20 10:00:00,52.950997710227966
2025-09-20 10:30:00,77.91040045022964
2025-09-20 11:00:00,77.42867332696915
2025-09-20 11:30:00,32.22712230682373
2025-09-20 12:00:00,22.73329509794712
2025-09-20 12:30:00,30.854095935821533
2025-09-20 13:00:00,21.299237623810768
2025-09-20 13:30:00,34.04571735858917
2025-09-20 14:00:00,13.782017976045609
2025-09-20 14:30:00,43.39889869093895
2025-09-20 15:00:00,27.274933367967606
2025-09-20 15:30:00,47.04813486337662
2025-09-20 16:00:00,24.571883097290993
2025-09-20 16:30:00,6.992304861545563
2025-09-20 17:00:00,7.611521080136299
2025-09-20 17:30:00,18.47304831445217
2025-09-20 18:00:00,17.669602692127228
2025-09-20 18:30:00,30.887600600719452
2025-09-20 19:00:00,52.991943359375
2025-09-20 19:30:00,52.983062744140625
2025-09-20 20:00:00,25.279234796762466
2025-09-20 20:30:00,30.709097921848297
2025-09-20 21:00:00,27.258805453777313
2025-09-20 21:30:00,18.206217914819717
2025-09-20 22:00:00,33.961629033088684
2025-09-20 22:30:00,62.09066557884216
2025-09-20 23:00:00,62.191335678100586
2025-09-20 23:30:00,52.46010088920593
2025-09-21 00:00:00,40.37648883461952
2025-09-21 00:30:00,41.2108359336853
2025-09-21 01:00:00,56.17600238323212
2025-09-21 01:30:00,61.6452819108963
2025-09-21 02:00:00,71.85984534025192
2025-09-21 02:30:00,23.38054509460926
2025-09-21 03:00:00,53.350417256355286
2025-09-21 03:30:00,29.052805364131927
2025-09-21 04:00:00,65.31959021091461
2025-09-21 04:30:00,74.85490220785141
2025-09-21 05:00:00,32.947171956300735
2025-09-21 05:30:00,62.480319917201996
2025-09-21 06:00:00,40.02680015563965
2025-09-21 06:30:00,29.938808619976044
2025-09-21 07:00:00,38.702368557453156
2025-09-21 07:30:00,51.182520896196365
2025-09-21 08:00:00,30.963452965021133
2025-09-21 08:30:00,40.896609008312225
2025-09-21 09:00:00,22.807621106505394
2025-09-21 09:30:00,14.97547423094511
2025-09-21 10:00:00,5.862057946622372
2025-09-21 10:30:00,2.7441345006227493
2025-09-21 11:00:00,28.167079627513885
2025-09-21 11:30:00,46.13199186325073
2025-09-21 12:00:00,41.12918168306351
2025-09-21 12:30:00,76.64744514226913
2025-09-21 13:00:00,37.73728388547897
2025-09-21 13:30:00,53.66571378707886
2025-09-21 14:00:00,46.216305673122406
2025-09-21 14:30:00,44.07225862145424
2025-09-21 15:00:00,45.477763414382935
2025-09-21 15:30:00,44.83256012201309
2025-09-21 16:00:00,59.008062958717346
2025-09-21 16:30:00,35.219207406044006
2025-09-21 17:00:00,21.26237526535988
2025-09-21 17:30:00,16.19198915362358
2025-09-21 18:00:00,26.569116696715355
2025-09-21 18:30:00,22.845785781741142
2025-09-21 19:00:00,38.899650037288666
2025-09-21 19:30:00,34.74134820699692
2025-09-21 20:00:00,57.935873210430145
2025-09-21 20:30:00,21.032220765948296
2025-09-21 21:00:00,13.242854490876198
2025-09-21 21:30:00,34.42836144566536
2025-09-21 22:00:00,49.85725384950638
2025-09-21 22:30:00,43.17383927106857
2025-09-21 23:00:00,11.516657441854477
2025-09-21 23:30:00,2.1333450376987457
2025-09-22 00:00:00,4.939622342586517
2025-09-22 00:30:00,18.376409471035004
2025-09-22 01:00:00,30.3743779361248
2025-09-22 01:30:00,30.64244994521141
2025-09-22 02:00:00,34.50828409194946
2025-09-22 02:30:00,48.06260061264038
2025-09-22 03:00:00,53.34138631820679
2025-09-22 03:30:00,49.48222130537033
2025-09-22 04:00:00,53.07977819442749
2025-09-22 04:30:00,52.53529703617096
2025-09-22 05:00:00,43.47737014293671
2025-09-22 05:30:00,22.808498471975327
2025-09-22 06:00:00,37.10165211558342
2025-09-22 06:30:00,55.30447059869766
2025-09-22 07:00:00,43.379348039627075
2025-09-22 07:30:00,35.32725489139557
2025-09-22 08:00:00,51.83836531639099
2025-09-22 08:30:00,53.462292194366455
2025-09-22 09:00:00,23.87522166967392
2025-09-22 09:30:00,40.76111313700676
2025-09-22 10:00:00,43.262234926223755
2025-09-22 10:30:00,75.71339637041092
2025-09-22 11:00:00,45.85580241680145
2025-09-22 11:30:00,70.33159321546555
2025-09-22 12:00:00,56.21745103597641
2025-09-22 12:30:00,49.30926612019539
2025-09-22 13:00:00,49.142335414886475
2025-09-22 13:30:00,95.9673507809639
2025-09-22 14:00:00,59.951454877853394
2025-09-22 14:30:00,36.63938024640083
2025-09-22 15:00:00,54.65444540977478
2025-09-22 15:30:00,33.366460144519806
2025-09-22 16:00:00,34.11518967151642
2025-09-22 16:30:00,65.64426457881927
2025-09-22 17:00:00,55.1364963054657
2025-09-22 17:30:00,36.867255330085754
2025-09-22 18:00:00,31.19490110874176
2025-09-22 18:30:00,57.69351798295975
2025-09-22 19:00:00,64.58446490764618
2025-09-22 19:30:00,28.866332679986954
2025-09-22 20:00:00,48.03117734193802
2025-09-22 20:30:00,69.17537873983383
2025-09-22 21:00:00,33.76524370908737
2025-09-22 21:30:00,53.97224533557892
2025-09-22 22:00:00,33.60033658146858
2025-09-22 22:30:00,37.70475631952286
2025-09-22 23:00:00,78.06770759820938
2025-09-22 23:30:00,49.89118057489395
2025-09-23 00:00:00,23.998752415180206
2025-09-23 00:30:00,56.51899302005768
2025-09-23 01:00:00,62.37343454360962
2025-09-23 01:30:00,32.882015645504
2025-09-23 02:00:00,60.75232911109924
2025-09-23 02:30:00,28.06005549430847
2025-09-23 03:00:00,26.718810856342316
2025-09-23 03:30:00,56.53108823299408
2025-09-23 04:00:00,51.724247097969055
2025-09-23 04:30:00,40.50911122560501
2025-09-23 05:00:00,15.366422936320305
2025-09-23 05:30:00,15.529544979333878
2025-09-23 06:00:00,47.640621066093445
2025-09-23 06:30:00,52.374162435531616
2025-09-23 07:00:00,35.79552233219147
2025-09-23 07:30:00,39.40989226102829
2025-09-23 08:00:00,30.728388398885727
2025-09-23 08:30:00,33.61052963137627
2025-09-23 09:00:00,42.1282913684845
2025-09-23 09:30:00,42.39867603778839
2025-09-23 10:00:00,50.13005813956261
2025-09-23 10:30:00,49.84235742688179
2025-09-23 11:00:00,56.49630004167557
2025-09-23 11:30:00,54.3926522731781
2025-09-23 12:00:00,25.45476859807968
2025-09-23 12:30:00,10.517452359199524
2025-09-23 13:00:00,34.56983843445778
2025-09-23 13:30:00,63.00930047035217
2025-09-23 14:00:00,67.30521136522293
2025-09-23 14:30:00,38.03031527996063
2025-09-23 15:00:00,64.2457931637764
2025-09-23 15:30:00,22.0718554854393
2025-09-23 16:00:00,37.49740609526634
2025-09-23 16:30:00,13.331517547369003
2025-09-23 17:00:00,30.51955807209015
2025-09-23 17:30:00,56.97756463289261
2025-09-23 18:00:00,17.269440203905106
2025-09-23 18:30:00,28.53330671787262
2025-09-23 19:00:00,11.221044540405273
2025-09-23 19:30:00,22.846174597740173
2025-09-23 20:00:00,28.6722629070282
2025-09-23 20:30:00,25.37055018544197
2025-09-23 21:00:00,26.723006889224052
2025-09-23 21:30:00,55.76744204759598
2025-09-23 22:00:00,45.039453595876694
2025-09-23 22:30:00,51.58952885866165
2025-09-23 23:00:00,54.16159439086914
2025-09-23 23:30:00,63.19105243682861
2025-09-24 00:00:00,46.5094555914402
2025-09-24 00:30:00,28.132545828819275
2025-09-24 01:00:00,70.65609413385391
2025-09-24 01:30:00,52.86614042520523
2025-09-24 02:00:00,34.78733545541763
2025-09-24 02:30:00,48.761844992637634
2025-09-24 03:00:00,56.22189712524414
2025-09-24 03:30:00,39.500487834215164
2025-09-24 04:00:00,35.82392758131027
2025-09-24 04:30:00,12.113838344812393
2025-09-24 05:00:00,33.3030007481575
2025-09-24 05:30:00,31.62990093231201
2025-09-24 06:00:00,85.34712940454483
2025-09-24 06:30:00,59.829381108284
2025-09-24 07:00:00,36.18475750088692
2025-09-24 07:30:00,26.954486832022667
2025-09-24 08:00:00,56.57663029432297
2025-09-24 08:30:00,41.08624425530434
2025-09-24 09:00:00,44.94542372226715
2025-09-24 09:30:00,50.130754828453064
2025-09-24 10:00:00,55.7648229598999
2025-09-24 10:30:00,35.636295676231384
2025-09-24 11:00:00,52.15855312347412
2025-09-24 11:30:00,29.621968388557434
2025-09-24 12:00:00,60.318289041519165
2025-09-24 12:30:00,25.663542553782463
2025-09-24 13:00:00,20.35921785235405
2025-09-24 13:30:00,35.405203104019165
2025-09-24 14:00:00,28.387262225151062
2025-09-24 14:30:00,14.220690593123436
2025-09-24 15:00:00,16.41189567744732
2025-09-24 15:30:00,40.19644823670387
2025-09-24 16:00:00,44.46284380555153
2025-09-24 16:30:00,32.48438262939453
2025-09-24 17:00:00,28.392968714237213
2025-09-24 17:30:00,34.109064012765884
2025-09-24 18:00:00,45.05857640504837
2025-09-24 18:30:00,39.39995649456978
2025-09-24 19:00:00,51.23254373669624
2025-09-24 19:30:00,48.05421432852745
2025-09-24 20:00:00,26.23062852025032
2025-09-24 20:30:00,-0.5996888726949691
2025-09-24 21:00:00,45.43928653001785
2025-09-24 21:30:00,44.37785065174103
2025-09-24 22:00:00,34.51709532737732
2025-09-24 22:30:00,33.366081446409225
2025-09-24 23:00:00,39.2416867017746
2025-09-24 23:30:00,36.75717559456825
2025-09-25 00:00:00,26.232019007205963
2025-09-25 00:30:00,15.674226447939873
2025-09-25 01:00:00,58.83578133583069
2025-09-25 01:30:00,70.3818531036377
2025-09-25 02:00:00,36.32921203970909
2025-09-25 02:30:00,43.24029067158699
2025-09-25 03:00:00,40.157346934080124
2025-09-25 03:30:00,41.935377925634384
2025-09-25 04:00:00,42.614227533340454
2025-09-25 04:30:00,32.88437455892563
2025-09-25 05:00:00,24.876661360263824
2025-09-25 05:30:00,34.725743532180786
2025-09-25 06:00:00,54.497300148010254
2025-09-25 06:30:00,62.025922656059265
2025-09-25 07:00:00,34.96554037928581
2025-09-25 07:30:00,38.042953968048096
2025-09-25 08:00:00,49.282121270895004
2025-09-25 08:30:00,43.37174227833748
2025-09-25 09:00:00,27.808808088302612
2025-09-25 09:30:00,37.571917116642
2025-09-25 10:00:00,30.42287442088127
2025-09-25 10:30:00,30.32292991876602
2025-09-25 11:00:00,52.662273645401
2025-09-25 11:30:00,34.034437358379364
2025-09-25 12:00:00,54.54395806789398
2025-09-25 12:30:00,60.74507313966751
2025-09-25 13:00:00,68.93900752067566
2025-09-25 13:30:00,29.402803361415863
2025-09-25 14:00:00,63.507123708724976
2025-09-25 14:30:00,57.260333597660065
2025-09-25 15:00:00,28.597312480211258
2025-09-25 15:30:00,41.756432950496674
2025-09-25 16:00:00,39.753212451934814
2025-09-25 16:30:00,38.96786195039749
2025-09-25 17:00:00,64.35481774806976
2025-09-25 17:30:00,30.206692725419998
2025-09-25 18:00:00,40.074571043252945
2025-09-25 18:30:00,32.79875409603119
2025-09-25 19:00:00,27.889040052890778
2025-09-25 19:30:00,42.537317126989365
2025-09-25 20:00:00,51.69432705640793
2025-09-25 20:30:00,46.9254829287529
2025-09-25 21:00:00,48.92620575428009
2025-09-25 21:30:00,52.88654386997223
2025-09-25 22:00:00,44.6011900305748
2025-09-25 22:30:00,59.55951678752899
2025-09-25 23:00:00,46.91103169322014
2025-09-25 23:30:00,36.73735320568085
2025-09-26 00:00:00,36.9638609290123
2025-09-26 00:30:00,35.68428626656532
2025-09-26 01:00:00,39.21908622980118
2025-09-26 01:30:00,66.81297898292542
2025-09-26 02:00:00,76.54181438684464
2025-09-26 02:30:00,56.852131724357605
2025-09-26 03:00:00,67.11748695373535
2025-09-26 03:30:00,61.65262460708618
2025-09-26 04:00:00,48.4524601995945
2025-09-26 04:30:00,21.306171268224716
2025-09-26 05:00:00,35.19617909193039
2025-09-26 05:30:00,26.970367580652237
2025-09-26 06:00:00,45.51351714134216
2025-09-26 06:30:00,43.17624443769455
2025-09-26 07:00:00,75.30029743909836
2025-09-26 07:30:00,59.683313488960266
2025-09-26 08:00:00,59.344410479068756
2025-09-26 08:30:00,56.958571910858154
2025-09-26 09:00:00,66.28721880912781
2025-09-26 09:30:00,58.100598216056824
2025-09-26 10:00:00,29.064709782600403
2025-09-26 10:30:00,47.44255617260933
2025-09-26 11:00:00,28.842416882514954
2025-09-26 11:30:00,27.80732798576355
2025-09-26 12:00:00,36.719534158706665
2025-09-26 12:30:00,33.61849096417427
2025-09-26 13:00:00,35.95911991596222
2025-09-26 13:30:00,35.49296277761459
2025-09-26 14:00:00,14.441465809941292
2025-09-26 14:30:00,39.67860025167465
2025-09-26 15:00:00,39.345334351062775
2025-09-26 15:30:00,64.6759421825409
2025-09-26 16:00:00,57.30988812446594
2025-09-26 16:30:00,41.830125868320465
2025-09-26 17:00:00,43.127759516239166
2025-09-26 17:30:00,43.58777365088463
2025-09-26 18:00:00,33.74771374464035
2025-09-26 18:30:00,10.312620766460896
2025-09-26 19:00:00,22.43910303711891
2025-09-26 19:30:00,38.00743439793587
2025-09-26 20:00:00,48.853351175785065
2025-09-26 20:30:00,57.3795627951622
2025-09-26 21:00:00,57.490258276462555
2025-09-26 21:30:00,49.2769091129303
2025-09-26 22:00:00,43.34258830547333
2025-09-26 22:30:00,25.924153342843056
2025-09-26 23:00:00,14.379191651940346
2025-09-26 23:30:00,14.843963362276554
2025-09-27 00:00:00,22.878644347190857
2025-09-27 00:30:00,39.49716627597809
2025-09-27 01:00:00,57.95586037635803
2025-09-27 01:30:00,55.83053719997406
2025-09-27 02:00:00,48.28600358963013
2025-09-27 02:30:00,47.737400114536285
2025-09-27 03:00:00,30.65684336423874
2025-09-27 03:30:00,28.474938064813614
2025-09-27 04:00:00,15.843945354223251
2025-09-27 04:30:00,21.036106035113335
2025-09-27 05:00:00,29.200699985027313
2025-09-27 05:30:00,41.94248068332672
2025-09-27 06:00:00,38.68905630707741
2025-09-27 06:30:00,30.279926002025604
2025-09-27 07:00:00,69.8757621049881
2025-09-27 07:30:00,70.5052393078804
2025-09-27 08:00:00,68.04466134309769
2025-09-27 08:30:00,21.58260354399681
2025-09-27 09:00:00,18.35250523686409
2025-09-27 09:30:00,27.86001616716385
2025-09-27 10:00:00,49.56274235248566
2025-09-27 10:30:00,39.63767194747925
2025-09-27 11:00:00,28.952354967594147
2025-09-27 11:30:00,11.013291046023369
2025-09-27 12:00:00,29.735213577747345
2025-09-27 12:30:00,39.78824347257614
2025-09-27 13:00:00,26.5618679523468
2025-09-27 13:30:00,28.150286823511124
2025-09-27 14:00:00,36.70929196476936
2025-09-27 14:30:00,42.520443379879
2025-09-27 15:00:00,36.87586709856987
2025-09-27 15:30:00,38.51186606287956
2025-09-27 16:00:00,44.688406229019165
2025-09-27 16:30:00,31.95463889837265
2025-09-27 17:00:00,70.87001520395279
2025-09-27 17:30:00,7.20566438883543
2025-09-27 18:00:00,41.693702042102814
2025-09-27 18:30:00,42.451104044914246
2025-09-27 19:00:00,42.198376536369324
2025-09-27 19:30:00,33.92924889922142
2025-09-27 20:00:00,34.38983252644539
2025-09-27 20:30:00,45.086981654167175
2025-09-27 21:00:00,42.97901499271393
2025-09-27 21:30:00,49.0168591439724
2025-09-27 22:00:00,66.92672717571259
2025-09-27 22:30:00,68.54115480184555
2025-09-27 23:00:00,65.11390799283981
2025-09-27 23:30:00,24.28184226155281
2025-09-28 00:00:00,36.06239175796509
2025-09-28 00:30:00,27.47128689289093
2025-09-28 01:00:00,69.96386289596558
2025-09-28 01:30:00,63.853294253349304
2025-09-28 02:00:00,43.80498158931732
2025-09-28 02:30:00,56.70335829257965
2025-09-28 03:00:00,14.63338914513588
2025-09-28 03:30:00,27.918832898139954
2025-09-28 04:00:00,9.798365354537964
2025-09-28 04:30:00,22.146313026547432
2025-09-28 05:00:00,20.028130188584328
2025-09-28 05:30:00,32.4502477645874
2025-09-28 06:00:00,10.376023791730404
2025-09-28 06:30:00,17.01832577586174
2025-09-28 07:00:00,43.03307342529297
2025-09-28 07:30:00,61.74333870410919
2025-09-28 08:00:00,29.685020178556442
2025-09-28 08:30:00,33.65421289205551
2025-09-28 09:00:00,29.998758554458618
2025-09-28 09:30:00,14.809407882392406
2025-09-28 10:00:00,42.03378161787987
2025-09-28 10:30:00,42.127169728279114
2025-09-28 11:00:00,36.08184412121773
2025-09-28 11:30:00,18.011705845594406
2025-09-28 12:00:00,34.68333801627159
2025-09-28 12:30:00,23.896194607019424
2025-09-28 13:00:00,40.674819111824036
2025-09-28 13:30:00,40.46948957443237
2025-09-28 14:00:00,54.48281133174896
2025-09-28 14:30:00,48.91632202267647
2025-09-28 15:00:00,31.97898831963539
2025-09-28 15:30:00,17.62340296804905
2025-09-28 16:00:00,51.525722563266754
2025-09-28 16:30:00,41.43866476416588
2025-09-28 17:00:00,57.21348488330841
2025-09-28 17:30:00,30.423371642827988
2025-09-28 18:00:00,29.9583101272583
2025-09-28 18:30:00,25.78539228439331
2025-09-28 19:00:00,20.423960775136948
2025-09-28 19:30:00,46.410256922245026
2025-09-28 20:00:00,29.947397261857986
2025-09-28 20:30:00,28.167634665966034
2025-09-28 21:00:00,47.36895287036896
2025-09-28 21:30:00,46.835803747177124
2025-09-28 22:00:00,21.631377547979355
2025-09-28 22:30:00,38.184737384319305
2025-09-28 23:00:00,36.680143773555756
2025-09-28 23:30:00,37.52655428647995
2025-09-29 00:00:00,29.305024087429047
2025-09-29 00:30:00,48.26311981678009
2025-09-29 01:00:00,46.74015790224075
2025-09-29 01:30:00,36.62601885199547
2025-09-29 02:00:00,36.1624316573143
2025-09-29 02:30:00,54.7202752828598
2025-09-29 03:00:00,70.59249019622803
2025-09-29 03:30:00,48.79652911424637
2025-09-29 04:00:00,61.02004265785217
2025-09-29 04:30:00,59.500249087810516
2025-09-29 05:00:00,57.28337925672531
2025-09-29 05:30:00,83.23343312740326
2025-09-29 06:00:00,35.41043549776077
2025-09-29 06:30:00,39.84703707695007
2025-09-29 07:00:00,36.48488008975983
2025-09-29 07:30:00,19.653496578335762
2025-09-29 08:00:00,56.532232999801636
2025-09-29 08:30:00,39.62596410512924
2025-09-29 09:00:00,59.60952228307724
2025-09-29 09:30:00,44.470212519168854
2025-09-29 10:00:00,41.12754836678505
2025-09-29 10:30:00,41.838384956121445
2025-09-29 11:00:00,51.733584463596344
2025-09-29 11:30:00,29.34803667664528
2025-09-29 12:00:00,51.09181836247444
2025-09-29 12:30:00,30.970075845718384
2025-09-29 13:00:00,50.43443024158478
2025-09-29 13:30:00,59.33814895153046
2025-09-29 14:00:00,67.4446879029274
2025-09-29 14:30:00,63.89062637090683
2025-09-29 15:00:00,51.582498371601105
2025-09-29 15:30:00,62.3230185508728
2025-09-29 16:00:00,75.62528401613235
2025-09-29 16:30:00,72.48110681772232
2025-09-29 17:00:00,58.155072927474976
2025-09-29 17:30:00,66.58921176195145
2025-09-29 18:00:00,66.92206716537476
2025-09-29 18:30:00,40.44921910762787
2025-09-29 19:00:00,38.83710414171219
2025-09-29 19:30:00,30.045430928468704
2025-09-29 20:00:00,44.31287357211113
2025-09-29 20:30:00,60.777346312999725
2025-09-29 21:00:00,31.106681793928146
2025-09-29 21:30:00,21.72551727294922
2025-09-29 22:00:00,72.08702951669693
2025-09-29 22:30:00,64.15166789293289
2025-09-29 23:00:00,62.80488443374634
2025-09-29 23:30:00,71.65802526473999
2025-09-30 00:00:00,24.312330350279808
2025-09-30 00:30:00,26.471266597509384
2025-09-30 01:00:00,22.62588359415531
2025-09-30 01:30:00,30.491817712783813
2025-09-30 02:00:00,50.76236546039581
2025-09-30 02:30:00,32.49269086122513
2025-09-30 03:00:00,51.3868762254715
2025-09-30 03:30:00,16.513062998652458
2025-09-30 04:00:00,28.20165678858757
2025-09-30 04:30:00,55.28805649280548
2025-09-30 05:00:00,35.108011811971664
2025-09-30 05:30:00,14.380310401320457
2025-09-30 06:00:00,26.40274102985859
2025-09-30 06:30:00,66.79489976167679
2025-09-30 07:00:00,50.40343481302261
2025-09-30 07:30:00,16.973572909832
2025-09-30 08:00:00,44.719410330057144
2025-09-30 08:30:00,41.91789132356644
2025-09-30 09:00:00,69.53986555337906
2025-09-30 09:30:00,58.138733983039856
2025-09-30 10:00:00,56.80950939655304
2025-09-30 10:30:00,24.177580311894417
2025-09-30 11:00:00,25.09595936536789
2025-09-30 11:30:00,47.865434765815735
2025-09-30 12:00:00,56.72171503305435
2025-09-30 12:30:00,53.70093560218811
2025-09-30 13:00:00,62.76538419723511
2025-09-30 13:30:00,49.217306077480316
2025-09-30 14:00:00,41.42697715759277
2025-09-30 14:30:00,49.39203044772148
2025-09-30 15:00:00,30.27885639667511
2025-09-30 15:30:00,36.1652010679245
2025-09-30 16:00:00,41.6725469827652
2025-09-30 16:30:00,43.90496078133583
2025-09-30 17:00:00,25.05278778076172
2025-09-30 17:30:00,40.12354162335396
2025-09-30 18:00:00,9.459024384617805
2025-09-30 18:30:00,27.82079055905342
2025-09-30 19:00:00,48.91335892677307
2025-09-30 19:30:00,22.626534029841423
2025-09-30 20:00:00,30.067456126213074
2025-09-30 20:30:00,45.89098086953163
2025-09-30 21:00:00,21.359631299972534
2025-09-30 21:30:00,33.575596898794174
2025-09-30 22:00:00,38.25441783666611
2025-09-30 22:30:00,28.068441778421402
2025-09-30 23:00:00,42.413274705410004
2025-09-30 23:30:00,22.463891863822937
2025-10-01 00:00:00,40.784641563892365
2025-10-01 00:30:00,17.377064183354378
2025-10-01 01:00:00,33.90776139497757
2025-10-01 01:30:00,63.807266533374786
2025-10-01 02:00:00,43.02388060092926
2025-10-01 02:30:00,58.66862225532532
2025-10-01 03:00:00,45.715499103069305
2025-10-01 03:30:00,63.14534270763397
2025-10-01 04:00:00,65.44243294000626
2025-10-01 04:30:00,69.9445868730545
2025-10-01 05:00:00,34.880211889743805
2025-10-01 05:30:00,51.69177156686783
2025-10-01 06:00:00,48.05178892612457
2025-10-01 06:30:00,69.34622073173523
2025-10-01 07:00:00,64.217041015625
2025-10-01 07:30:00,45.53420099616051
2025-10-01 08:00:00,39.28997793793678
2025-10-01 08:30:00,30.891312420368195
2025-10-01 09:00:00,51.293496787548065
2025-10-01 09:30:00,50.141265869140625
2025-10-01 10:00:00,35.025290846824646
2025-10-01 10:30:00,47.03347837924957
2025-10-01 11:00:00,14.711782544851303
2025-10-01 11:30:00,48.90273803472519
2025-10-01 12:00:00,48.92647460103035
2025-10-01 12:30:00,46.586574137210846
2025-10-01 13:00:00,51.98308002948761
2025-10-01 13:30:00,42.11134245991707
2025-10-01 14:00:00,45.86549246311188
2025-10-01 14:30:00,59.19180381298065
2025-10-01 15:00:00,51.639545917510986
2025-10-01 15:30:00,59.34012049436569
2025-10-01 16:00:00,53.70251977443695
2025-10-01 16:30:00,54.2790601849556
2025-10-01 17:00:00,57.970025420188904
2025-10-01 17:30:00,40.54198569059372
2025-10-01 18:00:00,57.51029747724533
2025-10-01 18:30:00,48.70351392030716
2025-10-01 19:00:00,41.15026447176933
2025-10-01 19:30:00,64.14934945106506
2025-10-01 20:00:00,67.84517127275467
2025-10-01 20:30:00,53.232153594493866
2025-10-01 21:00:00,69.54740482568741
2025-10-01 21:30:00,55.6530636548996
2025-10-01 22:00:00,69.79817813634872
2025-10-01 22:30:00,36.33197855949402
2025-10-01 23:00:00,56.64081817865372
2025-10-01 23:30:00,43.0361752808094
2025-10-02 00:00:00,32.87281993031502
2025-10-02 00:30:00,38.95671781897545
2025-10-02 01:00:00,40.14241582155228
2025-10-02 01:30:00,33.592389702796936
2025-10-02 02:00:00,44.59010660648346
2025-10-02 02:30:00,22.237949296832085
2025-10-02 03:00:00,15.307442873716354
2025-10-02 03:30:00,19.67988258600235
2025-10-02 04:00:00,45.023730397224426
2025-10-02 04:30:00,58.75345063209534
2025-10-02 05:00:00,30.23908442258835
2025-10-02 05:30:00,41.217028081417084
2025-10-02 06:00:00,31.73168110847473
2025-10-02 06:30:00,42.90921312570572
2025-10-02 07:00:00,55.79869186878204
2025-10-02 07:30:00,39.784398674964905
2025-10-02 08:00:00,38.407825261354446
2025-10-02 08:30:00,25.471150904893875
2025-10-02 09:00:00,64.94451719522476
2025-10-02 09:30:00,66.69965863227844
2025-10-02 10:00:00,50.5023068189621
2025-10-02 10:30:00,29.853960007429123
2025-10-02 11:00:00,28.97751671075821
2025-10-02 11:30:00,39.02943652868271
2025-10-02 12:00:00,74.28490662574768
2025-10-02 12:30:00,63.02165585756302
2025-10-02 13:00:00,35.02926284074783
2025-10-02 13:30:00,45.858109295368195
2025-10-02 14:00:00,68.09322142601013
2025-10-02 14:30:00,27.726627707481384
2025-10-02 15:00:00,14.788932889699936
2025-10-02 15:30:00,23.783699586987495
2025-10-02 16:00:00,14.304453700780869
2025-10-02 16:30:00,11.790286339819431
2025-10-02 17:00:00,21.671367779374123
2025-10-02 17:30:00,25.764391884207726
2025-10-02 18:00:00,9.226026758551598
2025-10-02 18:30:00,25.08288849890232
2025-10-02 19:00:00,41.49950796365738
2025-10-02 19:30:00,30.19699689745903
2025-10-02 20:00:00,24.20614455640316
2025-10-02 20:30:00,67.97374361753464
2025-10-02 21:00:00,45.229464650154114
2025-10-02 21:30:00,40.64389884471893
2025-10-02 22:00:00,41.00822955369949
2025-10-02 22:30:00,40.94435966014862
2025-10-02 23:00:00,55.53167790174484
2025-10-02 23:30:00,31.844446420669556
2025-10-03 00:00:00,0.04446505010128032
2025-10-03 00:30:00,36.5025372505188
2025-10-03 01:00:00,63.59968215227127
2025-10-03 01:30:00,25.425822764635086
2025-10-03 02:00:00,26.170733511447906
2025-10-03 02:30:00,43.21434551477432
2025-10-03 03:00:00,54.27204126119614
2025-10-03 03:30:00,35.38422727584839
2025-10-03 04:00:00,33.160465717315674
2025-10-03 04:30:00,30.164651453495026
2025-10-03 05:00:00,11.903102964162827
2025-10-03 05:30:00,26.37963466346264
2025-10-03 06:00:00,44.716892421245575
2025-10-03 06:30:00,52.62432289123535
2025-10-03 07:00:00,51.65447413921356
2025-10-03 07:30:00,35.87162619829178
2025-10-03 08:00:00,26.49470540881157
2025-10-03 08:30:00,24.1144837141037
2025-10-03 09:00:00,26.55682346224785
2025-10-03 09:30:00,8.766264125704765
2025-10-03 10:00:00,22.96230338513851
2025-10-03 10:30:00,44.46611911058426
2025-10-03 11:00:00,57.78826767206192
2025-10-03 11:30:00,46.07566413283348
2025-10-03 12:00:00,24.58762075006962
2025-10-03 12:30:00,40.56185433268547
2025-10-03 13:00:00,33.788913786411285
2025-10-03 13:30:00,14.12099253386259
2025-10-03 14:00:00,23.196486249566078
2025-10-03 14:30:00,43.753050804138184
2025-10-03 15:00:00,47.25949466228485
2025-10-03 15:30:00,48.50375211238861
2025-10-03 16:00:00,74.26098793745041
2025-10-03 16:30:00,53.406487703323364
2025-10-03 17:00:00,65.351418197155
2025-10-03 17:30:00,54.23508495092392
2025-10-03 18:00:00,17.205921545624733
2025-10-03 18:30:00,25.8577568680048
2025-10-03 19:00:00,52.63524442911148
2025-10-03 19:30:00,50.12697073817253
2025-10-03 20:00:00,37.310314774513245
2025-10-03 20:30:00,41.68872982263565
2025-10-03 21:00:00,39.84521585702896
2025-10-03 21:30:00,52.29447394609451
2025-10-03 22:00:00,62.376649141311646
2025-10-03 22:30:00,35.43346959352493
2025-10-03 23:00:00,32.38817596435547
2025-10-03 23:30:00,35.187084555625916
2025-10-04 00:00:00,4.535142406821251
2025-10-04 00:30:00,33.31550645828247
2025-10-04 01:00:00,10.677189968526363
2025-10-04 01:30:00,35.99028879404068
2025-10-04 02:00:00,38.196323812007904
2025-10-04 02:30:00,26.933415606617928
2025-10-04 03:00:00,51.90967619419098
2025-10-04 03:30:00,55.814510464668274
2025-10-04 04:00:00,30.210910439491272
2025-10-04 04:30:00,50.09329551458359
2025-10-04 05:00:00,40.12613180279732
2025-10-04 05:30:00,89.6441792845726
2025-10-04 06:00:00,44.256684601306915
2025-10-04 06:30:00,61.45985281467438
2025-10-04 07:00:00,61.23251831531525
2025-10-04 07:30:00,23.547929659485817
2025-10-04 08:00:00,20.19368775188923
2025-10-04 08:30:00,57.93899530172348
2025-10-04 09:00:00,46.57673954963684
2025-10-04 09:30:00,35.08217650651932
2025-10-04 10:00:00,7.126976124942303
2025-10-04 10:30:00,4.668091461062431
2025-10-04 11:00:00,45.83857887983322
2025-10-04 11:30:00,66.8767968416214
2025-10-04 12:00:00,55.09932029247284
2025-10-04 12:30:00,49.079801082611084
2025-10-04 13:00:00,41.39245781302452
2025-10-04 13:30:00,53.973644495010376
2025-10-04 14:00:00,22.790864437818527
2025-10-04 14:30:00,30.330457627773285
2025-10-04 15:00:00,23.264793559908867
2025-10-04 15:30:00,43.64132618904114
2025-10-04 16:00:00,46.86561393737793
2025-10-04 16:30:00,11.952768787741661
2025-10-04 17:00:00,32.12362498044968
2025-10-04 17:30:00,34.54602670669556
2025-10-04 18:00:00,32.338017255067825
2025-10-04 18:30:00,46.521070927381516
2025-10-04 19:00:00,11.171920746564865
2025-10-04 19:30:00,38.3462333381176
2025-10-04 20:00:00,21.564100816845894
2025-10-04 20:30:00,44.642644464969635
2025-10-04 21:00:00,48.124423801898956
2025-10-04 21:30:00,31.32106250524521
2025-10-04 22:00:00,34.203718304634094
2025-10-04 22:30:00,31.793909013271332
2025-10-04 23:00:00,42.788388192653656
2025-10-04 23:30:00,16.166935816407204
2025-10-05 00:00:00,42.59759372472763
2025-10-05 00:30:00,49.878142952919006
2025-10-05 01:00:00,37.95596903562546
2025-10-05 01:30:00,44.10240703821182
2025-10-05 02:00:00,55.11632990837097
2025-10-05 02:30:00,46.50507599115372
2025-10-05 03:00:00,35.69903236627579
2025-10-05 03:30:00,40.51745414733887
2025-10-05 04:00:00,56.685342669487
2025-10-05 04:30:00,72.10307937860489
2025-10-05 05:00:00,48.27860885858536
2025-10-05 05:30:00,14.563175335526466
2025-10-05 06:00:00,32.774037539958954
2025-10-05 06:30:00,33.43501317501068
2025-10-05 07:00:00,57.63138836622238
2025-10-05 07:30:00,29.08959400653839
2025-10-05 08:00:00,55.57325953245163
2025-10-05 08:30:00,37.34574472904205
2025-10-05 09:00:00,36.12608531117439
2025-10-05 09:30:00,47.80630004405975
2025-10-05 10:00:00,34.77262982726097
2025-10-05 10:30:00,30.610107392072678
2025-10-05 11:00:00,21.233310908079147
2025-10-05 11:30:00,25.495806753635406
2025-10-05 12:00:00,35.244236171245575
2025-10-05 12:30:00,21.749943301081657
2025-10-05 13:00:00,61.40124422311783
2025-10-05 13:30:00,47.630040645599365
2025-10-05 14:00:00,49.175233006477356
2025-10-05 14:30:00,37.95138418674469
2025-10-05 15:00:00,39.401725679636
2025-10-05 15:30:00,44.02721956372261
2025-10-05 16:00:00,33.619291722774506
2025-10-05 16:30:00,62.1713889837265
2025-10-05 17:00:00,50.16808694601059
2025-10-05 17:30:00,52.5601350069046
2025-10-05 18:00:00,34.100047528743744
2025-10-05 18:30:00,38.40459042787552
2025-10-05 19:00:00,65.72231686115265
2025-10-05 19:30:00,50.399532198905945
2025-10-05 20:00:00,62.749276518821716
2025-10-05 20:30:00,36.72020772099495
2025-10-05 21:00:00,49.240785360336304
2025-10-05 21:30:00,25.65610735118389
2025-10-05 22:00:00,28.620736837387085
2025-10-05 22:30:00,28.730547726154327
2025-10-05 23:00:00,28.142790913581848
2025-10-05 23:30:00,52.89588701725006
2025-10-06 00:00:00,58.311449229717255
2025-10-06 00:30:00,62.29002267122269
2025-10-06 01:00:00,58.39884465932846
2025-10-06 01:30:00,56.62210875749588
2025-10-06 02:00:00,27.711569398641586
2025-10-06 02:30:00,37.34669291973114
2025-10-06 03:00:00,49.813845217227936
2025-10-06 03:30:00,14.765541777014732
2025-10-06 04:00:00,19.158728942275047
2025-10-06 04:30:00,30.650234937667847
2025-10-06 05:00:00,33.75603932142258
2025-10-06 05:30:00,25.19259387254715
2025-10-06 06:00:00,30.878754675388336
2025-10-06 06:30:00,62.97816628217697
2025-10-06 07:00:00,66.27136552333832
2025-10-06 07:30:00,23.121437534689903
2025-10-06 08:00:00,26.972923070192337
2025-10-06 08:30:00,30.617857694625854
2025-10-06 09:00:00,77.55577713251114
2025-10-06 09:30:00,46.472736328840256
2025-10-06 10:00:00,65.8579370379448
2025-10-06 10:30:00,25.252279296517372
2025-10-06 11:00:00,13.008466377854347
2025-10-06 11:30:00,20.391651466488838
2025-10-06 12:00:00,33.64467027783394
2025-10-06 12:30:00,40.86198270320892
2025-10-06 13:00:00,44.20293548703194
2025-10-06 13:30:00,51.61621117591858
2025-10-06 14:00:00,73.16671806573868
2025-10-06 14:30:00,50.532481253147125
2025-10-06 15:00:00,17.76385660469532
2025-10-06 15:30:00,38.67269712686539
2025-10-06 16:00:00,15.217194199562073
2025-10-06 16:30:00,7.588829547166824
2025-10-06 17:00:00,28.176220417022705
2025-10-06 17:30:00,44.91279208660126
2025-10-06 18:00:00,27.19259399175644
2025-10-06 18:30:00,42.80061060190201
2025-10-06 19:00:00,51.04553335905075
2025-10-06 19:30:00,53.88590794801712
2025-10-06 20:00:00,44.529399275779724
2025-10-06 20:30:00,57.03369289636612
2025-10-06 21:00:00,58.064896523952484
2025-10-06 21:30:00,66.90697127580643
2025-10-06 22:00:00,53.21495896577835
2025-10-06 22:30:00,40.44726201891899
2025-10-06 23:00:00,71.16004592180252
2025-10-06 23:30:00,58.29875272512436
2025-10-07 00:00:00,66.7397775053978
2025-10-07 00:30:00,52.54033863544464
2025-10-07 01:00:00,57.80705225467682
2025-10-07 01:30:00,44.4786074757576
2025-10-07 02:00:00,22.940976321697235
2025-10-07 02:30:00,36.75490629673004
2025-10-07 03:00:00,56.11475735902786
2025-10-07 03:30:00,36.31206655502319
2025-10-07 04:00:00,17.04862307012081
2025-10-07 04:30:00,37.93022045493126
2025-10-07 05:00:00,18.0525691062212
2025-10-07 05:30:00,24.763466760516167
2025-10-07 06:00:00,23.251547798514366
2025-10-07 06:30:00,16.9419704079628
2025-10-07 07:00:00,20.30719166994095
2025-10-07 07:30:00,57.0400584936142
2025-10-07 08:00:00,37.32398837804794
2025-10-07 08:30:00,45.59411624073982
2025-10-07 09:00:00,34.15957251191139
2025-10-07 09:30:00,26.12447452545166
2025-10-07 10:00:00,45.78692561388016
2025-10-07 10:30:00,43.32657313346863
2025-10-07 11:00:00,17.701904773712158
2025-10-07 11:30:00,39.865324437618256
2025-10-07 12:00:00,37.671945452690125
2025-10-07 12:30:00,47.15829265117645
2025-10-07 13:00:00,67.70866072177887
2025-10-07 13:30:00,47.54509952664375
2025-10-07 14:00:00,40.87909060716629
2025-10-07 14:30:00,49.83994936943054
2025-10-07 15:00:00,62.05525875091553
2025-10-07 15:30:00,35.66288259625435
2025-10-07 16:00:00,43.940364718437195
2025-10-07 16:30:00,46.91772395372391
2025-10-07 17:00:00,41.45535060763359
2025-10-07 17:30:00,13.507941000163555
2025-10-07 18:00:00,49.38767397403717
2025-10-07 18:30:00,42.49018222093582
2025-10-07 19:00:00,30.754478096961975
2025-10-07 19:30:00,40.95950758457184
2025-10-07 20:00:00,57.90181350708008
2025-10-07 20:30:00,66.59164583683014
2025-10-07 21:00:00,41.52904352545738
2025-10-07 21:30:00,62.63240623474121
2025-10-07 22:00:00,54.57074445486069
2025-10-07 22:30:00,32.6076503098011
2025-10-07 23:00:00,23.39754170179367
2025-10-07 23:30:00,43.75850000977516
2025-10-08 00:00:00,46.46961423754692
2025-10-08 00:30:00,68.65080958604813
2025-10-08 01:00:00,45.77193668484688
2025-10-08 01:30:00,19.667450591921806
2025-10-08 02:00:00,45.93323317170143
2025-10-08 02:30:00,28.399377673864365
2025-10-08 03:00:00,27.057394430041313
2025-10-08 03:30:00,1.3241539001464846
2025-10-08 04:00:00,40.53074038028717
2025-10-08 04:30:00,52.53588676452637
2025-10-08 05:00:00,26.189062789082527
2025-10-08 05:30:00,36.81354957818985
2025-10-08 06:00:00,64.70001119375229
2025-10-08 06:30:00,54.185570895671844
2025-10-08 07:00:00,31.462967336177826
2025-10-08 07:30:00,33.973712682724
2025-10-08 08:00:00,43.71183341741562
2025-10-08 08:30:00,60.50294917821884
2025-10-08 09:00:00,41.40201777219772
2025-10-08 09:30:00,55.08767604827881
2025-10-08 10:00:00,61.74134403467178
2025-10-08 10:30:00,45.97640186548233
2025-10-08 11:00:00,47.33810776472092
2025-10-08 11:30:00,47.0638464987278
2025-10-08 12:00:00,64.98591381311417
2025-10-08 12:30:00,27.427947640419006
2025-10-08 13:00:00,27.69962739944458
2025-10-08 13:30:00,21.709134966135025
2025-10-08 14:00:00,18.59573493897915
2025-10-08 14:30:00,22.669274881482124
2025-10-08 15:00:00,28.46486932039261
2025-10-08 15:30:00,38.34375590085983
2025-10-08 16:00:00,27.801959723234177
2025-10-08 16:30:00,50.905484437942505
2025-10-08 17:00:00,38.9262600839138
2025-10-08 17:30:00,63.91144609451294
2025-10-08 18:00:00,55.81025516986847
2025-10-08 18:30:00,59.00139093399048
2025-10-08 19:00:00,61.28679645061493
2025-10-08 19:30:00,61.31797111034393
2025-10-08 20:00:00,28.995121836662292
2025-10-08 20:30:00,23.485826060175896
2025-10-08 21:00:00,43.76218581199646
2025-10-08 21:30:00,34.92051288485527
2025-10-08 22:00:00,70.41484898328781
2025-10-08 22:30:00,37.45827877521515
2025-10-08 23:00:00,35.902338325977325
2025-10-08 23:30:00,53.79150515794754
2025-10-09 00:00:00,30.84955444931984
2025-10-09 00:30:00,49.42520844936371
2025-10-09 01:00:00,58.14966130256653
2025-10-09 01:30:00,32.65624797344208
2025-10-09 02:00:00,27.27306878566742
2025-10-09 02:30:00,5.957140080630779
2025-10-09 03:00:00,31.179070949554443
2025-10-09 03:30:00,22.8384647667408
2025-10-09 04:00:00,16.98651947081089
2025-10-09 04:30:00,62.96667814254761
2025-10-09 05:00:00,68.2513090968132
2025-10-09 05:30:00,91.88986486196518
2025-10-09 06:00:00,32.27543956041336
2025-10-09 06:30:00,21.412232756614685
2025-10-09 07:00:00,14.04384146630764
2025-10-09 07:30:00,32.12108972668648
2025-10-09 08:00:00,39.74446481466293
2025-10-09 08:30:00,19.059981241822243
2025-10-09 09:00:00,22.674742877483368
2025-10-09 09:30:00,31.21422627568245
2025-10-09 10:00:00,31.498128443956375
2025-10-09 10:30:00,19.97856843471527
2025-10-09 11:00:00,26.679394453763962
2025-10-09 11:30:00,24.41755783557892
2025-10-09 12:00:00,29.9420405626297
2025-10-09 12:30:00,10.100759409368038
2025-10-09 13:00:00,35.33926048874855
2025-10-09 13:30:00,36.64642807841301
2025-10-09 14:00:00,34.67188745737076
2025-10-09 14:30:00,42.585671961307526
2025-10-09 15:00:00,30.54363864660263
2025-10-09 15:30:00,32.076978623867035
2025-10-09 16:00:00,60.05606806278229
2025-10-09 16:30:00,45.11414384841919
2025-10-09 17:00:00,36.05740797519684
2025-10-09 17:30:00,45.92251110076904
2025-10-09 18:00:00,48.58139678835869
2025-10-09 18:30:00,55.86885219812393
2025-10-09 19:00:00,51.00460505485535
2025-10-09 19:30:00,40.939959824085236
2025-10-09 20:00:00,51.92833358049393
2025-10-09 20:30:00,36.13973289728165
2025-10-09 21:00:00,43.111293375492096
2025-10-09 21:30:00,57.04865002632141
2025-10-09 22:00:00,54.596958458423615
2025-10-09 22:30:00,28.750627398490906
2025-10-09 23:00:00,8.348331734538078
2025-10-09 23:30:00,12.005364462733269
2025-10-10 00:00:00,65.85166394710541
2025-10-10 00:30:00,50.5852532684803
2025-10-10 01:00:00,54.676028311252594
2025-10-10 01:30:00,45.565366983413696
2025-10-10 02:00:00,67.5117319226265
2025-10-10 02:30:00,64.3584486246109
2025-10-10 03:00:00,52.450133323669434
2025-10-10 03:30:00,24.634264215826988
2025-10-10 04:00:00,58.01146250963211
2025-10-10 04:30:00,45.62191730737686
2025-10-10 05:00:00,34.92087423801422
2025-10-10 05:30:00,43.66001537442207
2025-10-10 06:00:00,21.839012518525124
2025-10-10 06:30:00,43.93845099210739
2025-10-10 07:00:00,57.80225348472595
2025-10-10 07:30:00,86.30670994520187
2025-10-10 08:00:00,72.09723991155624
2025-10-10 08:30:00,68.02115315198898
2025-10-10 09:00:00,12.613925822079182
2025-10-10 09:30:00,8.821960210800171
2025-10-10 10:00:00,58.66238385438919
2025-10-10 10:30:00,55.81770193576813
2025-10-10 11:00:00,57.217075288295746
2025-10-10 11:30:00,45.532972395420074
2025-10-10 12:00:00,52.3067946434021
2025-10-10 12:30:00,60.54707473516464
2025-10-10 13:00:00,48.479070246219635
2025-10-10 13:30:00,40.403182715177536
2025-10-10 14:00:00,34.19275629520416
2025-10-10 14:30:00,48.541928350925446
2025-10-10 15:00:00,17.189257383346558
2025-10-10 15:30:00,50.93307447433472
2025-10-10 16:00:00,34.41498559713364
2025-10-10 16:30:00,26.280038505792618
2025-10-10 17:00:00,34.350670516490936
2025-10-10 17:30:00,49.064505726099014
2025-10-10 18:00:00,58.66380035877228
2025-10-10 18:30:00,24.96772091090679
2025-10-10 19:00:00,71.50089156627655
2025-10-10 19:30:00,73.74961829185486
2025-10-10 20:00:00,34.08996433019638
2025-10-10 20:30:00,67.73460298776627
2025-10-10 21:00:00,24.485979333519936
2025-10-10 21:30:00,33.6920884847641
2025-10-10 22:00:00,5.929922237992287
2025-10-10 22:30:00,21.850571483373642
2025-10-10 23:00:00,50.08812093734741
2025-10-10 23:30:00,50.52037736773491
2025-10-11 00:00:00,37.62394618988037
2025-10-11 00:30:00,24.645469054579735
2025-10-11 01:00:00,9.061040855944157
2025-10-11 01:30:00,43.79241228103638
2025-10-11 02:00:00,64.25223970413208
2025-10-11 02:30:00,53.288981437683105
2025-10-11 03:00:00,32.67946708202362
2025-10-11 03:30:00,35.046758115291595
2025-10-11 04:00:00,42.55367052555084
2025-10-11 04:30:00,72.13199919462204
2025-10-11 05:00:00,85.23030537366867
2025-10-11 05:30:00,53.435696601867676
2025-10-11 06:00:00,48.385442197322845
2025-10-11 06:30:00,24.919449910521507
2025-10-11 07:00:00,37.84677967429161
2025-10-11 07:30:00,37.87659275531769
2025-10-11 08:00:00,54.8746742606163
2025-10-11 08:30:00,42.52670779824257
2025-10-11 09:00:00,46.52605181932449
2025-10-11 09:30:00,66.33265680074692
2025-10-11 10:00:00,28.666440784931183
2025-10-11 10:30:00,35.73432356119156
2025-10-11 11:00:00,39.070890963077545
2025-10-11 11:30:00,47.68889206647873
2025-10-11 12:00:00,20.716555655002594
2025-10-11 12:30:00,53.93545091152191
2025-10-11 13:00:00,54.44395285844803
2025-10-11 13:30:00,37.90810853242874
2025-10-11 14:00:00,35.159639060497284
2025-10-11 14:30:00,37.01097270846367
2025-10-11 15:00:00,24.29029792547226
2025-10-11 15:30:00,18.678450122475624
2025-10-11 16:00:00,40.57233935594559
2025-10-11 16:30:00,14.54663186520338
2025-10-11 17:00:00,43.845834732055664
2025-10-11 17:30:00,35.37680941820145
2025-10-11 18:00:00,79.9521672129631
2025-10-11 18:30:00,60.12535536289215
2025-10-11 19:00:00,47.68045374751091
2025-10-11 19:30:00,26.644834637641907
2025-10-11 20:00:00,32.016011118888855
2025-10-11 20:30:00,46.194474160671234
2025-10-11 21:00:00,51.128875851631165
2025-10-11 21:30:00,62.25608438253403
2025-10-11 22:00:00,55.04301857948303
2025-10-11 22:30:00,35.59513899683952
2025-10-11 23:00:00,33.232036769390106
2025-10-11 23:30:00,0.00013568997383128778
2025-10-12 00:00:00,80.77833616733551
2025-10-12 00:30:00,38.326827228069305
2025-10-12 01:00:00,55.604544043540955
2025-10-12 01:30:00,43.37950414419174
2025-10-12 02:00:00,71.95580917596817
2025-10-12 02:30:00,61.57702374458313
2025-10-12 03:00:00,47.07788145542145
2025-10-12 03:30:00,24.10878011584282
2025-10-12 04:00:00,72.10778564214706
2025-10-12 04:30:00,53.41947329044342
2025-10-12 05:00:00,63.00794178247452
2025-10-12 05:30:00,54.20065522193909
2025-10-12 06:00:00,35.49072816967964
2025-10-12 06:30:00,25.891049057245255
2025-10-12 07:00:00,17.146114706993103
2025-10-12 07:30:00,40.75077843666077
2025-10-12 08:00:00,53.26557731628418
2025-10-12 08:30:00,40.326610535383224
2025-10-12 09:00:00,73.58119302988052
2025-10-12 09:30:00,67.27662688493729
2025-10-12 10:00:00,62.671374559402466
2025-10-12 10:30:00,51.31068563461304
2025-10-12 11:00:00,85.72157800197601
2025-10-12 11:30:00,91.43498772382736
2025-10-12 12:00:00,57.474404990673065
2025-10-12 12:30:00,65.49064034223557
2025-10-12 13:00:00,33.42488372325897
2025-10-12 13:30:00,38.12773898243904
2025-10-12 14:00:00,38.07463163137436
2025-10-12 14:30:00,39.89547574520111
2025-10-12 15:00:00,14.400422595441341
2025-10-12 15:30:00,42.77905082702637
2025-10-12 16:00:00,21.775151297450066
2025-10-12 16:30:00,65.33081239461899
2025-10-12 17:00:00,69.04142946004868
2025-10-12 17:30:00,46.5507915019989
2025-10-12 18:00:00,54.36675047874451
2025-10-12 18:30:00,38.086085081100464
2025-10-12 19:00:00,36.56739002466202
2025-10-12 19:30:00,34.50970059633255
2025-10-12 20:00:00,44.69809916615486
2025-10-12 20:30:00,46.45137023925781
2025-10-12 21:00:00,40.77420857548714
2025-10-12 21:30:00,57.08561211824417
2025-10-12 22:00:00,33.614883214235306
2025-10-12 22:30:00,62.911735117435455
2025-10-12 23:00:00,58.35095524787903
2025-10-12 23:30:00,54.3196936249733
2025-10-13 00:00:00,52.00469183921814
2025-10-13 00:30:00,29.795787930488586
2025-10-13 01:00:00,15.200404286384583
2025-10-13 01:30:00,31.007922530174255
2025-10-13 02:00:00,20.45912766456604
2025-10-13 02:30:00,54.14819252490997
2025-10-13 03:00:00,18.70864623785019
2025-10-13 03:30:00,68.73681741952896
2025-10-13 04:00:00,63.42044520378113
2025-10-13 04:30:00,49.222252279520035
2025-10-13 05:00:00,36.63371133804321
2025-10-13 05:30:00,68.76084017753601
2025-10-13 06:00:00,33.7145993411541
2025-10-13 06:30:00,61.84788829088211
2025-10-13 07:00:00,37.53024297952652
2025-10-13 07:30:00,20.28848947584629
2025-10-13 08:00:00,18.477917909622192
2025-10-13 08:30:00,32.59447970986366
2025-10-13 09:00:00,32.20073485374451
2025-10-13 09:30:00,67.35732716321945
2025-10-13 10:00:00,54.45613479614258
2025-10-13 10:30:00,56.07259178161621
2025-10-13 11:00:00,52.02772015333176
2025-10-13 11:30:00,73.2543967962265
2025-10-13 12:00:00,46.41851890087128
2025-10-13 12:30:00,53.366987466812134
2025-10-13 13:00:00,53.62852042913437
2025-10-13 13:30:00,30.746759593486786
2025-10-13 14:00:00,56.83179187774658
2025-10-13 14:30:00,39.807108998298645
2025-10-13 15:00:00,61.57724344730377
2025-10-13 15:30:00,32.612047255039215
2025-10-13 16:00:00,26.339650213718414
2025-10-13 16:30:00,18.790059104561806
2025-10-13 17:00:00,45.897161453962326
2025-10-13 17:30:00,68.89942055940628
2025-10-13 18:00:00,87.11907809972763
2025-10-13 18:30:00,43.698206067085266
2025-10-13 19:00:00,48.69564509391785
2025-10-13 19:30:00,48.07058507204056
2025-10-13 20:00:00,49.19019013643265
2025-10-13 20:30:00,36.59452909231186
2025-10-13 21:00:00,40.52708926796913
2025-10-13 21:30:00,52.697027146816254
2025-10-13 22:00:00,31.533578634262085
2025-10-13 22:30:00,37.98615503311157
2025-10-13 23:00:00,56.12099575996399
2025-10-13 23:30:00,48.63611143827438
2025-10-14 00:00:00,62.72938185930252
2025-10-14 00:30:00,57.60844099521637
2025-10-14 01:00:00,47.43309739232063
2025-10-14 01:30:00,45.057506799697876
2025-10-14 02:00:00,72.36787897348404
2025-10-14 02:30:00,65.08243268728256
2025-10-14 03:00:00,59.42984592914581
2025-10-14 03:30:00,32.8644625544548
2025-10-14 04:00:00,60.13214302062988
2025-10-14 04:30:00,46.78558433055878
2025-10-14 05:00:00,15.858240485191345
2025-10-14 05:30:00,28.215792924165726
2025-10-14 06:00:00,53.73528438806534
2025-10-14 06:30:00,42.869472950696945
2025-10-14 07:00:00,28.726032257080078
2025-10-14 07:30:00,46.615652948617935
2025-10-14 08:00:00,50.83811375498772
2025-10-14 08:30:00,79.69309145212173
2025-10-14 09:00:00,42.742588847875595
2025-10-14 09:30:00,42.99384492635727
2025-10-14 10:00:00,43.587788105010986
2025-10-14 10:30:00,34.288566917181015
2025-10-14 11:00:00,45.67439445853233
2025-10-14 11:30:00,62.84014672040939
2025-10-14 12:00:00,44.33597415685654
2025-10-14 12:30:00,43.7532733976841
2025-10-14 13:00:00,54.52496534585953
2025-10-14 13:30:00,60.290016770362854
2025-10-14 14:00:00,67.40347629785538
2025-10-14 14:30:00,33.83466398715973
2025-10-14 15:00:00,50.98989075422287
2025-10-14 15:30:00,40.37562158703804
2025-10-14 16:00:00,32.407281428575516
2025-10-14 16:30:00,32.4970617890358
2025-10-14 17:00:00,51.634666204452515
2025-10-14 17:30:00,48.792348980903625
2025-10-14 18:00:00,49.76874256134033
2025-10-14 18:30:00,27.03292214870453
2025-10-14 19:00:00,31.42207083106041
2025-10-14 19:30:00,26.754148304462433
2025-10-14 20:00:00,30.039744675159454
2025-10-14 20:30:00,8.375777952373028
2025-10-14 21:00:00,47.102384090423584
2025-10-14 21:30:00,42.574120223522186
2025-10-14 22:00:00,76.95726066827774
2025-10-14 22:30:00,52.36248928308487
2025-10-14 23:00:00,51.35629418492317
2025-10-14 23:30:00,37.17127764225006
2025-10-15 00:00:00,24.080606132745743
2025-10-15 00:30:00,38.43944799900055
2025-10-15 01:00:00,47.615771532058716
2025-10-15 01:30:00,37.90410763025284
2025-10-15 02:00:00,59.157368302345276
2025-10-15 02:30:00,77.66022843122482
2025-10-15 03:00:00,67.06327241659164
2025-10-15 03:30:00,40.54684227705002
2025-10-15 04:00:00,33.50490465760231
2025-10-15 04:30:00,22.584468185901642
2025-10-15 05:00:00,36.246314734220505
2025-10-15 05:30:00,31.53828200697899
2025-10-15 06:00:00,22.546555012464523
2025-10-15 06:30:00,56.68723905086517
2025-10-15 07:00:00,34.23595389723778
2025-10-15 07:30:00,23.873174965381622
2025-10-15 08:00:00,24.90655393898487
2025-10-15 08:30:00,39.50770044326782
2025-10-15 09:00:00,23.647642895579338
2025-10-15 09:30:00,44.32780757546425
2025-10-15 10:00:00,39.34405082464218
2025-10-15 10:30:00,69.1502343416214
2025-10-15 11:00:00,43.44631111621857
2025-10-15 11:30:00,57.35048109292984
2025-10-15 12:00:00,63.216931104660034
2025-10-15 12:30:00,44.04534503817558
2025-10-15 13:00:00,42.09807068109512
2025-10-15 13:30:00,27.654932349920273
2025-10-15 14:00:00,27.60448744893074
2025-10-15 14:30:00,31.840306758880615
2025-10-15 15:00:00,27.870139837265015
2025-10-15 15:30:00,25.783264636993408
2025-10-15 16:00:00,59.13844496011734
2025-10-15 16:30:00,38.11771938204765
2025-10-15 17:00:00,54.69051134586334
2025-10-15 17:30:00,62.074922144412994
2025-10-15 18:00:00,52.255627036094666
2025-10-15 18:30:00,59.15514814853668
2025-10-15 19:00:00,71.07823556661606
2025-10-15 19:30:00,73.76698058843613
2025-10-15 20:00:00,43.62061920762062
2025-10-15 20:30:00,46.03228151798248
2025-10-15 21:00:00,51.86888664960861
2025-10-15 21:30:00,43.46533274650574
2025-10-15 22:00:00,8.770403787493706
2025-10-15 22:30:00,27.791156709194183
2025-10-15 23:00:00,20.835518896579742
2025-10-15 23:30:00,9.34573944658041
2025-10-16 00:00:00,65.09749966859818
2025-10-16 00:30:00,55.8548663854599
2025-10-16 01:00:00,60.02970373630524
2025-10-16 01:30:00,46.16025546193123
2025-10-16 02:00:00,75.59110867977142
2025-10-16 02:30:00,41.42978993058205
2025-10-16 03:00:00,28.60676258802414
2025-10-16 03:30:00,45.08464875817299
2025-10-16 04:00:00,20.382705807685852
2025-10-16 04:30:00,61.32775366306305
2025-10-16 05:00:00,31.450768053531647
2025-10-16 05:30:00,66.46412575244904
2025-10-16 06:00:00,43.86259573698044
2025-10-16 06:30:00,28.114241123199463
2025-10-16 07:00:00,36.11463475227356
2025-10-16 07:30:00,29.66133564710617
2025-10-16 08:00:00,47.49774491786957
2025-10-16 08:30:00,14.04214671999216
2025-10-16 09:00:00,40.276133835315704
2025-10-16 09:30:00,58.2907971739769
2025-10-16 10:00:00,48.56447100639343
2025-10-16 10:30:00,41.940957218408585
2025-10-16 11:00:00,37.29767030477524
2025-10-16 11:30:00,46.6097614467144
2025-10-16 12:00:00,29.899236112833023
2025-10-16 12:30:00,37.629152566194534
2025-10-16 13:00:00,76.06338280439377
2025-10-16 13:30:00,62.441386282444
2025-10-16 14:00:00,37.77480101585388
2025-10-16 14:30:00,36.586746990680695
2025-10-16 15:00:00,67.15492314100266
2025-10-16 15:30:00,34.52010178565979
2025-10-16 16:00:00,31.051036298274994
2025-10-16 16:30:00,27.832605361938477
2025-10-16 17:00:00,27.657169848680496
2025-10-16 17:30:00,40.03907459974289
2025-10-16 18:00:00,38.62308767437935
2025-10-16 18:30:00,41.762642443180084
2025-10-16 19:00:00,48.33018118143082
2025-10-16 19:30:00,61.74677300453186
2025-10-16 20:00:00,34.98322066664696
2025-10-16 20:30:00,58.88184952735901
2025-10-16 21:00:00,31.871649086475372
2025-10-16 21:30:00,37.682277262210846
2025-10-16 22:00:00,38.30593812465668
2025-10-16 22:30:00,43.53958359360695
2025-10-16 23:00:00,8.34632983803749
2025-10-16 23:30:00,21.768703311681747
2025-10-17 00:00:00,16.677157804369926
2025-10-17 00:30:00,18.85541632771492
2025-10-17 01:00:00,44.40266838669777
2025-10-17 01:30:00,44.37326291203499
2025-10-17 02:00:00,46.30569577217102
2025-10-17 02:30:00,26.64484331011772
2025-10-17 03:00:00,69.51305603981018
2025-10-17 03:30:00,35.10031932592392
2025-10-17 04:00:00,57.05712592601776
2025-10-17 04:30:00,50.92618274688721
2025-10-17 05:00:00,71.8199172616005
2025-10-17 05:30:00,51.23177766799927
2025-10-17 06:00:00,11.536135822534561
2025-10-17 06:30:00,23.822487235069275
2025-10-17 07:00:00,24.877398520708084
2025-10-17 07:30:00,48.53338885307312
2025-10-17 08:00:00,59.29856777191162
2025-10-17 08:30:00,53.52775204181671
2025-10-17 09:00:00,27.590929478406906
2025-10-17 09:30:00,54.41402703523636
2025-10-17 10:00:00,32.3658963739872
2025-10-17 10:30:00,33.24823695421219
2025-10-17 11:00:00,25.704320535063744
2025-10-17 11:30:00,31.314465641975403
2025-10-17 12:00:00,38.15573662519455
2025-10-17 12:30:00,45.972539722919464
2025-10-17 13:00:00,45.40525284409523
2025-10-17 13:30:00,4.060423366725445
2025-10-17 14:00:00,5.5927905812859535
2025-10-17 14:30:00,43.28474000096321
2025-10-17 15:00:00,32.70590656995773
2025-10-17 15:30:00,37.25687497854233
2025-10-17 16:00:00,61.027963519096375
2025-10-17 16:30:00,51.0684055685997
2025-10-17 17:00:00,33.04194766283035
2025-10-17 17:30:00,51.955576717853546
2025-10-17 18:00:00,41.715912252664566
2025-10-17 18:30:00,34.134115904569626
2025-10-17 19:00:00,50.21366658806801
2025-10-17 19:30:00,77.29818147420883
2025-10-17 20:00:00,52.77659422159195
2025-10-17 20:30:00,41.49193978309631
2025-10-17 21:00:00,27.48670944571495
2025-10-17 21:30:00,34.402208149433136
2025-10-17 22:00:00,50.82186442613602
2025-10-17 22:30:00,32.80438542366028
2025-10-17 23:00:00,49.42303454875946
2025-10-17 23:30:00,67.13769382238388
2025-10-18 00:00:00,26.617503330111504
2025-10-18 00:30:00,26.28105029463768
2025-10-18 01:00:00,29.973177641630173
2025-10-18 01:30:00,19.06398792564869
2025-10-18 02:00:00,59.7136093378067
2025-10-18 02:30:00,35.96459513902664
2025-10-18 03:00:00,73.40497410297394
2025-10-18 03:30:00,43.24292132258415
2025-10-18 04:00:00,49.162527829408646
2025-10-18 04:30:00,34.17943826317787
2025-10-18 05:00:00,29.355862140655518
2025-10-18 05:30:00,44.28960531949997
2025-10-18 06:00:00,37.41624039411545
2025-10-18 06:30:00,60.31700551509857
2025-10-18 07:00:00,42.24191814661026
2025-10-18 07:30:00,30.774098128080368
2025-10-18 08:00:00,25.61492320895195
2025-10-18 08:30:00,17.78203122317791
2025-10-18 09:00:00,57.811544597148895
2025-10-18 09:30:00,19.495280265808105
2025-10-18 10:00:00,37.962120711803436
2025-10-18 10:30:00,58.62996035814285
2025-10-18 11:00:00,32.954942494630814
2025-10-18 11:30:00,51.69634485244751
2025-10-18 12:00:00,62.26206839084625
2025-10-18 12:30:00,57.031328201293945
2025-10-18 13:00:00,31.24172669649124
2025-10-18 13:30:00,73.42891591787338
2025-10-18 14:00:00,43.3202942609787
2025-10-18 14:30:00,49.74870625138283
2025-10-18 15:00:00,14.463469326496124
2025-10-18 15:30:00,61.64335083961487
2025-10-18 16:00:00,17.017370358109474
2025-10-18 16:30:00,52.61171889305115
2025-10-18 17:00:00,63.99433761835098
2025-10-18 17:30:00,63.9618678689003
2025-10-18 18:00:00,84.2522177696228
2025-10-18 18:30:00,52.478804528713226
2025-10-18 19:00:00,67.22830963134766
2025-10-18 19:30:00,63.69188791513443
2025-10-18 20:00:00,92.51388418674469
2025-10-18 20:30:00,18.67626465857029
2025-10-18 21:00:00,42.18308985233307
2025-10-18 21:30:00,36.72424042224884
2025-10-18 22:00:00,43.88734698295593
2025-10-18 22:30:00,38.953271955251694
2025-10-18 23:00:00,56.18858903646469
2025-10-18 23:30:00,35.88021194934845
2025-10-19 00:00:00,26.156912475824356
2025-10-19 00:30:00,37.56449058651924
2025-10-19 01:00:00,44.25671350955963
2025-10-19 01:30:00,54.57973492145538
2025-10-19 02:00:00,50.01930195093155
2025-10-19 02:30:00,25.952022343873978
2025-10-19 03:00:00,56.060722053050995
2025-10-19 03:30:00,30.229596734046936
2025-10-19 04:00:00,27.055354952812195
2025-10-19 04:30:00,38.29115444421768
2025-10-19 05:00:00,69.16258972883224
2025-10-19 05:30:00,40.25847378373146
2025-10-19 06:00:00,53.60154902935028
2025-10-19 06:30:00,27.7471005320549
2025-10-19 07:00:00,30.676382452249527
2025-10-19 07:30:00,51.236579328775406
2025-10-19 08:00:00,45.773928463459015
2025-10-19 08:30:00,54.421722412109375
2025-10-19 09:00:00,50.628789097070694
2025-10-19 09:30:00,25.355139195919037
2025-10-19 10:00:00,25.443105563521385
2025-10-19 10:30:00,41.59304350614548
2025-10-19 11:00:00,67.49597692489624
2025-10-19 11:30:00,52.74161523580551
2025-10-19 12:00:00,58.10806232690811
2025-10-19 12:30:00,29.03850156068802
2025-10-19 13:00:00,42.97129648923874
2025-10-19 13:30:00,27.727327287197113
2025-10-19 14:00:00,25.683831810951233
2025-10-19 14:30:00,32.82957607507706
2025-10-19 15:00:00,68.23693591356277
2025-10-19 15:30:00,45.09046220779419
2025-10-19 16:00:00,63.094851553440094
2025-10-19 16:30:00,76.15750807523727
2025-10-19 17:00:00,39.495515614748
2025-10-19 17:30:00,60.98801809549332
2025-10-19 18:00:00,26.16233855485916
2025-10-19 18:30:00,30.29762363433838
2025-10-19 19:00:00,49.844667196273804
2025-10-19 19:30:00,35.205617636442184
2025-10-19 20:00:00,60.812868773937225
2025-10-19 20:30:00,39.25212547183037
2025-10-19 21:00:00,27.71731346845627
2025-10-19 21:30:00,35.98636305332184
2025-10-19 22:00:00,34.60599687695503
2025-10-19 22:30:00,28.729194819927216
2025-10-19 23:00:00,52.227984964847565
2025-10-19 23:30:00,76.56746178865433
2025-10-20 00:00:00,40.887378603219986
2025-10-20 00:30:00,30.161014795303345
2025-10-20 01:00:00,36.71693241596222
2025-10-20 01:30:00,37.13003134727478
2025-10-20 02:00:00,7.743300072848797
2025-10-20 02:30:00,16.285890385508537
2025-10-20 03:00:00,24.785371989011765
2025-10-20 03:30:00,22.85581983625889
2025-10-20 04:00:00,20.07147377729416
2025-10-20 04:30:00,76.28451359272003
2025-10-20 05:00:00,74.66984313726425
2025-10-20 05:30:00,32.88423869013786
2025-10-20 06:00:00,34.83329379558563
2025-10-20 06:30:00,40.953240275382996
2025-10-20 07:00:00,42.961409866809845
2025-10-20 07:30:00,45.286026537418365
2025-10-20 08:00:00,51.50239360332489
2025-10-20 08:30:00,58.90394699573517
2025-10-20 09:00:00,17.74980141222477
2025-10-20 09:30:00,30.183242350816727
2025-10-20 10:00:00,40.3796369433403
2025-10-20 10:30:00,58.01883411407471
2025-10-20 11:00:00,51.322630524635315
2025-10-20 11:30:00,86.98462003469467
2025-10-20 12:00:00,38.17852500081062
2025-10-20 12:30:00,22.818227544426918
2025-10-20 13:00:00,62.69076043367386
2025-10-20 13:30:00,48.59917825460434
2025-10-20 14:00:00,38.84834077954292
2025-10-20 14:30:00,58.3511518239975
2025-10-20 15:00:00,63.357436776161194
2025-10-20 15:30:00,76.13109749555588
2025-10-20 16:00:00,72.28453069925308
2025-10-20 16:30:00,55.048638343811035
2025-10-20 17:00:00,53.365044832229614
2025-10-20 17:30:00,49.08265143632889
2025-10-20 18:00:00,75.365942299366
2025-10-20 18:30:00,68.38173735141754
2025-10-20 19:00:00,35.23222190141678
2025-10-20 19:30:00,70.52764320373535
2025-10-20 20:00:00,44.011444330215454
2025-10-20 20:30:00,55.59166830778122
2025-10-20 21:00:00,68.4633337855339
2025-10-20 21:30:00,50.32673543691635
2025-10-20 22:00:00,64.00447863340378
2025-10-20 22:30:00,71.35259801149368
2025-10-20 23:00:00,59.495548605918884
2025-10-20 23:30:00,37.81347447633743
2025-10-21 00:00:00,46.11203649640083
2025-10-21 00:30:00,30.453453570604324
2025-10-21 01:00:00,14.36677049845457
2025-10-21 01:30:00,13.540197551250458
2025-10-21 02:00:00,43.69558697938919
2025-10-21 02:30:00,71.33272069692612
2025-10-21 03:00:00,47.40067678689957
2025-10-21 03:30:00,92.49741804599762
2025-10-21 04:00:00,29.459848016500473
2025-10-21 04:30:00,21.002247244119644
2025-10-21 05:00:00,30.42285418510437
2025-10-21 05:30:00,29.69773691892624
2025-10-21 06:00:00,33.34404468536377
2025-10-21 06:30:00,44.18879646062851
2025-10-21 07:00:00,57.69338500499725
2025-10-21 07:30:00,31.935065120458603
2025-10-21 08:00:00,62.640043795108795
2025-10-21 08:30:00,45.191334664821625
2025-10-21 09:00:00,66.9508655667305
2025-10-21 09:30:00,34.392651081085205
2025-10-21 10:00:00,66.72577434778214
2025-10-21 10:30:00,51.695385098457336
2025-10-21 11:00:00,26.45589752495289
2025-10-21 11:30:00,27.073275178670883
2025-10-21 12:00:00,37.3861700296402
2025-10-21 12:30:00,45.340625554323196
2025-10-21 13:00:00,9.985893189907074
2025-10-21 13:30:00,15.507128074765205
2025-10-21 14:00:00,27.35872393846512
2025-10-21 14:30:00,25.80427660048008
2025-10-21 15:00:00,25.33553072810173
2025-10-21 15:30:00,30.445477783679962
2025-10-21 16:00:00,47.277388870716095
2025-10-21 16:30:00,11.985490761697292
2025-10-21 17:00:00,36.81076282262802
2025-10-21 17:30:00,25.09741634130478
2025-10-21 18:00:00,64.35384064912796
2025-10-21 18:30:00,77.42375892400742
2025-10-21 19:00:00,54.384615778923035
2025-10-21 19:30:00,46.22455030679703
2025-10-21 20:00:00,38.06507456302643
2025-10-21 20:30:00,43.98726546764374
2025-10-21 21:00:00,45.912537753582
2025-10-21 21:30:00,51.71379965543747
2025-10-21 22:00:00,55.63415765762329
2025-10-21 22:30:00,23.822708383202553
2025-10-21 23:00:00,24.827213793992996
2025-10-21 23:30:00,56.22023779153824
2025-10-22 00:00:00,39.10184881091118
2025-10-22 00:30:00,55.10076570510864
2025-10-22 01:00:00,43.817169308662415
2025-10-22 01:30:00,41.2153976559639
2025-10-22 02:00:00,25.46923717856407
2025-10-22 02:30:00,44.858947575092316
2025-10-22 03:00:00,-2.9462541341781616
2025-10-22 03:30:00,33.771693140268326
2025-10-22 04:00:00,46.432747542858124
2025-10-22 04:30:00,28.67813417315483
2025-10-22 05:00:00,15.68240025639534
2025-10-22 05:30:00,16.656976953148842
2025-10-22 06:00:00,8.093962237238884
2025-10-22 06:30:00,42.27815753221512
2025-10-22 07:00:00,84.19660985469818
2025-10-22 07:30:00,40.88656049966812
2025-10-22 08:00:00,48.37441369891167
2025-10-22 08:30:00,20.827530100941658
2025-10-22 09:00:00,72.97889536619186
2025-10-22 09:30:00,39.08432173728943
2025-10-22 10:00:00,17.430631175637245
2025-10-22 10:30:00,15.211224645376205
2025-10-22 11:00:00,6.44439735263586
2025-10-22 11:30:00,0.004797145724296681
2025-10-22 12:00:00,32.0107324719429
2025-10-22 12:30:00,72.61432182788849
2025-10-22 13:00:00,12.668412819504738
2025-10-22 13:30:00,14.011032044887543
2025-10-22 14:00:00,11.372309140861034
2025-10-22 14:30:00,34.88125836849213
2025-10-22 15:00:00,52.91694378852844
2025-10-22 15:30:00,55.30985909700394
2025-10-22 16:00:00,41.778171956539154
2025-10-22 16:30:00,36.88002121448517
2025-10-22 17:00:00,53.815285086631775
2025-10-22 17:30:00,64.08463543653488
2025-10-22 18:00:00,62.35534954071045
2025-10-22 18:30:00,73.90251404047012
2025-10-22 19:00:00,72.47083860635757
2025-10-22 19:30:00,26.73559932410717
2025-10-22 20:00:00,13.033612221479416
2025-10-22 20:30:00,41.53407645225525
2025-10-22 21:00:00,33.03875330090523
2025-10-22 21:30:00,46.99170884490013
2025-10-22 22:00:00,37.72346284985542
2025-10-22 22:30:00,18.930307492613792
2025-10-22 23:00:00,37.90236735343933
2025-10-22 23:30:00,38.54927912354469
2025-10-23 00:00:00,76.11696714162827
2025-10-23 00:30:00,41.59704729914665
2025-10-23 01:00:00,34.407949328422546
2025-10-23 01:30:00,26.92158056795597
2025-10-23 02:00:00,31.514001965522766
2025-10-23 02:30:00,30.997821986675262
2025-10-23 03:00:00,37.06905806064606
2025-10-23 03:30:00,17.247539311647415
2025-10-23 04:00:00,32.40169635415077
2025-10-23 04:30:00,42.501219391822815
2025-10-23 05:00:00,27.761355191469193
2025-10-23 05:30:00,48.22030380368233
2025-10-23 06:00:00,67.00187128782272
2025-10-23 06:30:00,48.518859565258026
2025-10-23 07:00:00,42.61268961429596
2025-10-23 07:30:00,37.70775410532951
2025-10-23 08:00:00,24.02077616751194
2025-10-23 08:30:00,35.960192412137985
2025-10-23 09:00:00,30.09293007850647
2025-10-23 09:30:00,19.842907786369324
2025-10-23 10:00:00,25.441876962780952
2025-10-23 10:30:00,32.88589224219322
2025-10-23 11:00:00,42.87826105952263
2025-10-23 11:30:00,57.2068475484848
2025-10-23 12:00:00,37.0709370970726
2025-10-23 12:30:00,58.39466452598572
2025-10-23 13:00:00,62.80649173259735
2025-10-23 13:30:00,33.55723148584366
2025-10-23 14:00:00,32.05623406171799
2025-10-23 14:30:00,49.421297162771225
2025-10-23 15:00:00,45.77407878637314
2025-10-23 15:30:00,23.04340548813343
2025-10-23 16:00:00,58.97162699699402
2025-10-23 16:30:00,36.37921464443207
2025-10-23 17:00:00,45.46123078465462
2025-10-23 17:30:00,72.60697335004807
2025-10-23 18:00:00,46.50960302352905
2025-10-23 18:30:00,30.243761777877808
2025-10-23 19:00:00,46.4882889688015
2025-10-23 19:30:00,23.046196579933167
2025-10-23 20:00:00,34.17893525958061
2025-10-23 20:30:00,45.60600620508194
2025-10-23 21:00:00,50.598143458366394
2025-10-23 21:30:00,23.13201940059662
2025-10-23 22:00:00,33.9920491874218
2025-10-23 22:30:00,71.0296465754509
2025-10-23 23:00:00,46.436132699251175
2025-10-23 23:30:00,27.988669455051422
2025-10-24 00:00:00,21.227798104286194
2025-10-24 00:30:00,31.90173101425171
2025-10-24 01:00:00,50.882632464170456
2025-10-24 01:30:00,66.44092977046967
2025-10-24 02:00:00,44.99375253915787
2025-10-24 02:30:00,37.64089220762253
2025-10-24 03:00:00,40.77398598194122
2025-10-24 03:30:00,25.44707177579403
2025-10-24 04:00:00,47.31548127532005
2025-10-24 04:30:00,45.64352911710739
2025-10-24 05:00:00,21.153006672859192
2025-10-24 05:30:00,34.990485310554504
2025-10-24 06:00:00,49.52609246969223
2025-10-24 06:30:00,45.72095987200737
2025-10-24 07:00:00,35.00573152303696
2025-10-24 07:30:00,59.47674089670181
2025-10-24 08:00:00,25.534814104437828
2025-10-24 08:30:00,30.481191039085388
2025-10-24 09:00:00,42.28543663024902
2025-10-24 09:30:00,29.59808439016342
2025-10-24 10:00:00,14.44724890589714
2025-10-24 10:30:00,27.63290426135063
2025-10-24 11:00:00,31.93849942088127
2025-10-24 11:30:00,54.257968723773956
2025-10-24 12:00:00,53.41724157333374
2025-10-24 12:30:00,53.76830339431763
2025-10-24 13:00:00,60.94754076004028
2025-10-24 13:30:00,61.57101660966873
2025-10-24 14:00:00,47.12330788373947
2025-10-24 14:30:00,41.814235001802444
2025-10-24 15:00:00,51.97235506772995
2025-10-24 15:30:00,48.832800298929214
2025-10-24 16:00:00,33.42360019683838
2025-10-24 16:30:00,88.63932263851166
2025-10-24 17:00:00,51.33375442028046
2025-10-24 17:30:00,44.56626886129379
2025-10-24 18:00:00,5.203748375177383
2025-10-24 18:30:00,14.446750238537788
2025-10-24 19:00:00,20.786370530724525
2025-10-24 19:30:00,41.97565001249313
2025-10-24 20:00:00,40.263914316892624
2025-10-24 20:30:00,63.69939249753952
2025-10-24 21:00:00,66.92928266525269
2025-10-24 21:30:00,43.09023082256317
2025-10-24 22:00:00,84.96397364139557
2025-10-24 22:30:00,49.62184238433838
2025-10-24 23:00:00,36.8916249871254
2025-10-24 23:30:00,50.29571110010147
2025-10-25 00:00:00,8.962340131402016
2025-10-25 00:30:00,57.845534920692444
2025-10-25 01:00:00,43.15403711795807
2025-10-25 01:30:00,34.7882142663002
2025-10-25 02:00:00,27.596812307834625
2025-10-25 02:30:00,63.62025326490402
2025-10-25 03:00:00,53.20604366064072
2025-10-25 03:30:00,36.40901905298233
2025-10-25 04:00:00,31.76379817724228
2025-10-25 04:30:00,39.71218007802963
2025-10-25 05:00:00,82.08758515119553
2025-10-25 05:30:00,59.66498565673828
2025-10-25 06:00:00,20.177607536315918
2025-10-25 06:30:00,63.06517434120178
2025-10-25 07:00:00,42.70659229159355
2025-10-25 07:30:00,46.45524683594704
2025-10-25 08:00:00,57.62823736667633
2025-10-25 08:30:00,31.726769596338272
2025-10-25 09:00:00,37.34248387813568
2025-10-25 09:30:00,43.04808837175369
2025-10-25 10:00:00,54.11103963851929
2025-10-25 10:30:00,17.68041004240513
2025-10-25 11:00:00,16.04693476855755
2025-10-25 11:30:00,15.866529926657677
2025-10-25 12:00:00,70.79715484380722
2025-10-25 12:30:00,34.72830191254616
2025-10-25 13:00:00,77.10093468427658
2025-10-25 13:30:00,28.732056736946106
2025-10-25 14:00:00,27.36792254447937
2025-10-25 14:30:00,51.000716894865036
2025-10-25 15:00:00,43.322771698236465
2025-10-25 15:30:00,27.914927393198013
2025-10-25 16:00:00,43.47386935353279
2025-10-25 16:30:00,30.90962579846382
2025-10-25 17:00:00,43.11737856268883
2025-10-25 17:30:00,49.75915080308914
2025-10-25 18:00:00,52.32407021522522
2025-10-25 18:30:00,54.89914220571518
2025-10-25 19:00:00,58.416507601737976
2025-10-25 19:30:00,50.14928501844406
2025-10-25 20:00:00,24.326428905129433
2025-10-25 20:30:00,43.08745563030243
2025-10-25 21:00:00,29.13533264398575
2025-10-25 21:30:00,43.863327115774155
2025-10-25 22:00:00,69.0781718492508
2025-10-25 22:30:00,24.970192566514015
2025-10-25 23:00:00,6.641732312738895
2025-10-25 23:30:00,32.85495752096176
2025-10-26 00:00:00,55.03800010681152
2025-10-26 00:30:00,36.73303431272507
2025-10-26 01:00:00,37.011287808418274
2025-10-26 01:30:00,34.085798650979996
2025-10-26 02:00:00,28.482147783041
2025-10-26 02:30:00,32.305767208337784
2025-10-26 03:00:00,41.10156852006912
2025-10-26 03:30:00,21.21245215833187
2025-10-26 04:00:00,28.451137900352478
2025-10-26 04:30:00,48.11605775356293
2025-10-26 05:00:00,69.4880388379097
2025-10-26 05:30:00,63.794107496738434
2025-10-26 06:00:00,25.798911228775978
2025-10-26 06:30:00,22.566240087151527
2025-10-26 07:00:00,13.650797635316849
2025-10-26 07:30:00,25.48040299117565
2025-10-26 08:00:00,13.038031570613384
2025-10-26 08:30:00,27.166841074824333
2025-10-26 09:00:00,11.428534246981144
2025-10-26 09:30:00,62.68043440580368
2025-10-26 10:00:00,40.75736951828003
2025-10-26 10:30:00,42.19734451174736
2025-10-26 11:00:00,50.175527930259705
2025-10-26 11:30:00,46.843559831380844
2025-10-26 12:00:00,31.2189759016037
2025-10-26 12:30:00,22.485012233257294
2025-10-26 13:00:00,42.50227743387222
2025-10-26 13:30:00,68.46683746576309
2025-10-26 14:00:00,65.02341359853745
2025-10-26 14:30:00,69.10507386922836
2025-10-26 15:00:00,65.78794437646866
2025-10-26 15:30:00,37.73245620727539
2025-10-26 16:00:00,66.01631957292557
2025-10-26 16:30:00,52.217693626880646
2025-10-26 17:00:00,52.061496555805206
2025-10-26 17:30:00,35.53971320390701
2025-10-26 18:00:00,16.945987209677696
2025-10-26 18:30:00,31.432495146989822
2025-10-26 19:00:00,62.53763920068741
2025-10-26 19:30:00,22.619029447436333
2025-10-26 20:00:00,25.549735099077225
2025-10-26 20:30:00,32.47115421295166
2025-10-26 21:00:00,43.51591929793358
2025-10-26 21:30:00,49.09681937098503
2025-10-26 22:00:00,27.955254405736923
2025-10-26 22:30:00,14.077377207577229
2025-10-26 23:00:00,15.257873892784119
2025-10-26 23:30:00,27.46423038840294
2025-10-27 00:00:00,10.330558337271214
2025-10-27 00:30:00,10.730677463114262
2025-10-27 01:00:00,22.76772627234459
2025-10-27 01:30:00,36.94705078005791
2025-10-27 02:00:00,51.866388976573944
2025-10-27 02:30:00,45.72768971323967
2025-10-27 03:00:00,21.6760176718235
2025-10-27 03:30:00,43.135911643505096
2025-10-27 04:00:00,43.36754769086838
2025-10-27 04:30:00,17.991530776023865
2025-10-27 05:00:00,38.27987444400787
2025-10-27 05:30:00,28.07419741153717
2025-10-27 06:00:00,22.515137523412704
2025-10-27 06:30:00,52.0301079750061
2025-10-27 07:00:00,38.958189249038696
2025-10-27 07:30:00,62.10642057657242
2025-10-27 08:00:00,37.61888435482979
2025-10-27 08:30:00,69.97196298837662
2025-10-27 09:00:00,32.0427021086216
2025-10-27 09:30:00,69.76259207725525
2025-10-27 10:00:00,63.97010672092438
2025-10-27 10:30:00,32.566589027643204
2025-10-27 11:00:00,28.44788283109665
2025-10-27 11:30:00,1.751610115170479
2025-10-27 12:00:00,30.8537634909153
2025-10-27 12:30:00,68.16468262672424
2025-10-27 13:00:00,14.98451528698206
2025-10-27 13:30:00,67.75848120450974
2025-10-27 14:00:00,40.5637246966362
2025-10-27 14:30:00,40.455691665410995
2025-10-27 15:00:00,48.19876715540886
2025-10-27 15:30:00,52.13763511180878
2025-10-27 16:00:00,41.79532033205032
2025-10-27 16:30:00,31.976346105337143
2025-10-27 17:00:00,54.24283814430237
2025-10-27 17:30:00,28.15934666991234
2025-10-27 18:00:00,33.3426975607872
2025-10-27 18:30:00,48.311338782310486
2025-10-27 19:00:00,36.350378662347794
2025-10-27 19:30:00,72.02349495887756
2025-10-27 20:00:00,50.695677012205124
2025-10-27 20:30:00,41.37424272298813
2025-10-27 21:00:00,43.07554253935814
2025-10-27 21:30:00,18.844341576099396
2025-10-27 22:00:00,54.58034199476242
2025-10-27 22:30:00,19.26507806777954
2025-10-27 23:00:00,29.105256497859955
2025-10-27 23:30:00,20.18541131913662
2025-10-28 00:00:00,32.98554766178131
2025-10-28 00:30:00,37.93305057287216
2025-10-28 01:00:00,29.862490832805634
2025-10-28 01:30:00,69.77313202619553
2025-10-28 02:00:00,26.442976981401443
2025-10-28 02:30:00,36.637024223804474
2025-10-28 03:00:00,39.751486629247665
2025-10-28 03:30:00,40.95921850204468
2025-10-28 04:00:00,56.448896288871765
2025-10-28 04:30:00,35.78509223461151
2025-10-28 05:00:00,49.62309122085571
2025-10-28 05:30:00,36.775911033153534
2025-10-28 06:00:00,55.25595098733902
2025-10-28 06:30:00,49.78709930181503
2025-10-28 07:00:00,32.05231699347496
2025-10-28 07:30:00,35.88422152400017
2025-10-28 08:00:00,49.947077572345734
2025-10-28 08:30:00,37.822837859392166
2025-10-28 09:00:00,53.84018665552139
2025-10-28 09:30:00,31.310765385627747
2025-10-28 10:00:00,18.135534346103668
2025-10-28 10:30:00,12.88981606811285
2025-10-28 11:00:00,22.42652216553688
2025-10-28 11:30:00,8.965412355959415
2025-10-28 12:00:00,43.508677780628204
2025-10-28 12:30:00,67.30157470703125
2025-10-28 13:00:00,20.07610632479191
2025-10-28 13:30:00,36.23325687646866
2025-10-28 14:00:00,42.872331976890564
2025-10-28 14:30:00,26.023078829050064
2025-10-28 15:00:00,46.932059556245804
2025-10-28 15:30:00,35.26416552066803
2025-10-28 16:00:00,52.653624296188354
2025-10-28 16:30:00,52.76020324230194
2025-10-28 17:00:00,72.91004168987274
2025-10-28 17:30:00,43.65315833687782
2025-10-28 18:00:00,66.73837834596634
2025-10-28 18:30:00,59.68137085437775
2025-10-28 19:00:00,38.98238256573677
2025-10-28 19:30:00,46.121469259262085
2025-10-28 20:00:00,18.112808123230934
2025-10-28 20:30:00,42.48945373296738
2025-10-28 21:00:00,23.48960292339325
2025-10-28 21:30:00,30.220565795898438
2025-10-28 22:00:00,61.57268750667572
2025-10-28 22:30:00,82.15209102630615
2025-10-28 23:00:00,40.79462069272995
2025-10-28 23:30:00,47.034993171691895
2025-10-29 00:00:00,16.037701472640038
2025-10-29 00:30:00,45.069110572338104
2025-10-29 01:00:00,33.69734111428261
2025-10-29 01:30:00,47.90164524316788
2025-10-29 02:00:00,50.637661039829254
2025-10-29 02:30:00,33.07622706890106
2025-10-29 03:00:00,46.05164137482643
2025-10-29 03:30:00,52.90665823221207
2025-10-29 04:00:00,40.82749226689339
2025-10-29 04:30:00,39.27395409345627
2025-10-29 05:00:00,29.852106988430023
2025-10-29 05:30:00,37.99861738085747
2025-10-29 06:00:00,58.50694417953491
2025-10-29 06:30:00,26.55041739344597
2025-10-29 07:00:00,39.47029894590378
2025-10-29 07:30:00,49.70212349295616
2025-10-29 08:00:00,30.83618438243866
2025-10-29 08:30:00,29.90014672279358
2025-10-29 09:00:00,62.60535389184952
2025-10-29 09:30:00,72.11461955308914
2025-10-29 10:00:00,57.19159555435181
2025-10-29 10:30:00,46.45245140790939
2025-10-29 11:00:00,51.373809695243835
2025-10-29 11:30:00,30.70481950044632
2025-10-29 12:00:00,31.83616131544113
2025-10-29 12:30:00,43.51201379299164
2025-10-29 13:00:00,27.423226922750473
2025-10-29 13:30:00,22.512833535671234
2025-10-29 14:00:00,34.68853282928467
2025-10-29 14:30:00,41.90935471653938
2025-10-29 15:00:00,67.6584123969078
2025-10-29 15:30:00,55.261611223220825
2025-10-29 16:00:00,40.9885488152504
2025-10-29 16:30:00,36.3052442073822
2025-10-29 17:00:00,60.874125361442566
2025-10-29 17:30:00,35.08297437429428
2025-10-29 18:00:00,48.82846984267235
2025-10-29 18:30:00,25.468977004289627
2025-10-29 19:00:00,55.3400913476944
2025-10-29 19:30:00,37.11416360735893
2025-10-29 20:00:00,26.509755045175552
2025-10-29 20:30:00,41.60051918029785
2025-10-29 21:00:00,45.87881338596344
2025-10-29 21:30:00,20.98418825864792
2025-10-29 22:00:00,28.020919501781464
2025-10-29 22:30:00,45.518003702163696
2025-10-29 23:00:00,51.443825483322144
2025-10-29 23:30:00,18.173447519540787
2025-10-30 00:00:00,40.72664004564285
2025-10-30 00:30:00,16.296066090464592
2025-10-30 01:00:00,27.699245810508728
2025-10-30 01:30:00,67.52670639753342
2025-10-30 02:00:00,65.0962450504303
2025-10-30 02:30:00,49.183133631944656
2025-10-30 03:00:00,48.01192444562912
2025-10-30 03:30:00,87.03407627344131
2025-10-30 04:00:00,93.78828138113022
2025-10-30 04:30:00,66.4717748761177
2025-10-30 05:00:00,65.39909368753433
2025-10-30 05:30:00,48.64182949066162
2025-10-30 06:00:00,37.458828032016754
2025-10-30 06:30:00,40.39572727680206
2025-10-30 07:00:00,23.841284826397896
2025-10-30 07:30:00,48.04037883877754
2025-10-30 08:00:00,55.34507513046265
2025-10-30 08:30:00,42.863266348838806
2025-10-30 09:00:00,55.77072024345398
2025-10-30 09:30:00,24.139203161001205
2025-10-30 10:00:00,26.92927160859108
2025-10-30 10:30:00,58.57229995727539
2025-10-30 11:00:00,25.45162771642208
2025-10-30 11:30:00,32.973172038793564
2025-10-30 12:00:00,70.81030231714249
2025-10-30 12:30:00,30.767885744571686
2025-10-30 13:00:00,5.558923840522766
2025-10-30 13:30:00,25.849359020590782
2025-10-30 14:00:00,15.76202803850174
2025-10-30 14:30:00,71.2214817404747
2025-10-30 15:00:00,23.359934955835342
2025-10-30 15:30:00,40.79277345538139
2025-10-30 16:00:00,35.44102621078491
2025-10-30 16:30:00,47.16757220029831
2025-10-30 17:00:00,59.3079571723938
2025-10-30 17:30:00,44.09789156913757
2025-10-30 18:00:00,49.30160254240036
2025-10-30 18:30:00,46.610001385211945
2025-10-30 19:00:00,48.28268203139305
2025-10-30 19:30:00,42.562762171030045
2025-10-30 20:00:00,70.54016047716141
2025-10-30 20:30:00,49.009947180747986
2025-10-30 21:00:00,48.70938229560852
2025-10-30 21:30:00,27.07245996594429
2025-10-30 22:00:00,26.573228895664215
2025-10-30 22:30:00,41.74124455451965
2025-10-30 23:00:00,32.70615807175636
2025-10-30 23:30:00,26.038471028208733
2025-10-31 00:00:00,37.0505336523056
2025-10-31 00:30:00,43.431229680776596
2025-10-31 01:00:00,34.39127504825592
2025-10-31 01:30:00,77.6589680314064
2025-10-31 02:00:00,40.147830337285995
2025-10-31 02:30:00,51.54939842224121
2025-10-31 03:00:00,76.8534164428711
2025-10-31 03:30:00,56.13713812828064
2025-10-31 04:00:00,28.44315055012703
2025-10-31 04:30:00,29.069427609443665
2025-10-31 05:00:00,43.898887157440186
2025-10-31 05:30:00,35.317241072654724
2025-10-31 06:00:00,4.940540179610252
2025-10-31 06:30:00,28.360510528087616
2025-10-31 07:00:00,58.71024435758591
2025-10-31 07:30:00,57.2862007021904
2025-10-31 08:00:00,33.26587677001953
2025-10-31 08:30:00,32.76296856999397
2025-10-31 09:00:00,40.68031167984009
2025-10-31 09:30:00,36.20417806506157
2025-10-31 10:00:00,57.758116364479065
2025-10-31 10:30:00,33.50368472933769
2025-10-31 11:00:00,34.79845356941223
2025-10-31 11:30:00,40.396074175834656
2025-10-31 12:00:00,21.044427275657654
2025-10-31 12:30:00,30.814023315906525
2025-10-31 13:00:00,47.924586832523346
2025-10-31 13:30:00,27.898822605609894
2025-10-31 14:00:00,15.228176444768906
2025-10-31 14:30:00,12.466893389821053
2025-10-31 15:00:00,40.963890075683594
2025-10-31 15:30:00,43.35572999715805
2025-10-31 16:00:00,60.480695605278015
2025-10-31 16:30:00,13.671219870448112
2025-10-31 17:00:00,18.087572664022446
2025-10-31 17:30:00,39.768331468105316
2025-10-31 18:00:00,72.58459836244583
2025-10-31 18:30:00,34.25787791609764
2025-10-31 19:00:00,35.0470327436924
2025-10-31 19:30:00,38.942315727472305
2025-10-31 20:00:00,27.587506741285324
2025-10-31 20:30:00,25.313077688217163
2025-10-31 21:00:00,31.127585351467133
2025-10-31 21:30:00,21.866679161787033
2025-10-31 22:00:00,28.536463499069214
2025-10-31 22:30:00,38.14048174023628
2025-10-31 23:00:00,17.59292644262314
2025-10-31 23:30:00,47.068466037511826
2025-11-01 00:00:00,16.433308020234108
2025-11-01 00:30:00,5.241264060139656
2025-11-01 01:00:00,24.443945288658142
2025-11-01 01:30:00,54.106969356536865
2025-11-01 02:00:00,64.40390974283218
2025-11-01 02:30:00,63.08229959011078
2025-11-01 03:00:00,50.68429294228554
2025-11-01 03:30:00,54.95678526163101
2025-11-01 04:00:00,54.38824665546417
2025-11-01 04:30:00,38.693100571632385
2025-11-01 05:00:00,29.11877977848053
2025-11-01 05:30:00,12.690193742513657
2025-11-01 06:00:00,21.78769025206566
2025-11-01 06:30:00,36.917139410972595
2025-11-01 07:00:00,30.634812384843826
2025-11-01 07:30:00,41.89400154352188
2025-11-01 08:00:00,25.706617295742035
2025-11-01 08:30:00,44.08100047707558
2025-11-01 09:00:00,54.051419258117676
2025-11-01 09:30:00,50.71254497766495
2025-11-01 10:00:00,33.524229824543
2025-11-01 10:30:00,15.10550282895565
2025-11-01 11:00:00,44.83393904566765
2025-11-01 11:30:00,37.057087153196335
2025-11-01 12:00:00,64.21155422925949
2025-11-01 12:30:00,53.15134346485138
2025-11-01 13:00:00,40.45069342851639
2025-11-01 13:30:00,19.420822724699974
2025-11-01 14:00:00,19.0863094329834
2025-11-01 14:30:00,61.375145852565765
2025-11-01 15:00:00,43.86290216445923
2025-11-01 15:30:00,52.860121726989746
2025-11-01 16:00:00,61.743760764598846
2025-11-01 16:30:00,58.65953350067139
2025-11-01 17:00:00,37.57043123245239
2025-11-01 17:30:00,36.268487364053726
2025-11-01 18:00:00,31.878509014844894
2025-11-01 18:30:00,30.160118639469147
2025-11-01 19:00:00,19.546317785978317
2025-11-01 19:30:00,50.97867435216904
2025-11-01 20:00:00,36.34554520249367
2025-11-01 20:30:00,39.48161941766739
2025-11-01 21:00:00,55.23993003368378
2025-11-01 21:30:00,39.86866623163223
2025-11-01 22:00:00,38.38577115535736
2025-11-01 22:30:00,20.59007193148136
2025-11-01 23:00:00,11.8284922093153
2025-11-01 23:30:00,35.433851182460785
2025-11-02 00:00:00,32.47234234213829
2025-11-02 00:30:00,53.127332270145416
2025-11-02 01:00:00,59.66570836305618
2025-11-02 01:30:00,38.47001847624779
2025-11-02 02:00:00,27.867318391799927
2025-11-02 02:30:00,35.0326364338398
2025-11-02 03:00:00,59.28094530105591
2025-11-02 03:30:00,50.05365073680878
2025-11-02 04:00:00,55.69156366586685
2025-11-02 04:30:00,44.607069969177246
2025-11-02 05:00:00,38.69742524623871
2025-11-02 05:30:00,25.475903421640396
2025-11-02 06:00:00,25.71579711139202
2025-11-02 06:30:00,37.293761909008026
2025-11-02 07:00:00,53.676288425922394
2025-11-02 07:30:00,38.2375990152359
2025-11-02 08:00:00,20.110634341835976
2025-11-02 08:30:00,33.03701013326645
2025-11-02 09:00:00,26.213815480470657
2025-11-02 09:30:00,19.50200143456459
2025-11-02 10:00:00,49.87610203027725
2025-11-02 10:30:00,36.71198910474777
2025-11-02 11:00:00,63.67625433206558
2025-11-02 11:30:00,49.297832906246185
2025-11-02 12:00:00,45.096212059259415
2025-11-02 12:30:00,36.896247416734695
2025-11-02 13:00:00,14.026148170232773
2025-11-02 13:30:00,18.030675441026688
2025-11-02 14:00:00,25.099185526371002
2025-11-02 14:30:00,59.22271829843521
2025-11-02 15:00:00,32.996315985918045
2025-11-02 15:30:00,57.730133175849915
2025-11-02 16:00:00,68.31532353162766
2025-11-02 16:30:00,45.00473189353943
2025-11-02 17:00:00,36.96611288189888
2025-11-02 17:30:00,32.81160670518875
2025-11-02 18:00:00,37.70903763175011
2025-11-02 18:30:00,36.22125416994095
2025-11-02 19:00:00,38.24067485332489
2025-11-02 19:30:00,40.52994540333748
2025-11-02 20:00:00,37.744271010160446
2025-11-02 20:30:00,49.22510552406311
2025-11-02 21:00:00,50.76275283098221
2025-11-02 21:30:00,51.6025664806366
2025-11-02 22:00:00,47.315487056970596
2025-11-02 22:30:00,28.27919739484787
2025-11-02 23:00:00,60.15634500980377
2025-11-02 23:30:00,51.28182941675186
2025-11-03 00:00:00,29.346010208129883
2025-11-03 00:30:00,69.4691212773323
2025-11-03 01:00:00,38.91950133442879
2025-11-03 01:30:00,57.83560782670975
2025-11-03 02:00:00,42.11483746767044
2025-11-03 02:30:00,42.91136968135834
2025-11-03 03:00:00,34.09505796432495
2025-11-03 03:30:00,14.934738889336586
2025-11-03 04:00:00,7.726249985396862
2025-11-03 04:30:00,31.301659286022186
2025-11-03 05:00:00,40.45015573501587
2025-11-03 05:30:00,70.34309870004654
2025-11-03 06:00:00,14.746963165700436
2025-11-03 06:30:00,41.622373819351196
2025-11-03 07:00:00,54.13793587684631
2025-11-03 07:30:00,34.9306914806366
2025-11-03 08:00:00,71.20528155565262
2025-11-03 08:30:00,55.08220660686493
2025-11-03 09:00:00,54.87975633144379
2025-11-03 09:30:00,35.41233187913895
2025-11-03 10:00:00,28.32699429988861
2025-11-03 10:30:00,28.77130836248398
2025-11-03 11:00:00,2.8243361115455627
2025-11-03 11:30:00,23.84203788638115
2025-11-03 12:00:00,44.002234160900116
2025-11-03 12:30:00,61.11933672428131
2025-11-03 13:00:00,55.70271646976471
2025-11-03 13:30:00,54.66748881340027
2025-11-03 14:00:00,56.4118127822876
2025-11-03 14:30:00,51.4189470410347
2025-11-03 15:00:00,63.20910853147507
2025-11-03 15:30:00,23.275754123926163
2025-11-03 16:00:00,29.73822870850563
2025-11-03 16:30:00,22.041879072785378
2025-11-03 17:00:00,27.910105496644974
2025-11-03 17:30:00,50.44240891933441
2025-11-03 18:00:00,57.7800635099411
2025-11-03 18:30:00,22.033124208450317
2025-11-03 19:00:00,19.850574254989624
2025-11-03 19:30:00,-0.07366997003555287
2025-11-03 20:00:00,11.724023565649986
2025-11-03 20:30:00,40.617592334747314
2025-11-03 21:00:00,39.56731793284416
2025-11-03 21:30:00,44.77646654844284
2025-11-03 22:00:00,46.94200977683067
2025-11-03 22:30:00,61.7137713432312
2025-11-03 23:00:00,29.557925045490265
2025-11-03 23:30:00,12.537232227623463
2025-11-04 00:00:00,37.403708666563034
2025-11-04 00:30:00,18.87519535422325
2025-11-04 01:00:00,19.829894736409187
2025-11-04 01:30:00,37.589025020599365
2025-11-04 02:00:00,52.97237825393677
2025-11-04 02:30:00,41.883068442344666
2025-11-04 03:00:00,55.63045161962509
2025-11-04 03:30:00,30.320761799812317
2025-11-04 04:00:00,48.339515656232834
2025-11-04 04:30:00,56.42565405368805
2025-11-04 05:00:00,54.88847506046295
2025-11-04 05:30:00,38.93559455871582
2025-11-04 06:00:00,25.122803568840027
2025-11-04 06:30:00,60.71410083770752
2025-11-04 07:00:00,34.022833585739136
2025-11-04 07:30:00,22.071637228131294
2025-11-04 08:00:00,30.430098593235016
2025-11-04 08:30:00,44.15065202116966
2025-11-04 09:00:00,56.91159600019455
2025-11-04 09:30:00,52.25618785619736
2025-11-04 10:00:00,54.981929659843445
2025-11-04 10:30:00,39.17757686972618
2025-11-04 11:00:00,70.27804356813431
2025-11-04 11:30:00,45.75034511089325
2025-11-04 12:00:00,19.25088122487068
2025-11-04 12:30:00,35.52876853942871
2025-11-04 13:00:00,18.96528358757496
2025-11-04 13:30:00,25.084182143211365
2025-11-04 14:00:00,41.44367456436157
2025-11-04 14:30:00,58.01315653324127
2025-11-04 15:00:00,53.30005329847336
2025-11-04 15:30:00,23.631321296095848
2025-11-04 16:00:00,45.19668847322464
2025-11-04 16:30:00,25.667171984910965
2025-11-04 17:00:00,30.081256926059723
2025-11-04 17:30:00,48.29281437397003
2025-11-04 18:00:00,53.07986491918564
2025-11-04 18:30:00,54.312778770923615
2025-11-04 19:00:00,55.31438612937927
2025-11-04 19:30:00,34.11540648341179
2025-11-04 20:00:00,16.23459991812706
2025-11-04 20:30:00,60.593218088150024
2025-11-04 21:00:00,41.653343230485916
2025-11-04 21:30:00,35.03957152366638
2025-11-04 22:00:00,35.69176483154297
2025-11-04 22:30:00,19.866722404956818
2025-11-04 23:00:00,47.52008521556854
2025-11-04 23:30:00,36.25402167439461
2025-11-05 00:00:00,58.12562119960785
2025-11-05 00:30:00,42.09568864107132
2025-11-05 01:00:00,19.146551340818405
2025-11-05 01:30:00,51.410176277160645
2025-11-05 02:00:00,70.5450690984726
2025-11-05 02:30:00,55.35424482822418
2025-11-05 03:00:00,50.657977759838104
2025-11-05 03:30:00,65.10969895124435
2025-11-05 04:00:00,42.921100199222565
2025-11-05 04:30:00,47.14446872472763
2025-11-05 05:00:00,36.187524020671844
2025-11-05 05:30:00,39.05800944566727
2025-11-05 06:00:00,21.282706439495087
2025-11-05 06:30:00,74.64066314697266
2025-11-05 07:00:00,46.78060922026634
2025-11-05 07:30:00,23.995708376169205
2025-11-05 08:00:00,34.104834735393524
2025-11-05 08:30:00,39.57397550344467
2025-11-05 09:00:00,29.682774007320404
2025-11-05 09:30:00,37.858340084552765
2025-11-05 10:00:00,29.942965626716614
2025-11-05 10:30:00,29.14413520693779
2025-11-05 11:00:00,14.681904420256615
2025-11-05 11:30:00,14.309103593230247
2025-11-05 12:00:00,25.810282289981842
2025-11-05 12:30:00,34.690131455659866
2025-11-05 13:00:00,42.35291427373886
2025-11-05 13:30:00,26.47229428589344
2025-11-05 14:00:00,31.790625035762787
2025-11-05 14:30:00,14.705785527825356
2025-11-05 15:00:00,46.51120454072952
2025-11-05 15:30:00,36.25089380145073
2025-11-05 16:00:00,21.61824741959572
2025-11-05 16:30:00,26.111260563135147
2025-11-05 17:00:00,19.78603658080101
2025-11-05 17:30:00,23.08387415111065
2025-11-05 18:00:00,55.84599733352661
2025-11-05 18:30:00,42.616765677928925
2025-11-05 19:00:00,46.83074480295181
2025-11-05 19:30:00,41.13179787993431
2025-11-05 20:00:00,49.070749908685684
2025-11-05 20:30:00,65.45228487253189
2025-11-05 21:00:00,54.390229761600494
2025-11-05 21:30:00,51.61738485097885
2025-11-05 22:00:00,63.81145244836807
2025-11-05 22:30:00,42.36451804637909
2025-11-05 23:00:00,40.47789320349693
2025-11-05 23:30:00,43.98348426818848
2025-11-06 00:00:00,62.77924281358719
2025-11-06 00:30:00,32.81268787384033
2025-11-06 01:00:00,35.41957339644432
2025-11-06 01:30:00,29.93590623140335
2025-11-06 02:00:00,56.31040841341019
2025-11-06 02:30:00,49.629933804273605
2025-11-06 03:00:00,51.303897976875305
2025-11-06 03:30:00,47.93845123052597
2025-11-06 04:00:00,26.992916017770767
2025-11-06 04:30:00,16.823702409863472
2025-11-06 05:00:00,30.52120006084442
2025-11-06 05:30:00,47.08731132745743
2025-11-06 06:00:00,61.15909135341644
2025-11-06 06:30:00,12.040112905204296
2025-11-06 07:00:00,52.80536949634552
2025-11-06 07:30:00,43.92615342140198
2025-11-06 08:00:00,16.90279394388199
2025-11-06 08:30:00,31.482491970062256
2025-11-06 09:00:00,43.63291388750076
2025-11-06 09:30:00,21.11988215148449
2025-11-06 10:00:00,55.83705312013626
2025-11-06 10:30:00,28.122427940368652
2025-11-06 11:00:00,24.070751309394836
2025-11-06 11:30:00,49.41095378994942
2025-11-06 12:00:00,17.62565203011036
2025-11-06 12:30:00,35.900251150131226
2025-11-06 13:00:00,33.14176785945892
2025-11-06 13:30:00,63.09996831417084
2025-11-06 14:00:00,30.538715571165085
2025-11-06 14:30:00,75.59181982278824
2025-11-06 15:00:00,49.117665112018585
2025-11-06 15:30:00,74.23130494356155
2025-11-06 16:00:00,38.028878539800644
2025-11-06 16:30:00,49.65195322036743
2025-11-06 17:00:00,37.869174897670746
2025-11-06 17:30:00,57.34201097488403
2025-11-06 18:00:00,11.48935504257679
2025-11-06 18:30:00,34.6521315574646
2025-11-06 19:00:00,58.484384179115295
2025-11-06 19:30:00,18.58848474919796
2025-11-06 20:00:00,66.62082582712173
2025-11-06 20:30:00,31.907246708869934
2025-11-06 21:00:00,48.74426010251045
2025-11-06 21:30:00,50.818172842264175
2025-11-06 22:00:00,57.391536593437195
2025-11-06 22:30:00,17.060151681303978
2025-11-06 23:00:00,38.71270325779915
2025-11-06 23:30:00,35.05437833070755
2025-11-07 00:00:00,10.510208673775196
2025-11-07 00:30:00,31.547630935907364
2025-11-07 01:00:00,41.628326028585434
2025-11-07 01:30:00,26.947613894939423
2025-11-07 02:00:00,33.20348119735718
2025-11-07 02:30:00,32.52040809392929
2025-11-07 03:00:00,27.551897555589676
2025-11-07 03:30:00,36.13126567006111
2025-11-07 04:00:00,20.121904224157333
2025-11-07 04:30:00,45.57546463608742
2025-11-07 05:00:00,35.279706597328186
2025-11-07 05:30:00,24.7094516903162
2025-11-07 06:00:00,49.52811026573181
2025-11-07 06:30:00,12.64089360833168
2025-11-07 07:00:00,24.080434128642082
2025-11-07 07:30:00,6.9731704890728
2025-11-07 08:00:00,26.413166791200638
2025-11-07 08:30:00,25.910884454846382
2025-11-07 09:00:00,68.60352724790573
2025-11-07 09:30:00,20.265546441078186
2025-11-07 10:00:00,59.8154531121254
2025-11-07 10:30:00,32.995919942855835
2025-11-07 11:00:00,19.27921998500824
2025-11-07 11:30:00,24.81587164103985
2025-11-07 12:00:00,55.38843750953674
2025-11-07 12:30:00,31.237005978822708
2025-11-07 13:00:00,47.83230012655258
2025-11-07 13:30:00,53.26272118091583
2025-11-07 14:00:00,52.82685989141464
2025-11-07 14:30:00,46.959146589040756
2025-11-07 15:00:00,49.41640877723694
2025-11-07 15:30:00,41.435869336128235
2025-11-07 16:00:00,17.714766055345535
2025-11-07 16:30:00,13.710298046469688
2025-11-07 17:00:00,39.24565291404724
2025-11-07 17:30:00,37.052785605192184
2025-11-07 18:00:00,32.02163955569267
2025-11-07 18:30:00,57.73522102832794
2025-11-07 19:00:00,52.90406805276871
2025-11-07 19:30:00,64.05652505159378
2025-11-07 20:00:00,32.04984533786774
2025-11-07 20:30:00,20.433785244822502
2025-11-07 21:00:00,32.66150349378586
2025-11-07 21:30:00,18.367670506238937
2025-11-07 22:00:00,27.04942587018013
2025-11-07 22:30:00,38.92789340019226
2025-11-07 23:00:00,15.549206927418709
2025-11-07 23:30:00,34.02423852682114
2025-11-08 00:00:00,8.827597320079803
2025-11-08 00:30:00,34.719296991825104
2025-11-08 01:00:00,11.31931597739458
2025-11-08 01:30:00,40.60610419511795
2025-11-08 02:00:00,52.13883191347122
2025-11-08 02:30:00,73.91658079624176
2025-11-08 03:00:00,48.95915248990059
2025-11-08 03:30:00,15.853146851062775
2025-11-08 04:00:00,60.55126643180847
2025-11-08 04:30:00,51.112427055835724
2025-11-08 05:00:00,63.482233703136444
2025-11-08 05:30:00,33.66493785381317
2025-11-08 06:00:00,53.335714519023895
2025-11-08 06:30:00,42.041300654411316
2025-11-08 07:00:00,59.82557678222656
2025-11-08 07:30:00,40.00365620851517
2025-11-08 08:00:00,60.6917142868042
2025-11-08 08:30:00,43.092164784669876
2025-11-08 09:00:00,20.889594674110413
2025-11-08 09:30:00,52.012815058231354
2025-11-08 10:00:00,41.05942317843437
2025-11-08 10:30:00,85.38794785737991
2025-11-08 11:00:00,42.24840226769447
2025-11-08 11:30:00,10.559149622917175
2025-11-08 12:00:00,25.93511390686035
2025-11-08 12:30:00,51.508626222610474
2025-11-08 13:00:00,53.98216086626053
2025-11-08 13:30:00,27.253286868333817
2025-11-08 14:00:00,47.65876677632332
2025-11-08 14:30:00,19.525143936276436
2025-11-08 15:00:00,15.947069764137268
2025-11-08 15:30:00,22.86333453655243
2025-11-08 16:00:00,31.98451268672943
2025-11-08 16:30:00,39.56666171550751
2025-11-08 17:00:00,45.93897435069084
2025-11-08 17:30:00,17.74247606098652
2025-11-08 18:00:00,14.095610365271568
2025-11-08 18:30:00,11.993821397423744
2025-11-08 19:00:00,25.170484840869904
2025-11-08 19:30:00,32.094687819480896
2025-11-08 20:00:00,23.61897024512291
2025-11-08 20:30:00,57.52079117298126
2025-11-08 21:00:00,52.077690958976746
2025-11-08 21:30:00,45.86302947998047
2025-11-08 22:00:00,18.669368594884872
2025-11-08 22:30:00,41.7693809568882
2025-11-08 23:00:00,26.16203646361828
2025-11-08 23:30:00,39.287280797958374
2025-11-09 00:00:00,55.03021800518036
2025-11-09 00:30:00,44.303672075271606
2025-11-09 01:00:00,35.11611768603325
2025-11-09 01:30:00,27.000589713454247
2025-11-09 02:00:00,22.83294039964676
2025-11-09 02:30:00,34.85808551311493
2025-11-09 03:00:00,45.401913940906525
2025-11-09 03:30:00,50.06978154182434
2025-11-09 04:00:00,49.352229565382004
2025-11-09 04:30:00,28.408318996429443
2025-11-09 05:00:00,50.50813761353493
2025-11-09 05:30:00,36.76860013604164
2025-11-09 06:00:00,73.69051826000214
2025-11-09 06:30:00,31.431659698486328
2025-11-09 07:00:00,44.08288240432739
2025-11-09 07:30:00,44.78153705596924
2025-11-09 08:00:00,12.643130384385586
2025-11-09 08:30:00,45.65741664171219
2025-11-09 09:00:00,34.852014780044556
2025-11-09 09:30:00,66.65326088666916
2025-11-09 10:00:00,45.52112579345703
2025-11-09 10:30:00,53.636071264743805
2025-11-09 11:00:00,43.20431724190712
2025-11-09 11:30:00,54.19940638542175
2025-11-09 12:00:00,63.766754508018494
2025-11-09 12:30:00,33.67071372270584
2025-11-09 13:00:00,26.97981046140194
2025-11-09 13:30:00,12.15026057511568
2025-11-09 14:00:00,8.875800386071205
2025-11-09 14:30:00,37.65144371986389
2025-11-09 15:00:00,54.902605414390564
2025-11-09 15:30:00,15.32489189505577
2025-11-09 16:00:00,50.80685815215111
2025-11-09 16:30:00,33.9282631278038
2025-11-09 17:00:00,26.931446954607964
2025-11-09 17:30:00,42.29497057199478
2025-11-09 18:00:00,17.148561790585518
2025-11-09 18:30:00,35.349577844142914
2025-11-09 19:00:00,66.20447182655334
2025-11-09 19:30:00,32.10233694314957
2025-11-09 20:00:00,12.944095648825169
2025-11-09 20:30:00,27.33855175971985
2025-11-09 21:00:00,13.425707139074802
2025-11-09 21:30:00,20.958024844527245
2025-11-09 22:00:00,54.18564027547836
2025-11-09 22:30:00,36.84677383303642
2025-11-09 23:00:00,62.943008065223694
2025-11-09 23:30:00,52.82627594470978
2025-11-10 00:00:00,33.134679555892944
2025-11-10 00:30:00,30.638047218322754
2025-11-10 01:00:00,69.50953501462936
2025-11-10 01:30:00,59.15461623668671
2025-11-10 02:00:00,51.78186124563217
2025-11-10 02:30:00,30.952858090400696
2025-11-10 03:00:00,20.203016445040703
2025-11-10 03:30:00,49.843947380781174
2025-11-10 04:00:00,43.65286058187485
2025-11-10 04:30:00,42.84292072057724
2025-11-10 05:00:00,31.395050287246704
2025-11-10 05:30:00,25.664684429764748
2025-11-10 06:00:00,21.934382289648056
2025-11-10 06:30:00,52.24116134643555
2025-11-10 07:00:00,51.06275400519371
2025-11-10 07:30:00,46.57294678688049
2025-11-10 08:00:00,35.52797067165375
2025-11-10 08:30:00,46.46952751278877
2025-11-10 09:00:00,58.16769427061081
2025-11-10 09:30:00,69.58702647686005
2025-11-10 10:00:00,34.12919861078262
2025-11-10 10:30:00,60.85240948200226
2025-11-10 11:00:00,24.058319315314293
2025-11-10 11:30:00,60.04955214262009
2025-11-10 12:00:00,29.790925562381744
2025-11-10 12:30:00,44.76802533864975
2025-11-10 13:00:00,46.85503640770912
2025-11-10 13:30:00,46.7912734746933
2025-11-10 14:00:00,56.55424374341965
2025-11-10 14:30:00,88.37626332044601
2025-11-10 15:00:00,42.35869014263153
2025-11-10 15:30:00,37.66875398159027
2025-11-10 16:00:00,58.867574632167816
2025-11-10 16:30:00,24.32478691637516
2025-11-10 17:00:00,63.93110948801041
2025-11-10 17:30:00,50.74809345602989
2025-11-10 18:00:00,66.06673556566238
2025-11-10 18:30:00,32.463028103113174
2025-11-10 19:00:00,8.488533146679401
2025-11-10 19:30:00,44.80146062374115
2025-11-10 20:00:00,60.38635063171387
2025-11-10 20:30:00,30.683311760425568
2025-11-10 21:00:00,48.79406324028969
2025-11-10 21:30:00,74.49945789575577
2025-11-10 22:00:00,59.69239068031311
2025-11-10 22:30:00,17.023279204964638
2025-11-10 23:00:00,60.407291769981384
2025-11-10 23:30:00,35.787454038858414
2025-11-11 00:00:00,18.56843976676464
2025-11-11 00:30:00,23.416439026594162
2025-11-11 01:00:00,21.42914119362831
2025-11-11 01:30:00,35.179290890693665
2025-11-11 02:00:00,30.70444080233574
2025-11-11 02:30:00,54.56822943687439
2025-11-11 03:00:00,48.44747352600098
2025-11-11 03:30:00,32.602097034454346
2025-11-11 04:00:00,62.98484408855438
2025-11-11 04:30:00,43.23592263460159
2025-11-11 05:00:00,53.963133454322815
2025-11-11 05:30:00,33.24276462197304
2025-11-11 06:00:00,49.220058143138885
2025-11-11 06:30:00,34.413869738578796
2025-11-11 07:00:00,49.68080943822861
2025-11-11 07:30:00,36.337534725666046
2025-11-11 08:00:00,39.27585047483444
2025-11-11 08:30:00,35.84433102607727
2025-11-11 09:00:00,46.107035368680954
2025-11-11 09:30:00,45.1235708296299
2025-11-11 10:00:00,63.67890810966492
2025-11-11 10:30:00,51.460598051548004
2025-11-11 11:00:00,27.46442985534668
2025-11-11 11:30:00,37.350028932094574
2025-11-11 12:00:00,43.0659045279026
2025-11-11 12:30:00,36.691354393959045
2025-11-11 13:00:00,43.71768155694008
2025-11-11 13:30:00,24.70711301267147
2025-11-11 14:00:00,8.81055735051632
2025-11-11 14:30:00,20.352843582630157
2025-11-11 15:00:00,2.1914925426244736
2025-11-11 15:30:00,34.26550680398941
2025-11-11 16:00:00,29.45831298828125
2025-11-11 16:30:00,31.011379957199097
2025-11-11 17:00:00,47.246884882450104
2025-11-11 17:30:00,40.13121098279953
2025-11-11 18:00:00,38.933443784713745
2025-11-11 18:30:00,27.661936819553375
2025-11-11 19:00:00,85.75441199541092
2025-11-11 19:30:00,37.54220521450043
2025-11-11 20:00:00,37.17868393659592
2025-11-11 20:30:00,17.82757617533207
2025-11-11 21:00:00,11.827470302581787
2025-11-11 21:30:00,18.967974945902824
2025-11-11 22:00:00,47.7675861120224
2025-11-11 22:30:00,70.01355618238449
2025-11-11 23:00:00,50.4872282743454
2025-11-11 23:30:00,77.2524601817131
2025-11-12 00:00:00,34.749136090278625
2025-11-12 00:30:00,32.61255604028702
2025-11-12 01:00:00,27.28035944700241
2025-11-12 01:30:00,24.10077252984047
2025-11-12 02:00:00,60.6375806927681
2025-11-12 02:30:00,70.41129904985428
2025-11-12 03:00:00,47.71108782291412
2025-11-12 03:30:00,51.87410748004913
2025-11-12 04:00:00,32.06749093532562
2025-11-12 04:30:00,65.33792960643768
2025-11-12 05:00:00,54.6083425283432
2025-11-12 05:30:00,49.74192726612091
2025-11-12 06:00:00,54.506227016448975
2025-11-12 06:30:00,31.174283742904663
2025-11-12 07:00:00,60.4485958814621
2025-11-12 07:30:00,47.86134135723114
2025-11-12 08:00:00,24.77270583808422
2025-11-12 08:30:00,35.0442430973053
2025-11-12 09:00:00,24.183357626199722
2025-11-12 09:30:00,17.258836656808853
2025-11-12 10:00:00,40.56892529129982
2025-11-12 10:30:00,51.475159138441086
2025-11-12 11:00:00,63.03026473522186
2025-11-12 11:30:00,20.588899701833725
2025-11-12 12:00:00,11.76584730297327
2025-11-12 12:30:00,64.35062605142593
2025-11-12 13:00:00,56.45248091220856
2025-11-12 13:30:00,33.179973006248474
2025-11-12 14:00:00,30.581739723682404
2025-11-12 14:30:00,33.98343452811241
2025-11-12 15:00:00,34.095983028411865
2025-11-12 15:30:00,25.66276925802231
2025-11-12 16:00:00,29.125902771949768
2025-11-12 16:30:00,47.40558251738548
2025-11-12 17:00:00,31.784646809101105
2025-11-12 17:30:00,16.471417769789696
2025-11-12 18:00:00,37.097581833601
2025-11-12 18:30:00,30.736985713243484
2025-11-12 19:00:00,35.04877880215645
2025-11-12 19:30:00,20.415499329566956
2025-11-12 20:00:00,58.26819670200348
2025-11-12 20:30:00,68.24639469385147
2025-11-12 21:00:00,73.31989133358002
2025-11-12 21:30:00,43.472238928079605
2025-11-12 22:00:00,46.77042484283447
2025-11-12 22:30:00,56.41957175731659
2025-11-12 23:00:00,61.83390825986862
2025-11-12 23:30:00,46.87310117483139
2025-11-13 00:00:00,19.402885153889656
2025-11-13 00:30:00,28.555519819259644
2025-11-13 01:00:00,42.23602086305618
2025-11-13 01:30:00,29.421663105487823
2025-11-13 02:00:00,33.27158325910568
2025-11-13 02:30:00,36.489823400974274
2025-11-13 03:00:00,57.40322709083557
2025-11-13 03:30:00,25.123534947633743
2025-11-13 04:00:00,59.947696805000305
2025-11-13 04:30:00,69.19292026758194
2025-11-13 05:00:00,59.59917891025543
2025-11-13 05:30:00,65.86535489559174
2025-11-13 06:00:00,45.60010892152786
2025-11-13 06:30:00,55.82827079296112
2025-11-13 07:00:00,48.48492416739464
2025-11-13 07:30:00,65.55375862121582
2025-11-13 08:00:00,36.447464138269424
2025-11-13 08:30:00,31.569205164909363
2025-11-13 09:00:00,21.735648170113564
2025-11-13 09:30:00,44.04086136817932
2025-11-13 10:00:00,43.45416548848152
2025-11-13 10:30:00,43.165366262197495
2025-11-13 11:00:00,17.408436864614487
2025-11-13 11:30:00,21.499434500932693
2025-11-13 12:00:00,55.537927865982056
2025-11-13 12:30:00,41.24939087033272
2025-11-13 13:00:00,4.939755320549011
2025-11-13 13:30:00,2.78865610063076
2025-11-13 14:00:00,0.5624734759330751
2025-11-13 14:30:00,-7.542815193533897
2025-11-13 15:00:00,23.724161595106125
2025-11-13 15:30:00,15.966647878289223
2025-11-13 16:00:00,36.748436629772186
2025-11-13 16:30:00,40.54772686958313
2025-11-13 17:00:00,50.59258729219437
2025-11-13 17:30:00,60.19708251953125
2025-11-13 18:00:00,46.51426014304161
2025-11-13 18:30:00,31.04737651348114
2025-11-13 19:00:00,65.27371281385422
2025-11-13 19:30:00,24.131905272603035
2025-11-13 20:00:00,40.340249449014664
2025-11-13 20:30:00,34.74923437833786
2025-11-13 21:00:00,46.66957262158394
2025-11-13 21:30:00,45.32625815272331
2025-11-13 22:00:00,65.99033683538437
2025-11-13 22:30:00,26.80374474823475
2025-11-13 23:00:00,53.6129909157753
2025-11-13 23:30:00,44.59455269575119
2025-11-14 00:00:00,61.301435589790344
2025-11-14 00:30:00,24.293372318148613
2025-11-14 01:00:00,36.561140060424805
2025-11-14 01:30:00,25.860166370868683
2025-11-14 02:00:00,34.79791009426117
2025-11-14 02:30:00,29.127301931381226
2025-11-14 03:00:00,42.798662185668945
2025-11-14 03:30:00,35.62274926900864
2025-11-14 04:00:00,52.474427819252014
2025-11-14 04:30:00,50.26434275507927
2025-11-14 05:00:00,33.85607922077179
2025-11-14 05:30:00,45.73683339357376
2025-11-14 06:00:00,56.562031626701355
2025-11-14 06:30:00,41.46947807073593
2025-11-14 07:00:00,58.62413823604584
2025-11-14 07:30:00,44.56548544764519
2025-11-14 08:00:00,26.562966465950012
2025-11-14 08:30:00,37.063149213790894
2025-11-14 09:00:00,57.70734190940857
2025-11-14 09:30:00,37.461707293987274
2025-11-14 10:00:00,15.85077203810215
2025-11-14 10:30:00,26.20973363518715
2025-11-14 11:00:00,63.323394417762756
2025-11-14 11:30:00,26.11752498149872
2025-11-14 12:00:00,28.49377179145813
2025-11-14 12:30:00,31.739463210105896
2025-11-14 13:00:00,42.65514427423477
2025-11-14 13:30:00,39.005835831165314
2025-11-14 14:00:00,45.71116864681244
2025-11-14 14:30:00,49.008631855249405
2025-11-14 15:00:00,42.84439504146576
2025-11-14 15:30:00,49.63766676187515
2025-11-14 16:00:00,24.61175335943699
2025-11-14 16:30:00,45.00123977661133
2025-11-14 17:00:00,60.513228952884674
2025-11-14 17:30:00,45.06397068500519
2025-11-14 18:00:00,42.623984068632126
2025-11-14 18:30:00,35.0667944252491
2025-11-14 19:00:00,16.966582894325256
2025-11-14 19:30:00,36.70510604977608
2025-11-14 20:00:00,72.5657559633255
2025-11-14 20:30:00,69.71832197904587
2025-11-14 21:00:00,53.66909605264664
2025-11-14 21:30:00,39.190756142139435
2025-11-14 22:00:00,53.474780559539795
2025-11-14 22:30:00,40.30342322587967
2025-11-14 23:00:00,13.571028925478458
2025-11-14 23:30:00,39.33889937400818
2025-11-15 00:00:00,14.317791245877743
2025-11-15 00:30:00,64.507777094841
2025-11-15 01:00:00,34.37047556042671
2025-11-15 01:30:00,34.899829030036926
2025-11-15 02:00:00,30.238344371318817
2025-11-15 02:30:00,40.81782245635986
2025-11-15 03:00:00,19.562384992837906
2025-11-15 03:30:00,11.808020107448101
2025-11-15 04:00:00,34.481095880270004
2025-11-15 04:30:00,13.071502268314362
2025-11-15 05:00:00,-0.18300965428352345
2025-11-15 05:30:00,13.336781740188599
2025-11-15 06:00:00,25.794056087732315
2025-11-15 06:30:00,41.027881383895874
2025-11-15 07:00:00,43.05561897158623
2025-11-15 07:30:00,45.09076863527298
2025-11-15 08:00:00,39.653085827827454
2025-11-15 08:30:00,71.32163149118423
2025-11-15 09:00:00,58.80394756793976
2025-11-15 09:30:00,23.50418858230114
2025-11-15 10:00:00,72.7929921746254
2025-11-15 10:30:00,66.64103269577026
2025-11-15 11:00:00,64.69515460729599
2025-11-15 11:30:00,58.048702120780945
2025-11-15 12:00:00,19.474210485816002
2025-11-15 12:30:00,32.26136702299118
2025-11-15 13:00:00,4.599889665842056
2025-11-15 13:30:00,26.377742618322372
2025-11-15 14:00:00,57.20955914258957
2025-11-15 14:30:00,42.721659272909164
2025-11-15 15:00:00,60.535043120384216
2025-11-15 15:30:00,44.15027332305908
2025-11-15 16:00:00,32.11427316069603
2025-11-15 16:30:00,14.285636596381664
2025-11-15 17:00:00,62.93488484621048
2025-11-15 17:30:00,57.27515774965286
2025-11-15 18:00:00,42.8271541595459
2025-11-15 18:30:00,34.908591121435165
2025-11-15 19:00:00,34.719135105609894
2025-11-15 19:30:00,38.86471730470657
2025-11-15 20:00:00,47.61106526851654
2025-11-15 20:30:00,74.51710349321365
2025-11-15 21:00:00,78.4124327301979
2025-11-15 21:30:00,29.51096647977829
2025-11-15 22:00:00,31.30973047018051
2025-11-15 22:30:00,48.19259524345398
2025-11-15 23:00:00,59.028142631053925
2025-11-15 23:30:00,50.450604408979416
2025-11-16 00:00:00,54.608909130096436
2025-11-16 00:30:00,56.369953632354736
2025-11-16 01:00:00,52.89053899049759
2025-11-16 01:30:00,32.595060765743256
2025-11-16 02:00:00,57.726733565330505
2025-11-16 02:30:00,48.9446839094162
2025-11-16 03:00:00,30.17786541581154
2025-11-16 03:30:00,34.043763160705566
2025-11-16 04:00:00,41.481052935123444
2025-11-16 04:30:00,52.741297245025635
2025-11-16 05:00:00,46.26928871870041
2025-11-16 05:30:00,68.41797095537186
2025-11-16 06:00:00,27.00663587450981
2025-11-16 06:30:00,32.98790657520294
2025-11-16 07:00:00,28.918931245803833
2025-11-16 07:30:00,23.425998985767365
2025-11-16 08:00:00,41.36344838142395
2025-11-16 08:30:00,33.2078261077404
2025-11-16 09:00:00,39.157899022102356
2025-11-16 09:30:00,34.13780748844147
2025-11-16 10:00:00,55.88954472541809
2025-11-16 10:30:00,45.92747175693512
2025-11-16 11:00:00,45.930848240852356
2025-11-16 11:30:00,23.65547125041485
2025-11-16 12:00:00,31.080300122499466
2025-11-16 12:30:00,21.6772448271513
2025-11-16 13:00:00,37.64307188987732
2025-11-16 13:30:00,65.91963881254196
2025-11-16 14:00:00,26.682317078113556
2025-11-16 14:30:00,52.14305830001831
2025-11-16 15:00:00,21.701388999819756
2025-11-16 15:30:00,17.7475176602602
2025-11-16 16:00:00,39.45025685429573
2025-11-16 16:30:00,43.490323930978775
2025-11-16 17:00:00,30.33827441930771
2025-11-16 17:30:00,55.69994127750397
2025-11-16 18:00:00,77.89025717973709
2025-11-16 18:30:00,47.91651564836502
2025-11-16 19:00:00,60.765268445014954
2025-11-16 19:30:00,32.41795724630356
2025-11-16 20:00:00,29.53315645456314
2025-11-16 20:30:00,48.51454934477806
2025-11-16 21:00:00,64.92585402727127
2025-11-16 21:30:00,29.393523812294006
2025-11-16 22:00:00,33.85440543293953
2025-11-16 22:30:00,25.342650830745697
2025-11-16 23:00:00,34.590163826942444
2025-11-16 23:30:00,43.7224947810173
2025-11-17 00:00:00,60.487356066703796
2025-11-17 00:30:00,49.86555629968643
2025-11-17 01:00:00,10.928089752793312
2025-11-17 01:30:00,39.17921596765518
2025-11-17 02:00:00,20.83288535475731
2025-11-17 02:30:00,43.7229226231575
2025-11-17 03:00:00,74.65270054340363
2025-11-17 03:30:00,52.26240313053131
2025-11-17 04:00:00,45.201446771621704
2025-11-17 04:30:00,37.568728536367416
2025-11-17 05:00:00,57.44157099723816
2025-11-17 05:30:00,40.21078673005104
2025-11-17 06:00:00,50.98210287094116
2025-11-17 06:30:00,47.87825846672058
2025-11-17 07:00:00,25.459641084074974
2025-11-17 07:30:00,55.8969452381134
2025-11-17 08:00:00,64.77475637197495
2025-11-17 08:30:00,44.857669830322266
2025-11-17 09:00:00,34.745302855968475
2025-11-17 09:30:00,36.47430545091629
2025-11-17 10:00:00,51.52923780679703
2025-11-17 10:30:00,61.83800166845322
2025-11-17 11:00:00,23.60666111111641
2025-11-17 11:30:00,25.354806751012802
2025-11-17 12:00:00,17.518025159835815
2025-11-17 12:30:00,31.95118436217308
2025-11-17 13:00:00,36.92146697640419
2025-11-17 13:30:00,62.976807594299316
2025-11-17 14:00:00,57.42716312408447
2025-11-17 14:30:00,55.04759764671326
2025-11-17 15:00:00,59.77471560239792
2025-11-17 15:30:00,30.64191225171089
2025-11-17 16:00:00,52.04633128643036
2025-11-17 16:30:00,77.29317456483841
2025-11-17 17:00:00,40.68012088537216
2025-11-17 17:30:00,22.30952613055706
2025-11-17 18:00:00,22.87873974442482
2025-11-17 18:30:00,28.460611134767532
2025-11-17 19:00:00,20.61447049677372
2025-11-17 19:30:00,56.000777900218964
2025-11-17 20:00:00,24.547526448965073
2025-11-17 20:30:00,34.932148456573486
2025-11-17 21:00:00,39.33010259270668
2025-11-17 21:30:00,49.55248859524727
2025-11-17 22:00:00,37.865306973457336
2025-11-17 22:30:00,38.47187438607216
2025-11-17 23:00:00,59.20245361328125
2025-11-17 23:30:00,53.46667468547821
2025-11-18 00:00:00,46.035111635923386
2025-11-18 00:30:00,41.703204184770584
2025-11-18 01:00:00,63.302626729011536
2025-11-18 01:30:00,43.87710189819336
2025-11-18 02:00:00,51.679184913635254
2025-11-18 02:30:00,49.554301142692566
2025-11-18 03:00:00,66.68725699186325
2025-11-18 03:30:00,61.74735116958618
2025-11-18 04:00:00,29.465227842330933
2025-11-18 04:30:00,47.03133338689804
2025-11-18 05:00:00,54.28369128704071
2025-11-18 05:30:00,20.547621607780457
2025-11-18 06:00:00,17.809731110930443
2025-11-18 06:30:00,50.66915947198868
2025-11-18 07:00:00,57.28096830844879
2025-11-18 07:30:00,37.53321185708046
2025-11-18 08:00:00,63.627457201480865
2025-11-18 08:30:00,48.67470395565033
2025-11-18 09:00:00,63.24659675359726
2025-11-18 09:30:00,25.01022905111313
2025-11-18 10:00:00,41.953373312950134
2025-11-18 10:30:00,75.26450902223587
2025-11-18 11:00:00,60.109490513801575
2025-11-18 11:30:00,20.563868045806885
2025-11-18 12:00:00,29.80518889427185
2025-11-18 12:30:00,55.6732936501503
2025-11-18 13:00:00,58.59720730781555
2025-11-18 13:30:00,52.52032256126404
2025-11-18 14:00:00,27.03320111334324
2025-11-18 14:30:00,42.953584402799606
2025-11-18 15:00:00,48.49575608968735
2025-11-18 15:30:00,28.87570184469223
2025-11-18 16:00:00,28.110841512680054
2025-11-18 16:30:00,28.759187132120132
2025-11-18 17:00:00,29.589105486869812
2025-11-18 17:30:00,35.01147848367691
2025-11-18 18:00:00,57.44360613822937
2025-11-18 18:30:00,65.32294356822968
2025-11-18 19:00:00,24.892323851585388
2025-11-18 19:30:00,23.561121940612793
2025-11-18 20:00:00,51.359754502773285
2025-11-18 20:30:00,38.05245900154114
2025-11-18 21:00:00,70.56442606449127
2025-11-18 21:30:00,53.15833926200867
2025-11-18 22:00:00,40.69334352016449
2025-11-18 22:30:00,26.30172836780548
2025-11-18 23:00:00,48.75465840101242
2025-11-18 23:30:00,66.65272319316864
2025-11-19 00:00:00,26.613505318760872
2025-11-19 00:30:00,39.48457384109497
2025-11-19 01:00:00,50.511424481868744
2025-11-19 01:30:00,18.228464260697365
2025-11-19 02:00:00,14.15537890046835
2025-11-19 02:30:00,54.389530181884766
2025-11-19 03:00:00,41.977612882852554
2025-11-19 03:30:00,51.773159861564636
2025-11-19 04:00:00,58.72016566991806
2025-11-19 04:30:00,58.11356645822525
2025-11-19 05:00:00,66.67168122529984
2025-11-19 05:30:00,39.46064069867134
2025-11-19 06:00:00,64.89536160230637
2025-11-19 06:30:00,40.59188711643219
2025-11-19 07:00:00,43.992908358573914
2025-11-19 07:30:00,54.41873908042908
2025-11-19 08:00:00,39.0362993478775
2025-11-19 08:30:00,39.02087390422821
2025-11-19 09:00:00,44.48778873682022
2025-11-19 09:30:00,45.26649034023285
2025-11-19 10:00:00,45.71480241417885
2025-11-19 10:30:00,42.5133059322834
2025-11-19 11:00:00,32.6109082698822
2025-11-19 11:30:00,44.087062537670135
2025-11-19 12:00:00,41.679143846035004
2025-11-19 12:30:00,44.17145150899887
2025-11-19 13:00:00,35.15416383743286
2025-11-19 13:30:00,13.618827998638153
2025-11-19 14:00:00,42.50301170349121
2025-11-19 14:30:00,70.39247399568558
2025-11-19 15:00:00,41.60628926753998
2025-11-19 15:30:00,40.44985219836235
2025-11-19 16:00:00,39.5809770822525
2025-11-19 16:30:00,45.92985957860947
2025-11-19 17:00:00,41.84703141450882
2025-11-19 17:30:00,61.82620131969452
2025-11-19 18:00:00,31.852847158908844
2025-11-19 18:30:00,28.68793985247612
2025-11-19 19:00:00,33.54865151643753
2025-11-19 19:30:00,10.863038957118988
2025-11-19 20:00:00,25.181511893868446
2025-11-19 20:30:00,48.67443799972534
2025-11-19 21:00:00,15.7257611900568
2025-11-19 21:30:00,20.9569248855114
2025-11-19 22:00:00,48.8165220618248
2025-11-19 22:30:00,38.76716351509094
2025-11-19 23:00:00,22.313391163945198
2025-11-19 23:30:00,40.21958351135254
2025-11-20 00:00:00,47.310717195272446
2025-11-20 00:30:00,39.97410908341408
2025-11-20 01:00:00,31.1981243789196
2025-11-20 01:30:00,28.139171600341797
2025-11-20 02:00:00,13.246635690331459
2025-11-20 02:30:00,19.72204238176346
2025-11-20 03:00:00,31.740104973316193
2025-11-20 03:30:00,9.022743564099073
2025-11-20 04:00:00,42.550915569067
2025-11-20 04:30:00,21.822222605347633
2025-11-20 05:00:00,8.388050228357315
2025-11-20 05:30:00,16.09801709651947
2025-11-20 06:00:00,57.683255553245544
2025-11-20 06:30:00,41.23725229501724
2025-11-20 07:00:00,54.22588634490967
2025-11-20 07:30:00,42.80524170398712
2025-11-20 08:00:00,54.354979038238525
2025-11-20 08:30:00,28.700312584638596
2025-11-20 09:00:00,39.729678243398666
2025-11-20 09:30:00,53.81751102209091
2025-11-20 10:00:00,30.135624676942825
2025-11-20 10:30:00,9.937341779470444
2025-11-20 11:00:00,7.151285797357559
2025-11-20 11:30:00,54.153881669044495
2025-11-20 12:00:00,45.9324931204319
2025-11-20 12:30:00,21.006372451782227
2025-11-20 13:00:00,33.692874789237976
2025-11-20 13:30:00,51.19857943058014
2025-11-20 14:00:00,40.08162176609039
2025-11-20 14:30:00,38.43786382675171
2025-11-20 15:00:00,21.57020479440689
2025-11-20 15:30:00,28.31040096282959
2025-11-20 16:00:00,41.28600028157234
2025-11-20 16:30:00,34.87943425774574
2025-11-20 17:00:00,36.959013015031815
2025-11-20 17:30:00,28.803622007369995
2025-11-20 18:00:00,70.0411057472229
2025-11-20 18:30:00,62.22092616558075
2025-11-20 19:00:00,45.995163321495056
2025-11-20 19:30:00,66.40397924184799
2025-11-20 20:00:00,47.26782602071762
2025-11-20 20:30:00,17.401214137673378
2025-11-20 21:00:00,41.31475242972374
2025-11-20 21:30:00,52.822113156318665
2025-11-20 22:00:00,48.51940014958382
2025-11-20 22:30:00,42.046284437179565
2025-11-20 23:00:00,57.41988980770111
2025-11-20 23:30:00,8.108056455850601
2025-11-21 00:00:00,43.47028183937073
2025-11-21 00:30:00,49.35368365049362
2025-11-21 01:00:00,44.83505201339722
2025-11-21 01:30:00,25.37988032400608
2025-11-21 02:00:00,43.78453189134598
2025-11-21 02:30:00,33.441245794296265
2025-11-21 03:00:00,25.844356447458267
2025-11-21 03:30:00,19.69266003370285
2025-11-21 04:00:00,37.97364354133606
2025-11-21 04:30:00,28.073237657546997
2025-11-21 05:00:00,25.392135977745056
2025-11-21 05:30:00,44.39638662338257
2025-11-21 06:00:00,75.5528399348259
2025-11-21 06:30:00,70.18695944547653
2025-11-21 07:00:00,30.649526685476303
2025-11-21 07:30:00,54.35851740837097
2025-11-21 08:00:00,19.900767654180527
2025-11-21 08:30:00,62.23866426944733
2025-11-21 09:00:00,52.905883491039276
2025-11-21 09:30:00,40.33475688099861
2025-11-21 10:00:00,29.993907749652863
2025-11-21 10:30:00,51.55662548542023
2025-11-21 11:00:00,52.479862570762634
2025-11-21 11:30:00,34.71582221984863
2025-11-21 12:00:00,48.01767718791962
2025-11-21 12:30:00,49.24664506316185
2025-11-21 13:00:00,30.52549582719803
2025-11-21 13:30:00,59.292022943496704
2025-11-21 14:00:00,47.45954266190529
2025-11-21 14:30:00,36.414173394441605
2025-11-21 15:00:00,24.489154905080795
2025-11-21 15:30:00,54.95941013097763
2025-11-21 16:00:00,25.877916038036346
2025-11-21 16:30:00,48.683781147003174
2025-11-21 17:00:00,37.424745202064514
2025-11-21 17:30:00,28.6272411942482
2025-11-21 18:00:00,72.32922285795212
2025-11-21 18:30:00,33.98145720362663
2025-11-21 19:00:00,47.67552489042282
2025-11-21 19:30:00,42.97885021567345
2025-11-21 20:00:00,13.381528824567795
2025-11-21 20:30:00,27.007719933986664
2025-11-21 21:00:00,48.941006779670715
2025-11-21 21:30:00,60.398908376693726
2025-11-21 22:00:00,44.02004453539848
2025-11-21 22:30:00,46.67878568172455
2025-11-21 23:00:00,42.93365216255188
2025-11-21 23:30:00,19.591855511069298
2025-11-22 00:00:00,20.318058282136917
2025-11-22 00:30:00,34.89068245887756
2025-11-22 01:00:00,5.888859510421753
2025-11-22 01:30:00,42.87774360179901
2025-11-22 02:00:00,25.16563692688942
2025-11-22 02:30:00,55.392091512680054
2025-11-22 03:00:00,22.707993149757385
2025-11-22 03:30:00,52.400075793266296
2025-11-22 04:00:00,22.681481391191483
2025-11-22 04:30:00,34.9244501888752
2025-11-22 05:00:00,45.9100024998188
2025-11-22 05:30:00,23.162293568253517
2025-11-22 06:00:00,49.40641808509827
2025-11-22 06:30:00,43.371967762708664
2025-11-22 07:00:00,71.58555227518082
2025-11-22 07:30:00,81.3260492682457
2025-11-22 08:00:00,36.09893757104874
2025-11-22 08:30:00,18.505921334028244
2025-11-22 09:00:00,33.71779081225395
2025-11-22 09:30:00,43.790608406066895
2025-11-22 10:00:00,31.572015047073364
2025-11-22 10:30:00,33.27397686243057
2025-11-22 11:00:00,49.80753454566002
2025-11-22 11:30:00,49.597935259342194
2025-11-22 12:00:00,39.87314701080322
2025-11-22 12:30:00,21.416259676218033
2025-11-22 13:00:00,38.05903562903404
2025-11-22 13:30:00,26.916440680623055
2025-11-22 14:00:00,34.63588801026344
2025-11-22 14:30:00,38.904671400785446
2025-11-22 15:00:00,61.07944333553314
2025-11-22 15:30:00,66.81441861391068
2025-11-22 16:00:00,29.052175164222717
2025-11-22 16:30:00,4.085290968418121
2025-11-22 17:00:00,11.120774820446968
2025-11-22 17:30:00,37.82271355390549
2025-11-22 18:00:00,37.36189287900925
2025-11-22 18:30:00,79.56557136774063
2025-11-22 19:00:00,80.60721665620804
2025-11-22 19:30:00,33.266874104738235
2025-11-22 20:00:00,15.24499237537384
2025-11-22 20:30:00,19.442561730742455
2025-11-22 21:00:00,35.76988938450813
2025-11-22 21:30:00,29.813693702220917
2025-11-22 22:00:00,32.91149628162384
2025-11-22 22:30:00,69.44221925735474
2025-11-22 23:00:00,51.263932317495346
2025-11-22 23:30:00,52.27056682109833
2025-11-23 00:00:00,17.132227182388306
2025-11-23 00:30:00,12.728750847280025
2025-11-23 01:00:00,29.410203874111176
2025-11-23 01:30:00,46.59861731529236
2025-11-23 02:00:00,75.0140363574028
2025-11-23 02:30:00,55.621299266815186
2025-11-23 03:00:00,54.83624941110611
2025-11-23 03:30:00,43.68102589249611
2025-11-23 04:00:00,91.47935611009598
2025-11-23 04:30:00,35.618840873241425
2025-11-23 05:00:00,96.08347523212433
2025-11-23 05:30:00,39.7420654296875
2025-11-23 06:00:00,65.67894291877747
2025-11-23 06:30:00,72.27611261606216
2025-11-23 07:00:00,74.18472796678543
2025-11-23 07:30:00,33.876083731651306
2025-11-23 08:00:00,41.59558165073395
2025-11-23 08:30:00,38.33051881194115
2025-11-23 09:00:00,48.04792967438698
2025-11-23 09:30:00,53.79068994522095
2025-11-23 10:00:00,49.865741312503815
2025-11-23 10:30:00,26.946369394659996
2025-11-23 11:00:00,38.75048345327377
2025-11-23 11:30:00,72.12685352563858
2025-11-23 12:00:00,20.574944242835045
2025-11-23 12:30:00,13.474236145615578
2025-11-23 13:00:00,36.96292719244957
2025-11-23 13:30:00,25.505329132080078
2025-11-23 14:00:00,28.32027891278267
2025-11-23 14:30:00,39.07224386930466
2025-11-23 15:00:00,34.168051302433014
2025-11-23 15:30:00,40.6949103474617
2025-11-23 16:00:00,24.511120840907097
2025-11-23 16:30:00,32.90796658396721
2025-11-23 17:00:00,22.819788590073586
2025-11-23 17:30:00,32.83599081635475
2025-11-23 18:00:00,53.743847012519836
2025-11-23 18:30:00,43.410892724990845
2025-11-23 19:00:00,13.867227219045162
2025-11-23 19:30:00,4.829639449715614
2025-11-23 20:00:00,12.913761496543884
2025-11-23 20:30:00,21.02120527625084
2025-11-23 21:00:00,54.42733061313629
2025-11-23 21:30:00,48.5058710873127
2025-11-23 22:00:00,44.41447740793228
2025-11-23 22:30:00,30.23966258764267
2025-11-23 23:00:00,37.23180574178696
2025-11-23 23:30:00,50.455966889858246
2025-11-24 00:00:00,46.113354712724686
2025-11-24 00:30:00,8.530909031629562
2025-11-24 01:00:00,26.800855368375778
2025-11-24 01:30:00,44.21584302186966
2025-11-24 02:00:00,35.94148010015488
2025-11-24 02:30:00,42.43357986211777
2025-11-24 03:00:00,37.0344375371933
2025-11-24 03:30:00,37.924294263124466
2025-11-24 04:00:00,64.42134720087051
2025-11-24 04:30:00,38.187110751867294
2025-11-24 05:00:00,30.741498291492462
2025-11-24 05:30:00,44.377555787563324
2025-11-24 06:00:00,21.4773760586977
2025-11-24 06:30:00,25.686265885829926
2025-11-24 07:00:00,16.494576171040535
2025-11-24 07:30:00,17.582760855555534
2025-11-24 08:00:00,25.668796628713608
2025-11-24 08:30:00,37.301301181316376
2025-11-24 09:00:00,41.17075753211975
2025-11-24 09:30:00,46.17627930641174
2025-11-24 10:00:00,26.216106459498405
2025-11-24 10:30:00,29.99154594540596
2025-11-24 11:00:00,29.279966413974762
2025-11-24 11:30:00,33.94056648015976
2025-11-24 12:00:00,38.97186863422394
2025-11-24 12:30:00,11.203742951154709
2025-11-24 13:00:00,21.04036132991314
2025-11-24 13:30:00,48.618890792131424
2025-11-24 14:00:00,33.72850999236107
2025-11-24 14:30:00,27.6131049990654
2025-11-24 15:00:00,19.22975218296051
2025-11-24 15:30:00,48.56171315908432
2025-11-24 16:00:00,41.019891142845154
2025-11-24 16:30:00,12.808260828256607
2025-11-24 17:00:00,33.996376752853394
2025-11-24 17:30:00,51.21769645810127
2025-11-24 18:00:00,23.254061371088028
2025-11-24 18:30:00,31.714790016412735
2025-11-24 19:00:00,37.88807800412178
2025-11-24 19:30:00,61.816349387168884
2025-11-24 20:00:00,52.14338207244873
2025-11-24 20:30:00,54.686198234558105
2025-11-24 21:00:00,55.057993054389954
2025-11-24 21:30:00,66.15668070316315
2025-11-24 22:00:00,28.267902940511703
2025-11-24 22:30:00,44.65422511100769
2025-11-24 23:00:00,13.739439010620117
2025-11-24 23:30:00,17.154804527759552
2025-11-25 00:00:00,22.534758999943733
2025-11-25 00:30:00,46.58318030834198
2025-11-25 01:00:00,61.55949378013611
2025-11-25 01:30:00,54.93702936172485
2025-11-25 02:00:00,29.695192992687225
2025-11-25 02:30:00,53.020834267139435
2025-11-25 03:00:00,29.27290990948677
2025-11-25 03:30:00,41.63492000102997
2025-11-25 04:00:00,65.82864719629288
2025-11-25 04:30:00,46.411442160606384
2025-11-25 05:00:00,78.7571405172348
2025-11-25 05:30:00,27.136688321828842
2025-11-25 06:00:00,10.326766297221184
2025-11-25 06:30:00,44.530266523361206
2025-11-25 07:00:00,21.940583109855652
2025-11-25 07:30:00,25.245819747447968
2025-11-25 08:00:00,9.572721987962723
2025-11-25 08:30:00,32.89218556880951
2025-11-25 09:00:00,40.86498627066612
2025-11-25 09:30:00,57.89925801753998
2025-11-25 10:00:00,48.255514055490494
2025-11-25 10:30:00,45.26328441500664
2025-11-25 11:00:00,43.222665309906006
2025-11-25 11:30:00,43.14006286859512
2025-11-25 12:00:00,40.95226317644119
2025-11-25 12:30:00,38.56213462352753
2025-11-25 13:00:00,46.31946188211441
2025-11-25 13:30:00,50.80664712190628
2025-11-25 14:00:00,23.42999555170536
2025-11-25 14:30:00,42.22682225704193
2025-11-25 15:00:00,53.37050271034241
2025-11-25 15:30:00,47.1177459359169
2025-11-25 16:00:00,51.572710037231445
2025-11-25 16:30:00,44.156867295503616
2025-11-25 17:00:00,56.32955724000931
2025-11-25 17:30:00,54.65637648105621
2025-11-25 18:00:00,38.75952595472336
2025-11-25 18:30:00,52.43537276983261
2025-11-25 19:00:00,17.07610036432743
2025-11-25 19:30:00,15.173009380698204
2025-11-25 20:00:00,38.53694397211075
2025-11-25 20:30:00,17.000498056411743
2025-11-25 21:00:00,6.6745366752147675
2025-11-25 21:30:00,33.23184019327164
2025-11-25 22:00:00,33.57891556620598
2025-11-25 22:30:00,58.78306424617767
2025-11-25 23:00:00,64.71717113256454
2025-11-25 23:30:00,56.001176834106445
2025-11-26 00:00:00,24.891956716775894
2025-11-26 00:30:00,50.543582022190094
2025-11-26 01:00:00,38.63402944803238
2025-11-26 01:30:00,28.646869897842407
2025-11-26 02:00:00,45.327162981033325
2025-11-26 02:30:00,16.39762656390667
2025-11-26 03:00:00,54.24157774448395
2025-11-26 03:30:00,60.201626896858215
2025-11-26 04:00:00,55.50366002321243
2025-11-26 04:30:00,66.62585586309433
2025-11-26 05:00:00,23.972205966711044
2025-11-26 05:30:00,8.692011833190918
2025-11-26 06:00:00,47.888919830322266
2025-11-26 06:30:00,51.953848004341125
2025-11-26 07:00:00,25.440784230828285
2025-11-26 07:30:00,72.77164632081985
2025-11-26 08:00:00,46.905177772045135
2025-11-26 08:30:00,32.56919077038765
2025-11-26 09:00:00,30.762040495872498
2025-11-26 09:30:00,56.044654846191406
2025-11-26 10:00:00,91.47070676088333
2025-11-26 10:30:00,52.91540586948395
2025-11-26 11:00:00,36.9534452855587
2025-11-26 11:30:00,24.48587092757225
2025-11-26 12:00:00,35.61826848983765
2025-11-26 12:30:00,49.35742437839508
2025-11-26 13:00:00,45.68640872836113
2025-11-26 13:30:00,42.019272565841675
2025-11-26 14:00:00,51.765597462654114
2025-11-26 14:30:00,46.86275202035904
2025-11-26 15:00:00,35.75949686765671
2025-11-26 15:30:00,29.956037938594818
2025-11-26 16:00:00,21.43930822610855
2025-11-26 16:30:00,29.085575759410858
2025-11-26 17:00:00,50.927495181560516
2025-11-26 17:30:00,38.85787183046341
2025-11-26 18:00:00,14.893717356026173
2025-11-26 18:30:00,20.104446530342102
2025-11-26 19:00:00,12.771915204823017
2025-11-26 19:30:00,12.602345176041126
2025-11-26 20:00:00,33.95006284117699
2025-11-26 20:30:00,57.3693813085556
2025-11-26 21:00:00,41.88310024142265
2025-11-26 21:30:00,25.563183218240738
2025-11-26 22:00:00,52.11908179521561
2025-11-26 22:30:00,26.06708586215973
2025-11-26 23:00:00,29.413580358028412
2025-11-26 23:30:00,35.55756404995918
2025-11-27 00:00:00,34.33444431424141
2025-11-27 00:30:00,8.072183482348919
2025-11-27 01:00:00,9.460498705506325
2025-11-27 01:30:00,45.30688673257828
2025-11-27 02:00:00,39.28281158208847
2025-11-27 02:30:00,54.44480276107788
2025-11-27 03:00:00,32.584277987480164
2025-11-27 03:30:00,65.35624009370804
2025-11-27 04:00:00,48.21983548998833
2025-11-27 04:30:00,25.675234496593475
2025-11-27 05:00:00,41.24058252573013
2025-11-27 05:30:00,35.230397790670395
2025-11-27 06:00:00,56.506533563137054
2025-11-27 06:30:00,59.49815034866333
2025-11-27 07:00:00,20.711313143372536
2025-11-27 07:30:00,24.14405396580696
2025-11-27 08:00:00,35.17477831244469
2025-11-27 08:30:00,19.396581709384918
2025-11-27 09:00:00,32.51470449566841
2025-11-27 09:30:00,14.799023315310478
2025-11-27 10:00:00,48.957311034202576
2025-11-27 10:30:00,35.82528626918793
2025-11-27 11:00:00,57.78405284881592
2025-11-27 11:30:00,17.38594624400139
2025-11-27 12:00:00,32.56877160072327
2025-11-27 12:30:00,21.48380236327648
2025-11-27 13:00:00,37.59509286284447
2025-11-27 13:30:00,37.640308260917664
2025-11-27 14:00:00,31.237696886062622
2025-11-27 14:30:00,63.23283642530441
2025-11-27 15:00:00,36.328370809555054
2025-11-27 15:30:00,53.22071170806885
2025-11-27 16:00:00,46.57002127170563
2025-11-27 16:30:00,51.88897788524628
2025-11-27 17:00:00,41.48507696390152
2025-11-27 17:30:00,29.250601410865784
2025-11-27 18:00:00,26.99489912390709
2025-11-27 18:30:00,23.514391750097275
2025-11-27 19:00:00,45.64436745643616
2025-11-27 19:30:00,75.47989863157272
2025-11-27 20:00:00,72.00551402568817
2025-11-27 20:30:00,64.60453879833221
2025-11-27 21:00:00,45.61446186900139
2025-11-27 21:30:00,33.28853505849838
2025-11-27 22:00:00,42.00070768594742
2025-11-27 22:30:00,47.31863805651665
2025-11-27 23:00:00,44.333777129650116
2025-11-27 23:30:00,54.12403678894043
2025-11-28 00:00:00,21.331708818674088
2025-11-28 00:30:00,27.880147874355316
2025-11-28 01:00:00,17.199005246162415
2025-11-28 01:30:00,31.1962308883667
2025-11-28 02:00:00,45.16289472579956
2025-11-28 02:30:00,34.7925823032856
2025-11-28 03:00:00,57.838770389556885
2025-11-28 03:30:00,32.13481825590134
2025-11-28 04:00:00,29.344535887241364
2025-11-28 04:30:00,18.81009830534458
2025-11-28 05:00:00,79.83624511957169
2025-11-28 05:30:00,67.04699128866196
2025-11-28 06:00:00,67.29100006818771
2025-11-28 06:30:00,39.348069071769714
2025-11-28 07:00:00,51.409008383750916
2025-11-28 07:30:00,54.81293201446533
2025-11-28 08:00:00,46.98923718929291
2025-11-28 08:30:00,57.61977303028107
2025-11-28 09:00:00,62.19346332550049
2025-11-28 09:30:00,62.87779104709625
2025-11-28 10:00:00,22.45221871137619
2025-11-28 10:30:00,35.97319823503494
2025-11-28 11:00:00,41.34086814522743
2025-11-28 11:30:00,64.46617811918259
2025-11-28 12:00:00,33.051793813705444
2025-11-28 12:30:00,64.94547694921494
2025-11-28 13:00:00,67.60196036100388
2025-11-28 13:30:00,47.612640768289566
2025-11-28 14:00:00,48.19110357761383
2025-11-28 14:30:00,41.61056190729141
2025-11-28 15:00:00,64.41874545812607
2025-11-28 15:30:00,47.83047890663147
2025-11-28 16:00:00,51.12961879372597
2025-11-28 16:30:00,56.62934160232544
2025-11-28 17:00:00,54.01054298877716
2025-11-28 17:30:00,59.83215630054474
2025-11-28 18:00:00,49.228435754776
2025-11-28 18:30:00,72.70344597101212
2025-11-28 19:00:00,33.970931708812714
2025-11-28 19:30:00,52.146429002285004
2025-11-28 20:00:00,21.736805945634842
2025-11-28 20:30:00,55.4859277009964
2025-11-28 21:00:00,60.41248947381973
2025-11-28 21:30:00,67.18102729320526
2025-11-28 22:00:00,23.13819709420204
2025-11-28 22:30:00,25.91452544927597
2025-11-28 23:00:00,60.996222257614136
2025-11-28 23:30:00,28.022070050239563
2025-11-29 00:00:00,54.15377759933472
2025-11-29 00:30:00,63.288392305374146
2025-11-29 01:00:00,30.21711415052414
2025-11-29 01:30:00,41.46672022342682
2025-11-29 02:00:00,33.18724054098129
2025-11-29 02:30:00,55.95586025714874
2025-11-29 03:00:00,35.37615031003952
2025-11-29 03:30:00,39.06369858980179
2025-11-29 04:00:00,52.78113281726837
2025-11-29 04:30:00,66.7911821603775
2025-11-29 05:00:00,50.07998615503311
2025-11-29 05:30:00,27.93275511264801
2025-11-29 06:00:00,64.28927117586136
2025-11-29 06:30:00,52.85687243938446
2025-11-29 07:00:00,43.88601142168045
2025-11-29 07:30:00,53.04627352952957
2025-11-29 08:00:00,70.09352797269821
2025-11-29 08:30:00,29.19783228635788
2025-11-29 09:00:00,-8.713994026184082
2025-11-29 09:30:00,31.777700155973434
2025-11-29 10:00:00,30.88634020090103
2025-11-29 10:30:00,59.76764464378357
2025-11-29 11:00:00,33.67925322055817
2025-11-29 11:30:00,25.328266084194183
2025-11-29 12:00:00,33.42977499961853
2025-11-29 12:30:00,69.83514600992203
2025-11-29 13:00:00,57.34988558292389
2025-11-29 13:30:00,19.915574461221695
2025-11-29 14:00:00,33.279163002967834
2025-11-29 14:30:00,33.65238878130913
2025-11-29 15:00:00,39.897536903619766
2025-11-29 15:30:00,37.64350551366806
2025-11-29 16:00:00,41.1594919860363
2025-11-29 16:30:00,59.167226016521454
2025-11-29 17:00:00,62.99967980384827
2025-11-29 17:30:00,58.32326114177704
2025-11-29 18:00:00,44.54639154672623
2025-11-29 18:30:00,40.09031158685684
2025-11-29 19:00:00,23.90458956360817
2025-11-29 19:30:00,9.391113117337227
2025-11-29 20:00:00,42.677880614995956
2025-11-29 20:30:00,48.39863592386246
2025-11-29 21:00:00,33.89910915493965
2025-11-29 21:30:00,61.57088363170624
2025-11-29 22:00:00,15.824978649616241
2025-11-29 22:30:00,44.64868339896202
2025-11-29 23:00:00,50.9371794462204
2025-11-29 23:30:00,45.846071898937225
2025-11-30 00:00:00,35.9114126265049
2025-11-30 00:30:00,36.637550354003906
2025-11-30 01:00:00,32.094271540641785
2025-11-30 01:30:00,49.40266001224518
2025-11-30 02:00:00,20.078085094690323
2025-11-30 02:30:00,13.290129601955414
2025-11-30 03:00:00,49.30838441848755
2025-11-30 03:30:00,40.19352561235428
2025-11-30 04:00:00,26.640770137310028
2025-11-30 04:30:00,28.63881605863571
2025-11-30 05:00:00,51.49575048685074
2025-11-30 05:30:00,44.44879728555679
2025-11-30 06:00:00,32.870640248060226
2025-11-30 06:30:00,59.309391021728516
2025-11-30 07:00:00,26.42519262433052
2025-11-30 07:30:00,15.691386386752129
2025-11-30 08:00:00,28.326034545898438
2025-11-30 08:30:00,34.26417124271393
2025-11-30 09:00:00,38.48375278711319
2025-11-30 09:30:00,34.43102678656578
2025-11-30 10:00:00,67.52696079015732
2025-11-30 10:30:00,65.0605491399765
2025-11-30 11:00:00,65.75594872236252
2025-11-30 11:30:00,81.21315097808838
2025-11-30 12:00:00,44.71268916130066
2025-11-30 12:30:00,38.861731082201004
2025-11-30 13:00:00,39.91765993833542
2025-11-30 13:30:00,53.519137382507324
2025-11-30 14:00:00,86.73920631408691
2025-11-30 14:30:00,37.16222646832466
2025-11-30 15:00:00,43.98026677966118
2025-11-30 15:30:00,13.721178390085697
2025-11-30 16:00:00,23.81655092537403
2025-11-30 16:30:00,28.999070703983307
2025-11-30 17:00:00,24.216113567352295
2025-11-30 17:30:00,42.42586135864258
2025-11-30 18:00:00,38.51056808233261
2025-11-30 18:30:00,41.206950664520264
2025-11-30 19:00:00,36.182378351688385
2025-11-30 19:30:00,16.102454513311386
2025-11-30 20:00:00,41.74364683032036
2025-11-30 20:30:00,66.4407331943512
2025-11-30 21:00:00,61.552451729774475
2025-11-30 21:30:00,34.80444046854973
2025-11-30 22:00:00,32.952280044555664
2025-11-30 22:30:00,26.88674323260784
2025-11-30 23:00:00,56.93924963474274
2025-11-30 23:30:00,33.737269192934036
2025-12-01 00:00:00,19.011169657111168
2025-12-01 00:30:00,27.138623729348183
2025-12-01 01:00:00,31.97740414738655
2025-12-01 01:30:00,9.065245561301708
2025-12-01 02:00:00,44.91529554128647
2025-12-01 02:30:00,45.38854965567589
2025-12-01 03:00:00,36.43490928411484
2025-12-01 03:30:00,30.221531331539154
2025-12-01 04:00:00,50.84323340654373
2025-12-01 04:30:00,40.478780686855316
2025-12-01 05:00:00,36.48412847518921
2025-12-01 05:30:00,50.22293168306351
2025-12-01 06:00:00,24.157371997833252
2025-12-01 06:30:00,27.753356277942657
2025-12-01 07:00:00,18.325250536203384
2025-12-01 07:30:00,31.111862152814865
2025-12-01 08:00:00,51.072513431310654
2025-12-01 08:30:00,24.674107015132904
2025-12-01 09:00:00,19.081100165843964
2025-12-01 09:30:00,22.251922100782394
2025-12-01 10:00:00,48.62076115608215
2025-12-01 10:30:00,50.8606159389019
2025-12-01 11:00:00,73.5149353146553
2025-12-01 11:30:00,50.386916637420654
2025-12-01 12:00:00,36.163142800331116
2025-12-01 12:30:00,39.779559433460236
2025-12-01 13:00:00,27.1961612701416
2025-12-01 13:30:00,34.02411711215973
2025-12-01 14:00:00,49.13422375917435
2025-12-01 14:30:00,34.60075002908707
2025-12-01 15:00:00,26.851112365722656
2025-12-01 15:30:00,57.87039601802826
2025-12-01 16:00:00,25.570586621761322
2025-12-01 16:30:00,61.918187379837036
2025-12-01 17:00:00,39.900416165590286
2025-12-01 17:30:00,16.315018340945244
2025-12-01 18:00:00,48.088305830955505
2025-12-01 18:30:00,53.32388526201248
2025-12-01 19:00:00,36.598032772541046
2025-12-01 19:30:00,28.353269010782242
2025-12-01 20:00:00,54.31579101085663
2025-12-01 20:30:00,47.12222671508789
2025-12-01 21:00:00,37.160110384225845
2025-12-01 21:30:00,54.99025523662567
2025-12-01 22:00:00,36.45748084783554
2025-12-01 22:30:00,18.06224036216736
2025-12-01 23:00:00,17.00644737482071
2025-12-01 23:30:00,-0.1683155894279479
2025-12-02 00:00:00,69.47434210777283
2025-12-02 00:30:00,38.51736730337143
2025-12-02 01:00:00,37.140981793403625
2025-12-02 01:30:00,38.09058320522308
2025-12-02 02:00:00,47.60788536071777
2025-12-02 02:30:00,62.77950876951218
2025-12-02 03:00:00,46.07264322042465
2025-12-02 03:30:00,12.254367865622044
2025-12-02 04:00:00,33.75104686617851
2025-12-02 04:30:00,24.683437153697014
2025-12-02 05:00:00,30.114518761634827
2025-12-02 05:30:00,38.76254975795746
2025-12-02 06:00:00,31.479447931051254
2025-12-02 06:30:00,36.95415064692497
2025-12-02 07:00:00,43.291854321956635
2025-12-02 07:30:00,39.00580981373787
2025-12-02 08:00:00,50.11103940010071
2025-12-02 08:30:00,16.276496648788452
2025-12-02 09:00:00,28.277636349201202
2025-12-02 09:30:00,26.34132255613804
2025-12-02 10:00:00,35.63543999195099
2025-12-02 10:30:00,49.504526913166046
2025-12-02 11:00:00,28.61437702178955
2025-12-02 11:30:00,75.18893128633499
2025-12-02 12:00:00,32.25633987784386
2025-12-02 12:30:00,10.932160034775734
2025-12-02 13:00:00,43.69404327869415
2025-12-02 13:30:00,28.70316582918167
2025-12-02 14:00:00,30.370408833026886
2025-12-02 14:30:00,18.51518787443638
2025-12-02 15:00:00,19.81763330101967
2025-12-02 15:30:00,48.02957871556282
2025-12-02 16:00:00,52.11403441429138
2025-12-02 16:30:00,66.49192970991135
2025-12-02 17:00:00,70.63899779319763
2025-12-02 17:30:00,28.105314254760742
2025-12-02 18:00:00,37.7293196618557
2025-12-02 18:30:00,29.047422647476196
2025-12-02 19:00:00,37.08648684620857
2025-12-02 19:30:00,12.711727499961853
2025-12-02 20:00:00,33.10983869433403
2025-12-02 20:30:00,78.22834497690201
2025-12-02 21:00:00,40.517465710639954
2025-12-02 21:30:00,49.594156950712204
2025-12-02 22:00:00,45.92019844055176
2025-12-02 22:30:00,40.245684772729874
2025-12-02 23:00:00,16.576954573392868
2025-12-02 23:30:00,46.12667852640152
2025-12-03 00:00:00,16.120130464434624
2025-12-03 00:30:00,39.831472873687744
2025-12-03 01:00:00,23.482089668512344
2025-12-03 01:30:00,51.63522124290466
2025-12-03 02:00:00,32.55517026782036
2025-12-03 02:30:00,20.13987359404564
2025-12-03 03:00:00,35.67666605114937
2025-12-03 03:30:00,39.62631967663765
2025-12-03 04:00:00,47.07394415140152
2025-12-03 04:30:00,22.099121749401093
2025-12-03 05:00:00,31.810826122760773
2025-12-03 05:30:00,29.715344935655594
2025-12-03 06:00:00,8.384271919727325
2025-12-03 06:30:00,15.02926453948021
2025-12-03 07:00:00,16.248260512948036
2025-12-03 07:30:00,14.954554051160812
2025-12-03 08:00:00,-1.4336645007133484
2025-12-03 08:30:00,39.452332466840744
2025-12-03 09:00:00,28.245432555675507
2025-12-03 09:30:00,32.66875368356705
2025-12-03 10:00:00,20.936778724193573
2025-12-03 10:30:00,52.03985005617142
2025-12-03 11:00:00,70.42138224840164
2025-12-03 11:30:00,66.52661383152008
2025-12-03 12:00:00,80.62126606702805
2025-12-03 12:30:00,33.93151819705963
2025-12-03 13:00:00,30.04673758149147
2025-12-03 13:30:00,30.428976953029633
2025-12-03 14:00:00,53.55146259069443
2025-12-03 14:30:00,22.81163790822029
2025-12-03 15:00:00,86.59869486093521
2025-12-03 15:30:00,54.83997279405594
2025-12-03 16:00:00,44.93236297369003
2025-12-03 16:30:00,18.70979245007038
2025-12-03 17:00:00,52.58056157827377
2025-12-03 17:30:00,30.19860130548477
2025-12-03 18:00:00,51.93757265806198
2025-12-03 18:30:00,40.4346262216568
2025-12-03 19:00:00,55.060623705387115
2025-12-03 19:30:00,58.845494508743286
2025-12-03 20:00:00,42.04581034183502
2025-12-03 20:30:00,13.21868285536766
2025-12-03 21:00:00,24.565134465694427
2025-12-03 21:30:00,37.02930921316147
2025-12-03 22:00:00,7.118813157081604
2025-12-03 22:30:00,19.436820551753044
2025-12-03 23:00:00,16.9259552359581
2025-12-03 23:30:00,24.119875103235245
2025-12-04 00:00:00,63.307194232940674
2025-12-04 00:30:00,39.881125688552856
2025-12-04 01:00:00,54.56265592575073
2025-12-04 01:30:00,16.06244693696499
2025-12-04 02:00:00,6.876112475991249
2025-12-04 02:30:00,26.332003980875015
2025-12-04 03:00:00,23.534260392189026
2025-12-04 03:30:00,36.18833056092262
2025-12-04 04:00:00,36.317920476198196
2025-12-04 04:30:00,32.888612508773804
2025-12-04 05:00:00,73.29108136892319
2025-12-04 05:30:00,56.905432760715485
2025-12-04 06:00:00,52.052084028720856
2025-12-04 06:30:00,51.09584528207779
2025-12-04 07:00:00,39.324638932943344
2025-12-04 07:30:00,47.61982735991478
2025-12-04 08:00:00,38.877838760614395
2025-12-04 08:30:00,30.600527197122574
2025-12-04 09:00:00,45.91051706671715
2025-12-04 09:30:00,28.615411937236786
2025-12-04 10:00:00,51.58087372779846
2025-12-04 10:30:00,21.534511774778366
2025-12-04 11:00:00,61.78672420978546
2025-12-04 11:30:00,64.72407442331314
2025-12-04 12:00:00,43.14387586712837
2025-12-04 12:30:00,35.344813764095306
2025-12-04 13:00:00,37.5127130150795
2025-12-04 13:30:00,54.803091645240784
2025-12-04 14:00:00,41.30284222960472
2025-12-04 14:30:00,30.416190832853317
2025-12-04 15:00:00,19.01621848344803
2025-12-04 15:30:00,54.343670129776
2025-12-04 16:00:00,50.280204713344574
2025-12-04 16:30:00,53.30343556404114
2025-12-04 17:00:00,33.769045144319534
2025-12-04 17:30:00,31.281643211841583
2025-12-04 18:00:00,54.353504717350006
2025-12-04 18:30:00,22.554665222764015
2025-12-04 19:00:00,20.46947392821312
2025-12-04 19:30:00,36.642048478126526
2025-12-04 20:00:00,56.26088857650757
2025-12-04 20:30:00,39.26213350892067
2025-12-04 21:00:00,42.15613290667534
2025-12-04 21:30:00,25.238925129175186
2025-12-04 22:00:00,31.902173310518265
2025-12-04 22:30:00,24.754210337996483
2025-12-04 23:00:00,86.38387763500214
2025-12-04 23:30:00,16.70490539073944
2025-12-05 00:00:00,23.665477842092514
2025-12-05 00:30:00,26.473533004522324
2025-12-05 01:00:00,9.703500032424927
2025-12-05 01:30:00,58.54015976190567
2025-12-05 02:00:00,22.085183635354042
2025-12-05 02:30:00,8.802246950566769
2025-12-05 03:00:00,29.895480930805206
2025-12-05 03:30:00,67.88857412338257
2025-12-05 04:00:00,46.89781194925308
2025-12-05 04:30:00,39.54388779401779
2025-12-05 05:00:00,8.292732492089272
2025-12-05 05:30:00,26.005881309509277
2025-12-05 06:00:00,59.349642872810364
2025-12-05 06:30:00,27.13470810651779
2025-12-05 07:00:00,23.980641394853592
2025-12-05 07:30:00,25.92537471652031
2025-12-05 08:00:00,26.367384791374207
2025-12-05 08:30:00,34.157181799411774
2025-12-05 09:00:00,54.66437828540802
2025-12-05 09:30:00,26.271367475390434
2025-12-05 10:00:00,61.318063616752625
2025-12-05 10:30:00,64.20501518249512
2025-12-05 11:00:00,42.40751039981842
2025-12-05 11:30:00,101.29513597488402
2025-12-05 12:00:00,43.375208377838135
2025-12-05 12:30:00,67.76502603292465
2025-12-05 13:00:00,48.30355089902878
2025-12-05 13:30:00,60.965914845466614
2025-12-05 14:00:00,54.32342278957367
2025-12-05 14:30:00,70.08320772647858
2025-12-05 15:00:00,46.08800506591797
2025-12-05 15:30:00,46.07531434297562
2025-12-05 16:00:00,54.42671775817871
2025-12-05 16:30:00,58.803276896476746
2025-12-05 17:00:00,36.961299657821655
2025-12-05 17:30:00,31.370755791664124
2025-12-05 18:00:00,14.786969296634197
2025-12-05 18:30:00,21.98304933309555
2025-12-05 19:00:00,35.31701558828354
2025-12-05 19:30:00,74.53156918287277
2025-12-05 20:00:00,35.575039088726044
2025-12-05 20:30:00,53.67784368991852
2025-12-05 21:00:00,58.75650334358215
2025-12-05 21:30:00,61.10891819000244
2025-12-05 22:00:00,61.40686398744583
2025-12-05 22:30:00,31.676636904478073
2025-12-05 23:00:00,62.110120832920074
2025-12-05 23:30:00,47.210662841796875
2025-12-06 00:00:00,46.01656121015549
2025-12-06 00:30:00,71.98567718267441
2025-12-06 01:00:00,71.62047922611237
2025-12-06 01:30:00,49.84330850839615
2025-12-06 02:00:00,42.76860338449478
2025-12-06 02:30:00,30.14011123776436
2025-12-06 03:00:00,28.184259802103043
2025-12-06 03:30:00,32.42778027057648
2025-12-06 04:00:00,15.930224925279617
2025-12-06 04:30:00,17.84188576042652
2025-12-06 05:00:00,20.788240894675255
2025-12-06 05:30:00,8.171254232525826
2025-12-06 06:00:00,19.19643397629261
2025-12-06 06:30:00,53.33303761482239
2025-12-06 07:00:00,47.6264328956604
2025-12-06 07:30:00,33.80255848169327
2025-12-06 08:00:00,29.14105647802353
2025-12-06 08:30:00,41.31259009242058
2025-12-06 09:00:00,73.26001077890396
2025-12-06 09:30:00,53.71818804740906
2025-12-06 10:00:00,52.086525321006775
2025-12-06 10:30:00,11.649318858981133
2025-12-06 11:00:00,35.629924297332764
2025-12-06 11:30:00,66.11013841629028
2025-12-06 12:00:00,46.01528924703598
2025-12-06 12:30:00,63.12432640790939
2025-12-06 13:00:00,65.8113774061203
2025-12-06 13:30:00,82.77612191438675
2025-12-06 14:00:00,37.6111253798008
2025-12-06 14:30:00,27.802985966205597
2025-12-06 15:00:00,28.75148019194603
2025-12-06 15:30:00,42.48878017067909
2025-12-06 16:00:00,58.06137549877167
2025-12-06 16:30:00,50.95078945159912
2025-12-06 17:00:00,39.99009534716606
2025-12-06 17:30:00,55.91682833433151
2025-12-06 18:00:00,32.840318381786346
2025-12-06 18:30:00,39.6923808157444
2025-12-06 19:00:00,41.802324801683426
2025-12-06 19:30:00,52.366403460502625
2025-12-06 20:00:00,36.85810297727585
2025-12-06 20:30:00,26.91943846642971
2025-12-06 21:00:00,31.6350437104702
2025-12-06 21:30:00,24.458078533411026
2025-12-06 22:00:00,8.643894769251347
2025-12-06 22:30:00,34.64253979921341
2025-12-06 23:00:00,36.14706113934517
2025-12-06 23:30:00,41.93855494260788
2025-12-07 00:00:00,4.901121608912945
2025-12-07 00:30:00,10.156222060322762
2025-12-07 01:00:00,16.81789329648018
2025-12-07 01:30:00,14.334542855620384
2025-12-07 02:00:00,62.94929850101471
2025-12-07 02:30:00,47.40516623854637
2025-12-07 03:00:00,31.760985404253006
2025-12-07 03:30:00,40.44497537612915
2025-12-07 04:00:00,16.63612687587738
2025-12-07 04:30:00,53.20373100042343
2025-12-07 05:00:00,57.529128313064575
2025-12-07 05:30:00,77.15087080001831
2025-12-07 06:00:00,34.44788897037506
2025-12-07 06:30:00,69.0762060880661
2025-12-07 07:00:00,51.44885841012001
2025-12-07 07:30:00,28.439736485481262
2025-12-07 08:00:00,23.862331479787827
2025-12-07 08:30:00,39.62935793399811
2025-12-07 09:00:00,47.20893123745918
2025-12-07 09:30:00,50.660064935684204
2025-12-07 10:00:00,56.106414437294006
2025-12-07 10:30:00,57.05085861682892
2025-12-07 11:00:00,57.37790924310684
2025-12-07 11:30:00,36.48474711179733
2025-12-07 12:00:00,44.95891520380974
2025-12-07 12:30:00,45.28041833639145
2025-12-07 13:00:00,34.655976355075836
2025-12-07 13:30:00,35.98701927065849
2025-12-07 14:00:00,52.30403679609299
2025-12-07 14:30:00,32.766229420900345
2025-12-07 15:00:00,8.100388541817665
2025-12-07 15:30:00,60.202326476573944
2025-12-07 16:00:00,17.183517649769783
2025-12-07 16:30:00,76.19816464185715
2025-12-07 17:00:00,43.40849334001541
2025-12-07 17:30:00,47.92574316263199
2025-12-07 18:00:00,36.52343213558197
2025-12-07 18:30:00,41.86676996946335
2025-12-07 19:00:00,22.50233694911003
2025-12-07 19:30:00,24.656361684203148
2025-12-07 20:00:00,13.904180638492107
2025-12-07 20:30:00,22.524823233485222
2025-12-07 21:00:00,19.242224648594856
2025-12-07 21:30:00,37.13337603211403
2025-12-07 22:00:00,61.49781513214111
2025-12-07 22:30:00,34.9170988202095
2025-12-07 23:00:00,21.173674628138542
2025-12-07 23:30:00,5.802958637475967
2025-12-08 00:00:00,0.6793148517608644
2025-12-08 00:30:00,29.30409613251686
2025-12-08 01:00:00,20.006706282496452
2025-12-08 01:30:00,28.679779052734375
2025-12-08 02:00:00,19.809362649917603
2025-12-08 02:30:00,59.984693586826324
2025-12-08 03:00:00,16.758783146739006
2025-12-08 03:30:00,17.793939977884293
2025-12-08 04:00:00,27.050522938370705
2025-12-08 04:30:00,31.321487456560135
2025-12-08 05:00:00,43.69095876812935
2025-12-08 05:30:00,39.05608993768692
2025-12-08 06:00:00,38.6454713344574
2025-12-08 06:30:00,27.313190549612045
2025-12-08 07:00:00,24.708528071641922
2025-12-08 07:30:00,55.02917730808258
2025-12-08 08:00:00,34.551189720630646
2025-12-08 08:30:00,46.87491661310196
2025-12-08 09:00:00,20.889411106705666
2025-12-08 09:30:00,63.56493443250656
2025-12-08 10:00:00,36.4854322373867
2025-12-08 10:30:00,44.7309909760952
2025-12-08 11:00:00,18.274218797683716
2025-12-08 11:30:00,22.217577651143074
2025-12-08 12:00:00,40.26942712068558
2025-12-08 12:30:00,47.095440328121185
2025-12-08 13:00:00,48.98423618078232
2025-12-08 13:30:00,43.661203503608704
2025-12-08 14:00:00,49.07092335820198
2025-12-08 14:30:00,29.06684899330139
2025-12-08 15:00:00,13.492743209004402
2025-12-08 15:30:00,46.596882820129395
2025-12-08 16:00:00,43.88355132937431
2025-12-08 16:30:00,51.95223492383957
2025-12-08 17:00:00,48.4369335770607
2025-12-08 17:30:00,54.71796840429306
2025-12-08 18:00:00,67.6284287571907
2025-12-08 18:30:00,92.99048298597336
2025-12-08 19:00:00,76.65968489646912
2025-12-08 19:30:00,79.22308951616287
2025-12-08 20:00:00,36.854009568691254
2025-12-08 20:30:00,38.77919512987137
2025-12-08 21:00:00,60.49406278133392
2025-12-08 21:30:00,46.48752290010452
2025-12-08 22:00:00,12.94724303483963
2025-12-08 22:30:00,37.75830018520355
2025-12-08 23:00:00,46.5196573138237
2025-12-08 23:30:00,65.66560465097427
2025-12-09 00:00:00,60.28146570920944
2025-12-09 00:30:00,52.73716914653778
2025-12-09 01:00:00,48.91869539022446
2025-12-09 01:30:00,38.43683758378029
2025-12-09 02:00:00,46.928946137428284
2025-12-09 02:30:00,42.126848846673965
2025-12-09 03:00:00,35.05218708515167
2025-12-09 03:30:00,46.68039298057556
2025-12-09 04:00:00,30.12490549683571
2025-12-09 04:30:00,55.351319313049316
2025-12-09 05:00:00,54.91857433319092
2025-12-09 05:30:00,34.17620921134949
2025-12-09 06:00:00,36.97643023729324
2025-12-09 06:30:00,57.92844378948212
2025-12-09 07:00:00,36.304833710193634
2025-12-09 07:30:00,34.58624964952469
2025-12-09 08:00:00,26.072542294859886
2025-12-09 08:30:00,34.28042924404144
2025-12-09 09:00:00,46.30988168716431
2025-12-09 09:30:00,35.12017062306404
2025-12-09 10:00:00,32.66984063386917
2025-12-09 10:30:00,46.38377985358238
2025-12-09 11:00:00,26.739623352885246
2025-12-09 11:30:00,69.7654077410698
2025-12-09 12:00:00,54.450966000556946
2025-12-09 12:30:00,30.41292130947113
2025-12-09 13:00:00,48.765895038843155
2025-12-09 13:30:00,45.36237612366676
2025-12-09 14:00:00,41.693543046712875
2025-12-09 14:30:00,52.77214813232422
2025-12-09 15:00:00,28.278830260038376
2025-12-09 15:30:00,52.017874002456665
2025-12-09 16:00:00,22.18244256079197
2025-12-09 16:30:00,36.183132857084274
2025-12-09 17:00:00,47.70458346605301
2025-12-09 17:30:00,45.446632117033005
2025-12-09 18:00:00,45.80531704425812
2025-12-09 18:30:00,43.957012981176376
2025-12-09 19:00:00,20.536522284150124
2025-12-09 19:30:00,19.820879697799683
2025-12-09 20:00:00,38.21194872260094
2025-12-09 20:30:00,44.409933030605316
2025-12-09 21:00:00,72.85882782936096
2025-12-09 21:30:00,32.88772213459015
2025-12-09 22:00:00,50.72528484463692
2025-12-09 22:30:00,34.903407871723175
2025-12-09 23:00:00,32.0912968814373
2025-12-09 23:30:00,18.39877000451088
2025-12-10 00:00:00,41.779738783836365
2025-12-10 00:30:00,30.297270953655243
2025-12-10 01:00:00,18.423038482666016
2025-12-10 01:30:00,44.753186732530594
2025-12-10 02:00:00,27.259620666503906
2025-12-10 02:30:00,40.37952998280525
2025-12-10 03:00:00,37.722387462854385
2025-12-10 03:30:00,57.76991093158722
2025-12-10 04:00:00,70.79552441835403
2025-12-10 04:30:00,26.72335234284401
2025-12-10 05:00:00,22.96206633746624
2025-12-10 05:30:00,7.06845498085022
2025-12-10 06:00:00,29.974770486354828
2025-12-10 06:30:00,54.289206981658936
2025-12-10 07:00:00,40.82391053438187
2025-12-10 07:30:00,56.971765637397766
2025-12-10 08:00:00,34.538793861866
2025-12-10 08:30:00,30.883706659078598
2025-12-10 09:00:00,40.70587235689163
2025-12-10 09:30:00,43.476234048604965
2025-12-10 10:00:00,63.879028379917145
2025-12-10 10:30:00,41.42928981781006
2025-12-10 11:00:00,38.028684854507446
2025-12-10 11:30:00,28.36530640721321
2025-12-10 12:00:00,58.48329722881317
2025-12-10 12:30:00,44.682179391384125
2025-12-10 13:00:00,17.896493449807167
2025-12-10 13:30:00,60.33956551551819
2025-12-10 14:00:00,57.50174641609192
2025-12-10 14:30:00,39.11334562301636
2025-12-10 15:00:00,12.00823649764061
2025-12-10 15:30:00,46.20330852270126
2025-12-10 16:00:00,37.36514216661453
2025-12-10 16:30:00,81.45878440141678
2025-12-10 17:00:00,62.89295053482056
2025-12-10 17:30:00,89.27006024122238
2025-12-10 18:00:00,38.675518572330475
2025-12-10 18:30:00,20.360904648900032
2025-12-10 19:00:00,53.81999135017395
2025-12-10 19:30:00,40.77304935455322
2025-12-10 20:00:00,67.24533659219742
2025-12-10 20:30:00,35.846947222948074
2025-12-10 21:00:00,38.315940380096436
2025-12-10 21:30:00,52.24591386318207
2025-12-10 22:00:00,63.65716332197189
2025-12-10 22:30:00,76.90580976009369
2025-12-10 23:00:00,30.07142522931099
2025-12-10 23:30:00,47.72819572687149
2025-12-11 00:00:00,28.75176927447319
2025-12-11 00:30:00,19.973745092749596
2025-12-11 01:00:00,23.11904537677765
2025-12-11 01:30:00,27.21508750319481
2025-12-11 02:00:00,48.555353343486786
2025-12-11 02:30:00,31.132554680109024
2025-12-11 03:00:00,45.11660394072533
2025-12-11 03:30:00,69.60064226388931
2025-12-11 04:00:00,40.966500490903854
2025-12-11 04:30:00,64.12059730291367
2025-12-11 05:00:00,48.239013224840164
2025-12-11 05:30:00,58.74322289228439
2025-12-11 06:00:00,41.77348303794861
2025-12-11 06:30:00,47.340570747852325
2025-12-11 07:00:00,69.82543861865997
2025-12-11 07:30:00,64.0787381529808
2025-12-11 08:00:00,56.544542133808136
2025-12-11 08:30:00,60.42283284664154
2025-12-11 09:00:00,29.716674715280533
2025-12-11 09:30:00,60.96801936626434
2025-12-11 10:00:00,62.078107833862305
2025-12-11 10:30:00,52.967891693115234
2025-12-11 11:00:00,42.02980673313141
2025-12-11 11:30:00,43.92641070485115
2025-12-11 12:00:00,32.75632256269455
2025-12-11 12:30:00,51.46235567331314
2025-12-11 13:00:00,28.982419550418854
2025-12-11 13:30:00,19.704181417822838
2025-12-11 14:00:00,19.390002191066742
2025-12-11 14:30:00,34.33361753821373
2025-12-11 15:00:00,30.53791192173958
2025-12-11 15:30:00,65.68418687582016
2025-12-11 16:00:00,31.9918871819973
2025-12-11 16:30:00,62.6823770403862
2025-12-11 17:00:00,25.43875053524971
2025-12-11 17:30:00,69.73148101568222
2025-12-11 18:00:00,49.15829277038574
2025-12-11 18:30:00,24.40944328904152
2025-12-11 19:00:00,29.034899592399597
2025-12-11 19:30:00,34.016193360090256
2025-12-11 20:00:00,38.55412703752518
2025-12-11 20:30:00,48.02891671657562
2025-12-11 21:00:00,66.33405596017838
2025-12-11 21:30:00,55.499774754047394
2025-12-11 22:00:00,67.68513518571854
2025-12-11 22:30:00,22.239951193332672
2025-12-11 23:00:00,61.49170392751694
2025-12-11 23:30:00,56.09984648227692
2025-12-12 00:00:00,32.64671114087105
2025-12-12 00:30:00,53.74606138467789
2025-12-12 01:00:00,34.57243150472641
2025-12-12 01:30:00,65.81728047132492
2025-12-12 02:00:00,12.725321605801582
2025-12-12 02:30:00,48.3085173368454
2025-12-12 03:00:00,39.64696305990219
2025-12-12 03:30:00,27.2734677195549
2025-12-12 04:00:00,27.818966448307037
2025-12-12 04:30:00,31.139842450618744
2025-12-12 05:00:00,56.68435978889465
2025-12-12 05:30:00,35.03196865320206
2025-12-12 06:00:00,19.978997722268105
2025-12-12 06:30:00,30.780839532613754
2025-12-12 07:00:00,23.4057906717062
2025-12-12 07:30:00,28.275378614664078
2025-12-12 08:00:00,26.62929356098175
2025-12-12 08:30:00,25.155105650424957
2025-12-12 09:00:00,59.889573872089386
2025-12-12 09:30:00,65.13304525613785
2025-12-12 10:00:00,44.26285073161125
2025-12-12 10:30:00,18.24279986321926
2025-12-12 11:00:00,39.22188454866409
2025-12-12 11:30:00,44.77843230962753
2025-12-12 12:00:00,80.49124830961227
2025-12-12 12:30:00,69.78851121664047
2025-12-12 13:00:00,37.872432857751846
2025-12-12 13:30:00,42.14931055903435
2025-12-12 14:00:00,61.16446828842163
2025-12-12 14:30:00,60.6762079000473
2025-12-12 15:00:00,69.45201337337494
2025-12-12 15:30:00,78.52581667900085
2025-12-12 16:00:00,46.46721774339676
2025-12-12 16:30:00,38.00842306017876
2025-12-12 17:00:00,20.956751435995102
2025-12-12 17:30:00,45.2805455327034
2025-12-12 18:00:00,26.581323206424713
2025-12-12 18:30:00,49.938191175460815
2025-12-12 19:00:00,37.07184770703316
2025-12-12 19:30:00,52.226637840270996
2025-12-12 20:00:00,33.79594427347183
2025-12-12 20:30:00,26.66762301325798
2025-12-12 21:00:00,42.78268748521805
2025-12-12 21:30:00,39.13398611545563
2025-12-12 22:00:00,12.934686735272408
2025-12-12 22:30:00,29.910573929548264
2025-12-12 23:00:00,34.98979151248932
2025-12-12 23:30:00,58.94456887245178
2025-12-13 00:00:00,55.23629915714264
2025-12-13 00:30:00,61.54083639383316
2025-12-13 01:00:00,32.55828657746315
2025-12-13 01:30:00,13.645939603447914
2025-12-13 02:00:00,28.63034015893936
2025-12-13 02:30:00,20.522269070148468
2025-12-13 03:00:00,33.35810565948486
2025-12-13 03:30:00,24.114425897598267
2025-12-13 04:00:00,34.42420154809952
2025-12-13 04:30:00,66.06570065021515
2025-12-13 05:00:00,27.630701452493668
2025-12-13 05:30:00,17.92437256872654
2025-12-13 06:00:00,22.363279581069946
2025-12-13 06:30:00,43.740527749061584
2025-12-13 07:00:00,42.78207463026047
2025-12-13 07:30:00,36.290292859077454
2025-12-13 08:00:00,10.74165464937687
2025-12-13 08:30:00,32.40337014198303
2025-12-13 09:00:00,38.50844332575798
2025-12-13 09:30:00,35.618806183338165
2025-12-13 10:00:00,25.064096689224243
2025-12-13 10:30:00,29.941711008548737
2025-12-13 11:00:00,44.12266305088997
2025-12-13 11:30:00,27.98055201768875
2025-12-13 12:00:00,51.525959610939026
2025-12-13 12:30:00,62.31219530105591
2025-12-13 13:00:00,40.73811662197113
2025-12-13 13:30:00,46.143098413944244
2025-12-13 14:00:00,42.10949522256851
2025-12-13 14:30:00,44.10998100042343
2025-12-13 15:00:00,32.67045637965202
2025-12-13 15:30:00,31.911582946777344
2025-12-13 16:00:00,50.531596660614014
2025-12-13 16:30:00,56.661724627017975
2025-12-13 17:00:00,48.31861209869385
2025-12-13 17:30:00,58.72721928358078
2025-12-13 18:00:00,56.40013384819031
2025-12-13 18:30:00,46.09744071960449
2025-12-13 19:00:00,58.90339773893356
2025-12-13 19:30:00,39.98322385549545
2025-12-13 20:00:00,40.25464344024658
2025-12-13 20:30:00,46.6603826880455
2025-12-13 21:00:00,33.0011060833931
2025-12-13 21:30:00,29.39192807674408
2025-12-13 22:00:00,43.59978213906288
2025-12-13 22:30:00,13.847766906023026
2025-12-13 23:00:00,53.34162336587906
2025-12-13 23:30:00,17.905424654483795
2025-12-14 00:00:00,46.76730275154114
2025-12-14 00:30:00,56.895679116249084
2025-12-14 01:00:00,34.74338912963867
2025-12-14 01:30:00,18.944101065397263
2025-12-14 02:00:00,19.10318896174431
2025-12-14 02:30:00,45.05529820919037
2025-12-14 03:00:00,55.03369855880737
2025-12-14 03:30:00,29.833091139793396
2025-12-14 04:00:00,54.840938329696655
2025-12-14 04:30:00,43.98030146956444
2025-12-14 05:00:00,36.501271069049835
2025-12-14 05:30:00,50.22248649597168
2025-12-14 06:00:00,57.68052661418915
2025-12-14 06:30:00,65.82453066110611
2025-12-14 07:00:00,45.977991819381714
2025-12-14 07:30:00,42.83984488248825
2025-12-14 08:00:00,31.54045879840851
2025-12-14 08:30:00,17.375175029039383
2025-12-14 09:00:00,18.315141320228577
2025-12-14 09:30:00,34.44629901647568
2025-12-14 10:00:00,50.33047038316727
2025-12-14 10:30:00,42.66248407959938
2025-12-14 11:00:00,54.04261380434036
2025-12-14 11:30:00,57.20381796360016
2025-12-14 12:00:00,26.66296300292015
2025-12-14 12:30:00,41.83732980489731
2025-12-14 13:00:00,46.07752871513367
2025-12-14 13:30:00,32.544945418834686
2025-12-14 14:00:00,23.338690280914307
2025-12-14 14:30:00,24.83655694127083
2025-12-14 15:00:00,52.76243495941162
2025-12-14 15:30:00,25.99264422059059
2025-12-14 16:00:00,14.869268923997879
2025-12-14 16:30:00,17.860176011919975
2025-12-14 17:00:00,34.10363504290581
2025-12-14 17:30:00,26.752168089151382
2025-12-14 18:00:00,25.312626719474792
2025-12-14 18:30:00,29.60077863931656
2025-12-14 19:00:00,69.38607943058014
2025-12-14 19:30:00,36.93845057487488
2025-12-14 20:00:00,27.960243970155716
2025-12-14 20:30:00,35.481014996767044
2025-12-14 21:00:00,36.655308693647385
2025-12-14 21:30:00,41.755788296461105
2025-12-14 22:00:00,41.87492209672928
2025-12-14 22:30:00,49.624643594026566
2025-12-14 23:00:00,44.18467125296593
2025-12-14 23:30:00,51.44873410463333
2025-12-15 00:00:00,54.6942925453186
2025-12-15 00:30:00,40.79071518778801
2025-12-15 01:00:00,46.45764911174774
2025-12-15 01:30:00,24.051174640655518
2025-12-15 02:00:00,48.185911655426025
2025-12-15 02:30:00,56.498815059661865
2025-12-15 03:00:00,36.10905545949936
2025-12-15 03:30:00,49.08497565984726
2025-12-15 04:00:00,64.873102247715
2025-12-15 04:30:00,50.093578815460205
2025-12-15 05:00:00,49.036172747612
2025-12-15 05:30:00,31.292709290981293
2025-12-15 06:00:00,24.51333087682724
2025-12-15 06:30:00,3.5655039623379707
2025-12-15 07:00:00,23.696056991815567
2025-12-15 07:30:00,31.21327519416809
2025-12-15 08:00:00,26.089287400245667
2025-12-15 08:30:00,40.07740116119385
2025-12-15 09:00:00,31.187659591436386
2025-12-15 09:30:00,26.476759165525436
2025-12-15 10:00:00,19.4826762676239
2025-12-15 10:30:00,22.237027123570442
2025-12-15 11:00:00,30.907495260238647
2025-12-15 11:30:00,63.7770169377327
2025-12-15 12:00:00,58.24386751651764
2025-12-15 12:30:00,42.57142597436905
2025-12-15 13:00:00,84.2516280412674
2025-12-15 13:30:00,74.33219474554062
2025-12-15 14:00:00,38.73075646162033
2025-12-15 14:30:00,29.88652804493904
2025-12-15 15:00:00,39.121058344841
2025-12-15 15:30:00,48.66293829679489
2025-12-15 16:00:00,98.78687673807143
2025-12-15 16:30:00,61.5868005156517
2025-12-15 17:00:00,44.874873131513596
2025-12-15 17:30:00,54.154205441474915
2025-12-15 18:00:00,20.248983457684517
2025-12-15 18:30:00,51.839828073978424
2025-12-15 19:00:00,54.16371047496796
2025-12-15 19:30:00,33.78544768691063
2025-12-15 20:00:00,56.8202748298645
2025-12-15 20:30:00,86.06368404626846
2025-12-15 21:00:00,68.89010053873062
2025-12-15 21:30:00,43.542043685913086
2025-12-15 22:00:00,27.74038803577423
2025-12-15 22:30:00,29.95605817437172
2025-12-15 23:00:00,51.57920861244202
2025-12-15 23:30:00,15.895341336727142
2025-12-16 00:00:00,39.04319107532501
2025-12-16 00:30:00,51.51302605867386
2025-12-16 01:00:00,47.220306634902954
2025-12-16 01:30:00,41.04711404442787
2025-12-16 02:00:00,63.08957290649414
2025-12-16 02:30:00,74.50128489732742
2025-12-16 03:00:00,45.663368850946426
2025-12-16 03:30:00,67.37331920862198
2025-12-16 04:00:00,54.9740434885025
2025-12-16 04:30:00,9.088290497660637
2025-12-16 05:00:00,38.85263076424599
2025-12-16 05:30:00,25.073632076382637
2025-12-16 06:00:00,40.98324993252754
2025-12-16 06:30:00,48.78343078494072
2025-12-16 07:00:00,27.64322739839554
2025-12-16 07:30:00,28.868740737438202
2025-12-16 08:00:00,43.558955013751984
2025-12-16 08:30:00,24.986321926116943
2025-12-16 09:00:00,56.39109134674072
2025-12-16 09:30:00,34.84063649177551
2025-12-16 10:00:00,38.84855759143829
2025-12-16 10:30:00,31.063995867967606
2025-12-16 11:00:00,50.19627249240875
2025-12-16 11:30:00,30.58112108707428
2025-12-16 12:00:00,62.57649767398834
2025-12-16 12:30:00,20.154530078172684
2025-12-16 13:00:00,47.99662908911705
2025-12-16 13:30:00,35.911135107278824
2025-12-16 14:00:00,38.947137624025345
2025-12-16 14:30:00,25.301969692111015
2025-12-16 15:00:00,41.054783403873444
2025-12-16 15:30:00,24.73711110651493
2025-12-16 16:00:00,34.74696508049965
2025-12-16 16:30:00,34.38985565304756
2025-12-16 17:00:00,70.95150756835938
2025-12-16 17:30:00,19.011149421334267
2025-12-16 18:00:00,41.35318595170975
2025-12-16 18:30:00,44.35823640227318
2025-12-16 19:00:00,44.833251029253006
2025-12-16 19:30:00,36.47517269849777
2025-12-16 20:00:00,44.63608807325363
2025-12-16 20:30:00,69.72201067209244
2025-12-16 21:00:00,59.855756998062134
2025-12-16 21:30:00,25.571118533611298
2025-12-16 22:00:00,19.311478704214096
2025-12-16 22:30:00,28.601278692483902
2025-12-16 23:00:00,20.009425103664398
2025-12-16 23:30:00,41.2876740694046
2025-12-17 00:00:00,31.982500672340393
2025-12-17 00:30:00,19.211383879184723
2025-12-17 01:00:00,47.29853814840317
2025-12-17 01:30:00,37.545460283756256
2025-12-17 02:00:00,22.317439764738083
2025-12-17 02:30:00,72.12587642669678
2025-12-17 03:00:00,23.244770258665085
2025-12-17 03:30:00,73.04485821723938
2025-12-17 04:00:00,31.872926831245422
2025-12-17 04:30:00,25.733883559703827
2025-12-17 05:00:00,49.44358542561531
2025-12-17 05:30:00,59.53820562362671
2025-12-17 06:00:00,67.8130773305893
2025-12-17 06:30:00,50.9059122800827
2025-12-17 07:00:00,33.73763632774353
2025-12-17 07:30:00,27.25939518213272
2025-12-17 08:00:00,29.09113770723343
2025-12-17 08:30:00,50.17633157968521
2025-12-17 09:00:00,29.6369891166687
2025-12-17 09:30:00,31.499987244606018
2025-12-17 10:00:00,31.61586019396782
2025-12-17 10:30:00,15.278541848063469
2025-12-17 11:00:00,43.678932934999466
2025-12-17 11:30:00,37.48437714576721
2025-12-17 12:00:00,20.281367927789688
2025-12-17 12:30:00,59.560222148895264
2025-12-17 13:00:00,35.89052352309227
2025-12-17 13:30:00,71.71909683942795
2025-12-17 14:00:00,55.909942388534546
2025-12-17 14:30:00,25.03697207570076
2025-12-17 15:00:00,31.635789543390274
2025-12-17 15:30:00,13.923747912049294
2025-12-17 16:00:00,38.93383115530014
2025-12-17 16:30:00,52.74990612268448
2025-12-17 17:00:00,49.97465893626213
2025-12-17 17:30:00,95.9516709446907
2025-12-17 18:00:00,68.68588107824326
2025-12-17 18:30:00,67.06678766012192
2025-12-17 19:00:00,106.59938406944273
2025-12-17 19:30:00,42.97070676088333
2025-12-17 20:00:00,67.58922916650772
2025-12-17 20:30:00,41.96473425626755
2025-12-17 21:00:00,28.912900984287262
2025-12-17 21:30:00,27.39131799340248
2025-12-17 22:00:00,46.64074242115021
2025-12-17 22:30:00,37.786199539899826
2025-12-17 23:00:00,24.733766421675682
2025-12-17 23:30:00,32.74001830816269
2025-12-18 00:00:00,24.53970965743065
2025-12-18 00:30:00,35.65620478987694
2025-12-18 01:00:00,42.22674709558487
2025-12-18 01:30:00,31.251486122608185
2025-12-18 02:00:00,33.02948531508446
2025-12-18 02:30:00,38.14825516939163
2025-12-18 03:00:00,83.11515790224075
2025-12-18 03:30:00,66.16555553674698
2025-12-18 04:00:00,48.4543334543705
2025-12-18 04:30:00,47.8715980052948
2025-12-18 05:00:00,54.64416563510895
2025-12-18 05:30:00,64.93430680036545
2025-12-18 06:00:00,54.889076352119446
2025-12-18 06:30:00,35.778188943862915
2025-12-18 07:00:00,43.757676124572754
2025-12-18 07:30:00,49.797937005758286
2025-12-18 08:00:00,35.69433477520943
2025-12-18 08:30:00,52.493304908275604
2025-12-18 09:00:00,39.586776077747345
2025-12-18 09:30:00,35.510978400707245
2025-12-18 10:00:00,19.063162595033646
2025-12-18 10:30:00,33.16720134019852
2025-12-18 11:00:00,45.837665379047394
2025-12-18 11:30:00,26.14002861082554
2025-12-18 12:00:00,7.3168346881866455
2025-12-18 12:30:00,22.176347255706787
2025-12-18 13:00:00,61.64213669300079
2025-12-18 13:30:00,12.200989499688148
2025-12-18 14:00:00,54.959797501564026
2025-12-18 14:30:00,29.440852403640747
2025-12-18 15:00:00,42.18663689494133
2025-12-18 15:30:00,37.15047526359558
2025-12-18 16:00:00,44.435320258140564
2025-12-18 16:30:00,13.666243314743042
2025-12-18 17:00:00,11.538948595523834
2025-12-18 17:30:00,17.958673655986786
2025-12-18 18:00:00,31.837988317012787
2025-12-18 18:30:00,25.81262096762657
2025-12-18 19:00:00,62.90366971492767
2025-12-18 19:30:00,62.396607398986816
2025-12-18 20:00:00,17.34824699163437
2025-12-18 20:30:00,32.567346423864365
2025-12-18 21:00:00,71.97801649570465
2025-12-18 21:30:00,69.31602317094803
2025-12-18 22:00:00,85.52854603528976
2025-12-18 22:30:00,50.25865650177002
2025-12-18 23:00:00,53.65898394584656
2025-12-18 23:30:00,64.73818165063858
2025-12-19 00:00:00,39.871692925691605
2025-12-19 00:30:00,41.45102882385254
2025-12-19 01:00:00,74.7067242860794
2025-12-19 01:30:00,44.816157579422
2025-12-19 02:00:00,43.097437649965286
2025-12-19 02:30:00,36.59873813390732
2025-12-19 03:00:00,27.25781100988388
2025-12-19 03:30:00,21.75546622276306
2025-12-19 04:00:00,35.777093321084976
2025-12-19 04:30:00,32.73818841576576
2025-12-19 05:00:00,45.642439275979996
2025-12-19 05:30:00,42.54827046394348
2025-12-19 06:00:00,51.194020599126816
2025-12-19 06:30:00,35.731779634952545
2025-12-19 07:00:00,45.4699986577034
2025-12-19 07:30:00,54.18932318687439
2025-12-19 08:00:00,33.28898602724075
2025-12-19 08:30:00,20.164541006088257
2025-12-19 09:00:00,30.187697112560272
2025-12-19 09:30:00,44.640846371650696
2025-12-19 10:00:00,61.60876500606537
2025-12-19 10:30:00,54.92583608627319
2025-12-19 11:00:00,25.069175869226456
2025-12-19 11:30:00,63.50184506177902
2025-12-19 12:00:00,55.04614645242691
2025-12-19 12:30:00,53.85167479515076
2025-12-19 13:00:00,56.41461110115051
2025-12-19 13:30:00,48.43148148059845
2025-12-19 14:00:00,32.48367726802826
2025-12-19 14:30:00,57.01539397239685
2025-12-19 15:00:00,45.36870703101158
2025-12-19 15:30:00,23.267636686563492
2025-12-19 16:00:00,26.30287602543831
2025-12-19 16:30:00,23.441765546798706
2025-12-19 17:00:00,41.83844277262688
2025-12-19 17:30:00,20.946762189269066
2025-12-19 18:00:00,26.78652410209179
2025-12-19 18:30:00,27.287580728530884
2025-12-19 19:00:00,28.11515173316002
2025-12-19 19:30:00,47.30811834335327
2025-12-19 20:00:00,30.0474573969841
2025-12-19 20:30:00,28.00484073162079
2025-12-19 21:00:00,23.55536052584648
2025-12-19 21:30:00,21.47522383928299
2025-12-19 22:00:00,18.84609630703926
2025-12-19 22:30:00,65.69421803951263
2025-12-19 23:00:00,33.85158109664917
2025-12-19 23:30:00,30.501843094825745
2025-12-20 00:00:00,14.638651892542839
2025-12-20 00:30:00,28.213092893362045
2025-12-20 01:00:00,37.745256781578064
2025-12-20 01:30:00,48.067665338516235
2025-12-20 02:00:00,50.59849035739899
2025-12-20 02:30:00,39.632717072963715
2025-12-20 03:00:00,54.10172539949417
2025-12-20 03:30:00,62.70509314537048
2025-12-20 04:00:00,16.999870747327805
2025-12-20 04:30:00,42.11809253692627
2025-12-20 05:00:00,56.01121377944946
2025-12-20 05:30:00,29.126272797584534
2025-12-20 06:00:00,52.89885300397873
2025-12-20 06:30:00,39.58474671840668
2025-12-20 07:00:00,46.90502166748047
2025-12-20 07:30:00,61.80779832601547
2025-12-20 08:00:00,67.25383561849594
2025-12-20 08:30:00,49.985375225543976
2025-12-20 09:00:00,47.77429860830307
2025-12-20 09:30:00,30.982356071472168
2025-12-20 10:00:00,16.234757468104362
2025-12-20 10:30:00,28.36289256811142
2025-12-20 11:00:00,34.45591390132904
2025-12-20 11:30:00,36.38807502388954
2025-12-20 12:00:00,44.72210747003555
2025-12-20 12:30:00,39.71325546503067
2025-12-20 13:00:00,50.26856046915054
2025-12-20 13:30:00,63.40058523416519
2025-12-20 14:00:00,55.603503346443176
2025-12-20 14:30:00,59.95279622077942
2025-12-20 15:00:00,50.17294064164162
2025-12-20 15:30:00,56.528792917728424
2025-12-20 16:00:00,64.30293899774551
2025-12-20 16:30:00,29.335776686668396
2025-12-20 17:00:00,33.36448860168457
2025-12-20 17:30:00,39.879558861255646
2025-12-20 18:00:00,20.18516704440117
2025-12-20 18:30:00,19.64157336950302
2025-12-20 19:00:00,20.07391218841076
2025-12-20 19:30:00,9.710065819323063
2025-12-20 20:00:00,76.09336644411087
2025-12-20 20:30:00,46.10171335935593
2025-12-20 21:00:00,28.09233444929123
2025-12-20 21:30:00,26.458432778716087
2025-12-20 22:00:00,18.730159759521484
2025-12-20 22:30:00,45.098174929618835
2025-12-20 23:00:00,25.88947355747223
2025-12-20 23:30:00,16.352875143289566
2025-12-21 00:00:00,64.29238170385361
2025-12-21 00:30:00,56.909786343574524
2025-12-21 01:00:00,56.21092355251312
2025-12-21 01:30:00,48.48910140991211
2025-12-21 02:00:00,42.312344431877136
2025-12-21 02:30:00,62.30965715646744
2025-12-21 03:00:00,73.45060867071152
2025-12-21 03:30:00,45.332401156425476
2025-12-21 04:00:00,47.448450565338135
2025-12-21 04:30:00,42.79832395911217
2025-12-21 05:00:00,31.356162905693054
2025-12-21 05:30:00,30.68572849035263
2025-12-21 06:00:00,62.97539108991623
2025-12-21 06:30:00,46.814660251140594
2025-12-21 07:00:00,25.998521268367767
2025-12-21 07:30:00,9.856570675969124
2025-12-21 08:00:00,41.24652028083801
2025-12-21 08:30:00,32.9921560883522
2025-12-21 09:00:00,45.84169518947601
2025-12-21 09:30:00,64.40689885616302
2025-12-21 10:00:00,25.816230162978172
2025-12-21 10:30:00,56.235796213150024
2025-12-21 11:00:00,39.60574567317963
2025-12-21 11:30:00,58.771639704704285
2025-12-21 12:00:00,60.852779507637024
2025-12-21 12:30:00,43.591153025627136
2025-12-21 13:00:00,32.48860323429108
2025-12-21 13:30:00,21.655654698610306
2025-12-21 14:00:00,63.781890869140625
2025-12-21 14:30:00,35.3465858399868
2025-12-21 15:00:00,33.805449306964874
2025-12-21 15:30:00,42.333054304122925
2025-12-21 16:00:00,84.93585747480392
2025-12-21 16:30:00,72.56742686033249
2025-12-21 17:00:00,23.117310881614685
2025-12-21 17:30:00,47.50719791650772
2025-12-21 18:00:00,10.919771403074265
2025-12-21 18:30:00,34.84402742981911
2025-12-21 19:00:00,13.265275731682777
2025-12-21 19:30:00,69.8915633559227
2025-12-21 20:00:00,53.44536930322647
2025-12-21 20:30:00,58.05762320756912
2025-12-21 21:00:00,56.85227048397064
2025-12-21 21:30:00,31.438667058944702
2025-12-21 22:00:00,27.41643637418747
2025-12-21 22:30:00,40.08764624595642
2025-12-21 23:00:00,14.584832675755024
2025-12-21 23:30:00,27.625445932149887
2025-12-22 00:00:00,29.064189434051514
2025-12-22 00:30:00,15.22661828994751
2025-12-22 01:00:00,38.7999310195446
2025-12-22 01:30:00,30.32983899116516
2025-12-22 02:00:00,39.926488518714905
2025-12-22 02:30:00,45.48843055963516
2025-12-22 03:00:00,41.87922075390816
2025-12-22 03:30:00,72.09863328933716
2025-12-22 04:00:00,39.18942058086395
2025-12-22 04:30:00,65.06908285617828
2025-12-22 05:00:00,35.17935448884964
2025-12-22 05:30:00,36.91928440332413
2025-12-22 06:00:00,25.739746153354645
2025-12-22 06:30:00,58.021314442157745
2025-12-22 07:00:00,18.104431957006454
2025-12-22 07:30:00,29.338476717472076
2025-12-22 08:00:00,28.753338992595673
2025-12-22 08:30:00,54.37787437438965
2025-12-22 09:00:00,8.64583234488964
2025-12-22 09:30:00,16.788830384612083
2025-12-22 10:00:00,15.503471180796623
2025-12-22 10:30:00,2.242386966943741
2025-12-22 11:00:00,35.59389594197273
2025-12-22 11:30:00,45.867897629737854
2025-12-22 12:00:00,85.39440017938614
2025-12-22 12:30:00,34.640912264585495
2025-12-22 13:00:00,49.61144119501114
2025-12-22 13:30:00,45.55986285209656
2025-12-22 14:00:00,12.11467957496643
2025-12-22 14:30:00,57.591714680194855
2025-12-22 15:00:00,39.65349921584129
2025-12-22 15:30:00,55.77438580989838
2025-12-22 16:00:00,69.8988829255104
2025-12-22 16:30:00,37.71192845702171
2025-12-22 17:00:00,43.67895317077637
2025-12-22 17:30:00,29.269354194402695
2025-12-22 18:00:00,26.7482770383358
2025-12-22 18:30:00,56.18077802658081
2025-12-22 19:00:00,48.520530462265015
2025-12-22 19:30:00,28.25997918844223
2025-12-22 20:00:00,18.897428691387177
2025-12-22 20:30:00,52.60071641206741
2025-12-22 21:00:00,60.870130240917206
2025-12-22 21:30:00,40.57041984796524
2025-12-22 22:00:00,36.88372725248337
2025-12-22 22:30:00,36.24439811706543
2025-12-22 23:00:00,8.367123544216156
2025-12-22 23:30:00,13.436452336609364
2025-12-23 00:00:00,47.08714944124222
2025-12-23 00:30:00,12.084552116692066
2025-12-23 01:00:00,55.830849409103394
2025-12-23 01:30:00,56.54547297954559
2025-12-23 02:00:00,74.34267109632492
2025-12-23 02:30:00,32.32960784435272
2025-12-23 03:00:00,14.260517492890358
2025-12-23 03:30:00,46.00362476706505
2025-12-23 04:00:00,34.425456166267395
2025-12-23 04:30:00,59.31107348203659
2025-12-23 05:00:00,28.49448871612549
2025-12-23 05:30:00,34.775569796562195
2025-12-23 06:00:00,45.48632603883743
2025-12-23 06:30:00,27.27024734020233
2025-12-23 07:00:00,28.395096361637115
2025-12-23 07:30:00,53.51060366630554
2025-12-23 08:00:00,39.25249260663986
2025-12-23 08:30:00,52.09482777118683
2025-12-23 09:00:00,52.74697482585907
2025-12-23 09:30:00,70.00379675626755
2025-12-23 10:00:00,60.09348112344742
2025-12-23 10:30:00,60.042099595069885
2025-12-23 11:00:00,61.18465203046799
2025-12-23 11:30:00,18.3856138586998
2025-12-23 12:00:00,28.310661137104034
2025-12-23 12:30:00,34.662723541259766
2025-12-23 13:00:00,36.6532706618309
2025-12-23 13:30:00,23.14638391137123
2025-12-23 14:00:00,38.391067147254944
2025-12-23 14:30:00,60.41616082191467
2025-12-23 15:00:00,10.157923310995102
2025-12-23 15:30:00,45.79558941721916
2025-12-23 16:00:00,31.772505342960358
2025-12-23 16:30:00,27.95103958249092
2025-12-23 17:00:00,19.622931882739067
2025-12-23 17:30:00,66.70557326078415
2025-12-23 18:00:00,27.71544599533081
2025-12-23 18:30:00,47.45959758758545
2025-12-23 19:00:00,42.67597845196724
2025-12-23 19:30:00,26.7287899851799
2025-12-23 20:00:00,43.652964651584625
2025-12-23 20:30:00,37.190397560596466
2025-12-23 21:00:00,12.515136927366257
2025-12-23 21:30:00,25.197584882378578
2025-12-23 22:00:00,46.056974947452545
2025-12-23 22:30:00,13.354057312011719
2025-12-23 23:00:00,17.852220460772514
2025-12-23 23:30:00,39.47006767988205
2025-12-24 00:00:00,59.9178866147995
2025-12-24 00:30:00,40.2723873257637
2025-12-24 01:00:00,41.074472814798355
2025-12-24 01:30:00,43.371288418769836
2025-12-24 02:00:00,35.91518226265907
2025-12-24 02:30:00,42.210038125514984
2025-12-24 03:00:00,29.374140828847885
2025-12-24 03:30:00,33.643045634031296
2025-12-24 04:00:00,40.30475011467934
2025-12-24 04:30:00,35.12443459033966
2025-12-24 05:00:00,38.155297219753265
2025-12-24 05:30:00,11.86572314798832
2025-12-24 06:00:00,47.314437687397
2025-12-24 06:30:00,62.681949198246
2025-12-24 07:00:00,40.13267374038696
2025-12-24 07:30:00,18.53654384613037
2025-12-24 08:00:00,44.6093248128891
2025-12-24 08:30:00,82.33009648323059
2025-12-24 09:00:00,23.65350115299225
2025-12-24 09:30:00,20.57894080877304
2025-12-24 10:00:00,58.335385262966156
2025-12-24 10:30:00,59.4668253660202
2025-12-24 11:00:00,43.3072624206543
2025-12-24 11:30:00,39.544237583875656
2025-12-24 12:00:00,38.269135028123856
2025-12-24 12:30:00,57.546207308769226
2025-12-24 13:00:00,26.177167043089867
2025-12-24 13:30:00,25.6638186275959
2025-12-24 14:00:00,32.95231184363365
2025-12-24 14:30:00,14.760891884565353
2025-12-24 15:00:00,18.185044065117836
2025-12-24 15:30:00,40.399904519319534
2025-12-24 16:00:00,31.17355525493622
2025-12-24 16:30:00,54.54857760667801
2025-12-24 17:00:00,51.13331615924835
2025-12-24 17:30:00,50.66606628894806
2025-12-24 18:00:00,23.088662803173065
2025-12-24 18:30:00,11.635372795164585
2025-12-24 19:00:00,23.93849316239357
2025-12-24 19:30:00,58.84746605157852
2025-12-24 20:00:00,37.82052230834961
2025-12-24 20:30:00,67.99604922533035
2025-12-24 21:00:00,45.71901434659958
2025-12-24 21:30:00,56.87814915180206
2025-12-24 22:00:00,46.12868186831474
2025-12-24 22:30:00,24.035676926374435
2025-12-24 23:00:00,9.54764986038208
2025-12-24 23:30:00,19.428268045186996
2025-12-25 00:00:00,45.200492799282074
2025-12-25 00:30:00,86.10268706083298
2025-12-25 01:00:00,96.46777576208115
2025-12-25 01:30:00,29.093250900506973
2025-12-25 02:00:00,60.17750585079193
2025-12-25 02:30:00,66.06623256206512
2025-12-25 03:00:00,28.147242784500122
2025-12-25 03:30:00,25.057404428720474
2025-12-25 04:00:00,40.99479588866234
2025-12-25 04:30:00,38.896626234054565
2025-12-25 05:00:00,49.45812916755676
2025-12-25 05:30:00,34.44001725316048
2025-12-25 06:00:00,27.070017218589783
2025-12-25 06:30:00,37.3569495677948
2025-12-25 07:00:00,36.26439106464386
2025-12-25 07:30:00,34.114929497241974
2025-12-25 08:00:00,8.772669471800327
2025-12-25 08:30:00,36.47266924381256
2025-12-25 09:00:00,53.309928357601166
2025-12-25 09:30:00,29.565626204013824
2025-12-25 10:00:00,38.35493761301041
2025-12-25 10:30:00,32.678952515125275
2025-12-25 11:00:00,72.71445423364639
2025-12-25 11:30:00,47.96495142579079
2025-12-25 12:00:00,39.89345505833626
2025-12-25 12:30:00,56.38005995750427
2025-12-25 13:00:00,50.51454368233681
2025-12-25 13:30:00,12.763752959668636
2025-12-25 14:00:00,20.821960926055908
2025-12-25 14:30:00,28.144982159137726
2025-12-25 15:00:00,27.451640844345093
2025-12-25 15:30:00,32.797378063201904
2025-12-25 16:00:00,53.17566108703613
2025-12-25 16:30:00,66.74712598323822
2025-12-25 17:00:00,73.32336610555649
2025-12-25 17:30:00,63.78335362672806
2025-12-25 18:00:00,50.12821090221405
2025-12-25 18:30:00,55.32312798500061
2025-12-25 19:00:00,15.428707212209702
2025-12-25 19:30:00,57.43521696329117
2025-12-25 20:00:00,22.602824926376343
2025-12-25 20:30:00,19.956840991973877
2025-12-25 21:00:00,41.306950092315674
2025-12-25 21:30:00,35.341518223285675
2025-12-25 22:00:00,37.614776492118835
2025-12-25 22:30:00,24.190761029720306
2025-12-25 23:00:00,47.10892313718796
2025-12-25 23:30:00,13.225741527974606
2025-12-26 00:00:00,67.42114502191544
2025-12-26 00:30:00,59.38872104883194
2025-12-26 01:00:00,28.792735159397125
2025-12-26 01:30:00,19.143871545791626
2025-12-26 02:00:00,41.18395125865936
2025-12-26 02:30:00,45.60477760434151
2025-12-26 03:00:00,33.997244000434875
2025-12-26 03:30:00,48.45032387971878
2025-12-26 04:00:00,38.002317637205124
2025-12-26 04:30:00,28.364557683467865
2025-12-26 05:00:00,29.69232529401779
2025-12-26 05:30:00,21.24366584420204
2025-12-26 06:00:00,37.23461851477623
2025-12-26 06:30:00,64.01168256998062
2025-12-26 07:00:00,86.46515607833862
2025-12-26 07:30:00,47.816021889448166
2025-12-26 08:00:00,38.44502440094948
2025-12-26 08:30:00,44.415061354637146
2025-12-26 09:00:00,20.169628858566284
2025-12-26 09:30:00,34.46859884262085
2025-12-26 10:00:00,13.652636922895908
2025-12-26 10:30:00,35.42893099784851
2025-12-26 11:00:00,27.26889732480049
2025-12-26 11:30:00,59.52766567468643
2025-12-26 12:00:00,35.952164590358734
2025-12-26 12:30:00,33.320374608039856
2025-12-26 13:00:00,32.84888967871666
2025-12-26 13:30:00,21.272994711995125
2025-12-26 14:00:00,38.96551460027695
2025-12-26 14:30:00,49.48485195636749
2025-12-26 15:00:00,34.37913936376572
2025-12-26 15:30:00,14.933585450053215
2025-12-26 16:00:00,33.866237580776215
2025-12-26 16:30:00,26.257669299840927
2025-12-26 17:00:00,59.83764308691025
2025-12-26 17:30:00,58.42734241485596
2025-12-26 18:00:00,82.91508966684341
2025-12-26 18:30:00,80.12205523252487
2025-12-26 19:00:00,17.640729129314423
2025-12-26 19:30:00,4.93466529995203
2025-12-26 20:00:00,1.8798861503601076
2025-12-26 20:30:00,46.76451599597931
2025-12-26 21:00:00,25.57567447423935
2025-12-26 21:30:00,19.520832270383835
2025-12-26 22:00:00,33.546535432338715
2025-12-26 22:30:00,25.853101193904877
2025-12-26 23:00:00,45.04408758878708
2025-12-26 23:30:00,14.122445173561573
2025-12-27 00:00:00,46.60702672600746
2025-12-27 00:30:00,44.11706352233887
2025-12-27 01:00:00,60.533441603183746
2025-12-27 01:30:00,37.907108306884766
2025-12-27 02:00:00,46.971617609262466
2025-12-27 02:30:00,42.67764067649841
2025-12-27 03:00:00,25.768957942724228
2025-12-27 03:30:00,68.63052755594254
2025-12-27 04:00:00,10.772467233240604
2025-12-27 04:30:00,29.837693333625793
2025-12-27 05:00:00,41.80096900463104
2025-12-27 05:30:00,43.59747236967087
2025-12-27 06:00:00,47.74924671649933
2025-12-27 06:30:00,52.224151730537415
2025-12-27 07:00:00,54.37888038158417
2025-12-27 07:30:00,50.175727397203445
2025-12-27 08:00:00,38.10586699843407
2025-12-27 08:30:00,71.44228297472
2025-12-27 09:00:00,56.13453060388565
2025-12-27 09:30:00,42.72119963169098
2025-12-27 10:00:00,30.361016541719437
2025-12-27 10:30:00,26.214247658848763
2025-12-27 11:00:00,46.44355922937393
2025-12-27 11:30:00,72.35729855298996
2025-12-27 12:00:00,48.9100778400898
2025-12-27 12:30:00,29.683860957622528
2025-12-27 13:00:00,31.396504372358322
2025-12-27 13:30:00,56.67139154672623
2025-12-27 14:00:00,63.69969892501831
2025-12-27 14:30:00,64.99118667840958
2025-12-27 15:00:00,41.179545640945435
2025-12-27 15:30:00,53.52040934562683
2025-12-27 16:00:00,21.710178554058075
2025-12-27 16:30:00,47.3624629676342
2025-12-27 17:00:00,45.044798731803894
2025-12-27 17:30:00,77.67774683237076
2025-12-27 18:00:00,80.57784587144852
2025-12-27 18:30:00,18.875971540808678
2025-12-27 19:00:00,23.51184493303299
2025-12-27 19:30:00,64.20163291692734
2025-12-27 20:00:00,43.72326663136482
2025-12-27 20:30:00,39.04760825634003
2025-12-27 21:00:00,55.0596581697464
2025-12-27 21:30:00,40.46365010738373
2025-12-27 22:00:00,54.61075347661972
2025-12-27 22:30:00,71.16650402545929
2025-12-27 23:00:00,53.53307694196701
2025-12-27 23:30:00,49.421155512332916
2025-12-28 00:00:00,30.961571037769318
2025-12-28 00:30:00,53.816886603832245
2025-12-28 01:00:00,47.5307899415493
2025-12-28 01:30:00,19.251297503709793
2025-12-28 02:00:00,33.575541973114014
2025-12-28 02:30:00,39.68104588985443
2025-12-28 03:00:00,23.281184539198875
2025-12-28 03:30:00,21.91640569269657
2025-12-28 04:00:00,45.31195145845413
2025-12-28 04:30:00,44.06084564328194
2025-12-28 05:00:00,49.56078815460205
2025-12-28 05:30:00,37.26480162143707
2025-12-28 06:00:00,63.3089634180069
2025-12-28 06:30:00,64.84202009439468
2025-12-28 07:00:00,44.40255853533745
2025-12-28 07:30:00,34.79569283127785
2025-12-28 08:00:00,27.86145579814911
2025-12-28 08:30:00,24.36463838815689
2025-12-28 09:00:00,46.871057361364365
2025-12-28 09:30:00,20.355637565255165
2025-12-28 10:00:00,44.177903831005096
2025-12-28 10:30:00,34.71504747867584
2025-12-28 11:00:00,35.81922709941864
2025-12-28 11:30:00,27.640174686908722
2025-12-28 12:00:00,39.79416099190712
2025-12-28 12:30:00,24.87868782877922
2025-12-28 13:00:00,57.80338668823242
2025-12-28 13:30:00,48.028991878032684
2025-12-28 14:00:00,43.800703167915344
2025-12-28 14:30:00,56.2089809179306
2025-12-28 15:00:00,50.67210233211517
2025-12-28 15:30:00,66.57801270484924
2025-12-28 16:00:00,36.60361784696579
2025-12-28 16:30:00,42.9015177488327
2025-12-28 17:00:00,52.88958501815796
2025-12-28 17:30:00,60.82279586791992
2025-12-28 18:00:00,41.670887649059296
2025-12-28 18:30:00,39.84278467297554
2025-12-28 19:00:00,29.180787980556488
2025-12-28 19:30:00,74.91639584302902
2025-12-28 20:00:00,40.47565859556198
2025-12-28 20:30:00,20.066780522465706
2025-12-28 21:00:00,60.88075113296509
2025-12-28 21:30:00,29.140617072582245
2025-12-28 22:00:00,12.38148757070303
2025-12-28 22:30:00,49.46899288892746
2025-12-28 23:00:00,24.530346274375916
2025-12-28 23:30:00,36.30719840526581
2025-12-29 00:00:00,28.556294560432434
2025-12-29 00:30:00,16.723805606365204
2025-12-29 01:00:00,15.889679655432701
2025-12-29 01:30:00,28.026044934988022
2025-12-29 02:00:00,33.867243587970734
2025-12-29 02:30:00,29.84367734193802
2025-12-29 03:00:00,44.17566633224487
2025-12-29 03:30:00,64.05100357532501
2025-12-29 04:00:00,39.36361014842987
2025-12-29 04:30:00,60.5431489944458
2025-12-29 05:00:00,28.683381021022797
2025-12-29 05:30:00,65.05792427062988
2025-12-29 06:00:00,43.66078144311905
2025-12-29 06:30:00,38.635766834020615
2025-12-29 07:00:00,31.100923269987106
2025-12-29 07:30:00,28.687751948833466
2025-12-29 08:00:00,48.44812685251236
2025-12-29 08:30:00,63.01746994256973
2025-12-29 09:00:00,60.27266025543213
2025-12-29 09:30:00,51.07810139656067
2025-12-29 10:00:00,53.94237154722214
2025-12-29 10:30:00,53.533030688762665
2025-12-29 11:00:00,47.97229701280594
2025-12-29 11:30:00,37.44193983078003
2025-12-29 12:00:00,53.16672843694687
2025-12-29 12:30:00,33.74719050526619
2025-12-29 13:00:00,26.87258830666542
2025-12-29 13:30:00,1.3596908152103426
2025-12-29 14:00:00,7.709994152188301
2025-12-29 14:30:00,17.198392391204834
2025-12-29 15:00:00,16.69390869140625
2025-12-29 15:30:00,31.63432389497757
2025-12-29 16:00:00,55.03183686733246
2025-12-29 16:30:00,32.77640801668167
2025-12-29 17:00:00,54.423595666885376
2025-12-29 17:30:00,36.70261415839195
2025-12-29 18:00:00,31.901199102401733
2025-12-29 18:30:00,64.59758347272873
2025-12-29 19:00:00,26.85279193520546
2025-12-29 19:30:00,24.34948179125786
2025-12-29 20:00:00,39.03708565235138
2025-12-29 20:30:00,36.778307527303696
2025-12-29 21:00:00,39.23909652233124
2025-12-29 21:30:00,43.95098850131035
2025-12-29 22:00:00,40.89318627119064
2025-12-29 22:30:00,60.80734729766846
2025-12-29 23:00:00,52.56156885623932
2025-12-29 23:30:00,25.731085240840912
2025-12-30 00:00:00,33.10386335849762
2025-12-30 00:30:00,73.28261703252792
2025-12-30 01:00:00,33.539857625961304
2025-12-30 01:30:00,58.95032161474228
2025-12-30 02:00:00,43.071845173835754
2025-12-30 02:30:00,35.58505290746689
2025-12-30 03:00:00,64.23076087236404
2025-12-30 03:30:00,27.49910819530487
2025-12-30 04:00:00,36.65596202015877
2025-12-30 04:30:00,51.054500699043274
2025-12-30 05:00:00,44.34339201450348
2025-12-30 05:30:00,39.196297854185104
2025-12-30 06:00:00,47.09393709897995
2025-12-30 06:30:00,19.931809335947037
2025-12-30 07:00:00,44.106228709220886
2025-12-30 07:30:00,40.57172650098801
2025-12-30 08:00:00,51.01284968852997
2025-12-30 08:30:00,54.13271504640579
2025-12-30 09:00:00,28.03851306438446
2025-12-30 09:30:00,74.15231603384018
2025-12-30 10:00:00,30.788699686527252
2025-12-30 10:30:00,21.019743964076042
2025-12-30 11:00:00,56.884757578372955
2025-12-30 11:30:00,22.875903844833374
2025-12-30 12:00:00,31.432388186454773
2025-12-30 12:30:00,78.465427339077
2025-12-30 13:00:00,37.474504977464676
2025-12-30 13:30:00,36.71551012992859
2025-12-30 14:00:00,14.830098241567612
2025-12-30 14:30:00,-10.310677766799927
2025-12-30 15:00:00,15.134263649582863
2025-12-30 15:30:00,72.37071198225021
2025-12-30 16:00:00,54.51853036880493
2025-12-30 16:30:00,27.7821344435215
2025-12-30 17:00:00,25.73431284725666
2025-12-30 17:30:00,21.561000406742096
2025-12-30 18:00:00,35.67543166875839
2025-12-30 18:30:00,37.50578370690346
2025-12-30 19:00:00,32.53404122591019
2025-12-30 19:30:00,44.5185789167881
2025-12-30 20:00:00,29.501241743564606
2025-12-30 20:30:00,41.856738805770874
2025-12-30 21:00:00,38.41338720917702
2025-12-30 21:30:00,37.3894077539444
2025-12-30 22:00:00,28.19012239575386
2025-12-30 22:30:00,39.49159276485443
2025-12-30 23:00:00,19.61417990922928
2025-12-30 23:30:00,38.253116965293884
2025-12-31 00:00:00,34.62566316127777
2025-12-31 00:30:00,33.24321559071541
2025-12-31 01:00:00,13.285914778709412
2025-12-31 01:30:00,47.69754719734192
2025-12-31 02:00:00,52.00809723138809
2025-12-31 02:30:00,72.72533529996872
2025-12-31 03:00:00,46.472143709659576
2025-12-31 03:30:00,44.57883816957474
2025-12-31 04:00:00,55.558389127254486
2025-12-31 04:30:00,58.02508407831192
2025-12-31 05:00:00,50.6312116086483
2025-12-31 05:30:00,66.6516073346138
2025-12-31 06:00:00,27.695713222026825
2025-12-31 06:30:00,32.28762727975845
2025-12-31 07:00:00,52.82405000925064
2025-12-31 07:30:00,46.96322554349899
2025-12-31 08:00:00,30.761153012514114
2025-12-31 08:30:00,52.579197108745575
2025-12-31 09:00:00,36.14295905828476
2025-12-31 09:30:00,20.396495044231415
2025-12-31 10:00:00,78.67338174581528
2025-12-31 10:30:00,17.147986516356468
2025-12-31 11:00:00,72.22170150279999
2025-12-31 11:30:00,39.373892813920975
2025-12-31 12:00:00,57.27268320322037
2025-12-31 12:30:00,40.049088418483734
2025-12-31 13:00:00,42.72582495212555
2025-12-31 13:30:00,29.2525035738945
2025-12-31 14:00:00,66.76425701379776
2025-12-31 14:30:00,41.27125418186188
2025-12-31 15:00:00,25.756802022457123
2025-12-31 15:30:00,68.52427816390991
2025-12-31 16:00:00,57.61029690504074
2025-12-31 16:30:00,73.15091103315353
2025-12-31 17:00:00,59.553313076496124
2025-12-31 17:30:00,32.791550159454346
2025-12-31 18:00:00,28.67112970352173
2025-12-31 18:30:00,27.435018599033356
2025-12-31 19:00:00,56.57127648591995
2025-12-31 19:30:00,74.03008037805557
2025-12-31 20:00:00,37.05622857809067
2025-12-31 20:30:00,79.61077809333801
2025-12-31 21:00:00,60.52009755373001
2025-12-31 21:30:00,44.0730767250061
2025-12-31 22:00:00,19.470124304294586
2025-12-31 22:30:00,32.57299220561981
2025-12-31 23:00:00,37.448860466480255
2025-12-31 23:30:00,59.12068951129913
